"2003-01-31",4.36
"2003-02-03",4.32
"2003-02-04",4.31
"2003-02-05",4.33
"2003-02-06",4.2
"2003-02-07",3.83
"2003-02-10",4.
"2003-02-11",4.05
"2003-02-12",3.85
"2003-02-13",3.9
"2003-02-14",3.8
"2003-02-18",3.93
"2003-02-19",3.91
"2003-02-20",3.76
"2003-02-21",3.75
"2003-02-24",3.4
"2003-02-25",3.59
"2003-02-26",3.49
"2003-02-27",3.5
"2003-02-28",3.38
"2003-03-03",3.24
"2003-03-04",3.15
"2003-03-05",3.12
"2003-03-06",2.96
"2003-03-07",2.93
"2003-03-10",3.
"2003-03-11",3.04
"2003-03-12",2.99
"2003-03-13",3.14
"2003-03-14",3.31
"2003-03-17",3.93
"2003-03-18",3.46
"2003-03-19",3.14
"2003-03-20",3.28
"2003-03-21",3.08
"2003-03-24",2.93
"2003-03-25",2.88
"2003-03-26",2.73
"2003-03-27",3.05
"2003-03-28",3.
"2003-03-31",2.99
"2003-04-01",3.
"2003-04-02",3.04
"2003-04-03",3.24
"2003-04-04",3.14
"2003-04-07",3.1
"2003-04-08",3.03
"2003-04-09",2.93
"2003-04-10",2.77
"2003-04-11",2.67
"2003-04-14",2.69
"2003-04-15",2.7
"2003-04-16",2.69
"2003-04-17",2.72
"2003-04-21",2.81
"2003-04-22",2.95
"2003-04-23",3.08
"2003-04-24",3.05
"2003-04-25",3.2
"2003-04-28",3.41
"2003-04-29",3.35
"2003-04-30",3.43
"2003-05-01",3.42
"2003-05-02",3.6
"2003-05-05",3.77
"2003-05-06",3.7
"2003-05-07",3.62
"2003-05-08",3.53
"2003-05-09",3.44
"2003-05-12",3.48
"2003-05-13",3.36
"2003-05-14",3.49
"2003-05-15",3.64
"2003-05-16",3.96
"2003-05-19",3.85
"2003-05-20",4.05
"2003-05-21",4.12
"2003-05-22",4.39
"2003-05-23",4.6
"2003-05-27",5.3
"2003-05-28",4.99
"2003-05-29",4.89
"2003-05-30",5.02
"2003-06-02",5.06
"2003-06-03",4.87
"2003-06-04",5.15
"2003-06-05",5.85
"2003-06-06",5.89
"2003-06-09",5.68
"2003-06-10",5.72
"2003-06-11",5.99
"2003-06-12",5.89
"2003-06-13",5.7
"2003-06-16",5.93
"2003-06-17",5.6
"2003-06-18",5.45
"2003-06-19",5.
"2003-06-20",4.73
"2003-06-23",4.44
"2003-06-24",4.58
"2003-06-25",4.85
"2003-06-26",5.14
"2003-06-27",4.73
"2003-06-30",4.86
"2003-07-01",4.93
"2003-07-02",5.26
"2003-07-03",5.2
"2003-07-07",5.83
"2003-07-08",5.82
"2003-07-09",6.06
"2003-07-10",5.88
"2003-07-11",6.05
"2003-07-14",6.24
"2003-07-15",6.28
"2003-07-16",6.06
"2003-07-17",6.
"2003-07-18",5.95
"2003-07-21",5.7
"2003-07-22",5.75
"2003-07-23",5.7
"2003-07-24",5.5
"2003-07-25",5.54
"2003-07-28",5.74
"2003-07-29",5.77
"2003-07-30",5.29
"2003-07-31",5.25
"2003-08-01",4.97
"2003-08-04",4.92
"2003-08-05",4.45
"2003-08-06",4.02
"2003-08-07",4.03
"2003-08-08",3.89
"2003-08-11",3.99
"2003-08-12",4.15
"2003-08-13",3.41
"2003-08-14",3.82
"2003-08-15",3.8
"2003-08-18",4.19
"2003-08-19",4.39
"2003-08-20",4.26
"2003-08-21",4.49
"2003-08-22",4.36
"2003-08-25",3.96
"2003-08-26",3.9
"2003-08-27",3.9
"2003-08-28",3.91
"2003-08-29",3.96
"2003-09-02",3.99
"2003-09-03",3.93
"2003-09-04",4.
"2003-09-05",4.02
"2003-09-08",4.99
"2003-09-09",5.35
"2003-09-10",5.1
"2003-09-11",4.9
"2003-09-12",5.05
"2003-09-15",5.14
"2003-09-16",5.05
"2003-09-17",4.91
"2003-09-18",4.9
"2003-09-19",5.15
"2003-09-22",4.89
"2003-09-23",4.94
"2003-09-24",5.23
"2003-09-25",4.83
"2003-09-26",4.54
"2003-09-29",4.79
"2003-09-30",4.63
"2003-10-01",4.72
"2003-10-02",4.87
"2003-10-03",4.2
"2003-10-06",4.56
"2003-10-07",5.16
"2003-10-08",5.
"2003-10-09",4.91
"2003-10-10",5.01
"2003-10-13",5.23
"2003-10-14",5.12
"2003-10-15",5.23
"2003-10-16",5.26
"2003-10-17",5.36
"2003-10-20",5.37
"2003-10-21",5.41
"2003-10-22",5.3
"2003-10-23",5.38
"2003-10-24",5.31
"2003-10-27",5.4
"2003-10-28",5.37
"2003-10-29",5.3
"2003-10-30",5.31
"2003-10-31",5.28
"2003-11-03",5.29
"2003-11-04",5.5
"2003-11-05",5.28
"2003-11-06",5.41
"2003-11-07",6.
"2003-11-10",5.75
"2003-11-11",5.49
"2003-11-12",5.91
"2003-11-13",5.75
"2003-11-14",5.36
"2003-11-17",5.25
"2003-11-18",5.16
"2003-11-19",5.28
"2003-11-20",5.14
"2003-11-21",5.18
"2003-11-24",5.7
"2003-11-25",5.83
"2003-11-26",6.17
"2003-11-28",6.05
"2003-12-01",6.56
"2003-12-02",6.82
"2003-12-03",6.4
"2003-12-04",6.6
"2003-12-05",6.25
"2003-12-08",6.15
"2003-12-09",6.03
"2003-12-10",5.88
"2003-12-11",6.42
"2003-12-12",6.59
"2003-12-15",6.2
"2003-12-16",6.46
"2003-12-17",6.37
"2003-12-18",6.37
"2003-12-19",6.14
"2003-12-22",6.37
"2003-12-23",6.65
"2003-12-24",6.65
"2003-12-26",6.61
"2003-12-29",6.83
"2003-12-30",6.91
"2003-12-31",6.84
"2004-01-02",6.82
"2004-01-05",7.28
"2004-01-06",7.35
"2004-01-07",7.6
"2004-01-08",8.17
"2004-01-09",8.58
"2004-01-12",8.49
"2004-01-13",8.59
"2004-01-14",9.36
"2004-01-15",8.89
"2004-01-16",9.39
"2004-01-20",9.48
"2004-01-21",9.46
"2004-01-22",8.77
"2004-01-23",9.35
"2004-01-26",9.9
"2004-01-27",9.41
"2004-01-28",8.9
"2004-01-29",8.68
"2004-01-30",8.92
"2004-02-02",9.71
"2004-02-03",9.42
"2004-02-04",8.74
"2004-02-05",8.72
"2004-02-06",8.87
"2004-02-09",9.09
"2004-02-10",9.4
"2004-02-11",9.21
"2004-02-12",8.31
"2004-02-13",8.19
"2004-02-17",8.35
"2004-02-18",8.34
"2004-02-19",8.37
"2004-02-20",8.26
"2004-02-23",7.98
"2004-02-24",8.16
"2004-02-25",8.28
"2004-02-26",8.36
"2004-02-27",8.64
"2004-03-01",8.73
"2004-03-02",8.71
"2004-03-03",9.03
"2004-03-04",9.35
"2004-03-05",9.46
"2004-03-08",9.01
"2004-03-09",8.68
"2004-03-10",8.42
"2004-03-11",8.25
"2004-03-12",8.69
"2004-03-15",7.85
"2004-03-16",7.73
"2004-03-17",8.54
"2004-03-18",8.45
"2004-03-19",8.37
"2004-03-22",8.04
"2004-03-23",7.86
"2004-03-24",7.61
"2004-03-25",8.
"2004-03-26",7.93
"2004-03-29",8.23
"2004-03-30",8.46
"2004-03-31",8.31
"2004-04-01",8.22
"2004-04-02",8.57
"2004-04-05",8.49
"2004-04-06",8.53
"2004-04-07",8.41
"2004-04-08",8.09
"2004-04-12",7.95
"2004-04-13",7.58
"2004-04-14",7.65
"2004-04-15",7.63
"2004-04-16",8.03
"2004-04-19",8.26
"2004-04-20",7.86
"2004-04-21",8.09
"2004-04-22",8.26
"2004-04-23",8.
"2004-04-26",8.24
"2004-04-27",8.27
"2004-04-28",7.78
"2004-04-29",7.74
"2004-04-30",7.95
"2004-05-03",7.75
"2004-05-04",7.3
"2004-05-05",7.85
"2004-05-06",7.53
"2004-05-07",7.3
"2004-05-10",7.06
"2004-05-11",7.21
"2004-05-12",7.48
"2004-05-13",7.32
"2004-05-14",7.07
"2004-05-17",6.79
"2004-05-18",7.
"2004-05-19",6.79
"2004-05-20",6.71
"2004-05-21",6.77
"2004-05-24",6.81
"2004-05-25",7.02
"2004-05-26",7.47
"2004-05-27",7.49
"2004-05-28",7.17
"2004-06-01",7.17
"2004-06-02",7.48
"2004-06-03",7.25
"2004-06-04",7.2
"2004-06-07",7.25
"2004-06-08",7.29
"2004-06-09",7.
"2004-06-10",6.93
"2004-06-14",6.6
"2004-06-15",6.8
"2004-06-16",6.99
"2004-06-17",6.74
"2004-06-18",6.71
"2004-06-21",6.6
"2004-06-22",6.64
"2004-06-23",7.05
"2004-06-24",7.1
"2004-06-25",6.96
"2004-06-28",7.02
"2004-06-29",7.4
"2004-06-30",7.64
"2004-07-01",7.46
"2004-07-02",7.62
"2004-07-06",7.22
"2004-07-07",7.07
"2004-07-08",6.74
"2004-07-09",6.8
"2004-07-12",6.46
"2004-07-13",6.7
"2004-07-14",6.76
"2004-07-15",6.7
"2004-07-16",6.35
"2004-07-19",6.27
"2004-07-20",6.5
"2004-07-21",6.27
"2004-07-22",6.18
"2004-07-23",5.82
"2004-07-26",5.5
"2004-07-27",5.76
"2004-07-28",5.74
"2004-07-29",5.91
"2004-07-30",6.13
"2004-08-02",6.04
"2004-08-03",5.85
"2004-08-04",6.08
"2004-08-05",5.81
"2004-08-06",5.6
"2004-08-09",5.6
"2004-08-10",5.73
"2004-08-11",5.95
"2004-08-12",5.45
"2004-08-13",5.49
"2004-08-16",5.7
"2004-08-17",5.92
"2004-08-18",6.28
"2004-08-19",6.25
"2004-08-20",6.69
"2004-08-23",6.39
"2004-08-24",6.65
"2004-08-25",6.97
"2004-08-26",6.72
"2004-08-27",7.1
"2004-08-30",6.77
"2004-08-31",6.83
"2004-09-01",6.97
"2004-09-02",7.02
"2004-09-03",7.1
"2004-09-07",7.64
"2004-09-08",7.73
"2004-09-09",7.94
"2004-09-10",8.18
"2004-09-13",8.46
"2004-09-14",8.74
"2004-09-15",8.75
"2004-09-16",8.44
"2004-09-17",8.63
"2004-09-20",8.93
"2004-09-21",9.61
"2004-09-22",9.21
"2004-09-23",9.16
"2004-09-24",9.05
"2004-09-27",8.81
"2004-09-28",9.17
"2004-09-29",9.37
"2004-09-30",9.63
"2004-10-01",9.92
"2004-10-04",10.96
"2004-10-05",10.17
"2004-10-06",10.73
"2004-10-07",10.21
"2004-10-08",10.29
"2004-10-11",10.29
"2004-10-12",10.42
"2004-10-13",9.74
"2004-10-14",9.66
"2004-10-15",9.9
"2004-10-18",10.03
"2004-10-19",9.83
"2004-10-20",10.
"2004-10-21",10.25
"2004-10-22",10.26
"2004-10-25",10.41
"2004-10-26",10.16
"2004-10-27",10.09
"2004-10-28",10.05
"2004-10-29",10.4
"2004-11-01",10.38
"2004-11-02",9.75
"2004-11-03",9.51
"2004-11-04",9.01
"2004-11-05",9.59
"2004-11-08",9.75
"2004-11-09",10.08
"2004-11-10",10.15
"2004-11-11",10.41
"2004-11-12",10.18
"2004-11-15",10.12
"2004-11-16",10.07
"2004-11-17",10.05
"2004-11-18",10.07
"2004-11-19",10.
"2004-11-22",10.03
"2004-11-23",10.07
"2004-11-24",10.13
"2004-11-26",10.16
"2004-11-29",10.35
"2004-11-30",10.27
"2004-12-01",10.49
"2004-12-02",10.68
"2004-12-03",10.9
"2004-12-06",10.61
"2004-12-07",10.02
"2004-12-08",10.08
"2004-12-09",10.18
"2004-12-10",10.27
"2004-12-13",10.67
"2004-12-14",10.48
"2004-12-15",10.51
"2004-12-16",10.22
"2004-12-17",10.29
"2004-12-20",9.95
"2004-12-21",10.01
"2004-12-22",9.79
"2004-12-23",9.88
"2004-12-27",9.92
"2004-12-28",10.22
"2004-12-29",9.98
"2004-12-30",10.
"2004-12-31",9.99
"2005-01-03",9.64
"2005-01-04",9.27
"2005-01-05",9.25
"2005-01-06",9.3
"2005-01-07",9.11
"2005-01-10",9.66
"2005-01-11",9.34
"2005-01-12",9.03
"2005-01-13",8.93
"2005-01-14",8.98
"2005-01-18",8.99
"2005-01-19",9.26
"2005-01-20",8.94
"2005-01-21",8.97
"2005-01-24",8.68
"2005-01-25",8.8
"2005-01-26",9.
"2005-01-27",8.86
"2005-01-28",8.8
"2005-01-31",8.96
"2005-02-01",9.25
"2005-02-02",9.22
"2005-02-03",9.13
"2005-02-04",9.39
"2005-02-07",9.12
"2005-02-08",8.97
"2005-02-09",8.57
"2005-02-10",8.5
"2005-02-11",8.62
"2005-02-14",8.65
"2005-02-15",8.75
"2005-02-16",8.67
"2005-02-17",8.38
"2005-02-18",8.23
"2005-02-22",7.99
"2005-02-23",8.17
"2005-02-24",8.06
"2005-02-25",8.82
"2005-02-28",8.73
"2005-03-01",8.52
"2005-03-02",8.08
"2005-03-03",7.7
"2005-03-04",7.43
"2005-03-07",7.03
"2005-03-08",7.
"2005-03-09",7.24
"2005-03-10",7.22
"2005-03-11",7.63
"2005-03-14",7.67
"2005-03-15",7.5
"2005-03-16",7.32
"2005-03-17",7.34
"2005-03-18",7.3
"2005-03-21",7.24
"2005-03-22",7.11
"2005-03-23",7.21
"2005-03-24",7.25
"2005-03-28",6.92
"2005-03-29",6.59
"2005-03-30",6.88
"2005-03-31",6.83
"2005-04-01",6.7
"2005-04-04",6.55
"2005-04-05",6.64
"2005-04-06",6.8
"2005-04-07",7.09
"2005-04-08",6.9
"2005-04-11",6.97
"2005-04-12",7.21
"2005-04-13",7.05
"2005-04-14",7.1
"2005-04-15",7.03
"2005-04-18",6.89
"2005-04-19",6.95
"2005-04-20",6.84
"2005-04-21",7.06
"2005-04-22",7.06
"2005-04-25",7.03
"2005-04-26",7.07
"2005-04-27",6.96
"2005-04-28",6.65
"2005-04-29",6.55
"2005-05-02",6.95
"2005-05-03",6.82
"2005-05-04",7.36
"2005-05-05",7.94
"2005-05-06",7.95
"2005-05-09",8.11
"2005-05-10",8.3
"2005-05-11",8.43
"2005-05-12",8.08
"2005-05-13",7.84
"2005-05-16",8.03
"2005-05-17",7.94
"2005-05-18",7.98
"2005-05-19",8.1
"2005-05-20",7.95
"2005-05-23",7.93
"2005-05-24",7.89
"2005-05-25",7.7
"2005-05-26",7.57
"2005-05-27",7.65
"2005-05-31",7.63
"2005-06-01",7.68
"2005-06-02",7.62
"2005-06-03",7.37
"2005-06-06",7.1
"2005-06-07",7.23
"2005-06-08",7.15
"2005-06-09",7.16
"2005-06-10",7.2
"2005-06-13",7.26
"2005-06-14",7.21
"2005-06-15",6.93
"2005-06-16",7.07
"2005-06-17",7.14
"2005-06-20",7.3
"2005-06-21",7.25
"2005-06-22",7.75
"2005-06-23",7.57
"2005-06-24",7.47
"2005-06-27",7.1
"2005-06-28",7.2
"2005-06-29",7.3
"2005-06-30",7.15
"2005-07-01",7.36
"2005-07-05",7.79
"2005-07-06",7.95
"2005-07-07",7.92
"2005-07-08",8.53
"2005-07-11",8.57
"2005-07-12",8.66
"2005-07-13",8.6
"2005-07-14",8.73
"2005-07-15",8.95
"2005-07-18",8.84
"2005-07-19",8.87
"2005-07-20",8.9
"2005-07-21",8.82
"2005-07-22",8.76
"2005-07-25",7.42
"2005-07-26",8.02
"2005-07-27",7.85
"2005-07-28",8.05
"2005-07-29",7.97
"2005-08-01",8.09
"2005-08-02",7.96
"2005-08-03",7.83
"2005-08-04",7.86
"2005-08-05",7.56
"2005-08-08",7.25
"2005-08-09",7.25
"2005-08-10",7.3
"2005-08-11",7.34
"2005-08-12",7.24
"2005-08-15",7.35
"2005-08-16",7.44
"2005-08-17",7.3
"2005-08-18",7.13
"2005-08-19",7.09
"2005-08-22",7.05
"2005-08-23",7.03
"2005-08-24",7.24
"2005-08-25",7.25
"2005-08-26",7.18
"2005-08-29",7.37
"2005-08-30",7.27
"2005-08-31",7.36
"2005-09-01",7.62
"2005-09-02",7.53
"2005-09-06",7.73
"2005-09-07",7.82
"2005-09-08",7.91
"2005-09-09",7.93
"2005-09-12",8.11
"2005-09-13",7.91
"2005-09-14",7.67
"2005-09-15",7.67
"2005-09-16",7.64
"2005-09-19",7.56
"2005-09-20",7.28
"2005-09-21",7.18
"2005-09-22",7.14
"2005-09-23",7.25
"2005-09-26",7.39
"2005-09-27",7.24
"2005-09-28",4.27
"2005-09-29",4.65
"2005-09-30",4.7
"2005-10-03",4.7
"2005-10-04",4.67
"2005-10-05",4.61
"2005-10-06",4.42
"2005-10-07",4.46
"2005-10-10",4.37
"2005-10-11",4.36
"2005-10-12",4.32
"2005-10-13",4.33
"2005-10-14",4.62
"2005-10-17",4.77
"2005-10-18",4.71
"2005-10-19",4.86
"2005-10-20",4.83
"2005-10-21",4.81
"2005-10-24",4.94
"2005-10-25",4.92
"2005-10-26",4.96
"2005-10-27",4.8
"2005-10-28",4.88
"2005-10-31",4.99
"2005-11-01",5.05
"2005-11-02",5.
"2005-11-03",5.08
"2005-11-04",5.09
"2005-11-07",5.15
"2005-11-08",5.08
"2005-11-09",4.97
"2005-11-10",5.1
"2005-11-11",5.
"2005-11-14",4.99
"2005-11-15",4.79
"2005-11-16",4.77
"2005-11-17",4.79
"2005-11-18",4.8
"2005-11-21",5.86
"2005-11-22",5.97
"2005-11-23",6.
"2005-11-25",5.95
"2005-11-28",5.7
"2005-11-29",5.85
"2005-11-30",5.56
"2005-12-01",5.93
"2005-12-02",5.94
"2005-12-05",6.03
"2005-12-06",5.91
"2005-12-07",5.79
"2005-12-08",5.81
"2005-12-09",6.
"2005-12-12",5.92
"2005-12-13",5.83
"2005-12-14",5.75
"2005-12-15",5.95
"2005-12-16",5.78
"2005-12-19",5.65
"2005-12-20",5.64
"2005-12-21",5.76
"2005-12-22",5.64
"2005-12-23",5.63
"2005-12-27",5.44
"2005-12-28",5.38
"2005-12-29",5.36
"2005-12-30",5.34
"2006-01-03",5.34
"2006-01-04",5.3
"2006-01-05",5.35
"2006-01-06",5.52
"2006-01-09",5.52
"2006-01-10",5.5
"2006-01-11",5.58
"2006-01-12",5.5
"2006-01-13",5.46
"2006-01-17",5.31
"2006-01-18",5.31
"2006-01-19",5.22
"2006-01-20",5.16
"2006-01-23",5.15
"2006-01-24",5.09
"2006-01-25",5.04
"2006-01-26",5.07
"2006-01-27",5.13
"2006-01-30",5.06
"2006-01-31",5.09
"2006-02-01",5.11
"2006-02-02",5.43
"2006-02-03",5.37
"2006-02-06",5.43
"2006-02-07",5.24
"2006-02-08",5.17
"2006-02-09",5.17
"2006-02-10",5.28
"2006-02-13",5.15
"2006-02-14",5.26
"2006-02-15",5.37
"2006-02-16",5.38
"2006-02-17",5.75
"2006-02-21",5.44
"2006-02-22",5.47
"2006-02-23",5.47
"2006-02-24",5.53
"2006-02-27",6.09
"2006-02-28",5.88
"2006-03-01",5.91
"2006-03-02",6.2
"2006-03-03",6.01
"2006-03-06",6.05
"2006-03-07",6.02
"2006-03-08",6.03
"2006-03-09",5.9
"2006-03-10",5.96
"2006-03-13",5.96
"2006-03-14",6.01
"2006-03-15",6.04
"2006-03-16",6.09
"2006-03-17",6.03
"2006-03-20",5.98
"2006-03-21",5.96
"2006-03-22",6.01
"2006-03-23",6.14
"2006-03-24",6.01
"2006-03-27",5.97
"2006-03-28",5.87
"2006-03-29",6.02
"2006-03-30",6.09
"2006-03-31",6.02
"2006-04-03",3.58
"2006-04-04",3.6
"2006-04-05",3.65
"2006-04-06",3.8
"2006-04-07",3.95
"2006-04-10",3.88
"2006-04-11",3.7
"2006-04-12",3.8
"2006-04-13",3.94
"2006-04-17",3.83
"2006-04-18",3.97
"2006-04-19",4.15
"2006-04-20",4.17
"2006-04-21",4.18
"2006-04-24",4.21
"2006-04-25",4.2
"2006-04-26",4.05
"2006-04-27",4.14
"2006-04-28",4.17
"2006-05-01",4.19
"2006-05-02",4.12
"2006-05-03",4.17
"2006-05-04",4.21
"2006-05-05",4.33
"2006-05-08",4.35
"2006-05-09",4.3
"2006-05-10",4.27
"2006-05-11",4.05
"2006-05-12",3.98
"2006-05-15",3.83
"2006-05-16",3.85
"2006-05-17",3.74
"2006-05-18",3.87
"2006-05-19",4.01
"2006-05-22",3.97
"2006-05-23",3.86
"2006-05-24",3.96
"2006-05-25",4.07
"2006-05-26",4.07
"2006-05-30",4.07
"2006-05-31",4.17
"2006-06-01",4.27
"2006-06-02",4.28
"2006-06-05",4.
"2006-06-06",4.09
"2006-06-07",4.2
"2006-06-08",4.2
"2006-06-09",4.13
"2006-06-12",4.04
"2006-06-13",3.99
"2006-06-14",3.98
"2006-06-15",4.12
"2006-06-16",4.04
"2006-06-19",4.05
"2006-06-20",4.12
"2006-06-21",4.25
"2006-06-22",4.2
"2006-06-23",4.12
"2006-06-26",4.29
"2006-06-27",4.15
"2006-06-28",4.15
"2006-06-29",4.35
"2006-06-30",4.6
"2006-07-03",4.52
"2006-07-05",4.57
"2006-07-06",4.61
"2006-07-07",4.49
"2006-07-10",4.39
"2006-07-11",4.38
"2006-07-12",4.32
"2006-07-13",4.2
"2006-07-14",4.04
"2006-07-17",4.02
"2006-07-18",4.
"2006-07-19",4.22
"2006-07-20",4.11
"2006-07-21",3.96
"2006-07-24",4.2
"2006-07-25",4.26
"2006-07-26",4.21
"2006-07-27",4.17
"2006-07-28",4.24
"2006-07-31",4.26
"2006-08-01",4.21
"2006-08-02",4.34
"2006-08-03",4.39
"2006-08-04",4.36
"2006-08-07",4.13
"2006-08-08",4.11
"2006-08-09",4.07
"2006-08-10",4.21
"2006-08-11",4.13
"2006-08-14",4.12
"2006-08-15",4.26
"2006-08-16",4.34
"2006-08-17",4.6
"2006-08-18",4.89
"2006-08-21",4.75
"2006-08-22",4.69
"2006-08-23",4.6
"2006-08-24",4.8
"2006-08-25",4.72
"2006-08-28",4.87
"2006-08-29",5.04
"2006-08-30",5.14
"2006-08-31",5.11
"2006-09-01",4.92
"2006-09-05",5.05
"2006-09-06",4.88
"2006-09-07",4.8
"2006-09-08",4.84
"2006-09-11",4.76
"2006-09-12",4.97
"2006-09-13",4.88
"2006-09-14",4.87
"2006-09-15",4.83
"2006-09-18",4.81
"2006-09-19",4.89
"2006-09-20",4.96
"2006-09-21",4.35
"2006-09-22",4.21
"2006-09-25",4.25
"2006-09-26",4.3
"2006-09-27",4.34
"2006-09-28",4.34
"2006-09-29",4.23
"2006-10-02",4.19
"2006-10-03",4.14
"2006-10-04",4.31
"2006-10-05",4.41
"2006-10-06",4.51
"2006-10-09",4.63
"2006-10-10",4.64
"2006-10-11",4.68
"2006-10-12",4.85
"2006-10-13",4.85
"2006-10-16",4.87
"2006-10-17",4.87
"2006-10-18",4.89
"2006-10-19",4.99
"2006-10-20",4.98
"2006-10-23",4.88
"2006-10-24",4.8
"2006-10-25",4.72
"2006-10-26",4.8
"2006-10-27",4.77
"2006-10-30",4.76
"2006-10-31",4.76
"2006-11-01",4.65
"2006-11-02",4.65
"2006-11-03",4.7
"2006-11-06",4.85
"2006-11-07",4.83
"2006-11-08",4.99
"2006-11-09",4.9
"2006-11-10",4.94
"2006-11-13",4.96
"2006-11-14",5.19
"2006-11-15",5.27
"2006-11-16",5.22
"2006-11-17",5.36
"2006-11-20",5.34
"2006-11-21",5.52
"2006-11-22",5.47
"2006-11-24",5.47
"2006-11-27",5.34
"2006-11-28",5.24
"2006-11-29",5.25
"2006-11-30",5.24
"2006-12-01",5.16
"2006-12-04",5.49
"2006-12-05",5.76
"2006-12-06",5.74
"2006-12-07",5.79
"2006-12-08",5.92
"2006-12-11",5.87
"2006-12-12",5.92
"2006-12-13",5.93
"2006-12-14",5.96
"2006-12-15",5.92
"2006-12-18",6.06
"2006-12-19",5.98
"2006-12-20",5.98
"2006-12-21",5.98
"2006-12-22",5.98
"2006-12-26",5.88
"2006-12-27",5.98
"2006-12-28",5.81
"2006-12-29",5.84
"2007-01-02",5.84
"2007-01-03",6.02
"2007-01-04",6.19
"2007-01-05",6.04
"2007-01-08",6.36
"2007-01-09",7.06
"2007-01-10",6.83
"2007-01-11",7.12
"2007-01-12",7.32
"2007-01-16",7.23
"2007-01-17",7.18
"2007-01-18",7.11
"2007-01-19",7.16
"2007-01-22",7.32
"2007-01-23",7.31
"2007-01-24",7.42
"2007-01-25",7.3
"2007-01-26",7.31
"2007-01-29",7.44
"2007-01-30",7.34
"2007-01-31",7.43
"2007-02-01",7.45
"2007-02-02",7.58
"2007-02-05",7.34
"2007-02-06",7.35
"2007-02-07",7.27
"2007-02-08",7.26
"2007-02-09",7.22
"2007-02-12",7.09
"2007-02-13",7.16
"2007-02-14",7.17
"2007-02-15",6.94
"2007-02-16",6.89
"2007-02-20",7.
"2007-02-21",6.97
"2007-02-22",6.93
"2007-02-23",6.82
"2007-02-26",7.21
"2007-02-27",6.57
"2007-02-28",6.41
"2007-03-01",6.35
"2007-03-02",6.03
"2007-03-05",6.01
"2007-03-06",6.3
"2007-03-07",6.15
"2007-03-08",6.22
"2007-03-09",6.39
"2007-03-12",6.31
"2007-03-13",6.04
"2007-03-14",6.22
"2007-03-15",6.22
"2007-03-16",6.11
"2007-03-19",6.48
"2007-03-20",6.5
"2007-03-21",6.66
"2007-03-22",6.55
"2007-03-23",6.77
"2007-03-26",6.49
"2007-03-27",6.49
"2007-03-28",6.45
"2007-03-29",6.54
"2007-03-30",6.59
"2007-04-02",6.68
"2007-04-03",6.68
"2007-04-04",6.53
"2007-04-05",6.8
"2007-04-09",7.02
"2007-04-10",7.58
"2007-04-11",7.3
"2007-04-12",7.64
"2007-04-13",7.75
"2007-04-16",7.92
"2007-04-17",7.81
"2007-04-18",7.83
"2007-04-19",7.83
"2007-04-20",7.9
"2007-04-23",8.01
"2007-04-24",8.05
"2007-04-25",8.24
"2007-04-26",8.11
"2007-04-27",7.88
"2007-04-30",7.71
"2007-05-01",7.7
"2007-05-02",7.9
"2007-05-03",7.83
"2007-05-04",7.63
"2007-05-07",7.48
"2007-05-08",7.46
"2007-05-09",7.41
"2007-05-10",7.1
"2007-05-11",7.25
"2007-05-14",7.2
"2007-05-15",7.19
"2007-05-16",7.18
"2007-05-17",7.01
"2007-05-18",7.13
"2007-05-21",7.25
"2007-05-22",7.26
"2007-05-23",7.3
"2007-05-24",7.02
"2007-05-25",7.11
"2007-05-29",7.33
"2007-05-30",7.2
"2007-05-31",7.09
"2007-06-01",7.11
"2007-06-04",7.04
"2007-06-05",7.2
"2007-06-06",7.03
"2007-06-07",6.67
"2007-06-08",6.72
"2007-06-11",6.52
"2007-06-12",6.31
"2007-06-13",6.4
"2007-06-14",6.49
"2007-06-15",6.81
"2007-06-18",6.8
"2007-06-19",6.88
"2007-06-20",6.62
"2007-06-21",6.38
"2007-06-22",6.2
"2007-06-25",6.09
"2007-06-26",6.
"2007-06-27",6.25
"2007-06-28",6.28
"2007-06-29",6.
"2007-07-02",6.1
"2007-07-03",6.1
"2007-07-05",6.02
"2007-07-06",6.
"2007-07-09",5.89
"2007-07-10",5.81
"2007-07-11",5.78
"2007-07-12",5.79
"2007-07-13",5.79
"2007-07-16",5.71
"2007-07-17",5.78
"2007-07-18",5.78
"2007-07-19",5.98
"2007-07-20",5.71
"2007-07-23",5.61
"2007-07-24",5.42
"2007-07-25",5.31
"2007-07-26",5.77
"2007-07-27",5.52
"2007-07-30",5.41
"2007-07-31",5.32
"2007-08-01",4.98
"2007-08-02",5.
"2007-08-03",4.81
"2007-08-06",5.36
"2007-08-07",5.39
"2007-08-08",5.93
"2007-08-09",5.08
"2007-08-10",5.35
"2007-08-13",5.06
"2007-08-14",5.1
"2007-08-15",5.
"2007-08-16",5.33
"2007-08-17",5.51
"2007-08-20",5.62
"2007-08-21",5.88
"2007-08-22",5.89
"2007-08-23",5.78
"2007-08-24",5.87
"2007-08-27",5.69
"2007-08-28",5.51
"2007-08-29",5.82
"2007-08-30",5.73
"2007-08-31",5.84
"2007-09-04",5.7
"2007-09-05",5.7
"2007-09-06",5.67
"2007-09-07",5.81
"2007-09-10",6.06
"2007-09-11",6.22
"2007-09-12",6.18
"2007-09-13",6.14
"2007-09-14",6.22
"2007-09-17",6.08
"2007-09-18",6.48
"2007-09-19",6.69
"2007-09-20",6.45
"2007-09-21",6.52
"2007-09-24",6.38
"2007-09-25",6.37
"2007-09-26",7.23
"2007-09-27",7.45
"2007-09-28",7.15
"2007-10-01",7.18
"2007-10-02",7.43
"2007-10-03",7.39
"2007-10-04",7.5
"2007-10-05",7.53
"2007-10-08",7.84
"2007-10-09",8.09
"2007-10-10",8.32
"2007-10-11",8.27
"2007-10-12",8.48
"2007-10-15",8.59
"2007-10-16",8.62
"2007-10-17",8.86
"2007-10-18",8.49
"2007-10-19",8.26
"2007-10-22",8.26
"2007-10-23",8.46
"2007-10-24",8.37
"2007-10-25",8.28
"2007-10-26",8.51
"2007-10-29",8.59
"2007-10-30",8.59
"2007-10-31",8.66
"2007-11-01",8.12
"2007-11-02",7.85
"2007-11-05",7.74
"2007-11-06",7.94
"2007-11-07",7.5
"2007-11-08",7.41
"2007-11-09",8.
"2007-11-12",8.3
"2007-11-13",8.37
"2007-11-14",8.56
"2007-11-15",8.55
"2007-11-16",8.33
"2007-11-19",8.1
"2007-11-20",8.2
"2007-11-21",8.14
"2007-11-23",8.2
"2007-11-26",8.
"2007-11-27",8.01
"2007-11-28",8.48
"2007-11-29",8.61
"2007-11-30",8.58
"2007-12-03",8.99
"2007-12-04",9.47
"2007-12-05",9.34
"2007-12-06",9.71
"2007-12-07",9.2
"2007-12-10",9.87
"2007-12-11",10.07
"2007-12-12",10.43
"2007-12-13",10.78
"2007-12-14",10.5
"2007-12-17",10.51
"2007-12-18",10.61
"2007-12-19",10.66
"2007-12-20",10.75
"2007-12-21",10.59
"2007-12-24",10.52
"2007-12-26",10.56
"2007-12-27",10.2
"2007-12-28",10.25
"2007-12-31",10.05
"2008-01-02",9.98
"2008-01-03",10.
"2008-01-04",9.38
"2008-01-07",9.47
"2008-01-08",11.39
"2008-01-09",11.05
"2008-01-10",11.18
"2008-01-11",10.82
"2008-01-14",11.36
"2008-01-15",11.16
"2008-01-16",11.5
"2008-01-17",11.98
"2008-01-18",11.39
"2008-01-22",11.27
"2008-01-23",11.64
"2008-01-24",11.5
"2008-01-25",11.31
"2008-01-28",11.54
"2008-01-29",12.
"2008-01-30",12.14
"2008-01-31",11.98
"2008-02-01",12.36
"2008-02-04",11.8
"2008-02-05",11.55
"2008-02-06",11.49
"2008-02-07",11.88
"2008-02-08",11.98
"2008-02-11",11.64
"2008-02-12",11.9
"2008-02-13",12.19
"2008-02-14",12.42
"2008-02-15",12.2
"2008-02-19",12.
"2008-02-20",10.54
"2008-02-21",10.5
"2008-02-22",9.91
"2008-02-25",10.57
"2008-02-26",10.56
"2008-02-27",10.29
"2008-02-28",10.22
"2008-02-29",9.91
"2008-03-03",9.91
"2008-03-04",9.76
"2008-03-05",10.26
"2008-03-06",9.66
"2008-03-07",9.46
"2008-03-10",8.53
"2008-03-11",8.59
"2008-03-12",9.41
"2008-03-13",9.29
"2008-03-14",9.27
"2008-03-17",8.57
"2008-03-18",9.43
"2008-03-19",9.32
"2008-03-20",9.48
"2008-03-24",9.95
"2008-03-25",10.46
"2008-03-26",10.37
"2008-03-27",10.23
"2008-03-28",10.07
"2008-03-31",10.51
"2008-04-01",10.98
"2008-04-02",10.92
"2008-04-03",11.3
"2008-04-04",11.27
"2008-04-07",10.97
"2008-04-08",10.95
"2008-04-09",10.84
"2008-04-10",10.82
"2008-04-11",10.46
"2008-04-14",10.79
"2008-04-15",10.5
"2008-04-16",11.
"2008-04-17",10.24
"2008-04-18",10.53
"2008-04-21",10.89
"2008-04-22",10.78
"2008-04-23",10.9
"2008-04-24",11.24
"2008-04-25",11.22
"2008-04-28",11.34
"2008-04-29",11.24
"2008-04-30",10.85
"2008-05-01",11.03
"2008-05-02",10.93
"2008-05-05",11.09
"2008-05-06",10.76
"2008-05-07",10.34
"2008-05-08",10.61
"2008-05-09",10.78
"2008-05-12",10.75
"2008-05-13",10.73
"2008-05-14",10.23
"2008-05-15",10.4
"2008-05-16",10.23
"2008-05-19",10.27
"2008-05-20",9.82
"2008-05-21",9.8
"2008-05-22",9.92
"2008-05-23",9.78
"2008-05-27",9.99
"2008-05-28",9.8
"2008-05-29",9.95
"2008-05-30",9.71
"2008-06-02",9.03
"2008-06-03",8.28
"2008-06-04",8.48
"2008-06-05",8.91
"2008-06-06",8.5
"2008-06-09",8.24
"2008-06-10",8.09
"2008-06-11",7.94
"2008-06-12",8.48
"2008-06-13",8.46
"2008-06-16",8.75
"2008-06-17",8.76
"2008-06-18",8.69
"2008-06-19",8.77
"2008-06-20",8.49
"2008-06-23",8.15
"2008-06-24",7.95
"2008-06-25",7.91
"2008-06-26",7.5
"2008-06-27",7.6
"2008-06-30",7.61
"2008-07-01",7.57
"2008-07-02",7.47
"2008-07-03",7.31
"2008-07-07",7.19
"2008-07-08",7.61
"2008-07-09",8.1
"2008-07-10",8.26
"2008-07-11",8.13
"2008-07-14",8.29
"2008-07-15",8.49
"2008-07-16",9.05
"2008-07-17",8.98
"2008-07-18",8.7
"2008-07-21",8.94
"2008-07-22",9.03
"2008-07-23",9.05
"2008-07-24",8.6
"2008-07-25",9.08
"2008-07-28",8.97
"2008-07-29",9.18
"2008-07-30",8.74
"2008-07-31",9.26
"2008-08-01",9.63
"2008-08-04",9.98
"2008-08-05",9.96
"2008-08-06",10.3
"2008-08-07",9.59
"2008-08-08",9.95
"2008-08-11",10.2
"2008-08-12",10.28
"2008-08-13",10.18
"2008-08-14",10.24
"2008-08-15",10.05
"2008-08-18",9.77
"2008-08-19",9.71
"2008-08-20",9.79
"2008-08-21",9.54
"2008-08-22",9.77
"2008-08-25",9.61
"2008-08-26",9.62
"2008-08-27",9.98
"2008-08-28",10.27
"2008-08-29",10.23
"2008-09-02",9.91
"2008-09-03",10.08
"2008-09-04",9.63
"2008-09-05",9.92
"2008-09-08",9.93
"2008-09-09",9.13
"2008-09-10",9.34
"2008-09-11",9.45
"2008-09-12",9.17
"2008-09-15",8.83
"2008-09-16",9.46
"2008-09-17",8.5
"2008-09-18",8.98
"2008-09-19",9.07
"2008-09-22",8.63
"2008-09-23",8.59
"2008-09-24",7.96
"2008-09-25",8.02
"2008-09-26",7.98
"2008-09-29",7.57
"2008-09-30",7.65
"2008-10-01",7.41
"2008-10-02",6.62
"2008-10-03",6.69
"2008-10-06",5.8
"2008-10-07",5.3
"2008-10-08",5.05
"2008-10-09",4.63
"2008-10-10",4.41
"2008-10-13",5.06
"2008-10-14",4.99
"2008-10-15",4.38
"2008-10-16",5.
"2008-10-17",4.89
"2008-10-20",5.71
"2008-10-21",5.68
"2008-10-22",5.39
"2008-10-23",4.99
"2008-10-24",4.63
"2008-10-27",3.74
"2008-10-28",3.85
"2008-10-29",3.75
"2008-10-30",4.22
"2008-10-31",4.15
"2008-11-03",4.35
"2008-11-04",4.24
"2008-11-05",3.82
"2008-11-06",3.99
"2008-11-07",4.39
"2008-11-10",4.13
"2008-11-11",4.13
"2008-11-12",3.67
"2008-11-13",4.15
"2008-11-14",3.59
"2008-11-17",3.66
"2008-11-18",3.43
"2008-11-19",3.05
"2008-11-20",2.49
"2008-11-21",2.82
"2008-11-24",2.92
"2008-11-25",3.15
"2008-11-26",3.33
"2008-11-28",3.34
"2008-12-01",2.93
"2008-12-02",3.01
"2008-12-03",3.2
"2008-12-04",3.13
"2008-12-05",3.58
"2008-12-08",3.62
"2008-12-09",3.21
"2008-12-10",3.3
"2008-12-11",3.07
"2008-12-12",3.05
"2008-12-15",3.02
"2008-12-16",3.22
"2008-12-17",3.36
"2008-12-18",3.66
"2008-12-19",3.68
"2008-12-22",3.51
"2008-12-23",3.47
"2008-12-24",3.47
"2008-12-26",3.48
"2008-12-29",3.24
"2008-12-30",3.67
"2008-12-31",3.79
"2009-01-02",3.85
"2009-01-05",3.9
"2009-01-06",3.96
"2009-01-07",3.85
"2009-01-08",4.08
"2009-01-09",3.78
"2009-01-12",3.79
"2009-01-13",3.93
"2009-01-14",3.9
"2009-01-15",3.88
"2009-01-16",3.63
"2009-01-20",3.08
"2009-01-21",3.33
"2009-01-22",3.
"2009-01-23",2.94
"2009-01-26",3.06
"2009-01-27",3.11
"2009-01-28",3.14
"2009-01-29",2.95
"2009-01-30",2.93
"2009-02-02",2.99
"2009-02-03",3.31
"2009-02-04",3.42
"2009-02-05",3.44
"2009-02-06",3.64
"2009-02-09",3.51
"2009-02-10",3.27
"2009-02-11",3.38
"2009-02-12",3.43
"2009-02-13",3.31
"2009-02-17",3.15
"2009-02-18",3.11
"2009-02-19",2.83
"2009-02-20",2.56
"2009-02-23",2.65
"2009-02-24",2.69
"2009-02-25",2.67
"2009-02-26",2.49
"2009-02-27",2.31
"2009-03-02",2.28
"2009-03-03",2.22
"2009-03-04",2.42
"2009-03-05",2.15
"2009-03-06",2.14
"2009-03-09",2.05
"2009-03-10",2.25
"2009-03-11",2.08
"2009-03-12",2.38
"2009-03-13",2.42
"2009-03-16",2.19
"2009-03-17",2.2
"2009-03-18",2.35
"2009-03-19",2.49
"2009-03-20",2.3
"2009-03-23",2.53
"2009-03-24",2.34
"2009-03-25",2.45
"2009-03-26",2.49
"2009-03-27",2.29
"2009-03-30",2.23
"2009-03-31",2.34
"2009-04-01",2.23
"2009-04-02",2.39
"2009-04-03",2.39
"2009-04-06",2.28
"2009-04-07",2.21
"2009-04-08",2.32
"2009-04-09",2.65
"2009-04-13",2.48
"2009-04-14",2.32
"2009-04-15",2.3
"2009-04-16",2.28
"2009-04-17",2.24
"2009-04-20",2.06
"2009-04-21",2.15
"2009-04-22",2.1
"2009-04-23",2.06
"2009-04-24",2.17
"2009-04-27",2.17
"2009-04-28",2.2
"2009-04-29",2.33
"2009-04-30",2.36
"2009-05-01",2.29
"2009-05-04",2.46
"2009-05-05",2.44
"2009-05-06",2.47
"2009-05-07",2.45
"2009-05-08",2.54
"2009-05-11",3.
"2009-05-12",2.91
"2009-05-13",2.78
"2009-05-14",2.79
"2009-05-15",2.56
"2009-05-18",2.79
"2009-05-19",2.8
"2009-05-20",2.77
"2009-05-21",2.6
"2009-05-22",2.68
"2009-05-26",2.94
"2009-05-27",2.96
"2009-05-28",2.93
"2009-05-29",3.29
"2009-06-01",3.58
"2009-06-02",3.66
"2009-06-03",3.5
"2009-06-04",3.48
"2009-06-05",3.84
"2009-06-08",3.42
"2009-06-09",3.44
"2009-06-10",3.34
"2009-06-11",3.32
"2009-06-12",3.33
"2009-06-15",3.16
"2009-06-16",3.16
"2009-06-17",3.22
"2009-06-18",3.1
"2009-06-19",3.24
"2009-06-22",3.17
"2009-06-23",3.21
"2009-06-24",3.4
"2009-06-25",3.51
"2009-06-26",3.51
"2009-06-29",3.41
"2009-06-30",3.29
"2009-07-01",3.39
"2009-07-02",3.37
"2009-07-06",3.36
"2009-07-07",3.35
"2009-07-08",3.32
"2009-07-09",3.43
"2009-07-10",3.58
"2009-07-13",3.66
"2009-07-14",3.53
"2009-07-15",3.7
"2009-07-16",3.84
"2009-07-17",3.84
"2009-07-20",3.99
"2009-07-21",4.56
"2009-07-22",4.43
"2009-07-23",5.32
"2009-07-24",5.66
"2009-07-27",5.84
"2009-07-28",5.88
"2009-07-29",6.03
"2009-07-30",5.32
"2009-07-31",5.2
"2009-08-03",5.22
"2009-08-04",5.3
"2009-08-05",5.54
"2009-08-06",5.41
"2009-08-07",5.59
"2009-08-10",5.81
"2009-08-11",5.85
"2009-08-12",5.77
"2009-08-13",5.78
"2009-08-14",5.79
"2009-08-17",6.14
"2009-08-18",6.09
"2009-08-19",6.38
"2009-08-20",6.5
"2009-08-21",6.47
"2009-08-24",6.24
"2009-08-25",6.25
"2009-08-26",6.35
"2009-08-27",6.42
"2009-08-28",6.76
"2009-08-31",6.59
"2009-09-01",6.45
"2009-09-02",6.54
"2009-09-03",6.66
"2009-09-04",6.93
"2009-09-08",6.86
"2009-09-09",6.99
"2009-09-10",7.18
"2009-09-11",7.13
"2009-09-14",7.38
"2009-09-15",7.28
"2009-09-16",7.41
"2009-09-17",7.3
"2009-09-18",7.29
"2009-09-21",7.97
"2009-09-22",8.13
"2009-09-23",7.27
"2009-09-24",6.88
"2009-09-25",6.6
"2009-09-28",6.8
"2009-09-29",6.76
"2009-09-30",6.75
"2009-10-01",6.45
"2009-10-02",6.64
"2009-10-05",6.68
"2009-10-06",6.75
"2009-10-07",6.79
"2009-10-08",6.52
"2009-10-09",6.74
"2009-10-12",6.73
"2009-10-13",6.5
"2009-10-14",6.36
"2009-10-15",6.47
"2009-10-16",6.28
"2009-10-19",6.19
"2009-10-20",5.86
"2009-10-21",5.79
"2009-10-22",5.93
"2009-10-23",5.63
"2009-10-26",5.45
"2009-10-27",5.78
"2009-10-28",5.62
"2009-10-29",5.99
"2009-10-30",5.89
"2009-11-02",6.28
"2009-11-03",6.7
"2009-11-04",6.36
"2009-11-05",6.85
"2009-11-06",7.25
"2009-11-09",7.35
"2009-11-10",7.61
"2009-11-11",7.88
"2009-11-12",7.72
"2009-11-13",7.68
"2009-11-16",8.07
"2009-11-17",8.18
"2009-11-18",8.1
"2009-11-19",7.72
"2009-11-20",7.55
"2009-11-23",7.54
"2009-11-24",7.72
"2009-11-25",8.46
"2009-11-27",8.39
"2009-11-30",8.33
"2009-12-01",8.4
"2009-12-02",8.34
"2009-12-03",8.07
"2009-12-04",8.29
"2009-12-07",7.93
"2009-12-08",8.21
"2009-12-09",8.18
"2009-12-10",7.99
"2009-12-11",8.02
"2009-12-14",8.09
"2009-12-15",8.06
"2009-12-16",7.96
"2009-12-17",8.1
"2009-12-18",8.49
"2009-12-21",8.73
"2009-12-22",9.05
"2009-12-23",9.22
"2009-12-24",9.27
"2009-12-28",9.4
"2009-12-29",9.28
"2009-12-30",9.29
"2009-12-31",9.11
"2010-01-04",9.5
"2010-01-05",10.27
"2010-01-06",11.
"2010-01-07",10.82
"2010-01-08",10.94
"2010-01-11",11.09
"2010-01-12",10.36
"2010-01-13",10.33
"2010-01-14",10.16
"2010-01-15",9.86
"2010-01-19",10.02
"2010-01-20",9.81
"2010-01-21",9.41
"2010-01-22",9.47
"2010-01-25",9.79
"2010-01-26",10.29
"2010-01-27",10.06
"2010-01-28",10.37
"2010-01-29",10.68
"2010-02-01",10.63
"2010-02-02",10.93
"2010-02-03",10.62
"2010-02-04",10.01
"2010-02-05",10.19
"2010-02-08",9.96
"2010-02-09",10.28
"2010-02-10",10.45
"2010-02-11",10.66
"2010-02-12",11.09
"2010-02-16",11.2
"2010-02-17",11.06
"2010-02-18",10.72
"2010-02-19",10.86
"2010-02-22",10.71
"2010-02-23",10.54
"2010-02-24",10.51
"2010-02-25",10.58
"2010-02-26",10.66
"2010-03-01",11.5
"2010-03-02",11.44
"2010-03-03",11.43
"2010-03-04",11.34
"2010-03-05",11.6
"2010-03-08",11.99
"2010-03-09",12.59
"2010-03-10",12.42
"2010-03-11",13.07
"2010-03-12",13.
"2010-03-15",12.98
"2010-03-16",12.99
"2010-03-17",13.38
"2010-03-18",13.11
"2010-03-19",12.66
"2010-03-22",13.19
"2010-03-23",14.15
"2010-03-24",14.11
"2010-03-25",13.92
"2010-03-26",14.07
"2010-03-29",14.06
"2010-03-30",14.01
"2010-03-31",13.93
"2010-04-01",14.3
"2010-04-05",14.6
"2010-04-06",14.54
"2010-04-07",14.23
"2010-04-08",14.59
"2010-04-09",14.65
"2010-04-12",14.78
"2010-04-13",14.16
"2010-04-14",14.41
"2010-04-15",14.21
"2010-04-16",13.85
"2010-04-19",13.73
"2010-04-20",13.99
"2010-04-21",13.68
"2010-04-22",13.69
"2010-04-23",14.13
"2010-04-26",13.96
"2010-04-27",13.26
"2010-04-28",13.23
"2010-04-29",13.68
"2010-04-30",13.44
"2010-05-03",13.76
"2010-05-04",13.07
"2010-05-05",13.06
"2010-05-06",12.14
"2010-05-07",11.59
"2010-05-10",13.1
"2010-05-11",13.27
"2010-05-12",14.19
"2010-05-13",13.89
"2010-05-14",13.49
"2010-05-17",13.63
"2010-05-18",13.34
"2010-05-19",12.94
"2010-05-20",12.
"2010-05-21",12.46
"2010-05-24",12.4
"2010-05-25",12.56
"2010-05-26",12.39
"2010-05-27",13.12
"2010-05-28",12.89
"2010-06-01",12.65
"2010-06-02",13.28
"2010-06-03",13.34
"2010-06-04",12.9
"2010-06-07",12.
"2010-06-08",11.82
"2010-06-09",11.86
"2010-06-10",12.69
"2010-06-11",12.89
"2010-06-14",13.05
"2010-06-15",13.34
"2010-06-16",13.27
"2010-06-17",13.25
"2010-06-18",13.17
"2010-06-21",12.89
"2010-06-22",12.06
"2010-06-23",11.88
"2010-06-24",11.66
"2010-06-25",12.21
"2010-06-28",11.82
"2010-06-29",11.24
"2010-06-30",11.07
"2010-07-01",10.56
"2010-07-02",10.72
"2010-07-06",10.76
"2010-07-07",11.27
"2010-07-08",11.56
"2010-07-09",12.03
"2010-07-12",11.7
"2010-07-13",12.26
"2010-07-14",12.38
"2010-07-15",12.42
"2010-07-16",12.05
"2010-07-19",11.96
"2010-07-20",12.16
"2010-07-21",12.01
"2010-07-22",12.16
"2010-07-23",12.64
"2010-07-26",13.17
"2010-07-27",13.13
"2010-07-28",12.79
"2010-07-29",12.93
"2010-07-30",13.02
"2010-08-02",13.22
"2010-08-03",13.36
"2010-08-04",13.68
"2010-08-05",13.74
"2010-08-06",13.96
"2010-08-09",14.14
"2010-08-10",13.68
"2010-08-11",13.12
"2010-08-12",13.02
"2010-08-13",12.98
"2010-08-16",12.9
"2010-08-17",13.04
"2010-08-18",12.96
"2010-08-19",12.54
"2010-08-20",12.22
"2010-08-23",12.
"2010-08-24",11.87
"2010-08-25",12.14
"2010-08-26",11.83
"2010-08-27",12.62
"2010-08-30",12.36
"2010-08-31",12.51
"2010-09-01",12.9
"2010-09-02",13.25
"2010-09-03",13.55
"2010-09-07",13.
"2010-09-08",13.61
"2010-09-09",13.72
"2010-09-10",14.06
"2010-09-13",13.92
"2010-09-14",13.9
"2010-09-15",14.025
"2010-09-16",14.03
"2010-09-17",14.43
"2010-09-20",14.9395
"2010-09-21",14.9
"2010-09-22",14.53
"2010-09-23",14.86
"2010-09-24",15.11
"2010-09-27",15.43
"2010-09-28",15.92
"2010-09-29",15.85
"2010-09-30",15.99
"2010-10-01",15.79
"2010-10-04",15.94
"2010-10-05",16.79
"2010-10-06",16.52
"2010-10-07",16.51
"2010-10-08",16.76
"2010-10-11",16.89
"2010-10-12",17.17
"2010-10-13",16.82
"2010-10-14",16.96
"2010-10-15",16.96
"2010-10-18",17.11
"2010-10-19",16.97
"2010-10-20",17.03
"2010-10-21",16.62
"2010-10-22",16.94
"2010-10-25",16.71
"2010-10-26",16.77
"2010-10-27",16.96
"2010-10-28",16.6
"2010-10-29",16.66
"2010-11-01",16.65
"2010-11-02",15.92
"2010-11-03",16.21
"2010-11-04",16.13
"2010-11-05",16.12
"2010-11-08",16.
"2010-11-09",16.08
"2010-11-10",16.29
"2010-11-11",16.35
"2010-11-12",16.07
"2010-11-15",16.12
"2010-11-16",15.76
"2010-11-17",15.71
"2010-11-18",15.35
"2010-11-19",15.4
"2010-11-22",15.27
"2010-11-23",14.98
"2010-11-24",15.26
"2010-11-26",15.08
"2010-11-29",14.99
"2010-11-30",14.51
"2010-12-01",15.08
"2010-12-02",15.88
"2010-12-03",15.65
"2010-12-06",15.905
"2010-12-07",16.05
"2010-12-08",15.79
"2010-12-09",15.7
"2010-12-10",15.51
"2010-12-13",15.24
"2010-12-14",15.21
"2010-12-15",15.2
"2010-12-16",15.37
"2010-12-17",15.02
"2010-12-20",15.18
"2010-12-21",16.43
"2010-12-22",17.01
"2010-12-23",17.005
"2010-12-27",16.82
"2010-12-28",16.79
"2010-12-29",16.75
"2010-12-30",16.77
"2010-12-31",16.56
"2011-01-03",16.52
"2011-01-04",16.5475
"2011-01-05",16.37
"2011-01-06",16.38
"2011-01-07",16.35
"2011-01-10",15.65
"2011-01-11",15.67
"2011-01-12",15.97
"2011-01-13",15.96
"2011-01-14",16.09
"2011-01-18",15.57
"2011-01-19",15.24
"2011-01-20",15.24
"2011-01-21",14.73
"2011-01-24",14.42
"2011-01-25",14.72
"2011-01-26",15.09
"2011-01-27",15.29
"2011-01-28",14.64
"2011-01-31",14.74
"2011-02-01",14.55
"2011-02-02",14.77
"2011-02-03",14.82
"2011-02-04",14.96
"2011-02-07",14.74
"2011-02-08",14.94
"2011-02-09",14.66
"2011-02-10",14.68
"2011-02-11",14.69
"2011-02-14",14.59
"2011-02-15",14.57
"2011-02-16",14.67
"2011-02-17",14.24
"2011-02-18",14.13
"2011-02-22",13.73
"2011-02-23",13.46
"2011-02-24",13.52
"2011-02-25",13.91
"2011-02-28",13.68
"2011-03-01",13.51
"2011-03-02",13.61
"2011-03-03",13.94
"2011-03-04",14.03
"2011-03-07",13.83
"2011-03-08",14.18
"2011-03-09",13.53
"2011-03-10",13.5
"2011-03-11",13.49
"2011-03-14",13.37
"2011-03-15",13.88
"2011-03-16",14.04
"2011-03-17",14.06
"2011-03-18",14.29
"2011-03-21",14.02
"2011-03-22",14.01
"2011-03-23",14.11
"2011-03-24",14.77
"2011-03-25",14.53
"2011-03-28",14.65
"2011-03-29",14.85
"2011-03-30",15.24
"2011-03-31",15.85
"2011-04-01",15.85
"2011-04-04",16.13
"2011-04-05",16.45
"2011-04-06",16.42
"2011-04-07",16.46
"2011-04-08",17.23
"2011-04-11",17.43
"2011-04-12",17.47
"2011-04-13",17.51
"2011-04-14",17.55
"2011-04-15",17.98
"2011-04-18",17.66
"2011-04-19",17.15
"2011-04-20",17.449
"2011-04-21",17.72
"2011-04-25",17.29
"2011-04-26",17.72
"2011-04-27",18.23
"2011-04-28",18.71
"2011-04-29",18.48
"2011-05-02",18.26
"2011-05-03",20.43
"2011-05-04",19.35
"2011-05-05",19.06
"2011-05-06",19.8
"2011-05-09",20.21
"2011-05-10",20.76
"2011-05-11",20.
"2011-05-12",20.5
"2011-05-13",19.765
"2011-05-16",19.69
"2011-05-17",19.32
"2011-05-18",19.31
"2011-05-19",18.945
"2011-05-20",18.97
"2011-05-23",18.18
"2011-05-24",17.84
"2011-05-25",17.99
"2011-05-26",17.48
"2011-05-27",17.92
"2011-05-31",17.73
"2011-06-01",16.94
"2011-06-02",16.855
"2011-06-03",16.51
"2011-06-06",16.9
"2011-06-07",17.
"2011-06-08",17.21
"2011-06-09",18.16
"2011-06-10",17.57
"2011-06-13",17.45
"2011-06-14",17.59
"2011-06-15",17.76
"2011-06-16",17.805
"2011-06-17",17.93
"2011-06-20",18.25
"2011-06-21",18.71
"2011-06-22",18.39
"2011-06-23",18.46
"2011-06-24",18.37
"2011-06-27",18.58
"2011-06-28",18.87
"2011-06-29",19.1
"2011-06-30",18.94
"2011-07-01",19.26
"2011-07-05",19.46
"2011-07-06",19.48
"2011-07-07",19.82
"2011-07-08",19.82
"2011-07-11",19.56
"2011-07-12",19.53
"2011-07-13",19.58
"2011-07-14",20.1
"2011-07-15",20.07
"2011-07-18",19.44
"2011-07-19",19.72
"2011-07-20",19.43
"2011-07-21",19.56
"2011-07-22",19.63
"2011-07-25",18.55
"2011-07-26",18.3
"2011-07-27",17.44
"2011-07-28",17.42
"2011-07-29",17.44
"2011-08-01",16.6
"2011-08-02",16.24
"2011-08-03",15.97
"2011-08-04",14.58
"2011-08-05",14.3
"2011-08-08",13.18
"2011-08-09",14.
"2011-08-10",13.2
"2011-08-11",13.73
"2011-08-12",14.83
"2011-08-15",15.7
"2011-08-16",15.69
"2011-08-17",15.56
"2011-08-18",14.67
"2011-08-19",14.48
"2011-08-22",13.83
"2011-08-23",14.6
"2011-08-24",14.82
"2011-08-25",14.36
"2011-08-26",14.68
"2011-08-29",15.31
"2011-08-30",15.58
"2011-08-31",16.07
"2011-09-01",15.08
"2011-09-02",14.64
"2011-09-06",14.62
"2011-09-07",15.53
"2011-09-08",15.54
"2011-09-09",15.3
"2011-09-12",15.22
"2011-09-13",15.25
"2011-09-14",15.07
"2011-09-15",14.95
"2011-09-16",14.66
"2011-09-19",14.51
"2011-09-20",14.25
"2011-09-21",13.8
"2011-09-22",13.26
"2011-09-23",13.82
"2011-09-26",14.43
"2011-09-27",14.91
"2011-09-28",14.1
"2011-09-29",14.16
"2011-09-30",13.97
"2011-10-03",13.5
"2011-10-04",14.49
"2011-10-05",15.17
"2011-10-06",16.
"2011-10-07",15.65
"2011-10-10",16.29
"2011-10-11",16.3
"2011-10-12",16.07
"2011-10-13",14.98
"2011-10-14",14.73
"2011-10-17",14.02
"2011-10-18",14.2
"2011-10-19",13.72
"2011-10-20",13.54
"2011-10-21",14.1
"2011-10-24",14.67
"2011-10-25",14.25
"2011-10-26",14.41
"2011-10-27",14.7
"2011-10-28",14.54
"2011-10-31",13.77
"2011-11-01",13.49
"2011-11-02",13.43
"2011-11-03",13.45
"2011-11-04",13.32
"2011-11-07",13.21
"2011-11-08",13.48
"2011-11-09",12.8
"2011-11-10",12.79
"2011-11-11",12.54
"2011-11-14",12.67
"2011-11-15",12.6
"2011-11-16",12.94
"2011-11-17",12.54
"2011-11-18",12.21
"2011-11-21",12.08
"2011-11-22",12.29
"2011-11-23",11.8
"2011-11-25",11.78
"2011-11-28",12.15
"2011-11-29",12.36
"2011-11-30",13.77
"2011-12-01",14.44
"2011-12-02",14.24
"2011-12-05",13.96
"2011-12-06",13.5
"2011-12-07",13.3
"2011-12-08",13.4
"2011-12-09",13.6
"2011-12-12",14.3
"2011-12-13",13.62
"2011-12-14",13.2
"2011-12-15",13.42
"2011-12-16",13.77
"2011-12-19",13.8
"2011-12-20",14.42
"2011-12-21",14.86
"2011-12-22",14.78
"2011-12-23",14.82
"2011-12-27",15.14
"2011-12-28",15.07
"2011-12-29",14.99
"2011-12-30",15.01
"2012-01-03",14.99
"2012-01-04",14.78
"2012-01-05",15.45
"2012-01-06",16.3
"2012-01-09",16.275
"2012-01-10",16.06
"2012-01-11",16.17
"2012-01-12",16.42
"2012-01-13",16.87
"2012-01-17",16.95
"2012-01-18",17.57
"2012-01-19",17.79
"2012-01-20",17.28
"2012-01-23",17.44
"2012-01-24",18.29
"2012-01-25",18.56
"2012-01-26",18.2
"2012-01-27",17.92
"2012-01-30",17.53
"2012-01-31",17.7
"2012-02-01",17.99
"2012-02-02",18.07
"2012-02-03",17.66
"2012-02-06",18.
"2012-02-07",17.96
"2012-02-08",17.42
"2012-02-09",17.22
"2012-02-10",16.96
"2012-02-13",18.31
"2012-02-14",18.27
"2012-02-15",17.26
"2012-02-16",18.02
"2012-02-17",17.57
"2012-02-21",16.91
"2012-02-22",16.97
"2012-02-23",17.19
"2012-02-24",16.94
"2012-02-27",16.7
"2012-02-28",16.82
"2012-02-29",16.96
"2012-03-01",17.73
"2012-03-02",17.535
"2012-03-05",17.47
"2012-03-06",16.74
"2012-03-07",16.34
"2012-03-08",17.05
"2012-03-09",17.16
"2012-03-12",16.56
"2012-03-13",16.8
"2012-03-14",16.55
"2012-03-15",17.46
"2012-03-16",18.08
"2012-03-19",18.56
"2012-03-20",18.17
"2012-03-21",18.53
"2012-03-22",19.55
"2012-03-23",19.8
"2012-03-26",19.94
"2012-03-27",19.65
"2012-03-28",19.53
"2012-03-29",19.87
"2012-03-30",19.3
"2012-04-02",19.73
"2012-04-03",19.42
"2012-04-04",18.98
"2012-04-05",19.59
"2012-04-09",18.97
"2012-04-10",17.7
"2012-04-11",18.01
"2012-04-12",18.11
"2012-04-13",17.65
"2012-04-16",17.35
"2012-04-17",17.97
"2012-04-18",17.83
"2012-04-19",18.88
"2012-04-20",19.43
"2012-04-23",18.56
"2012-04-24",18.77
"2012-04-25",19.4
"2012-04-26",21.93
"2012-04-27",22.94
"2012-04-30",22.66
"2012-05-01",22.59
"2012-05-02",22.99
"2012-05-03",22.53
"2012-05-04",22.38
"2012-05-07",22.48
"2012-05-08",22.59
"2012-05-09",22.39
"2012-05-10",23.02
"2012-05-11",23.34
"2012-05-14",23.02
"2012-05-15",22.75
"2012-05-16",23.7
"2012-05-17",22.07
"2012-05-18",21.75
"2012-05-21",23.24
"2012-05-22",22.84
"2012-05-23",22.57
"2012-05-24",22.66
"2012-05-25",22.41
"2012-05-29",22.38
"2012-05-30",22.05
"2012-05-31",21.31
"2012-06-01",20.52
"2012-06-04",20.83
"2012-06-05",21.74
"2012-06-06",23.21
"2012-06-07",23.2
"2012-06-08",22.78
"2012-06-11",22.01
"2012-06-12",21.98
"2012-06-13",21.44
"2012-06-14",21.99
"2012-06-15",22.65
"2012-06-18",22.87
"2012-06-19",23.56
"2012-06-20",23.01
"2012-06-21",22.79
"2012-06-22",23.34
"2012-06-25",22.77
"2012-06-26",22.61
"2012-06-27",23.15
"2012-06-28",22.35
"2012-06-29",22.7
"2012-07-02",24.84
"2012-07-03",24.65
"2012-07-05",25.15
"2012-07-06",25.32
"2012-07-09",25.84
"2012-07-10",25.7
"2012-07-11",24.39
"2012-07-12",25.6
"2012-07-13",25.47
"2012-07-16",25.48
"2012-07-17",25.5
"2012-07-18",25.4
"2012-07-19",25.105
"2012-07-20",24.55
"2012-07-23",24.13
"2012-07-24",23.905
"2012-07-25",24.09
"2012-07-26",24.88
"2012-07-27",25.6
"2012-07-30",25.52
"2012-07-31",24.99
"2012-08-01",24.92
"2012-08-02",19.57
"2012-08-03",18.48
"2012-08-06",18.3
"2012-08-07",18.15
"2012-08-08",17.6
"2012-08-09",17.77
"2012-08-10",18.21
"2012-08-13",18.19
"2012-08-14",18.25
"2012-08-15",18.5
"2012-08-16",18.77
"2012-08-17",18.94
"2012-08-20",18.78
"2012-08-21",19.3
"2012-08-22",19.34
"2012-08-23",19.9
"2012-08-24",20.04
"2012-08-27",20.29
"2012-08-28",20.22
"2012-08-29",20.2
"2012-08-30",19.92
"2012-08-31",20.01
"2012-09-04",20.01
"2012-09-05",19.41
"2012-09-06",19.61
"2012-09-07",18.33
"2012-09-10",17.89
"2012-09-11",17.93
"2012-09-12",18.17
"2012-09-13",17.38
"2012-09-14",17.88
"2012-09-17",17.97
"2012-09-18",18.29
"2012-09-19",18.95
"2012-09-20",19.23
"2012-09-21",19.95
"2012-09-24",18.61
"2012-09-25",17.72
"2012-09-26",17.76
"2012-09-27",17.77
"2012-09-28",18.05
"2012-10-01",17.9
"2012-10-02",18.37
"2012-10-03",18.13
"2012-10-04",18.05
"2012-10-05",18.36
"2012-10-08",18.46
"2012-10-09",18.12
"2012-10-10",17.26
"2012-10-11",17.13
"2012-10-12",16.75
"2012-10-15",17.13
"2012-10-16",17.62
"2012-10-17",18.05
"2012-10-18",17.76
"2012-10-19",17.22
"2012-10-22",16.62
"2012-10-23",16.17
"2012-10-24",16.35
"2012-10-25",16.45
"2012-10-26",16.18
"2012-10-31",15.96
"2012-11-01",17.61
"2012-11-02",17.0404
"2012-11-05",17.5
"2012-11-06",17.71
"2012-11-07",16.9
"2012-11-08",16.5
"2012-11-09",16.85
"2012-11-12",16.79
"2012-11-13",16.94
"2012-11-14",16.63
"2012-11-15",16.27
"2012-11-16",16.95
"2012-11-19",17.57
"2012-11-20",17.81
"2012-11-21",17.99
"2012-11-23",18.3
"2012-11-26",17.97
"2012-11-27",18.06
"2012-11-28",17.53
"2012-11-29",17.93
"2012-11-30",17.6
"2012-12-03",17.5003
"2012-12-04",17.8023
"2012-12-05",17.85
"2012-12-06",17.98
"2012-12-07",17.86
"2012-12-10",18.16
"2012-12-11",17.84
"2012-12-12",16.75
"2012-12-13",16.54
"2012-12-14",16.04
"2012-12-17",16.055
"2012-12-18",16.24
"2012-12-19",16.15
"2012-12-20",16.7195
"2012-12-21",16.35
"2012-12-24",16.2
"2012-12-26",16.06
"2012-12-27",16.08
"2012-12-28",16.07
"2012-12-31",16.61
"2013-01-02",17.
"2013-01-03",17.1
"2013-01-04",17.28
"2013-01-07",17.8916
"2013-01-08",18.8
"2013-01-09",19.31
"2013-01-10",18.96
"2013-01-11",18.2
"2013-01-14",19.22
"2013-01-15",19.54
"2013-01-16",18.91
"2013-01-17",19.21
"2013-01-18",19.18
"2013-01-22",19.18
"2013-01-23",18.38
"2013-01-24",18.25
"2013-01-25",18.7
"2013-01-28",18.74
"2013-01-29",18.6
"2013-01-30",17.84
"2013-01-31",18.38
"2013-02-01",18.44
"2013-02-04",18.04
"2013-02-05",18.27
"2013-02-06",18.34
"2013-02-07",18.02
"2013-02-08",18.32
"2013-02-11",18.36
"2013-02-12",18.42
"2013-02-13",18.65
"2013-02-14",20.56
"2013-02-15",22.
"2013-02-19",21.86
"2013-02-20",21.2
"2013-02-21",20.98
"2013-02-22",21.04
"2013-02-25",20.85
"2013-02-26",20.96
"2013-02-27",21.64
"2013-02-28",22.23
"2013-03-01",22.46
"2013-03-04",22.72
"2013-03-05",22.63
"2013-03-06",22.97
"2013-03-07",23.03
"2013-03-08",23.53
"2013-03-11",23.39
"2013-03-12",23.48
"2013-03-13",24.49
"2013-03-14",24.95
"2013-03-15",24.84
"2013-03-18",23.79
"2013-03-19",22.53
"2013-03-20",22.86
"2013-03-21",22.79
"2013-03-22",22.57
"2013-03-25",22.15
"2013-03-26",22.05
"2013-03-27",22.67
"2013-03-28",23.41
"2013-04-01",23.
"2013-04-02",22.77
"2013-04-03",21.88
"2013-04-04",21.62
"2013-04-05",21.37
"2013-04-08",21.27
"2013-04-09",21.48
"2013-04-10",21.9
"2013-04-11",22.47
"2013-04-12",21.92
"2013-04-15",21.03
"2013-04-16",21.14
"2013-04-17",21.2
"2013-04-18",21.14
"2013-04-19",21.7
"2013-04-22",21.46
"2013-04-23",22.67
"2013-04-24",22.16
"2013-04-25",22.77
"2013-04-26",22.5
"2013-04-29",22.02
"2013-04-30",22.15
"2013-05-01",21.52
"2013-05-02",21.47
"2013-05-03",22.24
"2013-05-06",22.54
"2013-05-07",21.88
"2013-05-08",22.1
"2013-05-09",22.37
"2013-05-10",23.29
"2013-05-13",23.89
"2013-05-14",24.49
"2013-05-15",23.83
"2013-05-16",23.17
"2013-05-17",23.04
"2013-05-20",23.15
"2013-05-21",22.26
"2013-05-22",22.32
"2013-05-23",22.17
"2013-05-24",23.
"2013-05-28",23.71
"2013-05-29",22.98
"2013-05-30",22.74
"2013-05-31",22.17
"2013-06-03",21.91
"2013-06-04",21.12
"2013-06-05",20.57
"2013-06-06",21.49
"2013-06-07",21.4
"2013-06-10",20.92
"2013-06-11",20.44
"2013-06-12",20.55
"2013-06-13",21.6
"2013-06-14",21.17
"2013-06-17",21.06
"2013-06-18",21.41
"2013-06-19",20.36
"2013-06-20",19.53
"2013-06-21",19.07
"2013-06-24",19.35
"2013-06-25",19.79
"2013-06-26",21.08
"2013-06-27",21.4
"2013-06-28",22.
"2013-07-01",22.92
"2013-07-02",22.95
"2013-07-03",23.15
"2013-07-05",23.69
"2013-07-08",22.88
"2013-07-09",23.02
"2013-07-10",23.25
"2013-07-11",23.64
"2013-07-12",23.73
"2013-07-15",23.27
"2013-07-16",23.31
"2013-07-17",22.48
"2013-07-18",22.71
"2013-07-19",23.11
"2013-07-22",23.24
"2013-07-23",22.85
"2013-07-24",22.97
"2013-07-25",23.38
"2013-07-26",23.34
"2013-07-29",23.03
"2013-07-30",23.11
"2013-07-31",23.41
"2013-08-01",25.83
"2013-08-02",26.84
"2013-08-05",26.84
"2013-08-06",25.93
"2013-08-07",26.44
"2013-08-08",26.76
"2013-08-09",27.29
"2013-08-12",27.25
"2013-08-13",27.33
"2013-08-14",27.3
"2013-08-15",26.6
"2013-08-16",26.67
"2013-08-19",26.52
"2013-08-20",27.
"2013-08-21",36.04
"2013-08-22",34.66
"2013-08-23",34.76
"2013-08-26",36.58
"2013-08-27",34.12
"2013-08-28",35.
"2013-08-29",34.24
"2013-08-30",33.89
"2013-09-03",34.25
"2013-09-04",34.58
"2013-09-05",35.17
"2013-09-06",35.62
"2013-09-09",37.589
"2013-09-10",37.01
"2013-09-11",36.18
"2013-09-12",37.25
"2013-09-13",36.391
"2013-09-16",35.72
"2013-09-17",36.72
"2013-09-18",36.3
"2013-09-19",36.16
"2013-09-20",35.66
"2013-09-23",35.44
"2013-09-24",36.04
"2013-09-25",36.57
"2013-09-26",37.54
"2013-09-27",37.57
"2013-09-30",38.15
"2013-10-01",40.
"2013-10-02",40.38
"2013-10-03",40.82
"2013-10-04",40.11
"2013-10-07",38.27
"2013-10-08",35.63
"2013-10-09",34.71
"2013-10-10",37.23
"2013-10-11",37.05
"2013-10-14",37.34
"2013-10-15",37.19
"2013-10-16",39.11
"2013-10-17",38.35
"2013-10-18",38.04
"2013-10-21",37.17
"2013-10-22",38.51
"2013-10-23",38.92
"2013-10-24",39.82
"2013-10-25",40.59
"2013-10-28",39.43
"2013-10-29",40.64
"2013-10-30",38.59
"2013-10-31",39.
"2013-11-01",40.4
"2013-11-04",40.85
"2013-11-05",40.
"2013-11-06",37.5
"2013-11-07",36.97
"2013-11-08",37.56
"2013-11-11",39.43
"2013-11-12",40.9
"2013-11-13",43.948
"2013-11-14",45.01
"2013-11-15",47.51
"2013-11-18",46.96
"2013-11-19",45.92
"2013-11-20",46.83
"2013-11-21",47.94
"2013-11-22",48.52
"2013-11-25",47.69
"2013-11-26",47.52
"2013-11-27",46.71
"2013-11-29",46.6
"2013-12-02",47.24
"2013-12-03",45.85
"2013-12-04",46.14
"2013-12-05",46.55
"2013-12-06",46.59
"2013-12-09",46.15
"2013-12-10",47.82
"2013-12-11",47.57
"2013-12-12",48.5
"2013-12-13",48.89
"2013-12-16",49.65
"2013-12-17",47.54
"2013-12-18",49.11
"2013-12-19",50.11
"2013-12-20",51.34
"2013-12-23",51.28
"2013-12-24",50.82
"2013-12-26",50.68
"2013-12-27",49.71
"2013-12-30",50.57
"2013-12-31",50.63
"2014-01-02",51.23
"2014-01-03",51.99
"2014-01-06",52.31
"2014-01-07",51.96
"2014-01-08",54.74
"2014-01-09",56.17
"2014-01-10",59.97
"2014-01-13",59.11
"2014-01-14",63.46
"2014-01-15",62.42
"2014-01-16",63.48
"2014-01-17",61.87
"2014-01-21",64.55
"2014-01-22",64.86
"2014-01-23",65.6
"2014-01-24",63.94
"2014-01-27",62.5
"2014-01-28",65.32
"2014-01-29",65.24
"2014-01-30",66.45
"2014-01-31",65.52
"2014-02-03",63.
"2014-02-04",62.93
"2014-02-05",62.26
"2014-02-06",62.58
"2014-02-07",65.89
"2014-02-10",66.13
"2014-02-11",66.
"2014-02-12",68.83
"2014-02-13",66.14
"2014-02-14",64.17
"2014-02-18",65.5
"2014-02-19",61.65
"2014-02-20",63.92
"2014-02-21",64.98
"2014-02-24",67.03
"2014-02-25",68.37
"2014-02-26",67.26
"2014-02-27",65.91
"2014-02-28",64.26
"2014-03-03",63.75
"2014-03-04",66.46
"2014-03-05",66.54
"2014-03-06",65.61
"2014-03-07",64.36
"2014-03-10",63.3
"2014-03-11",65.49
"2014-03-12",65.35
"2014-03-13",62.43
"2014-03-14",61.42
"2014-03-17",62.22
"2014-03-18",64.94
"2014-03-19",64.84
"2014-03-20",63.8
"2014-03-21",59.41
"2014-03-24",55.7
"2014-03-25",53.57
"2014-03-26",51.75
"2014-03-27",51.94
"2014-03-28",49.94
"2014-03-31",53.52
"2014-04-01",54.76
"2014-04-02",54.46
"2014-04-03",51.42
"2014-04-04",50.5
"2014-04-07",50.15
"2014-04-08",49.05
"2014-04-09",52.01
"2014-04-10",47.13
"2014-04-11",46.25
"2014-04-14",44.32
"2014-04-15",43.1
"2014-04-16",43.98
"2014-04-17",44.54
"2014-04-21",47.45
"2014-04-22",49.32
"2014-04-23",46.96
"2014-04-24",47.3
"2014-04-25",45.41
"2014-04-28",45.08
"2014-04-29",48.61
"2014-04-30",48.56
"2014-05-01",50.05
"2014-05-02",51.61
"2014-05-05",53.48
"2014-05-06",53.38
"2014-05-07",51.99
"2014-05-08",50.38
"2014-05-09",52.08
"2014-05-12",54.39
"2014-05-13",54.16
"2014-05-14",55.9
"2014-05-15",50.95
"2014-05-16",49.5901
"2014-05-19",49.9
"2014-05-20",48.68
"2014-05-21",47.01
"2014-05-22",48.03
"2014-05-23",47.09
"2014-05-27",49.19
"2014-05-28",49.01
"2014-05-29",49.5
"2014-05-30",49.55
"2014-06-02",48.89
"2014-06-03",50.98
"2014-06-04",52.49
"2014-06-05",52.98
"2014-06-06",52.16
"2014-06-09",53.68
"2014-06-10",54.62
"2014-06-11",53.82
"2014-06-12",53.2
"2014-06-13",53.81
"2014-06-16",54.67
"2014-06-17",55.28
"2014-06-18",56.21
"2014-06-19",55.91
"2014-06-20",56.39
"2014-06-23",56.13
"2014-06-24",55.77
"2014-06-25",56.22
"2014-06-26",55.99
"2014-06-27",55.52
"2014-06-30",56.44
"2014-07-01",56.59
"2014-07-02",55.78
"2014-07-03",55.62
"2014-07-07",53.71
"2014-07-08",51.72
"2014-07-09",52.08
"2014-07-10",50.92
"2014-07-11",50.825
"2014-07-14",50.88
"2014-07-15",48.37
"2014-07-16",47.05
"2014-07-17",45.35
"2014-07-18",47.35
"2014-07-21",47.95
"2014-07-22",47.92
"2014-07-23",48.98
"2014-07-24",47.95
"2014-07-25",47.3
"2014-07-28",47.14
"2014-07-29",48.84
"2014-07-30",49.37
"2014-07-31",47.57
"2014-08-01",46.93
"2014-08-04",48.25
"2014-08-05",47.5
"2014-08-06",47.6
"2014-08-07",47.27
"2014-08-08",47.68
"2014-08-11",48.44
"2014-08-12",48.01
"2014-08-13",49.79
"2014-08-14",51.08
"2014-08-15",51.36
"2014-08-18",51.68
"2014-08-19",52.12
"2014-08-20",51.66
"2014-08-21",50.19
"2014-08-22",50.65
"2014-08-25",53.4
"2014-08-26",55.18
"2014-08-27",54.71
"2014-08-28",53.94
"2014-08-29",54.2
"2014-09-02",53.12
"2014-09-03",52.56
"2014-09-04",51.93
"2014-09-05",51.83
"2014-09-08",52.59
"2014-09-09",50.71
"2014-09-10",51.05
"2014-09-11",50.15
"2014-09-12",48.72
"2014-09-15",47.63
"2014-09-16",48.7
"2014-09-17",48.26
"2014-09-18",48.88
"2014-09-19",49.32
"2014-09-22",47.41
"2014-09-23",47.47
"2014-09-24",49.33
"2014-09-25",48.66
"2014-09-26",49.7
"2014-09-29",50.52
"2014-09-30",49.05
"2014-10-01",47.91
"2014-10-02",46.63
"2014-10-03",47.38
"2014-10-06",47.7
"2014-10-07",46.76
"2014-10-08",48.01
"2014-10-09",47.59
"2014-10-10",46.1
"2014-10-13",45.6
"2014-10-14",46.54
"2014-10-15",48.15
"2014-10-16",51.5
"2014-10-17",50.08
"2014-10-20",50.79
"2014-10-21",52.44
"2014-10-22",52.47
"2014-10-23",54.95
"2014-10-24",55.07
"2014-10-27",57.46
"2014-10-28",58.19
"2014-10-29",57.87
"2014-10-30",64.18
"2014-10-31",67.06
"2014-11-03",67.97
"2014-11-04",67.76
"2014-11-05",67.72
"2014-11-06",68.4
"2014-11-07",69.32
"2014-11-10",70.96
"2014-11-11",71.06
"2014-11-12",71.87
"2014-11-13",71.21
"2014-11-14",69.54
"2014-11-17",69.7
"2014-11-18",69.64
"2014-11-19",71.3
"2014-11-20",71.61
"2014-11-21",72.27
"2014-11-24",75.54
"2014-11-25",73.14
"2014-11-26",75.01
"2014-11-28",75.55
"2014-12-01",74.2
"2014-12-02",74.66
"2014-12-03",74.66
"2014-12-04",74.12
"2014-12-05",75.2
"2014-12-08",77.225
"2014-12-09",78.89
"2014-12-10",77.
"2014-12-11",75.92
"2014-12-12",74.655
"2014-12-15",72.14
"2014-12-16",71.62
"2014-12-17",75.58
"2014-12-18",77.05
"2014-12-19",76.86
"2014-12-22",75.82
"2014-12-23",69.58
"2014-12-24",71.57
"2014-12-26",73.89
"2014-12-29",74.26
"2014-12-30",73.02
"2014-12-31",73.11
"2015-01-02",73.76
"2015-01-05",74.22
"2015-01-06",71.49
"2015-01-07",74.45
"2015-01-08",73.21
"2015-01-09",72.03
"2015-01-12",73.3
"2015-01-13",76.18
"2015-01-14",75.775
"2015-01-15",72.9
"2015-01-16",74.38
"2015-01-20",77.4
"2015-01-21",77.43
"2015-01-22",77.61
"2015-01-23",79.9
"2015-01-26",82.95
"2015-01-27",83.07
"2015-01-28",81.44
"2015-01-29",81.34
"2015-01-30",79.71
"2015-02-02",78.375
"2015-02-03",75.96
"2015-02-04",73.02
"2015-02-05",75.25
"2015-02-06",75.35
"2015-02-09",75.81
"2015-02-10",76.46
"2015-02-11",75.96
"2015-02-12",75.66
"2015-02-13",75.94
"2015-02-17",77.8
"2015-02-18",78.97
"2015-02-19",80.15
"2015-02-20",82.49
"2015-02-23",83.41
"2015-02-24",81.17
"2015-02-25",85.65
"2015-02-26",87.54
"2015-02-27",85.85
"2015-03-02",88.68
"2015-03-03",87.95
"2015-03-04",87.91
"2015-03-05",91.97
"2015-03-06",90.
"2015-03-09",89.57
"2015-03-10",89.33
"2015-03-11",90.02
"2015-03-12",89.96
"2015-03-13",89.31
"2015-03-16",91.28
"2015-03-17",92.34
"2015-03-18",92.25
"2015-03-19",97.08
"2015-03-20",95.55
"2015-03-23",93.395
"2015-03-24",92.81
"2015-03-25",90.47
"2015-03-26",89.2
"2015-03-27",94.36
"2015-03-30",94.19
"2015-03-31",91.66
"2015-04-01",89.44
"2015-04-02",88.79
"2015-04-06",88.46
"2015-04-07",89.39
"2015-04-08",91.63
"2015-04-09",92.28
"2015-04-10",93.81
"2015-04-13",99.83
"2015-04-14",98.97
"2015-04-15",100.29
"2015-04-16",102.76
"2015-04-17",101.66
"2015-04-20",105.51
"2015-04-21",109.185
"2015-04-22",107.98
"2015-04-23",107.85
"2015-04-24",107.34
"2015-04-27",101.38
"2015-04-28",99.6
"2015-04-29",101.67
"2015-04-30",97.16
"2015-05-01",98.28
"2015-05-04",101.
"2015-05-05",97.5
"2015-05-06",100.54
"2015-05-07",102.08
"2015-05-08",103.83
"2015-05-11",104.61
"2015-05-12",105.
"2015-05-13",104.26
"2015-05-14",106.78
"2015-05-15",106.86
"2015-05-18",107.65
"2015-05-19",108.25
"2015-05-20",109.67
"2015-05-21",108.41
"2015-05-22",107.69
"2015-05-26",107.29
"2015-05-27",107.92
"2015-05-28",108.14
"2015-05-29",110.15
"2015-06-01",109.68
"2015-06-02",108.
"2015-06-03",108.98
"2015-06-04",106.84
"2015-06-05",108.94
"2015-06-08",107.
"2015-06-09",106.25
"2015-06-10",105.53
"2015-06-11",106.11
"2015-06-12",105.49
"2015-06-15",103.68
"2015-06-16",104.07
"2015-06-17",105.39
"2015-06-18",108.9
"2015-06-19",107.77
"2015-06-22",109.22
"2015-06-23",109.31
"2015-06-24",105.29
"2015-06-25",104.45
"2015-06-26",104.05
"2015-06-29",100.82
"2015-06-30",104.21
"2015-07-01",104.45
"2015-07-02",105.58
"2015-07-06",108.58
"2015-07-07",109.32
"2015-07-08",106.
"2015-07-09",108.11
"2015-07-10",108.33
"2015-07-13",113.
"2015-07-14",117.46
"2015-07-15",115.88
"2015-07-16",117.69
"2015-07-17",117.04
"2015-07-20",115.77
"2015-07-21",113.87
"2015-07-22",114.42
"2015-07-23",113.21
"2015-07-24",108.54
"2015-07-27",104.37
"2015-07-28",105.49
"2015-07-29",103.74
"2015-07-30",102.96
"2015-07-31",104.28
"2015-08-03",103.98
"2015-08-04",109.74
"2015-08-05",110.96
"2015-08-06",104.35
"2015-08-07",102.
"2015-08-10",103.94
"2015-08-11",104.21
"2015-08-12",107.28
"2015-08-13",107.91
"2015-08-14",105.8
"2015-08-17",114.6
"2015-08-18",113.97
"2015-08-19",112.4
"2015-08-20",107.52
"2015-08-21",104.31
"2015-08-24",97.37
"2015-08-25",101.65
"2015-08-26",108.49
"2015-08-27",113.85
"2015-08-28",119.93
"2015-08-31",116.19
"2015-09-01",115.12
"2015-09-02",123.28
"2015-09-03",116.07
"2015-09-04",115.88
"2015-09-08",120.13
"2015-09-09",118.2
"2015-09-10",124.5
"2015-09-11",131.01
"2015-09-14",128.21
"2015-09-15",131.47
"2015-09-16",130.8
"2015-09-17",130.11
"2015-09-18",125.93
"2015-09-21",118.66
"2015-09-22",117.78
"2015-09-23",116.49
"2015-09-24",111.95
"2015-09-25",106.62
"2015-09-28",95.16
"2015-09-29",99.59
"2015-09-30",110.33
"2015-10-01",117.93
"2015-10-02",126.46
"2015-10-05",120.83
"2015-10-06",112.46
"2015-10-07",108.65
"2015-10-08",103.44
"2015-10-09",105.
"2015-10-12",106.01
"2015-10-13",101.21
"2015-10-14",105.91
"2015-10-15",112.52
"2015-10-16",107.78
"2015-10-19",110.69
"2015-10-20",107.5
"2015-10-21",107.15
"2015-10-22",109.02
"2015-10-23",110.02
"2015-10-26",112.29
"2015-10-27",117.64
"2015-10-28",120.36
"2015-10-29",117.03
"2015-10-30",117.53
"2015-11-02",120.65
"2015-11-03",119.99
"2015-11-04",117.14
"2015-11-05",116.76
"2015-11-06",100.21
"2015-11-09",105.86
"2015-11-10",109.16
"2015-11-11",106.15
"2015-11-12",104.2
"2015-11-13",107.36
"2015-11-16",108.06
"2015-11-17",113.48
"2015-11-18",116.86
"2015-11-19",116.43
"2015-11-20",113.13
"2015-11-23",112.98
"2015-11-24",111.72
"2015-11-25",115.41
"2015-11-27",116.75
"2015-11-30",114.24
"2015-12-01",112.21
"2015-12-02",113.85
"2015-12-03",106.83
"2015-12-04",109.11
"2015-12-07",107.72
"2015-12-08",110.1
"2015-12-09",108.21
"2015-12-10",110.2
"2015-12-11",106.5
"2015-12-14",109.41
"2015-12-15",114.725
"2015-12-16",117.79
"2015-12-17",114.81
"2015-12-18",113.23
"2015-12-21",112.9
"2015-12-22",108.99
"2015-12-23",110.52
"2015-12-24",108.92
"2015-12-28",109.68
"2015-12-29",110.72
"2015-12-30",109.11
"2015-12-31",108.45
"2016-01-04",103.32
"2016-01-05",103.8
"2016-01-06",102.26
"2016-01-07",95.76
"2016-01-08",94.78
"2016-01-11",92.19
"2016-01-12",88.09
"2016-01-13",78.42
"2016-01-14",80.98
"2016-01-15",76.95
"2016-01-19",73.31
"2016-01-20",74.25
"2016-01-21",73.78
"2016-01-22",79.4
"2016-01-25",78.31
"2016-01-26",76.04
"2016-01-27",74.99
"2016-01-28",67.81
"2016-01-29",70.56
"2016-02-01",72.58
"2016-02-02",68.94
"2016-02-03",69.17
"2016-02-04",72.03
"2016-02-05",71.
"2016-02-08",70.91
"2016-02-09",72.26
"2016-02-10",72.31
"2016-02-11",65.51
"2016-02-12",68.36
"2016-02-16",71.67
"2016-02-17",74.45
"2016-02-18",71.02
"2016-02-19",72.7
"2016-02-22",73.9
"2016-02-23",72.01
"2016-02-24",74.32
"2016-02-25",74.28
"2016-02-26",74.34
"2016-02-29",73.5
"2016-03-01",75.05
"2016-03-02",73.6
"2016-03-03",72.56
"2016-03-04",71.99
"2016-03-07",73.29
"2016-03-08",71.17
"2016-03-09",68.85
"2016-03-10",68.65
"2016-03-11",70.89
"2016-03-14",68.98
"2016-03-15",65.64
"2016-03-16",63.77
"2016-03-17",63.05
"2016-03-18",65.07
"2016-03-21",68.61
"2016-03-22",69.11
"2016-03-23",67.43
"2016-03-24",69.76
"2016-03-28",68.45
"2016-03-29",69.25
"2016-03-30",68.35
"2016-03-31",72.47
"2016-04-01",73.3
"2016-04-04",73.49
"2016-04-05",73.35
"2016-04-06",81.87
"2016-04-07",79.4
"2016-04-08",77.47
"2016-04-11",75.81
"2016-04-12",77.37
"2016-04-13",79.22
"2016-04-14",78.54
"2016-04-15",77.78
"2016-04-18",77.89
"2016-04-19",76.77
"2016-04-20",78.49
"2016-04-21",77.56
"2016-04-22",76.77
"2016-04-25",76.55
"2016-04-26",74.43
"2016-04-27",73.19
"2016-04-28",72.34
"2016-04-29",72.27
"2016-05-02",74.36
"2016-05-03",72.09
"2016-05-04",68.69
"2016-05-05",70.41
"2016-05-06",70.69
"2016-05-09",72.86
"2016-05-10",73.49
"2016-05-11",70.62
"2016-05-12",70.54
"2016-05-13",73.21
"2016-05-16",76.47
"2016-05-17",75.55
"2016-05-18",77.53
"2016-05-19",76.04
"2016-05-20",77.65
"2016-05-23",80.68
"2016-05-24",81.27
"2016-05-25",83.16
"2016-05-26",81.78
"2016-05-27",84.53
"2016-05-31",84.41
"2016-06-01",85.18
"2016-06-02",87.71
"2016-06-03",84.96
"2016-06-06",85.49
"2016-06-07",82.44
"2016-06-08",82.9
"2016-06-09",81.61
"2016-06-10",80.41
"2016-06-13",80.01
"2016-06-14",79.78
"2016-06-15",79.45
"2016-06-16",80.
"2016-06-17",77.11
"2016-06-20",78.49
"2016-06-21",77.6
"2016-06-22",78.5
"2016-06-23",81.66
"2016-06-24",76.98
"2016-06-27",72.44
"2016-06-28",76.58
"2016-06-29",78.735
"2016-06-30",79.98
"2016-07-01",81.27
"2016-07-05",79.71
"2016-07-06",82.48
"2016-07-07",83.53
"2016-07-08",85.7
"2016-07-11",85.
"2016-07-12",84.97
"2016-07-13",82.56
"2016-07-14",82.14
"2016-07-15",83.83
"2016-07-18",84.13
"2016-07-19",82.82
"2016-07-20",86.88
"2016-07-21",87.79
"2016-07-22",86.41
"2016-07-25",86.43
"2016-07-26",86.96
"2016-07-27",88.72
"2016-07-28",88.12
"2016-07-29",90.21
"2016-08-01",90.
"2016-08-02",88.95
"2016-08-03",90.81
"2016-08-04",90.12
"2016-08-05",90.84
"2016-08-08",88.04
"2016-08-09",86.48
"2016-08-10",83.49
"2016-08-11",81.21
"2016-08-12",81.05
"2016-08-15",80.55
"2016-08-16",77.855
"2016-08-17",76.48
"2016-08-18",76.16
"2016-08-19",76.11
"2016-08-22",81.98
"2016-08-23",81.9
"2016-08-24",82.44
"2016-08-25",80.1
"2016-08-26",81.04
"2016-08-29",81.33
"2016-08-30",80.98
"2016-08-31",81.1
"2016-09-01",80.81
"2016-09-02",82.02
"2016-09-06",83.75
"2016-09-07",82.45
"2016-09-08",81.56
"2016-09-09",79.13
"2016-09-12",81.16
"2016-09-13",79.21
"2016-09-14",80.05
"2016-09-15",80.36
"2016-09-16",82.15
"2016-09-19",83.51
"2016-09-20",85.06
"2016-09-21",86.71
"2016-09-22",89.27
"2016-09-23",88.98
"2016-09-26",88.76
"2016-09-27",89.07
"2016-09-28",93.2
"2016-09-29",92.29
"2016-09-30",94.29
"2016-10-03",95.54
"2016-10-04",94.17
"2016-10-05",95.69
"2016-10-06",94.78
"2016-10-07",97.83
"2016-10-10",95.95
"2016-10-11",92.11
"2016-10-12",89.97
"2016-10-13",89.53
"2016-10-14",87.1
"2016-10-17",86.7
"2016-10-18",88.78
"2016-10-19",87.96
"2016-10-20",88.49
"2016-10-21",87.72
"2016-10-24",88.18
"2016-10-25",87.2
"2016-10-26",87.25
"2016-10-27",87.01
"2016-10-28",87.13
"2016-10-31",86.97
"2016-11-01",90.03
"2016-11-02",87.185
"2016-11-03",83.28
"2016-11-04",87.57
"2016-11-07",92.15
"2016-11-08",92.16
"2016-11-09",104.13
"2016-11-10",104.71
"2016-11-11",104.51
"2016-11-14",104.89
"2016-11-15",103.16
"2016-11-16",100.74
"2016-11-17",105.55
"2016-11-18",103.63
"2016-11-21",108.1
"2016-11-22",106.8
"2016-11-23",106.8
"2016-11-25",107.73
"2016-11-28",105.17
"2016-11-29",105.07
"2016-11-30",102.29
"2016-12-01",99.93
"2016-12-02",102.02
"2016-12-05",104.76
"2016-12-06",107.21
"2016-12-07",101.96
"2016-12-08",102.88
"2016-12-09",100.63
"2016-12-12",100.86
"2016-12-13",101.54
"2016-12-14",102.42
"2016-12-15",104.58
"2016-12-16",103.
"2016-12-19",100.79
"2016-12-20",102.21
"2016-12-21",99.76
"2016-12-22",101.47
"2016-12-23",102.94
"2016-12-27",102.53
"2016-12-28",101.1
"2016-12-29",101.96
"2016-12-30",100.27
"2017-01-03",102.32
"2017-01-04",102.84
"2017-01-05",104.81
"2017-01-06",108.305
"2017-01-09",118.525
"2017-01-10",119.3
"2017-01-11",115.29
"2017-01-12",117.55
"2017-01-13",117.75
"2017-01-17",113.64
"2017-01-18",115.09
"2017-01-19",117.53
"2017-01-20",117.22
"2017-01-23",117.42
"2017-01-24",118.3
"2017-01-25",120.91
"2017-01-26",120.64
"2017-01-27",121.72
"2017-01-30",118.23
"2017-01-31",121.21
"2017-02-01",124.27
"2017-02-02",120.92
"2017-02-03",120.34
"2017-02-06",119.68
"2017-02-07",118.18
"2017-02-08",122.73
"2017-02-09",122.96
"2017-02-10",121.7
"2017-02-13",121.15
"2017-02-14",123.32
"2017-02-15",120.94
"2017-02-16",120.18
"2017-02-17",120.49
"2017-02-21",122.36
"2017-02-22",121.36
"2017-02-23",121.95
"2017-02-24",131.21
"2017-02-27",134.02
"2017-02-28",133.1
"2017-03-01",133.22
"2017-03-02",132.8
"2017-03-03",136.91
"2017-03-06",134.38
"2017-03-07",133.39
"2017-03-08",136.
"2017-03-09",138.02
"2017-03-10",149.24
"2017-03-13",151.03
"2017-03-14",150.96
"2017-03-15",152.66
"2017-03-16",148.44
"2017-03-17",147.96
"2017-03-20",148.52
"2017-03-21",140.73
"2017-03-22",141.28
"2017-03-23",138.97
"2017-03-24",139.64
"2017-03-27",139.89
"2017-03-28",139.48
"2017-03-29",139.28
"2017-03-30",137.77
"2017-03-31",133.67
"2017-04-03",138.52
"2017-04-04",141.55
"2017-04-05",138.43
"2017-04-06",135.5
"2017-04-07",140.11
"2017-04-10",136.88
"2017-04-11",136.07
"2017-04-12",138.27
"2017-04-13",140.84
"2017-04-17",126.07
"2017-04-18",125.9
"2017-04-19",124.54
"2017-04-20",123.11
"2017-04-21",123.01
"2017-04-24",123.91
"2017-04-25",124.39
"2017-04-26",123.08
"2017-04-27",124.17
"2017-04-28",124.28
"2017-05-01",124.
"2017-05-02",123.71
"2017-05-03",123.21
"2017-05-04",125.
"2017-05-05",122.41
"2017-05-08",117.79
"2017-05-09",119.73
"2017-05-10",118.22
"2017-05-11",116.43
"2017-05-12",115.19
"2017-05-15",117.35
"2017-05-16",117.76
"2017-05-17",120.49
"2017-05-18",128.8
"2017-05-19",131.43
"2017-05-22",134.43
"2017-05-23",136.16
"2017-05-24",138.1
"2017-05-25",138.41
"2017-05-26",134.38
"2017-05-30",130.49
"2017-05-31",129.33
"2017-06-01",129.28
"2017-06-02",131.5
"2017-06-05",124.03
"2017-06-06",122.27
"2017-06-07",119.15
"2017-06-08",119.75
"2017-06-09",119.04
"2017-06-12",116.44
"2017-06-13",118.52
"2017-06-14",120.09
"2017-06-15",120.37
"2017-06-16",118.05
"2017-06-19",122.28
"2017-06-20",124.58
"2017-06-21",133.99
"2017-06-22",135.63
"2017-06-23",136.28
"2017-06-26",134.67
"2017-06-27",130.31
"2017-06-28",134.33
"2017-06-29",128.78
"2017-06-30",125.91
"2017-07-03",125.87
"2017-07-05",128.34
"2017-07-06",127.22
"2017-07-07",130.84
"2017-07-10",129.56
"2017-07-11",131.92
"2017-07-12",133.22
"2017-07-13",133.42
"2017-07-14",134.27
"2017-07-17",130.62
"2017-07-18",130.85
"2017-07-19",130.45
"2017-07-20",133.79
"2017-07-21",134.22
"2017-07-24",138.27
"2017-07-25",133.56
"2017-07-26",137.19
"2017-07-27",132.72
"2017-07-28",135.74
"2017-07-31",133.29
"2017-08-01",128.76
"2017-08-02",125.71
"2017-08-03",125.98
"2017-08-04",128.7
"2017-08-07",132.
"2017-08-08",130.7
"2017-08-09",130.08
"2017-08-10",122.12
"2017-08-11",124.1
"2017-08-14",126.28
"2017-08-15",126.37
"2017-08-16",124.34
"2017-08-17",121.74
"2017-08-18",121.19
"2017-08-21",120.89
"2017-08-22",123.86
"2017-08-23",123.65
"2017-08-24",123.82
"2017-08-25",121.76
"2017-08-28",123.54
"2017-08-29",124.97
"2017-08-30",138.27
"2017-08-31",137.41
"2017-09-01",138.03
"2017-09-05",135.34
"2017-09-06",135.86
"2017-09-07",134.34
"2017-09-08",129.46
"2017-09-11",124.95
"2017-09-12",123.15
"2017-09-13",123.59
"2017-09-14",119.76
"2017-09-15",119.15
"2017-09-18",118.4
"2017-09-19",117.09
"2017-09-20",114.87
"2017-09-21",115.05
"2017-09-22",110.85
"2017-09-25",109.69
"2017-09-26",109.15
"2017-09-27",110.31
"2017-09-28",113.14
"2017-09-29",116.74
"2017-10-02",115.19
"2017-10-03",112.8
"2017-10-04",113.83
"2017-10-05",113.57
"2017-10-06",114.7
"2017-10-09",113.99
"2017-10-10",114.77
"2017-10-11",111.62
"2017-10-12",112.73
"2017-10-13",114.31
"2017-10-16",116.6
"2017-10-17",115.64
"2017-10-18",115.14
"2017-10-19",114.27
"2017-10-20",114.19
"2017-10-23",113.48
"2017-10-24",114.04
"2017-10-25",114.55
"2017-10-26",115.56
"2017-10-27",116.27
"2017-10-30",114.24
"2017-10-31",113.25
"2017-11-01",107.96
"2017-11-02",106.51
"2017-11-03",105.08
"2017-11-06",105.43
"2017-11-07",108.14
"2017-11-08",104.98
"2017-11-09",102.99
"2017-11-10",104.76
"2017-11-13",107.21
"2017-11-14",105.12
"2017-11-15",105.24
"2017-11-16",106.48
"2017-11-17",105.47
"2017-11-20",98.95
"2017-11-21",98.95
"2017-11-22",99.
"2017-11-24",98.78
"2017-11-27",97.86
"2017-11-28",95.83
"2017-11-29",95.96
"2017-11-30",98.99
"2017-12-01",97.94
"2017-12-04",93.68
"2017-12-05",93.71
"2017-12-06",93.79
"2017-12-07",94.83
"2017-12-08",96.58
"2017-12-11",97.25
"2017-12-12",95.4
"2017-12-13",98.1
"2017-12-14",95.97
"2017-12-15",96.41
"2017-12-18",93.56
"2017-12-19",95.02
"2017-12-20",94.03
"2017-12-21",96.36
"2017-12-22",95.81
"2017-12-26",95.4
"2017-12-27",96.51
"2017-12-28",95.38
"2017-12-29",94.71
"2018-01-02",100.89
"2018-01-03",100.98
"2018-01-04",98.44
"2018-01-05",99.85
"2018-01-08",100.81
"2018-01-09",96.29
"2018-01-10",96.62
"2018-01-11",93.06
"2018-01-12",94.07
"2018-01-16",91.65
"2018-01-17",90.31
"2018-01-18",91.92
"2018-01-19",93.16
"2018-01-22",94.08
"2018-01-23",94.63
"2018-01-24",95.34
"2018-01-25",94.26
"2018-01-26",95.51
"2018-01-29",93.54
"2018-01-30",92.5
"2018-01-31",90.29
"2018-02-01",89.67
"2018-02-02",85.92
"2018-02-05",85.34
"2018-02-06",88.11
"2018-02-07",86.34
"2018-02-08",83.92
"2018-02-09",84.5
"2018-02-12",87.52
"2018-02-13",88.03
"2018-02-14",88.17
"2018-02-15",85.59
"2018-02-16",86.03
"2018-02-20",85.51
"2018-02-21",84.71
"2018-02-22",85.19
"2018-02-23",87.8
"2018-02-26",87.53
"2018-02-27",86.57
"2018-02-28",85.16
"2018-03-01",83.09
"2018-03-02",86.61
"2018-03-05",90.97
"2018-03-06",91.09
"2018-03-07",91.7
"2018-03-08",92.42
"2018-03-09",94.23
"2018-03-12",94.45
"2018-03-13",94.63
"2018-03-14",92.26
"2018-03-15",88.69
"2018-03-16",90.03
"2018-03-19",86.27
"2018-03-20",87.01
"2018-03-21",88.79
"2018-03-22",85.25
"2018-03-23",83.06
"2018-03-26",86.37
"2018-03-27",85.03
"2018-03-28",84.96
"2018-03-29",83.33
"2018-04-02",80.56
"2018-04-03",81.89
"2018-04-04",83.98
"2018-04-05",83.07
"2018-04-06",64.02
"2018-04-09",65.36
"2018-04-10",68.12
"2018-04-11",66.29
"2018-04-12",69.83
"2018-04-13",70.12
"2018-04-16",70.37
"2018-04-17",70.52
"2018-04-18",70.07
"2018-04-19",69.05
"2018-04-20",68.43
"2018-04-23",68.14
"2018-04-24",62.35
"2018-04-25",62.99
"2018-04-26",62.61
"2018-04-27",62.96
"2018-04-30",61.94
"2018-05-01",60.85
"2018-05-02",61.05
"2018-05-03",62.39
"2018-05-04",62.13
"2018-05-07",62.87
"2018-05-08",62.87
"2018-05-09",64.35
"2018-05-10",65.27
"2018-05-11",66.45
"2018-05-14",67.22
"2018-05-15",67.23
"2018-05-16",67.02
"2018-05-17",66.64
"2018-05-18",67.83
"2018-05-21",66.79
"2018-05-22",66.56
"2018-05-23",66.57
"2018-05-24",66.67
"2018-05-25",68.43
"2018-05-29",67.06
"2018-05-30",67.87
"2018-05-31",68.27
"2018-06-01",67.91
"2018-06-04",68.04
"2018-06-05",68.41
"2018-06-06",68.55
"2018-06-07",69.02
"2018-06-08",70.01
"2018-06-11",69.36
"2018-06-12",70.58
"2018-06-13",70.54
"2018-06-14",73.64
"2018-06-15",73.96
"2018-06-18",72.02
"2018-06-19",72.98
"2018-06-20",73.43
"2018-06-21",72.49
"2018-06-22",74.03
"2018-06-25",71.73
"2018-06-26",66.73
"2018-06-27",65.46
"2018-06-28",65.76
"2018-06-29",67.
"2018-07-02",68.62
"2018-07-03",68.28
"2018-07-05",69.29
"2018-07-06",70.83
"2018-07-09",71.62
"2018-07-10",70.18
"2018-07-11",70.28
"2018-07-12",71.14
"2018-07-13",70.19
"2018-07-16",70.11
"2018-07-17",70.23
"2018-07-18",70.37
"2018-07-19",70.11
"2018-07-20",69.2
"2018-07-23",68.96
"2018-07-24",68.99
"2018-07-25",70.1
"2018-07-26",69.91
"2018-07-27",68.64
"2018-07-30",68.58
"2018-07-31",66.54
"2018-08-01",65.59
"2018-08-02",64.45
"2018-08-03",63.04
"2018-08-06",61.75
"2018-08-07",63.01
"2018-08-08",63.61
"2018-08-09",64.38
"2018-08-10",64.44
"2018-08-13",64.87
"2018-08-14",66.45
"2018-08-15",66.87
"2018-08-16",67.85
"2018-08-17",68.8
"2018-08-20",69.05
"2018-08-21",69.62
"2018-08-22",69.48
"2018-08-23",69.18
"2018-08-24",70.08
"2018-08-27",72.36
"2018-08-28",73.85
"2018-08-29",74.08
"2018-08-30",73.65
"2018-08-31",73.91
"2018-09-04",73.84
"2018-09-05",74.23
"2018-09-06",72.21
"2018-09-07",69.17
"2018-09-10",68.4
"2018-09-11",66.82
"2018-09-12",66.51
"2018-09-13",67.48
"2018-09-14",68.09
"2018-09-17",67.02
"2018-09-18",67.82
"2018-09-19",67.25
"2018-09-20",68.28
"2018-09-21",66.59
"2018-09-24",66.48
"2018-09-25",65.86
"2018-09-26",67.42
"2018-09-27",69.04
"2018-09-28",69.08
"2018-10-01",68.82
"2018-10-02",69.85
"2018-10-03",69.94
"2018-10-04",66.19
"2018-10-05",65.08
"2018-10-08",64.17
"2018-10-09",65.5
"2018-10-10",63.85
"2018-10-11",61.75
"2018-10-12",62.56
"2018-10-15",62.03
"2018-10-16",64.91
"2018-10-17",65.04
"2018-10-18",64.44
"2018-10-19",66.06
"2018-10-22",65.18
"2018-10-23",65.04
"2018-10-24",60.92
"2018-10-25",64.29
"2018-10-26",63.95
"2018-10-29",63.32
"2018-10-30",61.03
"2018-10-31",64.82
"2018-11-01",68.43
"2018-11-02",67.41
"2018-11-05",68.97
"2018-11-06",68.53
"2018-11-07",69.03
"2018-11-08",68.67
"2018-11-09",66.03
"2018-11-12",62.86
"2018-11-13",63.73
