"2003-01-31",7.8
"2003-02-03",7.6
"2003-02-04",7.54
"2003-02-05",7.76
"2003-02-06",7.72
"2003-02-07",7.61
"2003-02-10",7.41
"2003-02-11",7.48
"2003-02-12",7.47
"2003-02-13",7.64
"2003-02-14",7.5
"2003-02-18",7.8
"2003-02-19",7.8
"2003-02-20",7.86
"2003-02-21",8.08
"2003-02-24",7.94
"2003-02-25",7.94
"2003-02-26",7.98
"2003-02-27",8.35
"2003-02-28",8.48
"2003-03-03",8.19
"2003-03-04",8.16
"2003-03-05",8.27
"2003-03-06",8.17
"2003-03-07",8.22
"2003-03-10",8.04
"2003-03-11",7.99
"2003-03-12",8.04
"2003-03-13",8.28
"2003-03-14",8.32
"2003-03-17",8.7
"2003-03-18",8.65
"2003-03-19",8.8
"2003-03-20",8.58
"2003-03-21",8.9
"2003-03-24",8.71
"2003-03-25",9.04
"2003-03-26",8.95
"2003-03-27",9.04
"2003-03-28",9.21
"2003-03-31",8.89
"2003-04-01",9.01
"2003-04-02",9.29
"2003-04-03",9.5
"2003-04-04",9.01
"2003-04-07",9.08
"2003-04-08",9.
"2003-04-09",8.9
"2003-04-10",8.81
"2003-04-11",8.85
"2003-04-14",8.9
"2003-04-15",9.
"2003-04-16",8.9
"2003-04-17",9.1
"2003-04-21",9.19
"2003-04-22",9.77
"2003-04-23",9.85
"2003-04-24",9.16
"2003-04-25",9.4
"2003-04-28",9.8
"2003-04-29",10.05
"2003-04-30",9.92
"2003-05-01",10.2
"2003-05-02",10.39
"2003-05-05",10.75
"2003-05-06",11.18
"2003-05-07",10.82
"2003-05-08",10.72
"2003-05-09",11.09
"2003-05-12",11.43
"2003-05-13",11.02
"2003-05-14",11.66
"2003-05-15",11.86
"2003-05-16",12.1
"2003-05-19",11.14
"2003-05-20",11.17
"2003-05-21",11.43
"2003-05-22",11.8
"2003-05-23",12.04
"2003-05-27",12.5
"2003-05-28",12.65
"2003-05-29",12.8
"2003-05-30",12.79
"2003-06-02",12.82
"2003-06-03",12.78
"2003-06-04",13.47
"2003-06-05",13.72
"2003-06-06",13.8
"2003-06-09",12.98
"2003-06-10",13.29
"2003-06-11",13.7
"2003-06-12",13.25
"2003-06-13",13.21
"2003-06-16",13.5
"2003-06-17",13.72
"2003-06-18",13.99
"2003-06-19",13.96
"2003-06-20",13.86
"2003-06-23",13.37
"2003-06-24",13.42
"2003-06-25",13.45
"2003-06-26",13.45
"2003-06-27",13.85
"2003-06-30",13.81
"2003-07-01",13.69
"2003-07-02",14.
"2003-07-03",13.96
"2003-07-07",14.1
"2003-07-08",14.
"2003-07-09",14.4
"2003-07-10",14.
"2003-07-11",14.2
"2003-07-14",14.72
"2003-07-15",14.76
"2003-07-16",14.4
"2003-07-17",14.
"2003-07-18",14.32
"2003-07-21",13.97
"2003-07-22",14.27
"2003-07-23",13.65
"2003-07-24",14.33
"2003-07-25",14.65
"2003-07-28",14.85
"2003-07-29",14.55
"2003-07-30",15.14
"2003-07-31",14.86
"2003-08-01",15.03
"2003-08-04",14.9
"2003-08-05",15.01
"2003-08-06",14.04
"2003-08-07",14.25
"2003-08-08",14.16
"2003-08-11",14.36
"2003-08-12",14.7
"2003-08-13",15.23
"2003-08-14",15.14
"2003-08-15",15.35
"2003-08-18",15.55
"2003-08-19",16.
"2003-08-20",15.99
"2003-08-21",15.98
"2003-08-22",15.6
"2003-08-25",15.54
"2003-08-26",15.62
"2003-08-27",15.45
"2003-08-28",15.32
"2003-08-29",16.54
"2003-09-02",16.43
"2003-09-03",16.25
"2003-09-04",16.86
"2003-09-05",16.92
"2003-09-08",16.69
"2003-09-09",16.41
"2003-09-10",15.73
"2003-09-11",15.7
"2003-09-12",15.7
"2003-09-15",16.05
"2003-09-16",16.45
"2003-09-17",16.63
"2003-09-18",16.89
"2003-09-19",16.93
"2003-09-22",16.5
"2003-09-23",17.05
"2003-09-24",16.26
"2003-09-25",16.12
"2003-09-26",15.46
"2003-09-29",15.92
"2003-09-30",15.31
"2003-10-01",16.11
"2003-10-02",16.11
"2003-10-03",16.48
"2003-10-06",16.5
"2003-10-07",16.43
"2003-10-08",16.52
"2003-10-09",16.92
"2003-10-10",17.19
"2003-10-13",17.43
"2003-10-14",17.41
"2003-10-15",16.98
"2003-10-16",17.2
"2003-10-17",16.66
"2003-10-20",16.85
"2003-10-21",16.77
"2003-10-22",16.25
"2003-10-23",17.07
"2003-10-24",17.21
"2003-10-27",17.74
"2003-10-28",18.25
"2003-10-29",18.
"2003-10-30",18.08
"2003-10-31",18.01
"2003-11-03",18.3
"2003-11-04",18.67
"2003-11-05",18.3
"2003-11-06",18.07
"2003-11-07",17.8
"2003-11-10",17.18
"2003-11-11",17.07
"2003-11-12",17.11
"2003-11-13",17.28
"2003-11-14",16.85
"2003-11-17",15.98
"2003-11-18",15.83
"2003-11-19",15.95
"2003-11-20",15.68
"2003-11-21",16.01
"2003-11-24",16.24
"2003-11-25",16.32
"2003-11-26",16.84
"2003-11-28",16.91
"2003-12-01",16.33
"2003-12-02",16.38
"2003-12-03",16.72
"2003-12-04",16.5
"2003-12-05",16.05
"2003-12-08",15.97
"2003-12-09",15.7
"2003-12-10",15.41
"2003-12-11",16.09
"2003-12-12",16.25
"2003-12-15",15.81
"2003-12-16",16.36
"2003-12-17",15.92
"2003-12-18",16.83
"2003-12-19",16.74
"2003-12-22",16.88
"2003-12-23",17.12
"2003-12-24",16.99
"2003-12-26",16.83
"2003-12-29",16.95
"2003-12-30",17.22
"2003-12-31",17.07
"2004-01-02",17.55
"2004-01-05",17.57
"2004-01-06",18.24
"2004-01-07",18.66
"2004-01-08",18.54
"2004-01-09",18.28
"2004-01-12",18.32
"2004-01-13",18.28
"2004-01-14",18.56
"2004-01-15",18.5
"2004-01-16",19.3
"2004-01-20",19.09
"2004-01-21",19.18
"2004-01-22",19.21
"2004-01-23",18.83
"2004-01-26",19.45
"2004-01-27",20.06
"2004-01-28",21.
"2004-01-29",20.52
"2004-01-30",20.65
"2004-02-02",21.06
"2004-02-03",21.
"2004-02-04",20.49
"2004-02-05",20.4
"2004-02-06",21.22
"2004-02-09",21.65
"2004-02-10",21.19
"2004-02-11",21.51
"2004-02-12",21.36
"2004-02-13",20.89
"2004-02-17",20.96
"2004-02-18",20.93
"2004-02-19",20.9
"2004-02-20",20.62
"2004-02-23",20.2
"2004-02-24",20.24
"2004-02-25",20.79
"2004-02-26",21.09
"2004-02-27",20.84
"2004-03-01",21.54
"2004-03-02",21.65
"2004-03-03",21.74
"2004-03-04",21.52
"2004-03-05",21.61
"2004-03-08",20.77
"2004-03-09",20.23
"2004-03-10",19.75
"2004-03-11",19.2
"2004-03-12",19.4
"2004-03-15",18.5
"2004-03-16",18.6
"2004-03-17",19.45
"2004-03-18",19.15
"2004-03-19",19.35
"2004-03-22",19.09
"2004-03-23",19.38
"2004-03-24",19.31
"2004-03-25",19.85
"2004-03-26",20.23
"2004-03-29",20.55
"2004-03-30",20.72
"2004-03-31",20.69
"2004-04-01",21.1
"2004-04-02",21.35
"2004-04-05",21.3
"2004-04-06",21.33
"2004-04-07",21.81
"2004-04-08",22.32
"2004-04-12",22.25
"2004-04-13",21.87
"2004-04-14",21.55
"2004-04-15",21.49
"2004-04-16",20.85
"2004-04-19",21.17
"2004-04-20",20.31
"2004-04-21",20.45
"2004-04-22",20.85
"2004-04-23",20.45
"2004-04-26",20.1
"2004-04-27",19.65
"2004-04-28",19.1
"2004-04-29",19.45
"2004-04-30",19.25
"2004-05-03",19.86
"2004-05-04",19.74
"2004-05-05",19.4
"2004-05-06",19.42
"2004-05-07",19.23
"2004-05-10",18.25
"2004-05-11",18.59
"2004-05-12",18.38
"2004-05-13",18.4
"2004-05-14",18.33
"2004-05-17",17.82
"2004-05-18",17.94
"2004-05-19",18.27
"2004-05-20",18.35
"2004-05-21",18.26
"2004-05-24",18.49
"2004-05-25",19.21
"2004-05-26",19.7
"2004-05-27",19.48
"2004-05-28",19.51
"2004-06-01",19.3
"2004-06-02",19.19
"2004-06-03",19.86
"2004-06-04",19.75
"2004-06-07",20.62
"2004-06-08",20.81
"2004-06-09",20.12
"2004-06-10",20.08
"2004-06-14",19.65
"2004-06-15",19.78
"2004-06-16",19.71
"2004-06-17",19.64
"2004-06-18",19.5
"2004-06-21",19.24
"2004-06-22",19.42
"2004-06-23",19.88
"2004-06-24",20.29
"2004-06-25",20.64
"2004-06-28",19.94
"2004-06-29",20.03
"2004-06-30",20.04
"2004-07-01",19.37
"2004-07-02",19.14
"2004-07-06",18.54
"2004-07-07",18.53
"2004-07-08",17.84
"2004-07-09",17.78
"2004-07-12",17.14
"2004-07-13",17.15
"2004-07-14",16.99
"2004-07-15",17.24
"2004-07-16",16.84
"2004-07-19",16.9
"2004-07-20",17.36
"2004-07-21",16.53
"2004-07-22",16.78
"2004-07-23",16.52
"2004-07-26",15.74
"2004-07-27",15.76
"2004-07-28",17.14
"2004-07-29",17.15
"2004-07-30",17.58
"2004-08-02",17.4
"2004-08-03",17.13
"2004-08-04",17.66
"2004-08-05",16.97
"2004-08-06",16.31
"2004-08-09",16.31
"2004-08-10",17.04
"2004-08-11",16.64
"2004-08-12",16.42
"2004-08-13",16.12
"2004-08-16",16.62
"2004-08-17",16.98
"2004-08-18",17.74
"2004-08-19",17.5
"2004-08-20",17.89
"2004-08-23",17.65
"2004-08-24",17.73
"2004-08-25",18.08
"2004-08-26",17.83
"2004-08-27",17.94
"2004-08-30",17.55
"2004-08-31",17.48
"2004-09-01",17.55
"2004-09-02",17.88
"2004-09-03",17.54
"2004-09-07",17.58
"2004-09-08",17.38
"2004-09-09",18.03
"2004-09-10",18.43
"2004-09-13",18.67
"2004-09-14",18.73
"2004-09-15",18.17
"2004-09-16",18.13
"2004-09-17",18.24
"2004-09-20",17.88
"2004-09-21",18.03
"2004-09-22",17.35
"2004-09-23",17.19
"2004-09-24",16.89
"2004-09-27",16.82
"2004-09-28",17.06
"2004-09-29",17.22
"2004-09-30",17.22
"2004-10-01",18.05
"2004-10-04",18.29
"2004-10-05",17.7
"2004-10-06",18.01
"2004-10-07",18.13
"2004-10-08",18.15
"2004-10-11",18.01
"2004-10-12",17.85
"2004-10-13",17.57
"2004-10-14",17.26
"2004-10-15",17.68
"2004-10-18",17.92
"2004-10-19",17.85
"2004-10-20",17.57
"2004-10-21",17.88
"2004-10-22",17.6
"2004-10-25",17.52
"2004-10-26",17.88
"2004-10-27",18.96
"2004-10-28",19.2
"2004-10-29",20.54
"2004-11-01",20.72
"2004-11-02",20.95
"2004-11-03",21.05
"2004-11-04",21.35
"2004-11-05",21.31
"2004-11-08",21.37
"2004-11-09",21.63
"2004-11-10",21.65
"2004-11-11",21.86
"2004-11-12",22.14
"2004-11-15",22.19
"2004-11-16",21.8
"2004-11-17",21.79
"2004-11-18",21.45
"2004-11-19",21.05
"2004-11-22",20.8
"2004-11-23",20.69
"2004-11-24",20.78
"2004-11-26",20.82
"2004-11-29",21.19
"2004-11-30",21.33
"2004-12-01",21.85
"2004-12-02",21.76
"2004-12-03",21.92
"2004-12-06",22.12
"2004-12-07",21.35
"2004-12-08",21.61
"2004-12-09",21.65
"2004-12-10",21.63
"2004-12-13",21.89
"2004-12-14",22.7
"2004-12-15",22.89
"2004-12-16",22.69
"2004-12-17",21.88
"2004-12-20",21.86
"2004-12-21",22.1
"2004-12-22",22.23
"2004-12-23",22.14
"2004-12-27",22.28
"2004-12-28",22.49
"2004-12-29",22.5
"2004-12-30",22.58
"2004-12-31",22.49
"2005-01-03",22.09
"2005-01-04",21.82
"2005-01-05",21.17
"2005-01-06",21.38
"2005-01-07",21.37
"2005-01-10",21.4
"2005-01-11",20.99
"2005-01-12",20.96
"2005-01-13",20.75
"2005-01-14",21.1
"2005-01-18",21.08
"2005-01-19",20.55
"2005-01-20",20.6
"2005-01-21",20.76
"2005-01-24",20.76
"2005-01-25",21.02
"2005-01-26",21.5
"2005-01-27",21.55
"2005-01-28",22.55
"2005-01-31",22.99
"2005-02-01",22.89
"2005-02-02",23.35
"2005-02-03",22.87
"2005-02-04",23.51
"2005-02-07",23.66
"2005-02-08",23.61
"2005-02-09",22.98
"2005-02-10",22.8
"2005-02-11",22.97
"2005-02-14",22.84
"2005-02-15",22.88
"2005-02-16",23.07
"2005-02-17",23.3
"2005-02-18",22.95
"2005-02-22",22.28
"2005-02-23",22.36
"2005-02-24",22.48
"2005-02-25",22.53
"2005-02-28",22.18
"2005-03-01",22.2
"2005-03-02",22.06
"2005-03-03",22.31
"2005-03-04",23.02
"2005-03-07",22.76
"2005-03-08",23.01
"2005-03-09",22.57
"2005-03-10",22.46
"2005-03-11",22.08
"2005-03-14",22.
"2005-03-15",21.9
"2005-03-16",21.42
"2005-03-17",21.3
"2005-03-18",21.53
"2005-03-21",21.25
"2005-03-22",21.
"2005-03-23",21.74
"2005-03-24",22.09
"2005-03-28",21.92
"2005-03-29",21.15
"2005-03-30",19.81
"2005-03-31",20.63
"2005-04-01",20.32
"2005-04-04",20.45
"2005-04-05",20.32
"2005-04-06",20.8
"2005-04-07",20.79
"2005-04-08",20.62
"2005-04-11",20.41
"2005-04-12",20.4
"2005-04-13",20.27
"2005-04-14",20.
"2005-04-15",19.64
"2005-04-18",19.65
"2005-04-19",19.6
"2005-04-20",19.6
"2005-04-21",20.56
"2005-04-22",19.62
"2005-04-25",19.34
"2005-04-26",19.87
"2005-04-27",19.72
"2005-04-28",18.89
"2005-04-29",18.5
"2005-05-02",18.23
"2005-05-03",18.01
"2005-05-04",18.6
"2005-05-05",18.83
"2005-05-06",18.85
"2005-05-09",19.
"2005-05-10",18.88
"2005-05-11",19.06
"2005-05-12",19.09
"2005-05-13",18.59
"2005-05-16",18.6
"2005-05-17",18.4
"2005-05-18",18.74
"2005-05-19",19.05
"2005-05-20",19.19
"2005-05-23",19.26
"2005-05-24",19.2
"2005-05-25",19.03
"2005-05-26",19.26
"2005-05-27",19.15
"2005-05-31",19.13
"2005-06-01",19.52
"2005-06-02",19.2
"2005-06-03",19.
"2005-06-06",19.31
"2005-06-07",19.55
"2005-06-08",19.25
"2005-06-09",19.55
"2005-06-10",19.34
"2005-06-13",19.39
"2005-06-14",19.43
"2005-06-15",19.54
"2005-06-16",19.64
"2005-06-17",19.6
"2005-06-20",19.5
"2005-06-21",19.37
"2005-06-22",19.32
"2005-06-23",19.12
"2005-06-24",18.6
"2005-06-27",18.16
"2005-06-28",18.75
"2005-06-29",18.73
"2005-06-30",18.9
"2005-07-01",19.24
"2005-07-05",19.7
"2005-07-06",19.66
"2005-07-07",19.77
"2005-07-08",20.02
"2005-07-11",20.39
"2005-07-12",20.04
"2005-07-13",20.1
"2005-07-14",20.59
"2005-07-15",21.02
"2005-07-18",21.
"2005-07-19",21.15
"2005-07-20",21.4
"2005-07-21",21.46
"2005-07-22",21.36
"2005-07-25",21.23
"2005-07-26",21.55
"2005-07-27",20.94
"2005-07-28",21.27
"2005-07-29",20.98
"2005-08-01",20.89
"2005-08-02",20.75
"2005-08-03",20.65
"2005-08-04",20.28
"2005-08-05",20.17
"2005-08-08",20.15
"2005-08-09",20.32
"2005-08-10",20.32
"2005-08-11",20.53
"2005-08-12",20.45
"2005-08-15",20.45
"2005-08-16",20.31
"2005-08-17",20.43
"2005-08-18",20.34
"2005-08-19",20.25
"2005-08-22",20.03
"2005-08-23",19.83
"2005-08-24",19.89
"2005-08-25",20.01
"2005-08-26",19.68
"2005-08-29",20.65
"2005-08-30",20.42
"2005-08-31",20.7
"2005-09-01",20.1
"2005-09-02",20.2
"2005-09-06",20.75
"2005-09-07",20.75
"2005-09-08",20.77
"2005-09-09",21.
"2005-09-12",20.92
"2005-09-13",20.39
"2005-09-14",20.16
"2005-09-15",19.9
"2005-09-16",20.24
"2005-09-19",19.92
"2005-09-20",19.69
"2005-09-21",19.43
"2005-09-22",19.27
"2005-09-23",19.46
"2005-09-26",19.17
"2005-09-27",19.57
"2005-09-28",20.07
"2005-09-29",20.15
"2005-09-30",20.37
"2005-10-03",20.77
"2005-10-04",20.65
"2005-10-05",20.6
"2005-10-06",20.63
"2005-10-07",22.07
"2005-10-10",21.29
"2005-10-11",21.08
"2005-10-12",20.72
"2005-10-13",21.1
"2005-10-14",21.13
"2005-10-17",21.17
"2005-10-18",20.94
"2005-10-19",21.05
"2005-10-20",21.45
"2005-10-21",20.77
"2005-10-24",21.21
"2005-10-25",20.82
"2005-10-26",22.41
"2005-10-27",21.9
"2005-10-28",21.57
"2005-10-31",22.07
"2005-11-01",22.13
"2005-11-02",22.76
"2005-11-03",22.35
"2005-11-04",22.37
"2005-11-07",22.17
"2005-11-08",21.84
"2005-11-09",22.17
"2005-11-10",22.39
"2005-11-11",22.24
"2005-11-14",22.28
"2005-11-15",22.02
"2005-11-16",22.
"2005-11-17",22.29
"2005-11-18",22.29
"2005-11-21",22.68
"2005-11-22",22.71
"2005-11-23",22.67
"2005-11-25",22.55
"2005-11-28",22.49
"2005-11-29",22.73
"2005-11-30",22.81
"2005-12-01",22.93
"2005-12-02",22.95
"2005-12-05",22.65
"2005-12-06",23.06
"2005-12-07",23.3
"2005-12-08",23.28
"2005-12-09",23.42
"2005-12-12",23.44
"2005-12-13",23.4
"2005-12-14",23.7
"2005-12-15",23.68
"2005-12-16",23.57
"2005-12-19",23.27
"2005-12-20",23.1
"2005-12-21",22.94
"2005-12-22",23.04
"2005-12-23",23.25
"2005-12-27",23.38
"2005-12-28",23.76
"2005-12-29",23.86
"2005-12-30",23.56
"2006-01-03",23.99
"2006-01-04",24.01
"2006-01-05",23.89
"2006-01-06",23.65
"2006-01-09",23.74
"2006-01-10",23.69
"2006-01-11",23.96
"2006-01-12",23.29
"2006-01-13",23.49
"2006-01-17",23.22
"2006-01-18",22.94
"2006-01-19",23.41
"2006-01-20",22.96
"2006-01-23",22.95
"2006-01-24",23.
"2006-01-25",22.8
"2006-01-26",23.35
"2006-01-27",21.8
"2006-01-30",22.78
"2006-01-31",22.74
"2006-02-01",23.09
"2006-02-02",22.52
"2006-02-03",22.64
"2006-02-06",22.94
"2006-02-07",23.
"2006-02-08",23.56
"2006-02-09",23.37
"2006-02-10",23.25
"2006-02-13",22.99
"2006-02-14",23.2
"2006-02-15",23.85
"2006-02-16",24.01
"2006-02-17",23.78
"2006-02-21",23.61
"2006-02-22",23.82
"2006-02-23",23.86
"2006-02-24",23.97
"2006-02-27",24.08
"2006-02-28",23.79
"2006-03-01",24.08
"2006-03-02",23.88
"2006-03-03",23.89
"2006-03-06",23.5
"2006-03-07",23.2
"2006-03-08",23.27
"2006-03-09",23.01
"2006-03-10",23.25
"2006-03-13",23.51
"2006-03-14",23.56
"2006-03-15",23.83
"2006-03-16",23.5
"2006-03-17",23.4
"2006-03-20",23.26
"2006-03-21",23.06
"2006-03-22",23.12
"2006-03-23",23.07
"2006-03-24",23.2
"2006-03-27",23.19
"2006-03-28",23.15
"2006-03-29",23.41
"2006-03-30",23.27
"2006-03-31",23.47
"2006-04-03",23.67
"2006-04-04",23.4
"2006-04-05",23.11
"2006-04-06",23.05
"2006-04-07",22.85
"2006-04-10",22.63
"2006-04-11",22.25
"2006-04-12",22.24
"2006-04-13",22.39
"2006-04-17",22.25
"2006-04-18",22.58
"2006-04-19",22.6
"2006-04-20",22.52
"2006-04-21",22.61
"2006-04-24",22.2
"2006-04-25",21.74
"2006-04-26",21.84
"2006-04-27",22.02
"2006-04-28",21.44
"2006-05-01",21.57
"2006-05-02",21.58
"2006-05-03",21.5
"2006-05-04",21.65
"2006-05-05",21.69
"2006-05-08",21.67
"2006-05-09",21.5
"2006-05-10",21.39
"2006-05-11",20.99
"2006-05-12",20.89
"2006-05-15",20.9
"2006-05-16",20.75
"2006-05-17",20.57
"2006-05-18",20.51
"2006-05-19",20.59
"2006-05-22",20.65
"2006-05-23",20.54
"2006-05-24",20.28
"2006-05-25",20.1
"2006-05-26",20.59
"2006-05-30",20.24
"2006-05-31",20.86
"2006-06-01",21.21
"2006-06-02",20.95
"2006-06-05",20.32
"2006-06-06",20.15
"2006-06-07",20.23
"2006-06-08",20.31
"2006-06-09",20.75
"2006-06-12",20.48
"2006-06-13",20.55
"2006-06-14",20.54
"2006-06-15",20.86
"2006-06-16",20.91
"2006-06-19",20.37
"2006-06-20",20.4
"2006-06-21",20.4
"2006-06-22",20.33
"2006-06-23",20.48
"2006-06-26",20.61
"2006-06-27",20.35
"2006-06-28",20.41
"2006-06-29",21.02
"2006-06-30",20.9
"2006-07-03",21.27
"2006-07-05",21.17
"2006-07-06",21.31
"2006-07-07",21.3
"2006-07-10",21.06
"2006-07-11",21.11
"2006-07-12",21.01
"2006-07-13",20.5
"2006-07-14",20.38
"2006-07-17",20.32
"2006-07-18",20.38
"2006-07-19",20.89
"2006-07-20",20.65
"2006-07-21",20.45
"2006-07-24",20.45
"2006-07-25",20.76
"2006-07-26",20.71
"2006-07-27",20.12
"2006-07-28",18.
"2006-07-31",18.03
"2006-08-01",18.
"2006-08-02",17.89
"2006-08-03",18.68
"2006-08-04",18.36
"2006-08-07",18.29
"2006-08-08",18.28
"2006-08-09",18.05
"2006-08-10",18.83
"2006-08-11",18.72
"2006-08-14",18.84
"2006-08-15",19.16
"2006-08-16",19.64
"2006-08-17",19.85
"2006-08-18",19.72
"2006-08-21",19.61
"2006-08-22",19.13
"2006-08-23",18.67
"2006-08-24",18.5
"2006-08-25",18.55
"2006-08-28",18.74
"2006-08-29",18.56
"2006-08-30",18.46
"2006-08-31",18.43
"2006-09-01",18.3
"2006-09-05",18.31
"2006-09-06",18.25
"2006-09-07",18.03
"2006-09-08",18.32
"2006-09-11",18.37
"2006-09-12",18.69
"2006-09-13",18.58
"2006-09-14",18.82
"2006-09-15",18.97
"2006-09-18",18.78
"2006-09-19",18.45
"2006-09-20",18.86
"2006-09-21",19.
"2006-09-22",18.86
"2006-09-25",19.17
"2006-09-26",18.97
"2006-09-27",19.14
"2006-09-28",18.97
"2006-09-29",18.93
"2006-10-02",19.
"2006-10-03",18.83
"2006-10-04",19.12
"2006-10-05",19.14
"2006-10-06",19.64
"2006-10-09",19.85
"2006-10-10",19.66
"2006-10-11",19.85
"2006-10-12",20.12
"2006-10-13",20.07
"2006-10-16",19.85
"2006-10-17",19.82
"2006-10-18",19.82
"2006-10-19",19.77
"2006-10-20",19.8
"2006-10-23",19.58
"2006-10-24",19.86
"2006-10-25",20.02
"2006-10-26",20.29
"2006-10-27",21.42
"2006-10-30",21.69
"2006-10-31",21.36
"2006-11-01",21.04
"2006-11-02",20.94
"2006-11-03",20.76
"2006-11-06",21.06
"2006-11-07",21.7
"2006-11-08",21.49
"2006-11-09",21.57
"2006-11-10",21.67
"2006-11-13",21.61
"2006-11-14",21.64
"2006-11-15",21.53
"2006-11-16",21.4
"2006-11-17",21.41
"2006-11-20",21.51
"2006-11-21",21.51
"2006-11-22",21.64
"2006-11-24",21.67
"2006-11-27",21.35
"2006-11-28",21.1
"2006-11-29",21.63
"2006-11-30",21.67
"2006-12-01",21.37
"2006-12-04",21.58
"2006-12-05",21.5
"2006-12-06",21.51
"2006-12-07",21.71
"2006-12-08",22.06
"2006-12-11",22.23
"2006-12-12",22.26
"2006-12-13",22.22
"2006-12-14",22.31
"2006-12-15",22.26
"2006-12-18",22.22
"2006-12-19",22.21
"2006-12-20",22.25
"2006-12-21",22.23
"2006-12-22",22.13
"2006-12-26",22.26
"2006-12-27",22.48
"2006-12-28",22.27
"2006-12-29",22.23
"2007-01-02",22.23
"2007-01-03",21.89
"2007-01-04",21.58
"2007-01-05",21.56
"2007-01-08",21.46
"2007-01-09",21.43
"2007-01-10",21.4
"2007-01-11",21.85
"2007-01-12",22.17
"2007-01-16",22.66
"2007-01-17",22.2
"2007-01-18",22.3
"2007-01-19",22.31
"2007-01-22",22.15
"2007-01-23",22.35
"2007-01-24",22.67
"2007-01-25",22.7
"2007-01-26",23.1
"2007-01-29",23.38
"2007-01-30",23.48
"2007-01-31",23.87
"2007-02-01",24.01
"2007-02-02",23.97
"2007-02-05",23.99
"2007-02-06",24.
"2007-02-07",23.99
"2007-02-08",24.08
"2007-02-09",24.16
"2007-02-12",24.2
"2007-02-13",24.25
"2007-02-14",24.42
"2007-02-15",24.34
"2007-02-16",24.27
"2007-02-20",24.54
"2007-02-21",24.45
"2007-02-22",24.56
"2007-02-23",24.54
"2007-02-26",24.43
"2007-02-27",23.62
"2007-02-28",23.74
"2007-03-01",23.56
"2007-03-02",23.26
"2007-03-05",22.87
"2007-03-06",23.17
"2007-03-07",23.17
"2007-03-08",23.22
"2007-03-09",23.25
"2007-03-12",23.37
"2007-03-13",23.19
"2007-03-14",23.2
"2007-03-15",23.27
"2007-03-16",23.25
"2007-03-19",23.61
"2007-03-20",23.56
"2007-03-21",24.13
"2007-03-22",24.16
"2007-03-23",24.38
"2007-03-26",24.16
"2007-03-27",24.08
"2007-03-28",24.
"2007-03-29",23.97
"2007-03-30",24.22
"2007-04-02",24.2
"2007-04-03",24.44
"2007-04-04",24.54
"2007-04-05",24.67
"2007-04-09",24.68
"2007-04-10",24.6
"2007-04-11",24.43
"2007-04-12",24.66
"2007-04-13",25.14
"2007-04-16",25.08
"2007-04-17",24.99
"2007-04-18",24.95
"2007-04-19",24.72
"2007-04-20",24.93
"2007-04-23",24.83
"2007-04-24",24.79
"2007-04-25",24.95
"2007-04-26",24.97
"2007-04-27",24.49
"2007-04-30",24.2
"2007-05-01",24.31
"2007-05-02",25.02
"2007-05-03",25.11
"2007-05-04",25.16
"2007-05-07",25.29
"2007-05-08",25.19
"2007-05-09",25.35
"2007-05-10",25.1
"2007-05-11",25.4
"2007-05-14",25.13
"2007-05-15",25.39
"2007-05-16",25.63
"2007-05-17",25.32
"2007-05-18",25.55
"2007-05-21",25.54
"2007-05-22",25.65
"2007-05-23",26.
"2007-05-24",26.
"2007-05-25",26.02
"2007-05-29",26.1
"2007-05-30",26.36
"2007-05-31",26.51
"2007-06-01",26.91
"2007-06-04",26.91
"2007-06-05",26.68
"2007-06-06",26.46
"2007-06-07",26.38
"2007-06-08",26.64
"2007-06-11",26.48
"2007-06-12",26.36
"2007-06-13",26.65
"2007-06-14",26.68
"2007-06-15",26.83
"2007-06-18",26.66
"2007-06-19",26.66
"2007-06-20",26.39
"2007-06-21",26.44
"2007-06-22",26.14
"2007-06-25",25.88
"2007-06-26",25.79
"2007-06-27",25.64
"2007-06-28",25.85
"2007-06-29",26.06
"2007-07-02",26.46
"2007-07-03",26.71
"2007-07-05",26.98
"2007-07-06",27.32
"2007-07-09",27.02
"2007-07-10",26.91
"2007-07-11",27.2
"2007-07-12",27.67
"2007-07-13",27.36
"2007-07-16",27.28
"2007-07-17",27.28
"2007-07-18",27.15
"2007-07-19",26.99
"2007-07-20",26.78
"2007-07-23",27.01
"2007-07-24",26.85
"2007-07-25",27.13
"2007-07-26",26.21
"2007-07-27",27.95
"2007-07-30",28.48
"2007-07-31",27.83
"2007-08-01",28.1
"2007-08-02",28.54
"2007-08-03",28.05
"2007-08-06",27.96
"2007-08-07",27.03
"2007-08-08",27.04
"2007-08-09",26.83
"2007-08-10",27.44
"2007-08-13",27.67
"2007-08-14",27.53
"2007-08-15",26.52
"2007-08-16",26.8
"2007-08-17",27.88
"2007-08-20",28.02
"2007-08-21",27.74
"2007-08-22",27.74
"2007-08-23",27.74
"2007-08-24",27.89
"2007-08-27",27.64
"2007-08-28",27.06
"2007-08-29",27.7
"2007-08-30",27.72
"2007-08-31",27.41
"2007-09-04",27.48
"2007-09-05",27.5
"2007-09-06",27.93
"2007-09-07",27.12
"2007-09-10",27.15
"2007-09-11",27.42
"2007-09-12",27.55
"2007-09-13",27.74
"2007-09-14",28.06
"2007-09-17",27.89
"2007-09-18",28.59
"2007-09-19",29.35
"2007-09-20",29.3
"2007-09-21",28.98
"2007-09-24",28.48
"2007-09-25",28.49
"2007-09-26",29.16
"2007-09-27",29.1
"2007-09-28",29.21
"2007-10-01",29.86
"2007-10-02",28.91
"2007-10-03",28.61
"2007-10-04",28.82
"2007-10-05",29.05
"2007-10-08",28.94
"2007-10-09",29.17
"2007-10-10",28.54
"2007-10-11",28.21
"2007-10-12",28.64
"2007-10-15",28.21
"2007-10-16",28.66
"2007-10-17",28.9
"2007-10-18",29.19
"2007-10-19",28.55
"2007-10-22",28.55
"2007-10-23",29.5
"2007-10-24",29.54
"2007-10-25",29.27
"2007-10-26",27.82
"2007-10-29",27.93
"2007-10-30",27.83
"2007-10-31",27.52
"2007-11-01",26.74
"2007-11-02",26.95
"2007-11-05",27.73
"2007-11-06",28.08
"2007-11-07",27.84
"2007-11-08",28.1
"2007-11-09",27.53
"2007-11-12",26.86
"2007-11-13",27.03
"2007-11-14",26.98
"2007-11-15",26.78
"2007-11-16",27.02
"2007-11-19",26.64
"2007-11-20",26.76
"2007-11-21",26.56
"2007-11-23",26.94
"2007-11-26",26.38
"2007-11-27",26.87
"2007-11-28",27.56
"2007-11-29",27.19
"2007-11-30",27.28
"2007-12-03",27.18
"2007-12-04",26.43
"2007-12-05",26.77
"2007-12-06",27.07
"2007-12-07",26.51
"2007-12-10",26.59
"2007-12-11",25.16
"2007-12-12",24.73
"2007-12-13",24.62
"2007-12-14",25.66
"2007-12-17",24.98
"2007-12-18",24.63
"2007-12-19",25.1
"2007-12-20",25.26
"2007-12-21",25.88
"2007-12-24",25.92
"2007-12-26",26.03
"2007-12-27",25.97
"2007-12-28",26.13
"2007-12-31",26.02
"2008-01-02",25.53
"2008-01-03",25.18
"2008-01-04",24.49
"2008-01-07",24.78
"2008-01-08",24.88
"2008-01-09",25.43
"2008-01-10",25.74
"2008-01-11",25.35
"2008-01-14",25.79
"2008-01-15",25.52
"2008-01-16",25.65
"2008-01-17",25.
"2008-01-18",24.34
"2008-01-22",23.27
"2008-01-23",23.
"2008-01-24",22.7
"2008-01-25",26.68
"2008-01-28",25.7
"2008-01-29",24.86
"2008-01-30",24.55
"2008-01-31",24.82
"2008-02-01",25.36
"2008-02-04",25.69
"2008-02-05",25.53
"2008-02-06",25.41
"2008-02-07",25.67
"2008-02-08",25.32
"2008-02-11",25.66
"2008-02-12",25.52
"2008-02-13",25.83
"2008-02-14",25.38
"2008-02-15",25.4
"2008-02-19",25.44
"2008-02-20",25.61
"2008-02-21",24.98
"2008-02-22",24.98
"2008-02-25",25.
"2008-02-26",24.98
"2008-02-27",25.01
"2008-02-28",24.82
"2008-02-29",24.82
"2008-03-03",24.58
"2008-03-04",24.76
"2008-03-05",25.01
"2008-03-06",25.03
"2008-03-07",24.01
"2008-03-10",23.02
"2008-03-11",23.58
"2008-03-12",23.56
"2008-03-13",24.13
"2008-03-14",23.35
"2008-03-17",22.96
"2008-03-18",23.36
"2008-03-19",23.18
"2008-03-20",23.29
"2008-03-24",23.68
"2008-03-25",23.81
"2008-03-26",24.
"2008-03-27",24.03
"2008-03-28",24.14
"2008-03-31",24.25
"2008-04-01",25.06
"2008-04-02",25.27
"2008-04-03",25.49
"2008-04-04",25.53
"2008-04-07",25.48
"2008-04-08",25.32
"2008-04-09",25.26
"2008-04-10",25.25
"2008-04-11",24.7
"2008-04-14",24.81
"2008-04-15",24.09
"2008-04-16",24.65
"2008-04-17",24.58
"2008-04-18",25.12
"2008-04-21",25.12
"2008-04-22",24.53
"2008-04-23",25.35
"2008-04-24",25.03
"2008-04-25",27.48
"2008-04-28",27.01
"2008-04-29",26.74
"2008-04-30",26.56
"2008-05-01",27.03
"2008-05-02",26.79
"2008-05-05",27.08
"2008-05-06",27.55
"2008-05-07",27.05
"2008-05-08",27.19
"2008-05-09",27.09
"2008-05-12",27.34
"2008-05-13",27.3
"2008-05-14",28.22
"2008-05-15",28.26
"2008-05-16",27.95
"2008-05-19",28.46
"2008-05-20",28.11
"2008-05-21",27.81
"2008-05-22",27.99
"2008-05-23",28.41
"2008-05-27",28.83
"2008-05-28",28.31
"2008-05-29",28.24
"2008-05-30",28.28
"2008-06-02",28.35
"2008-06-03",28.61
"2008-06-04",28.95
"2008-06-05",29.15
"2008-06-06",28.24
"2008-06-09",27.87
"2008-06-10",27.69
"2008-06-11",27.69
"2008-06-12",28.5
"2008-06-13",28.7
"2008-06-16",29.03
"2008-06-17",29.
"2008-06-18",28.67
"2008-06-19",28.87
"2008-06-20",28.41
"2008-06-23",28.46
"2008-06-24",28.41
"2008-06-25",28.78
"2008-06-26",27.86
"2008-06-27",27.71
"2008-06-30",27.85
"2008-07-01",27.5
"2008-07-02",27.98
"2008-07-03",28.08
"2008-07-07",28.11
"2008-07-08",28.52
"2008-07-09",28.32
"2008-07-10",28.99
"2008-07-11",28.27
"2008-07-14",27.55
"2008-07-15",27.33
"2008-07-16",27.65
"2008-07-17",27.71
"2008-07-18",27.55
"2008-07-21",27.66
"2008-07-22",29.11
"2008-07-23",28.65
"2008-07-24",28.37
"2008-07-25",29.36
"2008-07-28",29.21
"2008-07-29",28.68
"2008-07-30",29.09
"2008-07-31",29.1
"2008-08-01",28.6
"2008-08-04",28.22
"2008-08-05",28.98
"2008-08-06",29.44
"2008-08-07",28.97
"2008-08-08",29.5
"2008-08-11",29.67
"2008-08-12",29.24
"2008-08-13",28.96
"2008-08-14",29.4
"2008-08-15",29.69
"2008-08-18",29.39
"2008-08-19",29.03
"2008-08-20",28.73
"2008-08-21",28.58
"2008-08-22",29.28
"2008-08-25",28.85
"2008-08-26",28.59
"2008-08-27",28.57
"2008-08-28",28.69
"2008-08-29",28.41
"2008-09-02",28.58
"2008-09-03",27.86
"2008-09-04",26.96
"2008-09-05",26.23
"2008-09-08",26.54
"2008-09-09",26.05
"2008-09-10",26.06
"2008-09-11",25.72
"2008-09-12",25.36
"2008-09-15",25.22
"2008-09-16",25.51
"2008-09-17",24.54
"2008-09-18",25.88
"2008-09-19",26.43
"2008-09-22",26.1
"2008-09-23",26.04
"2008-09-24",25.82
"2008-09-25",26.08
"2008-09-26",26.28
"2008-09-29",24.6
"2008-09-30",24.97
"2008-10-01",24.48
"2008-10-02",23.49
"2008-10-03",23.91
"2008-10-06",23.02
"2008-10-07",23.25
"2008-10-08",22.86
"2008-10-09",21.41
"2008-10-10",19.96
"2008-10-13",23.07
"2008-10-14",22.51
"2008-10-15",20.53
"2008-10-16",21.07
"2008-10-17",21.06
"2008-10-20",22.2
"2008-10-21",21.04
"2008-10-22",20.03
"2008-10-23",17.79
"2008-10-24",17.46
"2008-10-27",16.19
"2008-10-28",16.93
"2008-10-29",16.81
"2008-10-30",17.65
"2008-10-31",17.94
"2008-11-03",18.39
"2008-11-04",19.42
"2008-11-05",18.75
"2008-11-06",18.03
"2008-11-07",18.55
"2008-11-10",18.45
"2008-11-11",17.84
"2008-11-12",16.49
"2008-11-13",17.41
"2008-11-14",16.8
"2008-11-17",16.69
"2008-11-18",17.08
"2008-11-19",16.35
"2008-11-20",15.26
"2008-11-21",16.2
"2008-11-24",17.45
"2008-11-25",17.2
"2008-11-26",17.66
"2008-11-28",18.06
"2008-12-01",16.56
"2008-12-02",16.59
"2008-12-03",16.85
"2008-12-04",15.88
"2008-12-05",16.2
"2008-12-08",16.69
"2008-12-09",16.34
"2008-12-10",16.42
"2008-12-11",16.29
"2008-12-12",13.29
"2008-12-15",13.14
"2008-12-16",13.6
"2008-12-17",13.5
"2008-12-18",13.57
"2008-12-19",13.92
"2008-12-22",13.38
"2008-12-23",13.15
"2008-12-24",13.39
"2008-12-26",13.37
"2008-12-29",13.39
"2008-12-30",13.58
"2008-12-31",13.91
"2009-01-02",14.17
"2009-01-05",14.73
"2009-01-06",14.94
"2009-01-07",14.54
"2009-01-08",14.2
"2009-01-09",13.84
"2009-01-12",13.52
"2009-01-13",14.16
"2009-01-14",13.67
"2009-01-15",14.3
"2009-01-16",14.79
"2009-01-20",14.31
"2009-01-21",14.82
"2009-01-22",14.42
"2009-01-23",14.21
"2009-01-26",13.85
"2009-01-27",14.1
"2009-01-28",15.02
"2009-01-29",14.62
"2009-01-30",12.62
"2009-02-02",12.9
"2009-02-03",13.04
"2009-02-04",13.37
"2009-02-05",13.54
"2009-02-06",14.11
"2009-02-09",14.3
"2009-02-10",13.94
"2009-02-11",14.05
"2009-02-12",14.3
"2009-02-13",14.46
"2009-02-17",13.85
"2009-02-18",13.42
"2009-02-19",13.51
"2009-02-20",13.37
"2009-02-23",13.15
"2009-02-24",13.45
"2009-02-25",13.26
"2009-02-26",13.
"2009-02-27",12.88
"2009-03-02",11.9
"2009-03-03",11.82
"2009-03-04",12.35
"2009-03-05",11.7
"2009-03-06",11.52
"2009-03-09",11.
"2009-03-10",11.64
"2009-03-11",11.39
"2009-03-12",11.51
"2009-03-13",11.73
"2009-03-16",11.73
"2009-03-17",12.01
"2009-03-18",12.09
"2009-03-19",12.
"2009-03-20",11.78
"2009-03-23",12.69
"2009-03-24",12.31
"2009-03-25",12.65
"2009-03-26",13.17
"2009-03-27",12.91
"2009-03-30",12.38
"2009-03-31",12.77
"2009-04-01",12.9
"2009-04-02",13.41
"2009-04-03",13.33
"2009-04-06",13.38
"2009-04-07",13.23
"2009-04-08",13.52
"2009-04-09",14.06
"2009-04-13",14.11
"2009-04-14",13.89
"2009-04-15",13.64
"2009-04-16",13.95
"2009-04-17",14.04
"2009-04-20",13.43
"2009-04-21",13.65
"2009-04-22",13.62
"2009-04-23",13.06
"2009-04-24",13.4
"2009-04-27",13.02
"2009-04-28",13.24
"2009-04-29",13.93
"2009-04-30",14.57
"2009-05-01",17.47
"2009-05-04",17.43
"2009-05-05",17.27
"2009-05-06",17.03
"2009-05-07",16.85
"2009-05-08",17.24
"2009-05-11",16.86
"2009-05-12",16.93
"2009-05-13",16.35
"2009-05-14",16.24
"2009-05-15",16.22
"2009-05-18",16.31
"2009-05-19",16.89
"2009-05-20",17.01
"2009-05-21",16.45
"2009-05-22",16.32
"2009-05-26",16.68
"2009-05-27",16.24
"2009-05-28",16.32
"2009-05-29",16.27
"2009-06-01",16.55
"2009-06-02",16.87
"2009-06-03",16.66
"2009-06-04",16.61
"2009-06-05",16.7
"2009-06-08",16.48
"2009-06-09",17.07
"2009-06-10",17.06
"2009-06-11",17.32
"2009-06-12",17.32
"2009-06-15",16.78
"2009-06-16",17.05
"2009-06-17",17.28
"2009-06-18",17.95
"2009-06-19",17.99
"2009-06-22",17.47
"2009-06-23",16.96
"2009-06-24",17.02
"2009-06-25",17.2
"2009-06-26",17.01
"2009-06-29",17.29
"2009-06-30",17.4
"2009-07-01",17.53
"2009-07-02",16.8
"2009-07-06",16.8
"2009-07-07",16.41
"2009-07-08",16.04
"2009-07-09",15.97
"2009-07-10",16.73
"2009-07-13",16.91
"2009-07-14",17.15
"2009-07-15",17.5
"2009-07-16",17.46
"2009-07-17",17.5
"2009-07-20",17.7
"2009-07-21",17.79
"2009-07-22",17.49
"2009-07-23",17.79
"2009-07-24",18.18
"2009-07-27",18.42
"2009-07-28",18.65
"2009-07-29",18.8
"2009-07-30",19.09
"2009-07-31",17.63
"2009-08-03",17.54
"2009-08-04",17.45
"2009-08-05",17.3
"2009-08-06",17.
"2009-08-07",17.16
"2009-08-10",17.17
"2009-08-11",16.94
"2009-08-12",16.86
"2009-08-13",17.8
"2009-08-14",17.59
"2009-08-17",17.2
"2009-08-18",17.24
"2009-08-19",17.32
"2009-08-20",17.75
"2009-08-21",18.21
"2009-08-24",18.26
"2009-08-25",18.01
"2009-08-26",18.14
"2009-08-27",18.37
"2009-08-28",18.2
"2009-08-31",18.25
"2009-09-01",17.88
"2009-09-02",17.56
"2009-09-03",17.49
"2009-09-04",18.07
"2009-09-08",18.17
"2009-09-09",18.6
"2009-09-10",19.4
"2009-09-11",19.25
"2009-09-14",19.31
"2009-09-15",19.28
"2009-09-16",20.07
"2009-09-17",20.06
"2009-09-18",20.15
"2009-09-21",19.8
"2009-09-22",19.82
"2009-09-23",19.65
"2009-09-24",19.14
"2009-09-25",19.31
"2009-09-28",19.38
"2009-09-29",19.42
"2009-09-30",19.24
"2009-10-01",18.77
"2009-10-02",18.78
"2009-10-05",19.19
"2009-10-06",19.33
"2009-10-07",19.43
"2009-10-08",19.56
"2009-10-09",19.63
"2009-10-12",19.51
"2009-10-13",19.71
"2009-10-14",20.55
"2009-10-15",20.91
"2009-10-16",20.63
"2009-10-19",20.99
"2009-10-20",20.21
"2009-10-21",19.99
"2009-10-22",19.8
"2009-10-23",19.73
"2009-10-26",19.33
"2009-10-27",19.23
"2009-10-28",18.45
"2009-10-29",18.97
"2009-10-30",18.61
"2009-11-02",18.7
"2009-11-03",18.51
"2009-11-04",18.48
"2009-11-05",18.92
"2009-11-06",18.94
"2009-11-09",19.41
"2009-11-10",19.6
"2009-11-11",19.6
"2009-11-12",19.34
"2009-11-13",19.34
"2009-11-16",19.76
"2009-11-17",19.76
"2009-11-18",19.79
"2009-11-19",19.36
"2009-11-20",19.04
"2009-11-23",19.17
"2009-11-24",19.24
"2009-11-25",19.42
"2009-11-27",19.42
"2009-11-30",18.87
"2009-12-01",19.17
"2009-12-02",19.43
"2009-12-03",19.24
"2009-12-04",19.69
"2009-12-07",19.69
"2009-12-08",19.44
"2009-12-09",19.41
"2009-12-10",19.66
"2009-12-11",19.92
"2009-12-14",19.92
"2009-12-15",20.5
"2009-12-16",20.4
"2009-12-17",20.19
"2009-12-18",20.12
"2009-12-21",20.26
"2009-12-22",20.29
"2009-12-23",20.51
"2009-12-24",20.58
"2009-12-28",20.66
"2009-12-29",20.79
"2009-12-30",20.73
"2009-12-31",20.59
"2010-01-04",20.64
"2010-01-05",20.89
"2010-01-06",21.3
"2010-01-07",21.24
"2010-01-08",21.43
"2010-01-11",21.46
"2010-01-12",21.16
"2010-01-13",21.41
"2010-01-14",21.65
"2010-01-15",21.41
"2010-01-19",21.44
"2010-01-20",21.16
"2010-01-21",20.48
"2010-01-22",20.37
"2010-01-25",20.52
"2010-01-26",20.57
"2010-01-27",20.39
"2010-01-28",20.07
"2010-01-29",20.14
"2010-02-01",20.19
"2010-02-02",20.82
"2010-02-03",20.68
"2010-02-04",19.82
"2010-02-05",19.82
"2010-02-08",20.95
"2010-02-09",20.89
"2010-02-10",20.7
"2010-02-11",20.87
"2010-02-12",21.
"2010-02-16",21.59
"2010-02-17",21.59
"2010-02-18",21.92
"2010-02-19",21.79
"2010-02-22",22.38
"2010-02-23",22.32
"2010-02-24",22.35
"2010-02-25",22.41
"2010-02-26",22.21
"2010-03-01",23.26
"2010-03-02",23.43
"2010-03-03",23.34
"2010-03-04",23.12
"2010-03-05",23.79
"2010-03-08",23.68
"2010-03-09",23.52
"2010-03-10",23.5
"2010-03-11",23.5
"2010-03-12",23.37
"2010-03-15",23.5
"2010-03-16",23.63
"2010-03-17",24.
"2010-03-18",24.11
"2010-03-19",23.61
"2010-03-22",24.06
"2010-03-23",24.19
"2010-03-24",23.98
"2010-03-25",23.9
"2010-03-26",24.
"2010-03-29",24.23
"2010-03-30",24.31
"2010-03-31",23.9
"2010-04-01",24.15
"2010-04-05",24.2
"2010-04-06",24.01
"2010-04-07",23.88
"2010-04-08",23.67
"2010-04-09",23.8
"2010-04-12",23.76
"2010-04-13",23.74
"2010-04-14",23.82
"2010-04-15",23.87
"2010-04-16",23.5
"2010-04-19",23.44
"2010-04-20",23.99
"2010-04-21",23.94
"2010-04-22",23.88
"2010-04-23",23.83
"2010-04-26",23.74
"2010-04-27",23.45
"2010-04-28",24.61
"2010-04-29",25.12
"2010-04-30",25.05
"2010-05-03",25.19
"2010-05-04",24.33
"2010-05-05",24.
"2010-05-06",23.02
"2010-05-07",22.23
"2010-05-10",23.46
"2010-05-11",23.06
"2010-05-12",23.55
"2010-05-13",23.31
"2010-05-14",22.71
"2010-05-17",22.78
"2010-05-18",22.73
"2010-05-19",23.06
"2010-05-20",22.03
"2010-05-21",22.01
"2010-05-24",21.84
"2010-05-25",21.76
"2010-05-26",21.97
"2010-05-27",23.08
"2010-05-28",22.69
"2010-06-01",22.22
"2010-06-02",22.73
"2010-06-03",23.
"2010-06-04",21.72
"2010-06-07",21.31
"2010-06-08",21.36
"2010-06-09",21.79
"2010-06-10",22.48
"2010-06-11",22.58
"2010-06-14",22.45
"2010-06-15",22.85
"2010-06-16",22.96
"2010-06-17",22.94
"2010-06-18",22.72
"2010-06-21",22.9
"2010-06-22",22.53
"2010-06-23",22.24
"2010-06-24",21.43
"2010-06-25",21.9
"2010-06-28",21.82
"2010-06-29",20.87
"2010-06-30",20.67
"2010-07-01",19.81
"2010-07-02",19.65
"2010-07-06",19.55
"2010-07-07",19.53
"2010-07-08",19.73
"2010-07-09",19.59
"2010-07-12",19.47
"2010-07-13",19.66
"2010-07-14",19.52
"2010-07-15",19.5
"2010-07-16",19.06
"2010-07-19",19.14
"2010-07-20",19.23
"2010-07-21",18.89
"2010-07-22",19.62
"2010-07-23",19.62
"2010-07-26",19.99
"2010-07-27",19.35
"2010-07-28",19.48
"2010-07-29",19.24
"2010-07-30",19.46
"2010-08-02",20.04
"2010-08-03",19.75
"2010-08-04",20.09
"2010-08-05",20.05
"2010-08-06",22.29
"2010-08-09",22.2
"2010-08-10",22.18
"2010-08-11",21.52
"2010-08-12",21.51
"2010-08-13",21.44
"2010-08-16",21.35
"2010-08-17",22.01
"2010-08-18",22.06
"2010-08-19",21.55
"2010-08-20",21.07
"2010-08-23",21.27
"2010-08-24",20.58
"2010-08-25",21.06
"2010-08-26",21.27
"2010-08-27",21.67
"2010-08-30",21.04
"2010-08-31",21.01
"2010-09-01",22.07
"2010-09-02",22.2
"2010-09-03",22.4
"2010-09-07",22.16
"2010-09-08",21.83
"2010-09-09",22.03
"2010-09-10",22.
"2010-09-13",22.24
"2010-09-14",22.58
"2010-09-15",22.75
"2010-09-16",22.32
"2010-09-17",22.23
"2010-09-20",22.42
"2010-09-21",22.71
"2010-09-22",22.45
"2010-09-23",22.48
"2010-09-24",23.17
"2010-09-27",23.09
"2010-09-28",23.18
"2010-09-29",23.02
"2010-09-30",23.14
"2010-10-01",23.02
"2010-10-04",22.64
"2010-10-05",23.33
"2010-10-06",22.77
"2010-10-07",22.67
"2010-10-08",22.88
"2010-10-11",23.27
"2010-10-12",23.14
"2010-10-13",23.52
"2010-10-14",23.3
"2010-10-15",23.21
"2010-10-18",23.6
"2010-10-19",22.79
"2010-10-20",23.1
"2010-10-21",23.25
"2010-10-22",23.43
"2010-10-25",23.61
"2010-10-26",23.31
"2010-10-27",23.34
"2010-10-28",23.26
"2010-10-29",23.45
"2010-11-01",23.53
"2010-11-02",23.63
"2010-11-03",23.64
"2010-11-04",24.07
"2010-11-05",24.
"2010-11-08",23.77
"2010-11-09",23.74
"2010-11-10",23.94
"2010-11-11",24.07
"2010-11-12",23.94
"2010-11-15",23.75
"2010-11-16",23.21
"2010-11-17",23.38
"2010-11-18",23.96
"2010-11-19",23.98
"2010-11-22",24.
"2010-11-23",23.49
"2010-11-24",23.91
"2010-11-26",23.62
"2010-11-29",23.46
"2010-11-30",23.3
"2010-12-01",23.93
"2010-12-02",24.37
"2010-12-03",24.77
"2010-12-06",24.42
"2010-12-07",24.62
"2010-12-08",24.71
"2010-12-09",25.07
"2010-12-10",25.42
"2010-12-13",25.56
"2010-12-14",25.68
"2010-12-15",25.67
"2010-12-16",25.9
"2010-12-17",26.04
"2010-12-20",26.14
"2010-12-21",26.1
"2010-12-22",26.12
"2010-12-23",26.08
"2010-12-27",26.09
"2010-12-28",25.94
"2010-12-29",25.85
"2010-12-30",25.92
"2010-12-31",25.82
"2011-01-03",25.9
"2011-01-04",25.6
"2011-01-05",25.41
"2011-01-06",25.77
"2011-01-07",25.63
"2011-01-10",25.79
"2011-01-11",26.07
"2011-01-12",26.
"2011-01-13",25.81
"2011-01-14",25.54
"2011-01-18",25.63
"2011-01-19",25.18
"2011-01-20",24.84
"2011-01-21",24.72
"2011-01-24",24.95
"2011-01-25",25.14
"2011-01-26",25.58
"2011-01-27",26.01
"2011-01-28",25.57
"2011-01-31",25.58
"2011-02-01",26.
"2011-02-02",25.93
"2011-02-03",25.96
"2011-02-04",26.64
"2011-02-07",26.45
"2011-02-08",26.71
"2011-02-09",26.69
"2011-02-10",26.91
"2011-02-11",27.03
"2011-02-14",27.1
"2011-02-15",26.81
"2011-02-16",26.96
"2011-02-17",26.91
"2011-02-18",26.98
"2011-02-22",26.51
"2011-02-23",25.93
"2011-02-24",27.72
"2011-02-25",26.5
"2011-02-28",26.5
"2011-03-01",27.08
"2011-03-02",27.43
"2011-03-03",28.03
"2011-03-04",27.77
"2011-03-07",27.33
"2011-03-08",27.7
"2011-03-09",27.49
"2011-03-10",26.86
"2011-03-11",26.98
"2011-03-14",26.51
"2011-03-15",26.12
"2011-03-16",25.6
"2011-03-17",25.74
"2011-03-18",25.6
"2011-03-21",25.89
"2011-03-22",25.84
"2011-03-23",25.83
"2011-03-24",26.04
"2011-03-25",26.02
"2011-03-28",25.92
"2011-03-29",26.17
"2011-03-30",26.39
"2011-03-31",26.27
"2011-04-01",26.38
"2011-04-04",26.82
"2011-04-05",26.91
"2011-04-06",26.73
"2011-04-07",26.71
"2011-04-08",26.72
"2011-04-11",26.66
"2011-04-12",26.53
"2011-04-13",26.5
"2011-04-14",26.24
"2011-04-15",26.71
"2011-04-18",26.35
"2011-04-19",26.28
"2011-04-20",26.97
"2011-04-21",27.1
"2011-04-25",26.91
"2011-04-26",27.57
"2011-04-27",27.8
"2011-04-28",28.01
"2011-04-29",28.27
"2011-05-02",28.46
"2011-05-03",28.32
"2011-05-04",27.99
"2011-05-05",27.8
"2011-05-06",27.94
"2011-05-09",28.04
"2011-05-10",28.22
"2011-05-11",28.09
"2011-05-12",28.31
"2011-05-13",28.05
"2011-05-16",28.19
"2011-05-17",27.76
"2011-05-18",28.23
"2011-05-19",28.23
"2011-05-20",27.89
"2011-05-23",27.3
"2011-05-24",27.14
"2011-05-25",27.29
"2011-05-26",27.55
"2011-05-27",27.71
"2011-05-31",27.69
"2011-06-01",27.22
"2011-06-02",26.99
"2011-06-03",26.4
"2011-06-06",26.11
"2011-06-07",26.22
"2011-06-08",26.35
"2011-06-09",26.57
"2011-06-10",26.08
"2011-06-13",25.81
"2011-06-14",26.1
"2011-06-15",25.81
"2011-06-16",25.77
"2011-06-17",25.91
"2011-06-20",26.04
"2011-06-21",26.53
"2011-06-22",26.27
"2011-06-23",26.18
"2011-06-24",25.98
"2011-06-27",26.21
"2011-06-28",26.74
"2011-06-29",26.82
"2011-06-30",26.91
"2011-07-01",27.46
"2011-07-05",27.14
"2011-07-06",27.51
"2011-07-07",27.55
"2011-07-08",27.26
"2011-07-11",26.53
"2011-07-12",26.3
"2011-07-13",26.47
"2011-07-14",26.21
"2011-07-15",26.19
"2011-07-18",25.86
"2011-07-19",26.45
"2011-07-20",26.37
"2011-07-21",26.88
"2011-07-22",26.81
"2011-07-25",26.53
"2011-07-26",25.81
"2011-07-27",24.91
"2011-07-28",24.46
"2011-07-29",24.46
"2011-08-01",23.68
"2011-08-02",23.05
"2011-08-03",22.71
"2011-08-04",21.39
"2011-08-05",22.5
"2011-08-08",21.71
"2011-08-09",22.14
"2011-08-10",21.87
"2011-08-11",22.21
"2011-08-12",22.53
"2011-08-15",22.79
"2011-08-16",22.61
"2011-08-17",22.43
"2011-08-18",21.15
"2011-08-19",20.92
"2011-08-22",20.84
"2011-08-23",21.61
"2011-08-24",21.88
"2011-08-25",21.42
"2011-08-26",21.9
"2011-08-29",22.78
"2011-08-30",22.74
"2011-08-31",22.87
"2011-09-01",22.34
"2011-09-02",21.63
"2011-09-06",21.36
"2011-09-07",22.05
"2011-09-08",20.75
"2011-09-09",20.28
"2011-09-12",20.32
"2011-09-13",20.55
"2011-09-14",21.1
"2011-09-15",21.08
"2011-09-16",21.04
"2011-09-19",20.57
"2011-09-20",20.37
"2011-09-21",19.51
"2011-09-22",18.84
"2011-09-23",19.24
"2011-09-26",19.61
"2011-09-27",19.97
"2011-09-28",19.06
"2011-09-29",19.58
"2011-09-30",19.21
"2011-10-03",18.44
"2011-10-04",19.37
"2011-10-05",19.
"2011-10-06",19.55
"2011-10-07",17.93
"2011-10-10",18.39
"2011-10-11",18.77
"2011-10-12",18.99
"2011-10-13",18.75
"2011-10-14",19.21
"2011-10-17",18.61
"2011-10-18",19.01
"2011-10-19",18.78
"2011-10-20",18.98
"2011-10-21",19.39
"2011-10-24",20.02
"2011-10-25",19.58
"2011-10-26",19.41
"2011-10-27",20.03
"2011-10-28",21.61
"2011-10-31",20.67
"2011-11-01",19.71
"2011-11-02",19.8
"2011-11-03",20.63
"2011-11-04",19.56
"2011-11-07",20.1
"2011-11-08",20.39
"2011-11-09",19.36
"2011-11-10",19.35
"2011-11-11",19.56
"2011-11-14",19.45
"2011-11-15",19.6
"2011-11-16",19.21
"2011-11-17",18.79
"2011-11-18",18.84
"2011-11-21",18.35
"2011-11-22",17.92
"2011-11-23",17.56
"2011-11-25",17.49
"2011-11-28",18.11
"2011-11-29",17.9
"2011-11-30",18.92
"2011-12-01",18.95
"2011-12-02",19.
"2011-12-05",19.16
"2011-12-06",19.1
"2011-12-07",19.29
"2011-12-08",18.63
"2011-12-09",18.96
"2011-12-12",18.51
"2011-12-13",18.11
"2011-12-14",18.02
"2011-12-15",18.67
"2011-12-16",18.57
"2011-12-19",18.43
"2011-12-20",19.37
"2011-12-21",19.34
"2011-12-22",19.63
"2011-12-23",19.82
"2011-12-27",19.94
"2011-12-28",19.55
"2011-12-29",19.85
"2011-12-30",20.
"2012-01-03",20.6
"2012-01-04",20.37
"2012-01-05",20.53
"2012-01-06",21.12
"2012-01-09",21.24
"2012-01-10",21.76
"2012-01-11",22.03
"2012-01-12",22.37
"2012-01-13",22.32
"2012-01-17",22.7
"2012-01-18",23.16
"2012-01-19",23.39
"2012-01-20",23.34
"2012-01-23",23.22
"2012-01-24",23.84
"2012-01-25",24.12
"2012-01-26",23.81
"2012-01-27",23.99
"2012-01-30",23.82
"2012-01-31",23.98
"2012-02-01",24.96
"2012-02-02",24.69
"2012-02-03",26.23
"2012-02-06",26.
"2012-02-07",26.18
"2012-02-08",26.29
"2012-02-09",26.49
"2012-02-10",25.89
"2012-02-13",26.07
"2012-02-14",26.08
"2012-02-15",26.4
"2012-02-16",26.86
"2012-02-17",26.96
"2012-02-21",26.59
"2012-02-22",26.86
"2012-02-23",26.65
"2012-02-24",27.24
"2012-02-27",27.14
"2012-02-28",27.23
"2012-02-29",27.
"2012-03-01",26.99
"2012-03-02",26.74
"2012-03-05",26.57
"2012-03-06",25.86
"2012-03-07",26.21
"2012-03-08",26.61
"2012-03-09",26.76
"2012-03-12",26.45
"2012-03-13",27.21
"2012-03-14",27.02
"2012-03-15",27.31
"2012-03-16",27.3
"2012-03-19",27.34
"2012-03-20",27.22
"2012-03-21",27.16
"2012-03-22",27.05
"2012-03-23",27.33
"2012-03-26",27.84
"2012-03-27",27.85
"2012-03-28",27.58
"2012-03-29",27.67
"2012-03-30",27.66
"2012-04-02",27.97
"2012-04-03",27.7
"2012-04-04",27.36
"2012-04-05",27.35
"2012-04-09",26.75
"2012-04-10",25.99
"2012-04-11",26.43
"2012-04-12",26.9
"2012-04-13",26.26
"2012-04-16",26.15
"2012-04-17",26.79
"2012-04-18",26.56
"2012-04-19",26.39
"2012-04-20",26.51
"2012-04-23",26.26
"2012-04-24",25.88
"2012-04-25",26.74
"2012-04-26",26.84
"2012-04-27",27.55
"2012-04-30",27.6
"2012-05-01",27.93
"2012-05-02",28.08
"2012-05-03",27.97
"2012-05-04",27.36
"2012-05-07",27.53
"2012-05-08",27.37
"2012-05-09",27.01
"2012-05-10",27.11
"2012-05-11",27.1
"2012-05-14",26.71
"2012-05-15",26.44
"2012-05-16",26.1
"2012-05-17",25.94
"2012-05-18",25.57
"2012-05-21",26.21
"2012-05-22",26.21
"2012-05-23",26.23
"2012-05-24",26.52
"2012-05-25",26.4
"2012-05-29",27.
"2012-05-30",26.65
"2012-05-31",26.6
"2012-06-01",25.8
"2012-06-04",25.36
"2012-06-05",25.52
"2012-06-06",26.08
"2012-06-07",26.08
"2012-06-08",26.02
"2012-06-11",25.55
"2012-06-12",25.85
"2012-06-13",25.63
"2012-06-14",25.43
"2012-06-15",25.56
"2012-06-18",25.66
"2012-06-19",26.41
"2012-06-20",26.37
"2012-06-21",25.62
"2012-06-22",25.65
"2012-06-25",24.82
"2012-06-26",24.83
"2012-06-27",25.19
"2012-06-28",25.07
"2012-06-29",25.8
"2012-07-02",25.88
"2012-07-03",26.28
"2012-07-05",26.12
"2012-07-06",25.38
"2012-07-09",24.9
"2012-07-10",24.44
"2012-07-11",24.25
"2012-07-12",24.19
"2012-07-13",24.52
"2012-07-16",24.38
"2012-07-17",24.51
"2012-07-18",25.09
"2012-07-19",25.26
"2012-07-20",24.85
"2012-07-23",24.4
"2012-07-24",23.88
"2012-07-25",24.39
"2012-07-26",24.88
"2012-07-27",25.74
"2012-07-30",25.62
"2012-07-31",25.55
"2012-08-01",25.4
"2012-08-02",24.83
"2012-08-03",26.78
"2012-08-06",27.34
"2012-08-07",28.02
"2012-08-08",28.
"2012-08-09",27.96
"2012-08-10",27.82
"2012-08-13",27.81
"2012-08-14",27.51
"2012-08-15",27.56
"2012-08-16",27.3
"2012-08-17",27.37
"2012-08-20",27.19
"2012-08-21",27.54
"2012-08-22",27.53
"2012-08-23",27.41
"2012-08-24",27.29
"2012-08-27",27.21
"2012-08-28",26.99
"2012-08-29",26.81
"2012-08-30",26.95
"2012-08-31",27.3
"2012-09-04",27.56
"2012-09-05",27.58
"2012-09-06",28.29
"2012-09-07",28.55
"2012-09-10",28.45
"2012-09-11",28.78
"2012-09-12",28.73
"2012-09-13",29.4
"2012-09-14",30.36
"2012-09-17",30.09
"2012-09-18",30.18
"2012-09-19",30.08
"2012-09-20",30.15
"2012-09-21",30.05
"2012-09-24",29.82
"2012-09-25",29.61
"2012-09-26",29.36
"2012-09-27",29.55
"2012-09-28",29.47
"2012-10-01",29.41
"2012-10-02",29.48
"2012-10-03",29.8
"2012-10-04",30.2
"2012-10-05",30.4
"2012-10-08",30.3
"2012-10-09",29.71
"2012-10-10",29.39
"2012-10-11",29.53
"2012-10-12",29.69
"2012-10-15",29.83
"2012-10-16",30.31
"2012-10-17",30.48
"2012-10-18",29.43
"2012-10-19",28.57
"2012-10-22",28.47
"2012-10-23",27.84
"2012-10-24",28.36
"2012-10-25",28.5
"2012-10-26",31.29
"2012-10-31",30.93
"2012-11-01",31.63
"2012-11-02",31.28
"2012-11-05",31.48
"2012-11-06",31.42
"2012-11-07",31.18
"2012-11-08",30.67
"2012-11-09",30.71
"2012-11-12",30.46
"2012-11-13",30.52
"2012-11-14",30.14
"2012-11-15",30.06
"2012-11-16",30.19
"2012-11-19",30.58
"2012-11-20",30.9
"2012-11-21",30.9
"2012-11-23",31.48
"2012-11-26",31.19
"2012-11-27",30.96
"2012-11-28",31.18
"2012-11-29",31.42
"2012-11-30",31.65
"2012-12-03",31.41
"2012-12-04",31.26
"2012-12-05",31.1
"2012-12-06",30.89
"2012-12-07",30.78
"2012-12-10",31.18
"2012-12-11",31.64
"2012-12-12",31.42
"2012-12-13",31.39
"2012-12-14",31.43
"2012-12-17",31.91
"2012-12-18",32.29
"2012-12-19",31.79
"2012-12-20",32.05
"2012-12-21",31.52
"2012-12-24",31.63
"2012-12-26",31.35
"2012-12-27",31.4
"2012-12-28",31.03
"2012-12-31",31.74
"2013-01-02",32.09
"2013-01-03",32.
"2013-01-04",33.17
"2013-01-07",33.07
"2013-01-08",33.02
"2013-01-09",34.36
"2013-01-10",34.7
"2013-01-11",34.45
"2013-01-14",34.21
"2013-01-15",34.16
"2013-01-16",34.
"2013-01-17",34.5
"2013-01-18",35.15
"2013-01-22",35.45
"2013-01-23",35.29
"2013-01-24",35.26
"2013-01-25",35.66
"2013-01-28",35.38
"2013-01-29",35.27
"2013-01-30",34.97
"2013-01-31",35.24
"2013-02-01",33.74
"2013-02-04",33.51
"2013-02-05",34.06
"2013-02-06",34.48
"2013-02-07",34.49
"2013-02-08",34.75
"2013-02-11",34.62
"2013-02-12",34.52
"2013-02-13",34.57
"2013-02-14",34.53
"2013-02-15",34.13
"2013-02-19",34.23
"2013-02-20",33.35
"2013-02-21",32.99
"2013-02-22",33.24
"2013-02-25",32.79
"2013-02-26",33.83
"2013-02-27",34.33
"2013-02-28",34.17
"2013-03-01",34.66
"2013-03-04",34.38
"2013-03-05",34.82
"2013-03-06",34.88
"2013-03-07",35.3
"2013-03-08",35.56
"2013-03-11",35.86
"2013-03-12",35.46
"2013-03-13",35.39
"2013-03-14",35.26
"2013-03-15",35.25
"2013-03-18",34.91
"2013-03-19",35.
"2013-03-20",35.02
"2013-03-21",34.32
"2013-03-22",34.02
"2013-03-25",33.37
"2013-03-26",33.61
"2013-03-27",33.2
"2013-03-28",33.64
"2013-04-01",33.44
"2013-04-02",33.85
"2013-04-03",33.61
"2013-04-04",33.7
"2013-04-05",33.36
"2013-04-08",33.6
"2013-04-09",34.22
"2013-04-10",34.71
"2013-04-11",34.95
"2013-04-12",34.91
"2013-04-15",33.93
"2013-04-16",34.62
"2013-04-17",34.09
"2013-04-18",33.54
"2013-04-19",33.09
"2013-04-22",33.26
"2013-04-23",33.86
"2013-04-24",33.93
"2013-04-25",34.47
"2013-04-26",30.35
"2013-04-29",30.6
"2013-04-30",30.65
"2013-05-01",30.82
"2013-05-02",30.55
"2013-05-03",30.92
"2013-05-06",31.
"2013-05-07",31.71
"2013-05-08",32.21
"2013-05-09",32.28
"2013-05-10",32.69
"2013-05-13",32.42
"2013-05-14",32.4
"2013-05-15",32.68
"2013-05-16",31.98
"2013-05-17",32.19
"2013-05-20",32.23
"2013-05-21",32.54
"2013-05-22",31.82
"2013-05-23",31.76
"2013-05-24",31.73
"2013-05-28",32.03
"2013-05-29",31.75
"2013-05-30",31.76
"2013-05-31",31.32
"2013-06-03",31.86
"2013-06-04",32.03
"2013-06-05",31.95
"2013-06-06",32.31
"2013-06-07",32.68
"2013-06-10",32.82
"2013-06-11",32.28
"2013-06-12",32.59
"2013-06-13",33.42
"2013-06-14",33.04
"2013-06-17",33.85
"2013-06-18",34.41
"2013-06-19",33.66
"2013-06-20",32.76
"2013-06-21",33.49
"2013-06-24",32.74
"2013-06-25",32.74
"2013-06-26",32.76
"2013-06-27",32.87
"2013-06-28",32.5
"2013-07-01",32.74
"2013-07-02",32.53
"2013-07-03",32.39
"2013-07-05",32.82
"2013-07-08",33.14
"2013-07-09",33.67
"2013-07-10",33.83
"2013-07-11",33.99
"2013-07-12",33.81
"2013-07-15",33.96
"2013-07-16",33.38
"2013-07-17",33.29
"2013-07-18",33.71
"2013-07-19",34.08
"2013-07-22",34.16
"2013-07-23",33.72
"2013-07-24",33.8
"2013-07-25",33.96
"2013-07-26",34.12
"2013-07-29",34.26
"2013-07-30",34.38
"2013-07-31",34.09
"2013-08-01",35.07
"2013-08-02",36.41
"2013-08-05",36.36
"2013-08-06",36.3
"2013-08-07",36.56
"2013-08-08",36.59
"2013-08-09",36.92
"2013-08-12",37.5
"2013-08-13",37.63
"2013-08-14",37.4
"2013-08-15",36.76
"2013-08-16",36.47
"2013-08-19",36.5
"2013-08-20",36.25
"2013-08-21",36.38
"2013-08-22",36.39
"2013-08-23",36.77
"2013-08-26",36.77
"2013-08-27",36.02
"2013-08-28",36.
"2013-08-29",36.04
"2013-08-30",35.97
"2013-09-03",36.35
"2013-09-04",36.64
"2013-09-05",36.9
"2013-09-06",36.98
"2013-09-09",37.42
"2013-09-10",37.7
"2013-09-11",37.95
"2013-09-12",37.51
"2013-09-13",37.69
"2013-09-16",37.94
"2013-09-17",38.54
"2013-09-18",38.63
"2013-09-19",38.58
"2013-09-20",38.24
"2013-09-23",37.86
"2013-09-24",37.82
"2013-09-25",37.57
"2013-09-26",38.11
"2013-09-27",38.11
"2013-09-30",37.75
"2013-10-01",37.95
"2013-10-02",37.86
"2013-10-03",37.5
"2013-10-04",37.78
"2013-10-07",37.24
"2013-10-08",36.69
"2013-10-09",36.33
"2013-10-10",37.03
"2013-10-11",37.26
"2013-10-14",37.23
"2013-10-15",36.49
"2013-10-16",36.65
"2013-10-17",37.7
"2013-10-18",37.77
"2013-10-21",37.67
"2013-10-22",37.71
"2013-10-23",37.94
"2013-10-24",38.21
"2013-10-25",38.59
"2013-10-28",38.38
"2013-10-29",38.71
"2013-10-30",38.26
"2013-10-31",38.04
"2013-11-01",37.96
"2013-11-04",37.96
"2013-11-05",37.29
"2013-11-06",36.85
"2013-11-07",36.41
"2013-11-08",37.1
"2013-11-11",37.01
"2013-11-12",37.09
"2013-11-13",37.16
"2013-11-14",37.53
"2013-11-15",38.3
"2013-11-18",37.89
"2013-11-19",37.94
"2013-11-20",37.9
"2013-11-21",38.25
"2013-11-22",38.
"2013-11-25",37.84
"2013-11-26",38.
"2013-11-27",38.18
"2013-11-29",38.04
"2013-12-02",37.77
"2013-12-03",37.38
"2013-12-04",37.48
"2013-12-05",37.53
"2013-12-06",38.14
"2013-12-09",38.69
"2013-12-10",39.61
"2013-12-11",38.87
"2013-12-12",39.06
"2013-12-13",38.97
"2013-12-16",39.25
"2013-12-17",39.07
"2013-12-18",40.21
"2013-12-19",40.45
"2013-12-20",40.64
"2013-12-23",41.05
"2013-12-24",41.12
"2013-12-26",41.08
"2013-12-27",41.18
"2013-12-30",41.35
"2013-12-31",41.23
"2014-01-02",40.94
"2014-01-03",41.21
"2014-01-06",41.69
"2014-01-07",42.11
"2014-01-08",42.7
"2014-01-09",43.43
"2014-01-10",43.18
"2014-01-13",42.35
"2014-01-14",42.75
"2014-01-15",42.98
"2014-01-16",43.23
"2014-01-17",43.01
"2014-01-21",43.12
"2014-01-22",43.04
"2014-01-23",42.49
"2014-01-24",41.18
"2014-01-27",41.06
"2014-01-28",42.71
"2014-01-29",42.6
"2014-01-30",44.04
"2014-01-31",43.6
"2014-02-03",43.03
"2014-02-04",42.84
"2014-02-05",42.67
"2014-02-06",42.86
"2014-02-07",43.78
"2014-02-10",43.54
"2014-02-11",43.99
"2014-02-12",44.17
"2014-02-13",44.27
"2014-02-14",43.98
"2014-02-18",43.67
"2014-02-19",42.99
"2014-02-20",44.05
"2014-02-21",43.72
"2014-02-24",44.15
"2014-02-25",44.27
"2014-02-26",44.63
"2014-02-27",45.3
"2014-02-28",45.32
"2014-03-03",44.78
"2014-03-04",45.4
"2014-03-05",45.82
"2014-03-06",46.09
"2014-03-07",45.84
"2014-03-10",45.5
"2014-03-11",44.99
"2014-03-12",45.37
"2014-03-13",44.61
"2014-03-14",44.75
"2014-03-17",45.4
"2014-03-18",45.91
"2014-03-19",45.9
"2014-03-20",46.21
"2014-03-21",45.67
"2014-03-24",45.07
"2014-03-25",44.75
"2014-03-26",44.65
"2014-03-27",44.33
"2014-03-28",44.53
"2014-03-31",45.06
"2014-04-01",45.45
"2014-04-02",46.15
"2014-04-03",46.2
"2014-04-04",45.66
"2014-04-07",44.97
"2014-04-08",45.04
"2014-04-09",45.68
"2014-04-10",44.41
"2014-04-11",43.8
"2014-04-14",44.12
"2014-04-15",44.03
"2014-04-16",44.19
"2014-04-17",44.27
"2014-04-21",44.76
"2014-04-22",44.34
"2014-04-23",44.54
"2014-04-24",44.31
"2014-04-25",43.01
"2014-04-28",42.14
"2014-04-29",42.14
"2014-04-30",41.97
"2014-05-01",42.32
"2014-05-02",42.44
"2014-05-05",43.95
"2014-05-06",43.21
"2014-05-07",43.3
"2014-05-08",43.22
"2014-05-09",43.62
"2014-05-12",44.34
"2014-05-13",44.47
"2014-05-14",43.78
"2014-05-15",42.91
"2014-05-16",43.38
"2014-05-19",43.61
"2014-05-20",43.4
"2014-05-21",43.57
"2014-05-22",44.07
"2014-05-23",44.14
"2014-05-27",44.25
"2014-05-28",44.44
"2014-05-29",44.82
"2014-05-30",44.97
"2014-06-02",45.53
"2014-06-03",46.17
"2014-06-04",46.25
"2014-06-05",46.75
"2014-06-06",47.52
"2014-06-09",47.01
"2014-06-10",46.88
"2014-06-11",46.66
"2014-06-12",46.39
"2014-06-13",46.41
"2014-06-16",46.04
"2014-06-17",46.34
"2014-06-18",47.
"2014-06-19",46.82
"2014-06-20",47.11
"2014-06-23",46.91
"2014-06-24",46.58
"2014-06-25",46.73
"2014-06-26",46.75
"2014-06-27",46.79
"2014-06-30",46.84
"2014-07-01",47.61
"2014-07-02",47.68
"2014-07-03",48.25
"2014-07-07",47.46
"2014-07-08",46.8
"2014-07-09",46.86
"2014-07-10",46.69
"2014-07-11",46.6
"2014-07-14",46.79
"2014-07-15",46.25
"2014-07-16",46.1
"2014-07-17",46.02
"2014-07-18",46.69
"2014-07-21",47.08
"2014-07-22",47.65
"2014-07-23",47.65
"2014-07-24",47.72
"2014-07-25",47.82
"2014-07-28",47.38
"2014-07-29",47.15
"2014-07-30",47.14
"2014-07-31",46.22
"2014-08-01",44.54
"2014-08-04",44.81
"2014-08-05",44.76
"2014-08-06",44.78
"2014-08-07",44.66
"2014-08-08",44.95
"2014-08-11",44.65
"2014-08-12",44.87
"2014-08-13",45.27
"2014-08-14",45.61
"2014-08-15",45.33
"2014-08-18",45.86
"2014-08-19",45.6
"2014-08-20",45.15
"2014-08-21",45.12
"2014-08-22",44.89
"2014-08-25",45.2
"2014-08-26",45.07
"2014-08-27",44.69
"2014-08-28",44.71
"2014-08-29",44.85
"2014-09-02",44.89
"2014-09-03",44.95
"2014-09-04",45.04
"2014-09-05",45.2
"2014-09-08",45.44
"2014-09-09",44.98
"2014-09-10",45.08
"2014-09-11",44.92
"2014-09-12",44.67
"2014-09-15",44.15
"2014-09-16",43.75
"2014-09-17",44.3
"2014-09-18",44.35
"2014-09-19",44.04
"2014-09-22",44.24
"2014-09-23",43.78
"2014-09-24",44.44
"2014-09-25",43.51
"2014-09-26",43.75
"2014-09-29",43.99
"2014-09-30",43.6
"2014-10-01",42.85
"2014-10-02",42.4
"2014-10-03",42.8
"2014-10-06",42.88
"2014-10-07",42.23
"2014-10-08",43.18
"2014-10-09",42.43
"2014-10-10",41.18
"2014-10-13",39.83
"2014-10-14",40.4
"2014-10-15",39.85
"2014-10-16",40.07
"2014-10-17",40.
"2014-10-20",40.07
"2014-10-21",41.69
"2014-10-22",40.23
"2014-10-23",41.13
"2014-10-24",41.72
"2014-10-27",41.79
"2014-10-28",42.84
"2014-10-29",42.62
"2014-10-30",43.39
"2014-10-31",43.42
"2014-11-03",43.81
"2014-11-04",44.08
"2014-11-05",44.07
"2014-11-06",44.66
"2014-11-07",43.81
"2014-11-10",44.02
"2014-11-11",43.99
"2014-11-12",43.78
"2014-11-13",43.54
"2014-11-14",43.65
"2014-11-17",43.39
"2014-11-18",43.86
"2014-11-19",43.73
"2014-11-20",44.
"2014-11-21",45.33
"2014-11-24",45.49
"2014-11-25",45.76
"2014-11-26",45.64
"2014-11-28",45.47
"2014-12-01",45.38
"2014-12-02",44.95
"2014-12-03",44.85
"2014-12-04",44.55
"2014-12-05",44.07
"2014-12-08",43.49
"2014-12-09",43.
"2014-12-10",42.02
"2014-12-11",42.07
"2014-12-12",41.73
"2014-12-15",41.41
"2014-12-16",40.95
"2014-12-17",42.36
"2014-12-18",43.12
"2014-12-19",43.77
"2014-12-22",44.24
"2014-12-23",44.05
"2014-12-24",43.99
"2014-12-26",44.07
"2014-12-29",43.93
"2014-12-30",44.08
"2014-12-31",43.73
"2015-01-02",44.09
"2015-01-05",43.05
"2015-01-06",42.66
"2015-01-07",42.92
"2015-01-08",44.
"2015-01-09",43.55
"2015-01-12",43.44
"2015-01-13",43.39
"2015-01-14",42.95
"2015-01-15",42.8
"2015-01-16",43.37
"2015-01-20",43.03
"2015-01-21",43.39
"2015-01-22",43.84
"2015-01-23",44.29
"2015-01-26",44.44
"2015-01-27",43.94
"2015-01-28",44.49
"2015-01-29",44.86
"2015-01-30",45.71
"2015-02-02",45.59
"2015-02-03",46.83
"2015-02-04",45.99
"2015-02-05",46.59
"2015-02-06",45.98
"2015-02-09",45.48
"2015-02-10",45.87
"2015-02-11",45.93
"2015-02-12",46.4
"2015-02-13",46.3
"2015-02-17",46.32
"2015-02-18",46.37
"2015-02-19",45.93
"2015-02-20",46.57
"2015-02-23",46.76
"2015-02-24",47.18
"2015-02-25",46.96
"2015-02-26",47.
"2015-02-27",47.
"2015-03-02",47.15
"2015-03-03",46.9
"2015-03-04",46.5
"2015-03-05",47.28
"2015-03-06",46.57
"2015-03-09",46.45
"2015-03-10",46.23
"2015-03-11",46.75
"2015-03-12",47.24
"2015-03-13",47.45
"2015-03-16",48.3
"2015-03-17",48.53
"2015-03-18",49.29
"2015-03-19",49.85
"2015-03-20",50.21
"2015-03-23",50.49
"2015-03-24",50.51
"2015-03-25",50.5
"2015-03-26",50.51
"2015-03-27",51.09
"2015-03-30",51.47
"2015-03-31",51.14
"2015-04-01",50.6
"2015-04-02",50.75
"2015-04-06",50.88
"2015-04-07",50.55
"2015-04-08",51.21
"2015-04-09",51.25
"2015-04-10",51.54
"2015-04-13",51.55
"2015-04-14",51.17
"2015-04-15",51.36
"2015-04-16",51.43
"2015-04-17",50.99
"2015-04-20",51.51
"2015-04-21",51.71
"2015-04-22",51.69
"2015-04-23",51.57
"2015-04-24",51.65
"2015-04-27",51.54
"2015-04-28",51.76
"2015-04-29",51.76
"2015-04-30",51.26
"2015-05-01",52.55
"2015-05-04",52.06
"2015-05-05",51.21
"2015-05-06",50.3
"2015-05-07",50.45
"2015-05-08",50.75
"2015-05-11",51.12
"2015-05-12",51.
"2015-05-13",51.27
"2015-05-14",51.78
"2015-05-15",52.16
"2015-05-18",52.35
"2015-05-19",52.81
"2015-05-20",53.58
"2015-05-21",53.39
"2015-05-22",53.39
"2015-05-26",52.74
"2015-05-27",53.46
"2015-05-28",53.09
"2015-05-29",52.73
"2015-06-01",52.57
"2015-06-02",52.61
"2015-06-03",52.85
"2015-06-04",52.45
"2015-06-05",52.38
"2015-06-08",52.05
"2015-06-09",51.74
"2015-06-10",52.6
"2015-06-11",52.74
"2015-06-12",52.06
"2015-06-15",52.04
"2015-06-16",52.47
"2015-06-17",53.07
"2015-06-18",53.88
"2015-06-19",53.9
"2015-06-22",53.97
"2015-06-23",53.76
"2015-06-24",53.52
"2015-06-25",54.01
"2015-06-26",54.29
"2015-06-29",52.83
"2015-06-30",52.64
"2015-07-01",52.49
"2015-07-02",52.24
"2015-07-06",52.21
"2015-07-07",52.18
"2015-07-08",50.99
"2015-07-09",51.02
"2015-07-10",51.53
"2015-07-13",52.03
"2015-07-14",53.
"2015-07-15",52.53
"2015-07-16",52.35
"2015-07-17",52.28
"2015-07-20",52.25
"2015-07-21",51.89
"2015-07-22",51.9
"2015-07-23",51.63
"2015-07-24",50.89
"2015-07-27",50.43
"2015-07-28",50.7
"2015-07-29",50.75
"2015-07-30",51.42
"2015-07-31",52.92
"2015-08-03",52.5
"2015-08-04",52.92
"2015-08-05",52.85
"2015-08-06",51.62
"2015-08-07",51.2
"2015-08-10",51.59
"2015-08-11",50.7
"2015-08-12",50.08
"2015-08-13",50.33
"2015-08-14",50.52
"2015-08-17",50.33
"2015-08-18",50.54
"2015-08-19",49.81
"2015-08-20",49.14
"2015-08-21",47.71
"2015-08-24",45.95
"2015-08-25",46.02
"2015-08-26",48.04
"2015-08-27",49.44
"2015-08-28",49.48
"2015-08-31",48.68
"2015-09-01",46.42
"2015-09-02",47.56
"2015-09-03",47.95
"2015-09-04",47.35
"2015-09-08",48.23
"2015-09-09",47.35
"2015-09-10",47.45
"2015-09-11",47.94
"2015-09-14",47.76
"2015-09-15",48.41
"2015-09-16",48.63
"2015-09-17",49.03
"2015-09-18",47.37
"2015-09-21",46.84
"2015-09-22",46.48
"2015-09-23",46.52
"2015-09-24",45.93
"2015-09-25",45.75
"2015-09-28",44.45
"2015-09-29",45.29
"2015-09-30",45.96
"2015-10-01",45.43
"2015-10-02",46.43
"2015-10-05",46.8
"2015-10-06",46.74
"2015-10-07",47.53
"2015-10-08",47.88
"2015-10-09",48.19
"2015-10-12",48.21
"2015-10-13",47.59
"2015-10-14",47.16
"2015-10-15",48.25
"2015-10-16",48.59
"2015-10-19",48.88
"2015-10-20",48.97
"2015-10-21",48.8
"2015-10-22",48.99
"2015-10-23",50.32
"2015-10-26",49.87
"2015-10-27",50.07
"2015-10-28",50.99
"2015-10-29",51.15
"2015-10-30",51.64
"2015-11-02",52.91
"2015-11-03",52.93
"2015-11-04",53.21
"2015-11-05",52.43
"2015-11-06",51.94
"2015-11-09",51.65
"2015-11-10",52.18
"2015-11-11",51.51
"2015-11-12",50.68
"2015-11-13",50.64
"2015-11-16",51.01
"2015-11-17",51.57
"2015-11-18",52.59
"2015-11-19",52.63
"2015-11-20",52.67
"2015-11-23",52.83
"2015-11-24",52.54
"2015-11-25",53.16
"2015-11-27",53.58
"2015-11-30",53.16
"2015-12-01",53.66
"2015-12-02",52.56
"2015-12-03",50.89
"2015-12-04",52.25
"2015-12-07",51.41
"2015-12-08",50.69
"2015-12-09",50.25
"2015-12-10",50.38
"2015-12-11",50.28
"2015-12-14",51.01
"2015-12-15",51.39
"2015-12-16",52.62
"2015-12-17",51.94
"2015-12-18",50.87
"2015-12-21",51.55
"2015-12-22",52.63
"2015-12-23",53.06
"2015-12-24",53.44
"2015-12-28",53.54
"2015-12-29",54.36
"2015-12-30",53.93
"2015-12-31",53.57
"2016-01-04",52.43
"2016-01-05",53.01
"2016-01-06",52.25
"2016-01-07",50.06
"2016-01-08",49.32
"2016-01-11",47.75
"2016-01-12",48.55
"2016-01-13",47.09
"2016-01-14",48.1
"2016-01-15",47.41
"2016-01-19",47.77
"2016-01-20",48.16
"2016-01-21",47.52
"2016-01-22",49.13
"2016-01-25",48.39
"2016-01-26",48.93
"2016-01-27",48.61
"2016-01-28",46.97
"2016-01-29",48.32
"2016-02-01",48.23
"2016-02-02",47.53
"2016-02-03",46.8
"2016-02-04",46.58
"2016-02-05",43.26
"2016-02-08",41.45
"2016-02-09",42.47
"2016-02-10",43.99
"2016-02-11",43.41
"2016-02-12",44.41
"2016-02-16",45.67
"2016-02-17",45.7
"2016-02-18",45.68
"2016-02-19",46.97
"2016-02-22",47.79
"2016-02-23",47.2
"2016-02-24",47.37
"2016-02-25",47.62
"2016-02-26",47.95
"2016-02-29",47.26
"2016-03-01",47.96
"2016-03-02",49.16
"2016-03-03",48.94
"2016-03-04",48.82
"2016-03-07",48.87
"2016-03-08",47.63
"2016-03-09",47.79
"2016-03-10",47.64
"2016-03-11",48.71
"2016-03-14",48.52
"2016-03-15",47.7
"2016-03-16",47.95
"2016-03-17",47.51
"2016-03-18",48.93
"2016-03-21",48.45
"2016-03-22",48.68
"2016-03-23",48.65
"2016-03-24",48.42
"2016-03-28",48.3
"2016-03-29",49.33
"2016-03-30",49.34
"2016-03-31",49.46
"2016-04-01",50.34
"2016-04-04",50.16
"2016-04-05",48.58
"2016-04-06",50.27
"2016-04-07",49.26
"2016-04-08",50.
"2016-04-11",49.8
"2016-04-12",49.9
"2016-04-13",50.71
"2016-04-14",50.64
"2016-04-15",50.88
"2016-04-18",51.33
"2016-04-19",50.74
"2016-04-20",51.35
"2016-04-21",51.42
"2016-04-22",51.59
"2016-04-25",51.41
"2016-04-26",50.96
"2016-04-27",51.46
"2016-04-28",50.84
"2016-04-29",50.42
"2016-05-02",51.66
"2016-05-03",51.41
"2016-05-04",50.23
"2016-05-05",50.76
"2016-05-06",54.23
"2016-05-09",53.96
"2016-05-10",54.91
"2016-05-11",54.48
"2016-05-12",54.48
"2016-05-13",54.45
"2016-05-16",54.95
"2016-05-17",54.42
"2016-05-18",54.23
"2016-05-19",53.97
"2016-05-20",53.95
"2016-05-23",53.9
"2016-05-24",54.98
"2016-05-25",55.56
"2016-05-26",54.97
"2016-05-27",54.99
"2016-05-31",54.75
"2016-06-01",54.82
"2016-06-02",54.92
"2016-06-03",54.58
"2016-06-06",54.64
"2016-06-07",54.34
"2016-06-08",54.99
"2016-06-09",54.29
"2016-06-10",53.69
"2016-06-13",53.1
"2016-06-14",53.25
"2016-06-15",52.9
"2016-06-16",52.73
"2016-06-17",52.35
"2016-06-20",53.15
"2016-06-21",52.93
"2016-06-22",53.24
"2016-06-23",54.23
"2016-06-24",51.87
"2016-06-27",50.44
"2016-06-28",50.86
"2016-06-29",51.62
"2016-06-30",52.42
"2016-07-01",52.66
"2016-07-05",52.05
"2016-07-06",52.45
"2016-07-07",52.59
"2016-07-08",53.95
"2016-07-11",53.96
"2016-07-12",54.75
"2016-07-13",55.67
"2016-07-14",55.89
"2016-07-15",55.38
"2016-07-18",55.23
"2016-07-19",55.08
"2016-07-20",55.65
"2016-07-21",55.19
"2016-07-22",55.33
"2016-07-25",54.79
"2016-07-26",55.44
"2016-07-27",55.81
"2016-07-28",55.59
"2016-07-29",56.92
"2016-08-01",56.69
"2016-08-02",55.91
"2016-08-03",55.75
"2016-08-04",55.72
"2016-08-05",54.85
"2016-08-08",54.59
"2016-08-09",54.72
"2016-08-10",54.54
"2016-08-11",54.72
"2016-08-12",54.41
"2016-08-15",54.61
"2016-08-16",54.71
"2016-08-17",54.91
"2016-08-18",54.96
"2016-08-19",55.3
"2016-08-22",55.1
"2016-08-23",55.94
"2016-08-24",54.09
"2016-08-25",54.08
"2016-08-26",54.07
"2016-08-29",54.41
"2016-08-30",53.76
"2016-08-31",53.25
"2016-09-01",53.26
"2016-09-02",53.46
"2016-09-06",53.77
"2016-09-07",54.48
"2016-09-08",54.85
"2016-09-09",52.75
"2016-09-12",53.03
"2016-09-13",51.97
"2016-09-14",51.94
"2016-09-15",53.16
"2016-09-16",53.32
"2016-09-19",53.82
"2016-09-20",53.32
"2016-09-21",54.29
"2016-09-22",55.61
"2016-09-23",55.53
"2016-09-26",55.23
"2016-09-27",56.03
"2016-09-28",56.16
"2016-09-29",55.14
"2016-09-30",56.11
"2016-10-03",55.59
"2016-10-04",55.77
"2016-10-05",56.42
"2016-10-06",56.43
"2016-10-07",55.7
"2016-10-10",55.46
"2016-10-11",53.82
"2016-10-12",52.88
"2016-10-13",52.06
"2016-10-14",52.11
"2016-10-17",51.81
"2016-10-18",52.49
"2016-10-19",52.81
"2016-10-20",52.93
"2016-10-21",52.69
"2016-10-24",53.08
"2016-10-25",51.16
"2016-10-26",50.61
"2016-10-27",50.91
"2016-10-28",50.8
"2016-10-31",50.89
"2016-11-01",50.52
"2016-11-02",50.02
"2016-11-03",50.17
"2016-11-04",51.07
"2016-11-07",51.87
"2016-11-08",50.72
"2016-11-09",50.79
"2016-11-10",51.21
"2016-11-11",50.9
"2016-11-14",50.27
"2016-11-15",50.92
"2016-11-16",51.46
"2016-11-17",50.94
"2016-11-18",49.95
"2016-11-21",50.58
"2016-11-22",50.66
"2016-11-23",51.91
"2016-11-25",51.54
"2016-11-28",50.94
"2016-11-29",51.17
"2016-11-30",50.72
"2016-12-01",50.74
"2016-12-02",50.99
"2016-12-05",51.15
"2016-12-06",52.1
"2016-12-07",52.74
"2016-12-08",53.05
"2016-12-09",53.56
"2016-12-12",53.56
"2016-12-13",54.01
"2016-12-14",53.56
"2016-12-15",53.99
"2016-12-16",53.87
"2016-12-19",53.44
"2016-12-20",53.52
"2016-12-21",53.09
"2016-12-22",52.34
"2016-12-23",52.66
"2016-12-27",52.68
"2016-12-28",52.19
"2016-12-29",52.18
"2016-12-30",52.15
"2017-01-03",52.99
"2017-01-04",53.3
"2017-01-05",52.73
"2017-01-06",53.11
"2017-01-09",53.55
"2017-01-10",53.34
"2017-01-11",53.04
"2017-01-12",52.96
"2017-01-13",53.9
"2017-01-17",52.93
"2017-01-18",52.43
"2017-01-19",52.12
"2017-01-20",51.71
"2017-01-23",51.69
"2017-01-24",51.57
"2017-01-25",52.28
"2017-01-26",52.06
"2017-01-27",52.32
"2017-01-30",51.8
"2017-01-31",53.19
"2017-02-01",53.76
"2017-02-02",53.85
"2017-02-03",52.17
"2017-02-06",52.32
"2017-02-07",52.69
"2017-02-08",53.21
"2017-02-09",53.73
"2017-02-10",53.97
"2017-02-13",54.39
"2017-02-14",54.4
"2017-02-15",55.55
"2017-02-16",55.32
"2017-02-17",55.94
"2017-02-21",55.66
"2017-02-22",55.2
"2017-02-23",55.11
"2017-02-24",55.04
"2017-02-27",54.99
"2017-02-28",54.26
"2017-03-01",55.25
"2017-03-02",54.62
"2017-03-03",54.94
"2017-03-06",54.28
"2017-03-07",54.08
"2017-03-08",54.39
"2017-03-09",54.77
"2017-03-10",55.59
"2017-03-13",55.84
"2017-03-14",55.82
"2017-03-15",56.82
"2017-03-16",56.12
"2017-03-17",57.27
"2017-03-20",57.14
"2017-03-21",57.27
"2017-03-22",57.19
"2017-03-23",57.59
"2017-03-24",57.52
"2017-03-27",58.03
"2017-03-28",57.96
"2017-03-29",57.91
"2017-03-30",57.91
"2017-03-31",58.06
"2017-04-03",58.
"2017-04-04",57.46
"2017-04-05",57.26
"2017-04-06",57.85
"2017-04-07",57.85
"2017-04-10",57.63
"2017-04-11",57.46
"2017-04-12",57.13
"2017-04-13",56.95
"2017-04-17",57.78
"2017-04-18",57.6
"2017-04-19",57.41
"2017-04-20",57.24
"2017-04-21",57.22
"2017-04-24",58.21
"2017-04-25",58.65
"2017-04-26",59.98
"2017-04-27",59.91
"2017-04-28",59.41
"2017-05-01",59.93
"2017-05-02",59.64
"2017-05-03",59.64
"2017-05-04",60.49
"2017-05-05",61.6
"2017-05-08",61.89
"2017-05-09",62.56
"2017-05-10",62.67
"2017-05-11",62.56
"2017-05-12",62.38
"2017-05-15",62.76
"2017-05-16",62.54
"2017-05-17",61.61
"2017-05-18",61.66
"2017-05-19",61.99
"2017-05-22",62.17
"2017-05-23",62.06
"2017-05-24",62.4
"2017-05-25",62.8
"2017-05-26",62.8
"2017-05-30",62.96
"2017-05-31",63.06
"2017-06-01",63.98
"2017-06-02",64.87
"2017-06-05",64.88
"2017-06-06",64.75
"2017-06-07",64.7
"2017-06-08",64.22
"2017-06-09",63.91
"2017-06-12",63.7
"2017-06-13",64.13
"2017-06-14",64.02
"2017-06-15",63.86
"2017-06-16",63.57
"2017-06-19",67.73
"2017-06-20",68.1
"2017-06-21",68.13
"2017-06-22",67.8
"2017-06-23",68.45
"2017-06-26",68.1
"2017-06-27",67.55
"2017-06-28",68.28
"2017-06-29",67.73
"2017-06-30",68.14
"2017-07-03",67.73
"2017-07-05",68.25
"2017-07-06",67.53
"2017-07-07",67.97
"2017-07-10",68.46
"2017-07-11",68.67
"2017-07-12",68.99
"2017-07-13",69.25
"2017-07-14",69.46
"2017-07-17",69.94
"2017-07-18",69.41
"2017-07-19",69.39
"2017-07-20",69.46
"2017-07-21",69.52
"2017-07-24",69.37
"2017-07-25",68.23
"2017-07-26",66.09
"2017-07-27",65.79
"2017-07-28",65.89
"2017-07-31",65.83
"2017-08-01",66.22
"2017-08-02",66.72
"2017-08-03",66.35
"2017-08-04",64.29
"2017-08-07",65.8
"2017-08-08",64.03
"2017-08-09",64.25
"2017-08-10",62.95
"2017-08-11",63.93
"2017-08-14",64.
"2017-08-15",64.14
"2017-08-16",64.64
"2017-08-17",63.66
"2017-08-18",63.47
"2017-08-21",64.15
"2017-08-22",64.94
"2017-08-23",65.03
"2017-08-24",65.18
"2017-08-25",65.35
"2017-08-28",65.71
"2017-08-29",65.88
"2017-08-30",66.19
"2017-08-31",66.99
"2017-09-01",66.99
"2017-09-05",67.2
"2017-09-06",67.59
"2017-09-07",67.83
"2017-09-08",67.65
"2017-09-11",68.3
"2017-09-12",68.56
"2017-09-13",68.53
"2017-09-14",68.72
"2017-09-15",69.08
"2017-09-18",69.48
"2017-09-19",69.06
"2017-09-20",68.99
"2017-09-21",68.2
"2017-09-22",68.17
"2017-09-25",68.45
"2017-09-26",68.18
"2017-09-27",68.46
"2017-09-28",68.34
"2017-09-29",68.97
"2017-10-02",69.47
"2017-10-03",70.08
"2017-10-04",70.2
"2017-10-05",70.44
"2017-10-06",70.61
"2017-10-09",70.62
"2017-10-10",70.88
"2017-10-11",71.5
"2017-10-12",71.81
"2017-10-13",71.39
"2017-10-16",71.25
"2017-10-17",70.41
"2017-10-18",70.19
"2017-10-19",71.32
"2017-10-20",71.73
"2017-10-23",71.64
"2017-10-24",71.61
"2017-10-25",71.42
"2017-10-26",72.1
"2017-10-27",72.72
"2017-10-30",71.83
"2017-10-31",72.32
"2017-11-01",72.27
"2017-11-02",72.07
"2017-11-03",70.62
"2017-11-06",70.55
"2017-11-07",71.13
"2017-11-08",71.48
"2017-11-09",71.46
"2017-11-10",71.33
"2017-11-13",71.27
"2017-11-14",71.61
"2017-11-15",71.13
"2017-11-16",72.3
"2017-11-17",72.31
"2017-11-20",72.75
"2017-11-21",73.26
"2017-11-22",73.04
"2017-11-24",73.36
"2017-11-27",73.56
"2017-11-28",73.8
"2017-11-29",73.18
"2017-11-30",73.68
"2017-12-01",73.12
"2017-12-04",69.78
"2017-12-05",69.36
"2017-12-06",69.54
"2017-12-07",70.11
"2017-12-08",71.03
"2017-12-11",70.81
"2017-12-12",71.12
"2017-12-13",71.31
"2017-12-14",70.83
"2017-12-15",72.13
"2017-12-18",73.16
"2017-12-19",73.84
"2017-12-20",73.65
"2017-12-21",73.28
"2017-12-22",73.05
"2017-12-26",73.05
"2017-12-27",73.09
"2017-12-28",73.42
"2017-12-29",73.12
"2018-01-02",73.91
"2018-01-03",76.16
"2018-01-04",76.36
"2018-01-05",76.94
"2018-01-08",76.77
"2018-01-09",77.9
"2018-01-10",77.14
"2018-01-11",77.62
"2018-01-12",78.89
"2018-01-16",78.53
"2018-01-17",79.65
"2018-01-18",79.54
"2018-01-19",80.86
"2018-01-22",81.2
"2018-01-23",81.43
"2018-01-24",81.42
"2018-01-25",82.75
"2018-01-26",82.75
"2018-01-29",82.18
"2018-01-30",81.05
"2018-01-31",80.16
"2018-02-01",80.02
"2018-02-02",78.08
"2018-02-05",74.78
"2018-02-06",76.
"2018-02-07",75.77
"2018-02-08",72.06
"2018-02-09",72.83
"2018-02-12",74.5
"2018-02-13",74.22
"2018-02-14",75.46
"2018-02-15",76.43
"2018-02-16",76.39
"2018-02-20",75.87
"2018-02-21",76.18
"2018-02-22",75.96
"2018-02-23",77.02
"2018-02-26",77.87
"2018-02-27",76.95
"2018-02-28",76.34
"2018-03-01",74.27
"2018-03-02",74.73
"2018-03-05",74.51
"2018-03-06",75.61
"2018-03-07",77.
"2018-03-08",77.2
"2018-03-09",79.22
"2018-03-12",78.78
"2018-03-13",78.08
"2018-03-14",77.09
"2018-03-15",77.6
"2018-03-16",77.34
"2018-03-19",76.89
"2018-03-20",77.67
"2018-03-21",77.2
"2018-03-22",75.24
"2018-03-23",73.96
"2018-03-26",76.28
"2018-03-27",75.52
"2018-03-28",74.87
"2018-03-29",75.72
"2018-04-02",74.08
"2018-04-03",75.34
"2018-04-04",75.5
"2018-04-05",75.9
"2018-04-06",73.2
"2018-04-09",74.15
"2018-04-10",75.43
"2018-04-11",74.33
"2018-04-12",74.56
"2018-04-13",74.42
"2018-04-16",75.37
"2018-04-17",75.8
"2018-04-18",76.4
"2018-04-19",75.1
"2018-04-20",74.6
"2018-04-23",75.07
"2018-04-24",73.02
"2018-04-25",73.24
"2018-04-26",74.2
"2018-04-27",74.11
"2018-04-30",73.36
"2018-05-01",72.45
"2018-05-02",72.17
"2018-05-03",72.17
"2018-05-04",72.82
"2018-05-07",73.36
"2018-05-08",73.55
"2018-05-09",73.93
"2018-05-10",75.3
"2018-05-11",75.65
"2018-05-14",76.22
"2018-05-15",73.83
"2018-05-16",73.79
"2018-05-17",74.4
"2018-05-18",75.47
"2018-05-21",76.35
"2018-05-22",76.17
"2018-05-23",76.02
"2018-05-24",75.62
"2018-05-25",74.32
"2018-05-29",73.66
"2018-05-30",74.4
"2018-05-31",74.33
"2018-06-01",75.26
"2018-06-04",76.
"2018-06-05",76.6
"2018-06-06",78.31
"2018-06-07",78.09
"2018-06-08",78.3
"2018-06-11",78.95
"2018-06-12",79.39
"2018-06-13",79.02
"2018-06-14",78.34
"2018-06-15",77.84
"2018-06-18",77.53
"2018-06-19",76.35
"2018-06-20",75.47
"2018-06-21",74.19
"2018-06-22",74.36
"2018-06-25",72.87
"2018-06-26",72.82
"2018-06-27",72.1
"2018-06-28",72.39
"2018-06-29",73.23
"2018-07-02",72.59
"2018-07-03",73.15
"2018-07-05",73.78
"2018-07-06",74.32
"2018-07-09",75.38
"2018-07-10",75.99
"2018-07-11",75.03
"2018-07-12",75.55
"2018-07-13",75.67
"2018-07-16",75.5
"2018-07-17",76.37
"2018-07-18",76.93
"2018-07-19",78.4
"2018-07-20",78.
"2018-07-23",77.61
"2018-07-24",78.69
"2018-07-25",79.23
"2018-07-26",79.36
"2018-07-27",78.13
"2018-07-30",77.75
"2018-07-31",79.18
"2018-08-01",79.9
"2018-08-02",86.55
"2018-08-03",86.32
"2018-08-06",85.66
"2018-08-07",86.55
"2018-08-08",86.09
"2018-08-09",85.59
"2018-08-10",84.92
"2018-08-13",84.5
"2018-08-14",85.63
"2018-08-15",84.3
"2018-08-16",85.19
"2018-08-17",85.36
"2018-08-20",85.63
"2018-08-21",86.21
"2018-08-22",86.84
"2018-08-23",86.75
"2018-08-24",87.49
"2018-08-27",88.5
"2018-08-28",89.21
"2018-08-29",90.09
"2018-08-30",92.6
"2018-08-31",92.43
"2018-09-04",92.46
"2018-09-05",93.06
"2018-09-06",94.41
"2018-09-07",93.57
"2018-09-10",95.12
"2018-09-11",94.62
"2018-09-12",94.93
"2018-09-13",96.24
"2018-09-14",95.74
"2018-09-17",94.58
"2018-09-18",94.96
"2018-09-19",96.33
"2018-09-20",96.58
"2018-09-21",96.61
"2018-09-24",96.29
"2018-09-25",96.26
"2018-09-26",96.81
"2018-09-27",96.91
"2018-09-28",97.27
"2018-10-01",96.74
"2018-10-02",97.02
"2018-10-03",96.36
"2018-10-04",93.46
"2018-10-05",92.01
"2018-10-08",90.7
"2018-10-09",90.75
"2018-10-10",86.15
"2018-10-11",84.69
"2018-10-12",86.96
"2018-10-15",85.6
"2018-10-16",89.28
"2018-10-17",90.16
"2018-10-18",87.81
"2018-10-19",86.18
"2018-10-22",86.01
"2018-10-23",85.55
"2018-10-24",82.03
"2018-10-25",84.23
"2018-10-26",83.99
"2018-10-29",83.82
"2018-10-30",85.68
"2018-10-31",86.48
"2018-11-01",81.8
"2018-11-02",83.62
"2018-11-05",83.02
"2018-11-06",84.11
"2018-11-07",86.94
"2018-11-08",86.06
"2018-11-09",85.06
"2018-11-12",82.07
"2018-11-13",81.24
