"2003-01-31",37.89
"2003-02-03",37.96
"2003-02-04",37.74
"2003-02-05",37.46
"2003-02-06",37.06
"2003-02-07",35.8
"2003-02-10",35.47
"2003-02-11",35.73
"2003-02-12",35.94
"2003-02-13",36.02
"2003-02-14",36.82
"2003-02-18",37.47
"2003-02-19",37.63
"2003-02-20",37.46
"2003-02-21",37.62
"2003-02-24",37.2
"2003-02-25",38.51
"2003-02-26",38.66
"2003-02-27",40.05
"2003-02-28",40.57
"2003-03-03",40.46
"2003-03-04",39.43
"2003-03-05",39.78
"2003-03-06",39.67
"2003-03-07",39.75
"2003-03-10",38.49
"2003-03-11",37.75
"2003-03-12",37.76
"2003-03-13",39.13
"2003-03-14",39.75
"2003-03-17",42.08
"2003-03-18",41.51
"2003-03-19",41.88
"2003-03-20",42.72
"2003-03-21",43.44
"2003-03-24",42.44
"2003-03-25",42.7
"2003-03-26",42.71
"2003-03-27",42.67
"2003-03-28",42.76
"2003-03-31",42.69
"2003-04-01",42.85
"2003-04-02",44.35
"2003-04-03",40.03
"2003-04-04",39.58
"2003-04-07",40.75
"2003-04-08",40.67
"2003-04-09",40.01
"2003-04-10",41.01
"2003-04-11",41.01
"2003-04-14",40.83
"2003-04-15",41.62
"2003-04-16",37.98
"2003-04-17",38.5
"2003-04-21",37.74
"2003-04-22",38.53
"2003-04-23",38.88
"2003-04-24",38.5
"2003-04-25",38.1
"2003-04-28",38.57
"2003-04-29",38.74
"2003-04-30",38.62
"2003-05-01",37.7
"2003-05-02",39.01
"2003-05-05",37.95
"2003-05-06",38.12
"2003-05-07",37.93
"2003-05-08",37.01
"2003-05-09",37.03
"2003-05-12",38.58
"2003-05-13",38.52
"2003-05-14",38.65
"2003-05-15",38.75
"2003-05-16",38.5
"2003-05-19",37.01
"2003-05-20",37.33
"2003-05-21",38.1
"2003-05-22",39.79
"2003-05-23",41.41
"2003-05-27",42.04
"2003-05-28",41.55
"2003-05-29",40.65
"2003-05-30",40.94
"2003-06-02",42.81
"2003-06-03",43.1
"2003-06-04",44.38
"2003-06-05",44.
"2003-06-06",44.79
"2003-06-09",43.2
"2003-06-10",43.14
"2003-06-11",43.98
"2003-06-12",42.11
"2003-06-13",41.91
"2003-06-16",42.65
"2003-06-17",42.55
"2003-06-18",43.12
"2003-06-19",42.43
"2003-06-20",42.42
"2003-06-23",41.4
"2003-06-24",42.69
"2003-06-25",41.85
"2003-06-26",42.4
"2003-06-27",42.3
"2003-06-30",43.25
"2003-07-01",43.53
"2003-07-02",43.81
"2003-07-03",43.62
"2003-07-07",44.29
"2003-07-08",45.2
"2003-07-09",44.49
"2003-07-10",44.38
"2003-07-11",45.02
"2003-07-14",45.06
"2003-07-15",44.
"2003-07-16",43.83
"2003-07-17",43.72
"2003-07-18",44.38
"2003-07-21",44.82
"2003-07-22",45.
"2003-07-23",44.92
"2003-07-24",44.49
"2003-07-25",44.51
"2003-07-28",44.43
"2003-07-29",43.8
"2003-07-30",42.85
"2003-07-31",42.39
"2003-08-01",41.62
"2003-08-04",42.14
"2003-08-05",41.18
"2003-08-06",41.75
"2003-08-07",42.49
"2003-08-08",42.46
"2003-08-11",42.42
"2003-08-12",42.75
"2003-08-13",42.28
"2003-08-14",42.08
"2003-08-15",42.14
"2003-08-18",41.76
"2003-08-19",41.98
"2003-08-20",41.82
"2003-08-21",42.
"2003-08-22",41.57
"2003-08-25",41.25
"2003-08-26",41.74
"2003-08-27",43.15
"2003-08-28",43.79
"2003-08-29",44.1
"2003-09-02",43.7
"2003-09-03",43.65
"2003-09-04",43.83
"2003-09-05",41.75
"2003-09-08",42.2
"2003-09-09",41.79
"2003-09-10",41.13
"2003-09-11",41.1
"2003-09-12",41.12
"2003-09-15",40.99
"2003-09-16",42.2
"2003-09-17",42.75
"2003-09-18",42.92
"2003-09-19",42.26
"2003-09-22",42.2
"2003-09-23",42.3
"2003-09-24",41.78
"2003-09-25",41.58
"2003-09-26",41.27
"2003-09-29",42.05
"2003-09-30",43.15
"2003-10-01",43.08
"2003-10-02",43.52
"2003-10-03",43.02
"2003-10-06",43.19
"2003-10-07",44.13
"2003-10-08",43.84
"2003-10-09",44.01
"2003-10-10",44.31
"2003-10-13",44.87
"2003-10-14",44.79
"2003-10-15",45.8
"2003-10-16",47.
"2003-10-17",47.03
"2003-10-20",47.
"2003-10-21",47.9
"2003-10-22",47.02
"2003-10-23",47.14
"2003-10-24",47.24
"2003-10-27",47.45
"2003-10-28",47.94
"2003-10-29",48.26
"2003-10-30",47.59
"2003-10-31",47.09
"2003-11-03",47.46
"2003-11-04",47.66
"2003-11-05",48.43
"2003-11-06",48.1
"2003-11-07",48.64
"2003-11-10",48.63
"2003-11-11",48.32
"2003-11-12",49.19
"2003-11-13",49.19
"2003-11-14",48.39
"2003-11-17",47.75
"2003-11-18",48.06
"2003-11-19",48.02
"2003-11-20",47.91
"2003-11-21",48.75
"2003-11-24",49.15
"2003-11-25",49.4
"2003-11-26",53.41
"2003-11-28",54.29
"2003-12-01",53.85
"2003-12-02",53.93
"2003-12-03",53.06
"2003-12-04",53.55
"2003-12-05",52.67
"2003-12-08",52.73
"2003-12-09",51.73
"2003-12-10",50.65
"2003-12-11",51.69
"2003-12-12",51.72
"2003-12-15",51.45
"2003-12-16",52.17
"2003-12-17",52.3
"2003-12-18",53.2
"2003-12-19",53.36
"2003-12-22",53.32
"2003-12-23",54.
"2003-12-24",53.9
"2003-12-26",54.05
"2003-12-29",54.7
"2003-12-30",55.32
"2003-12-31",55.37
"2004-01-02",55.72
"2004-01-05",55.95
"2004-01-06",56.23
"2004-01-07",55.65
"2004-01-08",54.82
"2004-01-09",54.86
"2004-01-12",54.98
"2004-01-13",54.73
"2004-01-14",56.84
"2004-01-15",57.68
"2004-01-16",57.57
"2004-01-20",57.91
"2004-01-21",58.46
"2004-01-22",59.42
"2004-01-23",58.85
"2004-01-26",59.08
"2004-01-27",58.92
"2004-01-28",58.
"2004-01-29",57.72
"2004-01-30",57.93
"2004-02-02",57.78
"2004-02-03",59.02
"2004-02-04",58.06
"2004-02-05",58.34
"2004-02-06",58.9
"2004-02-09",60.48
"2004-02-10",59.58
"2004-02-11",60.71
"2004-02-12",60.12
"2004-02-13",59.7
"2004-02-17",60.39
"2004-02-18",60.22
"2004-02-19",59.6
"2004-02-20",59.55
"2004-02-23",58.95
"2004-02-24",58.5
"2004-02-25",54.41
"2004-02-26",53.97
"2004-02-27",54.05
"2004-03-01",53.84
"2004-03-02",54.05
"2004-03-03",54.58
"2004-03-04",55.02
"2004-03-05",55.75
"2004-03-08",55.
"2004-03-09",54.52
"2004-03-10",53.76
"2004-03-11",52.58
"2004-03-12",52.89
"2004-03-15",51.9
"2004-03-16",51.6
"2004-03-17",52.5
"2004-03-18",52.25
"2004-03-19",51.42
"2004-03-22",50.45
"2004-03-23",50.39
"2004-03-24",49.95
"2004-03-25",50.08
"2004-03-26",50.47
"2004-03-29",50.44
"2004-03-30",50.71
"2004-03-31",51.03
"2004-04-01",49.07
"2004-04-02",49.04
"2004-04-05",48.75
"2004-04-06",48.9
"2004-04-07",48.91
"2004-04-08",48.75
"2004-04-12",48.
"2004-04-13",47.92
"2004-04-14",47.08
"2004-04-15",47.4
"2004-04-16",46.9
"2004-04-19",46.48
"2004-04-20",45.95
"2004-04-21",45.96
"2004-04-22",47.77
"2004-04-23",47.1
"2004-04-26",46.74
"2004-04-27",46.27
"2004-04-28",44.99
"2004-04-29",44.95
"2004-04-30",45.11
"2004-05-03",45.83
"2004-05-04",46.25
"2004-05-05",45.83
"2004-05-06",45.98
"2004-05-07",44.77
"2004-05-10",44.8
"2004-05-11",45.38
"2004-05-12",46.1
"2004-05-13",45.2
"2004-05-14",45.57
"2004-05-17",45.25
"2004-05-18",46.08
"2004-05-19",46.75
"2004-05-20",46.71
"2004-05-21",47.
"2004-05-24",47.22
"2004-05-25",48.07
"2004-05-26",48.65
"2004-05-27",48.73
"2004-05-28",48.85
"2004-06-01",48.12
"2004-06-02",47.79
"2004-06-03",46.92
"2004-06-04",47.1
"2004-06-07",47.65
"2004-06-08",47.48
"2004-06-09",46.83
"2004-06-10",47.15
"2004-06-14",46.2
"2004-06-15",46.62
"2004-06-16",47.01
"2004-06-17",47.48
"2004-06-18",47.66
"2004-06-21",48.22
"2004-06-22",47.77
"2004-06-23",48.08
"2004-06-24",48.05
"2004-06-25",48.7
"2004-06-28",48.47
"2004-06-29",47.75
"2004-06-30",47.68
"2004-07-01",47.75
"2004-07-02",47.98
"2004-07-06",47.77
"2004-07-07",47.65
"2004-07-08",47.06
"2004-07-09",46.82
"2004-07-12",47.42
"2004-07-13",47.99
"2004-07-14",47.85
"2004-07-15",48.47
"2004-07-16",49.03
"2004-07-19",49.09
"2004-07-20",49.31
"2004-07-21",49.35
"2004-07-22",48.85
"2004-07-23",48.48
"2004-07-26",48.61
"2004-07-27",48.65
"2004-07-28",49.1
"2004-07-29",49.1
"2004-07-30",49.13
"2004-08-02",49.47
"2004-08-03",49.04
"2004-08-04",49.5
"2004-08-05",48.35
"2004-08-06",48.81
"2004-08-09",48.69
"2004-08-10",50.1
"2004-08-11",49.65
"2004-08-12",48.99
"2004-08-13",48.87
"2004-08-16",49.72
"2004-08-17",50.07
"2004-08-18",50.55
"2004-08-19",50.25
"2004-08-20",50.19
"2004-08-23",49.97
"2004-08-24",51.23
"2004-08-25",48.45
"2004-08-26",49.05
"2004-08-27",48.9
"2004-08-30",48.2
"2004-08-31",48.26
"2004-09-01",48.07
"2004-09-02",48.83
"2004-09-03",48.94
"2004-09-07",48.79
"2004-09-08",48.38
"2004-09-09",48.17
"2004-09-10",48.29
"2004-09-13",48.29
"2004-09-14",48.52
"2004-09-15",47.65
"2004-09-16",47.94
"2004-09-17",48.28
"2004-09-20",47.7
"2004-09-21",48.5
"2004-09-22",48.65
"2004-09-23",49.95
"2004-09-24",50.04
"2004-09-27",49.59
"2004-09-28",49.04
"2004-09-29",48.58
"2004-09-30",49.42
"2004-10-01",50.49
"2004-10-04",49.81
"2004-10-05",49.21
"2004-10-06",49.15
"2004-10-07",48.58
"2004-10-08",47.86
"2004-10-11",47.62
"2004-10-12",47.45
"2004-10-13",46.86
"2004-10-14",46.
"2004-10-15",46.32
"2004-10-18",47.73
"2004-10-19",46.87
"2004-10-20",45.92
"2004-10-21",45.7
"2004-10-22",45.48
"2004-10-25",46.02
"2004-10-26",46.32
"2004-10-27",46.44
"2004-10-28",46.27
"2004-10-29",47.55
"2004-11-01",47.88
"2004-11-02",48.48
"2004-11-03",48.62
"2004-11-04",49.16
"2004-11-05",49.37
"2004-11-08",49.59
"2004-11-09",50.
"2004-11-10",49.52
"2004-11-11",49.8
"2004-11-12",50.17
"2004-11-15",50.08
"2004-11-16",49.98
"2004-11-17",50.2
"2004-11-18",49.89
"2004-11-19",48.71
"2004-11-22",48.6
"2004-11-23",48.45
"2004-11-24",47.4
"2004-11-26",46.82
"2004-11-29",47.04
"2004-11-30",47.7
"2004-12-01",48.45
"2004-12-02",48.02
"2004-12-03",48.33
"2004-12-06",48.33
"2004-12-07",48.15
"2004-12-08",48.17
"2004-12-09",48.43
"2004-12-10",48.01
"2004-12-13",49.21
"2004-12-14",49.51
"2004-12-15",48.88
"2004-12-16",48.64
"2004-12-17",48.45
"2004-12-20",48.51
"2004-12-21",48.28
"2004-12-22",48.55
"2004-12-23",48.64
"2004-12-27",48.1
"2004-12-28",48.45
"2004-12-29",48.65
"2004-12-30",49.26
"2004-12-31",49.
"2005-01-03",48.69
"2005-01-04",48.1
"2005-01-05",46.91
"2005-01-06",47.79
"2005-01-07",46.72
"2005-01-10",46.5
"2005-01-11",46.33
"2005-01-12",47.97
"2005-01-13",47.1
"2005-01-14",47.34
"2005-01-18",47.29
"2005-01-19",46.93
"2005-01-20",46.78
"2005-01-21",46.92
"2005-01-24",46.94
"2005-01-25",47.31
"2005-01-26",47.83
"2005-01-27",47.9
"2005-01-28",47.6
"2005-01-31",48.31
"2005-02-01",48.32
"2005-02-02",48.13
"2005-02-03",47.45
"2005-02-04",47.23
"2005-02-07",47.42
"2005-02-08",47.25
"2005-02-09",47.
"2005-02-10",47.
"2005-02-11",47.52
"2005-02-14",47.33
"2005-02-15",47.91
"2005-02-16",48.1
"2005-02-17",48.
"2005-02-18",47.78
"2005-02-22",47.35
"2005-02-23",47.63
"2005-02-24",47.04
"2005-02-25",51.5
"2005-02-28",53.3
"2005-03-01",52.79
"2005-03-02",52.58
"2005-03-03",52.31
"2005-03-04",52.5
"2005-03-07",52.76
"2005-03-08",52.86
"2005-03-09",52.22
"2005-03-10",52.47
"2005-03-11",52.14
"2005-03-14",51.98
"2005-03-15",51.09
"2005-03-16",50.2
"2005-03-17",50.57
"2005-03-18",50.14
"2005-03-21",50.02
"2005-03-22",49.83
"2005-03-23",49.91
"2005-03-24",49.89
"2005-03-28",49.91
"2005-03-29",49.63
"2005-03-30",50.39
"2005-03-31",50.58
"2005-04-01",50.36
"2005-04-04",50.68
"2005-04-05",50.53
"2005-04-06",50.96
"2005-04-07",51.62
"2005-04-08",50.59
"2005-04-11",50.55
"2005-04-12",51.21
"2005-04-13",50.86
"2005-04-14",50.07
"2005-04-15",49.36
"2005-04-18",49.61
"2005-04-19",50.25
"2005-04-20",49.13
"2005-04-21",50.83
"2005-04-22",50.38
"2005-04-25",50.82
"2005-04-26",50.31
"2005-04-27",50.39
"2005-04-28",49.52
"2005-04-29",49.81
"2005-05-02",49.83
"2005-05-03",49.78
"2005-05-04",50.7
"2005-05-05",51.6
"2005-05-06",50.27
"2005-05-09",50.35
"2005-05-10",50.04
"2005-05-11",50.24
"2005-05-12",49.92
"2005-05-13",49.38
"2005-05-16",49.6
"2005-05-17",49.19
"2005-05-18",50.21
"2005-05-19",50.91
"2005-05-20",50.26
"2005-05-23",50.6
"2005-05-24",50.5
"2005-05-25",50.11
"2005-05-26",50.26
"2005-05-27",50.35
"2005-05-31",49.92
"2005-06-01",50.89
"2005-06-02",51.46
"2005-06-03",51.05
"2005-06-06",50.54
"2005-06-07",51.15
"2005-06-08",50.65
"2005-06-09",56.18
"2005-06-10",56.2
"2005-06-13",56.53
"2005-06-14",56.75
"2005-06-15",57.8
"2005-06-16",59.27
"2005-06-17",59.2
"2005-06-20",58.71
"2005-06-21",58.78
"2005-06-22",58.95
"2005-06-23",57.92
"2005-06-24",58.17
"2005-06-27",58.13
"2005-06-28",58.45
"2005-06-29",58.5
"2005-06-30",58.35
"2005-07-01",58.5
"2005-07-05",58.73
"2005-07-06",58.4
"2005-07-07",58.59
"2005-07-08",59.08
"2005-07-11",59.49
"2005-07-12",59.06
"2005-07-13",59.13
"2005-07-14",59.53
"2005-07-15",59.61
"2005-07-18",59.39
"2005-07-19",59.29
"2005-07-20",58.97
"2005-07-21",57.86
"2005-07-22",57.87
"2005-07-25",57.96
"2005-07-26",57.65
"2005-07-27",57.88
"2005-07-28",57.94
"2005-07-29",56.96
"2005-08-01",56.6
"2005-08-02",57.69
"2005-08-03",57.46
"2005-08-04",55.91
"2005-08-05",55.38
"2005-08-08",55.75
"2005-08-09",55.93
"2005-08-10",55.05
"2005-08-11",56.09
"2005-08-12",56.11
"2005-08-15",56.72
"2005-08-16",56.5
"2005-08-17",56.39
"2005-08-18",55.8
"2005-08-19",55.12
"2005-08-22",54.88
"2005-08-23",27.29
"2005-08-24",27.5
"2005-08-25",27.05
"2005-08-26",26.64
"2005-08-29",26.85
"2005-08-30",26.75
"2005-08-31",26.95
"2005-09-01",27.43
"2005-09-02",26.8
"2005-09-06",26.65
"2005-09-07",25.97
"2005-09-08",25.
"2005-09-09",24.91
"2005-09-12",24.95
"2005-09-13",24.64
"2005-09-14",24.42
"2005-09-15",24.52
"2005-09-16",24.47
"2005-09-19",24.32
"2005-09-20",23.92
"2005-09-21",23.65
"2005-09-22",24.09
"2005-09-23",23.7
"2005-09-26",23.89
"2005-09-27",23.89
"2005-09-28",23.92
"2005-09-29",23.78
"2005-09-30",23.98
"2005-10-03",23.87
"2005-10-04",23.74
"2005-10-05",23.52
"2005-10-06",23.25
"2005-10-07",23.26
"2005-10-10",23.27
"2005-10-11",23.36
"2005-10-12",23.23
"2005-10-13",23.1
"2005-10-14",23.45
"2005-10-17",23.3
"2005-10-18",23.7
"2005-10-19",23.86
"2005-10-20",23.35
"2005-10-21",24.09
"2005-10-24",24.36
"2005-10-25",24.02
"2005-10-26",24.24
"2005-10-27",24.03
"2005-10-28",24.56
"2005-10-31",24.86
"2005-11-01",24.74
"2005-11-02",24.1
"2005-11-03",23.71
"2005-11-04",23.69
"2005-11-07",23.74
"2005-11-08",23.21
"2005-11-09",23.75
"2005-11-10",24.11
"2005-11-11",24.28
"2005-11-14",23.84
"2005-11-15",23.89
"2005-11-16",23.45
"2005-11-17",23.85
"2005-11-18",25.45
"2005-11-21",25.12
"2005-11-22",25.85
"2005-11-23",26.14
"2005-11-25",25.91
"2005-11-28",25.12
"2005-11-29",25.11
"2005-11-30",24.44
"2005-12-01",25.34
"2005-12-02",25.26
"2005-12-05",25.45
"2005-12-06",25.01
"2005-12-07",25.15
"2005-12-08",24.67
"2005-12-09",24.46
"2005-12-12",24.48
"2005-12-13",24.11
"2005-12-14",24.13
"2005-12-15",24.06
"2005-12-16",24.17
"2005-12-19",24.22
"2005-12-20",23.7
"2005-12-21",23.95
"2005-12-22",24.52
"2005-12-23",24.3
"2005-12-27",23.85
"2005-12-28",24.22
"2005-12-29",24.4
"2005-12-30",24.55
"2006-01-03",24.45
"2006-01-04",24.25
"2006-01-05",24.88
"2006-01-06",24.79
"2006-01-09",25.55
"2006-01-10",25.61
"2006-01-11",25.64
"2006-01-12",25.5
"2006-01-13",25.64
"2006-01-17",25.42
"2006-01-18",25.11
"2006-01-19",25.2
"2006-01-20",24.96
"2006-01-23",24.99
"2006-01-24",24.9
"2006-01-25",24.73
"2006-01-26",24.91
"2006-01-27",24.73
"2006-01-30",24.54
"2006-01-31",24.46
"2006-02-01",24.15
"2006-02-02",23.83
"2006-02-03",23.91
"2006-02-06",23.77
"2006-02-07",23.73
"2006-02-08",24.11
"2006-02-09",24.
"2006-02-10",24.28
"2006-02-13",24.6
"2006-02-14",25.05
"2006-02-15",25.12
"2006-02-16",25.
"2006-02-17",25.3
"2006-02-21",25.21
"2006-02-22",25.5
"2006-02-23",25.19
"2006-02-24",23.01
"2006-02-27",22.5
"2006-02-28",22.3
"2006-03-01",22.18
"2006-03-02",22.14
"2006-03-03",22.1
"2006-03-06",22.44
"2006-03-07",22.44
"2006-03-08",22.15
"2006-03-09",22.17
"2006-03-10",22.64
"2006-03-13",22.22
"2006-03-14",22.
"2006-03-15",20.63
"2006-03-16",21.41
"2006-03-17",21.28
"2006-03-20",21.3
"2006-03-21",21.13
"2006-03-22",21.1
"2006-03-23",21.08
"2006-03-24",22.01
"2006-03-27",21.74
"2006-03-28",21.74
"2006-03-29",22.22
"2006-03-30",22.07
"2006-03-31",21.65
"2006-04-03",21.65
"2006-04-04",21.78
"2006-04-05",21.65
"2006-04-06",21.77
"2006-04-07",22.25
"2006-04-10",22.12
"2006-04-11",22.17
"2006-04-12",22.13
"2006-04-13",22.32
"2006-04-17",22.1
"2006-04-18",22.3
"2006-04-19",22.25
"2006-04-20",22.34
"2006-04-21",22.46
"2006-04-24",22.25
"2006-04-25",22.26
"2006-04-26",22.63
"2006-04-27",22.88
"2006-04-28",22.83
"2006-05-01",22.87
"2006-05-02",22.9
"2006-05-03",22.68
"2006-05-04",22.85
"2006-05-05",23.45
"2006-05-08",23.22
"2006-05-09",23.
"2006-05-10",22.63
"2006-05-11",22.61
"2006-05-12",22.27
"2006-05-15",22.47
"2006-05-16",22.01
"2006-05-17",21.55
"2006-05-18",21.5
"2006-05-19",21.53
"2006-05-22",21.55
"2006-05-23",21.76
"2006-05-24",21.88
"2006-05-25",22.37
"2006-05-26",22.5
"2006-05-30",22.56
"2006-05-31",22.75
"2006-06-01",22.67
"2006-06-02",22.96
"2006-06-05",22.61
"2006-06-06",22.4
"2006-06-07",22.5
"2006-06-08",22.92
"2006-06-09",23.47
"2006-06-12",23.46
"2006-06-13",23.27
"2006-06-14",23.31
"2006-06-15",23.5
"2006-06-16",23.38
"2006-06-19",23.55
"2006-06-20",23.53
"2006-06-21",23.9
"2006-06-22",24.2
"2006-06-23",24.17
"2006-06-26",24.19
"2006-06-27",23.86
"2006-06-28",23.76
"2006-06-29",23.89
"2006-06-30",23.86
"2006-07-03",23.94
"2006-07-05",23.83
"2006-07-06",23.77
"2006-07-07",23.52
"2006-07-10",23.54
"2006-07-11",23.66
"2006-07-12",23.55
"2006-07-13",23.36
"2006-07-14",23.47
"2006-07-17",23.47
"2006-07-18",23.3
"2006-07-19",23.64
"2006-07-20",23.21
"2006-07-21",22.65
"2006-07-24",23.
"2006-07-25",23.07
"2006-07-26",22.95
"2006-07-27",22.76
"2006-07-28",22.9
"2006-07-31",22.75
"2006-08-01",22.78
"2006-08-02",22.85
"2006-08-03",22.85
"2006-08-04",22.74
"2006-08-07",22.62
"2006-08-08",22.53
"2006-08-09",22.15
"2006-08-10",22.42
"2006-08-11",22.3
"2006-08-14",22.17
"2006-08-15",22.45
"2006-08-16",22.45
"2006-08-17",22.7
"2006-08-18",22.67
"2006-08-21",22.78
"2006-08-22",22.58
"2006-08-23",22.8
"2006-08-24",22.79
"2006-08-25",20.81
"2006-08-28",20.63
"2006-08-29",20.61
"2006-08-30",20.9
"2006-08-31",21.
"2006-09-01",21.33
"2006-09-05",21.27
"2006-09-06",21.32
"2006-09-07",20.97
"2006-09-08",21.15
"2006-09-11",21.39
"2006-09-12",21.41
"2006-09-13",21.53
"2006-09-14",21.46
"2006-09-15",21.75
"2006-09-18",21.83
"2006-09-19",21.62
"2006-09-20",21.71
"2006-09-21",21.31
"2006-09-22",21.37
"2006-09-25",21.53
"2006-09-26",21.84
"2006-09-27",21.62
"2006-09-28",21.76
"2006-09-29",21.74
"2006-10-02",21.72
"2006-10-03",21.39
"2006-10-04",21.41
"2006-10-05",21.77
"2006-10-06",21.51
"2006-10-09",21.51
"2006-10-10",21.59
"2006-10-11",21.5
"2006-10-12",22.02
"2006-10-13",22.01
"2006-10-16",22.05
"2006-10-17",21.85
"2006-10-18",21.94
"2006-10-19",21.88
"2006-10-20",21.73
"2006-10-23",21.92
"2006-10-24",21.83
"2006-10-25",21.95
"2006-10-26",21.77
"2006-10-27",21.43
"2006-10-30",21.58
"2006-10-31",21.86
"2006-11-01",21.7
"2006-11-02",21.67
"2006-11-03",21.49
"2006-11-06",21.89
"2006-11-07",23.28
"2006-11-08",23.25
"2006-11-09",23.15
"2006-11-10",23.2
"2006-11-13",23.29
"2006-11-14",23.59
"2006-11-15",23.65
"2006-11-16",23.78
"2006-11-17",23.88
"2006-11-20",23.65
"2006-11-21",23.83
"2006-11-22",24.01
"2006-11-24",23.9
"2006-11-27",23.58
"2006-11-28",23.8
"2006-11-29",23.94
"2006-11-30",24.
"2006-12-01",23.75
"2006-12-04",23.93
"2006-12-05",23.84
"2006-12-06",23.89
"2006-12-07",23.91
"2006-12-08",23.6
"2006-12-11",23.6
"2006-12-12",23.48
"2006-12-13",23.53
"2006-12-14",23.58
"2006-12-15",23.55
"2006-12-18",23.4
"2006-12-19",23.41
"2006-12-20",23.2
"2006-12-21",23.2
"2006-12-22",22.95
"2006-12-26",23.01
"2006-12-27",23.19
"2006-12-28",23.18
"2006-12-29",23.04
"2007-01-02",23.04
"2007-01-03",23.2
"2007-01-04",23.28
"2007-01-05",22.95
"2007-01-08",23.27
"2007-01-09",23.48
"2007-01-10",23.97
"2007-01-11",24.43
"2007-01-12",24.63
"2007-01-16",24.68
"2007-01-17",24.7
"2007-01-18",24.72
"2007-01-19",24.54
"2007-01-22",24.61
"2007-01-23",24.5
"2007-01-24",24.58
"2007-01-25",24.54
"2007-01-26",24.48
"2007-01-29",24.7
"2007-01-30",24.57
"2007-01-31",24.6
"2007-02-01",24.76
"2007-02-02",24.66
"2007-02-05",24.54
"2007-02-06",24.84
"2007-02-07",24.84
"2007-02-08",24.52
"2007-02-09",23.81
"2007-02-12",23.8
"2007-02-13",23.75
"2007-02-14",23.86
"2007-02-15",23.83
"2007-02-16",23.55
"2007-02-20",22.97
"2007-02-21",22.3
"2007-02-22",22.42
"2007-02-23",22.85
"2007-02-26",22.35
"2007-02-27",21.96
"2007-02-28",21.82
"2007-03-01",21.8
"2007-03-02",21.55
"2007-03-05",20.8
"2007-03-06",21.5
"2007-03-07",21.48
"2007-03-08",21.48
"2007-03-09",21.22
"2007-03-12",20.84
"2007-03-13",20.05
"2007-03-14",20.14
"2007-03-15",20.89
"2007-03-16",20.88
"2007-03-19",21.05
"2007-03-20",21.07
"2007-03-21",21.43
"2007-03-22",21.62
"2007-03-23",21.44
"2007-03-26",21.55
"2007-03-27",21.1
"2007-03-28",21.07
"2007-03-29",20.84
"2007-03-30",21.04
"2007-04-02",21.26
"2007-04-03",21.37
"2007-04-04",21.26
"2007-04-05",21.18
"2007-04-09",21.03
"2007-04-10",21.01
"2007-04-11",20.88
"2007-04-12",20.86
"2007-04-13",20.92
"2007-04-16",21.33
"2007-04-17",21.75
"2007-04-18",21.81
"2007-04-19",21.83
"2007-04-20",22.56
"2007-04-23",22.67
"2007-04-24",22.64
"2007-04-25",22.78
"2007-04-26",22.98
"2007-04-27",22.75
"2007-04-30",22.61
"2007-05-01",22.85
"2007-05-02",22.66
"2007-05-03",22.64
"2007-05-04",22.68
"2007-05-07",22.72
"2007-05-08",22.68
"2007-05-09",22.87
"2007-05-10",22.39
"2007-05-11",22.78
"2007-05-14",22.78
"2007-05-15",22.82
"2007-05-16",22.91
"2007-05-17",23.11
"2007-05-18",23.2
"2007-05-21",23.46
"2007-05-22",23.32
"2007-05-23",23.41
"2007-05-24",23.04
"2007-05-25",23.29
"2007-05-29",23.54
"2007-05-30",23.6
"2007-05-31",23.69
"2007-06-01",23.89
"2007-06-04",23.65
"2007-06-05",23.42
"2007-06-06",23.06
"2007-06-07",22.06
"2007-06-08",22.52
"2007-06-11",23.58
"2007-06-12",22.79
"2007-06-13",22.78
"2007-06-14",22.72
"2007-06-15",23.11
"2007-06-18",23.33
"2007-06-19",23.23
"2007-06-20",22.78
"2007-06-21",22.04
"2007-06-22",22.54
"2007-06-25",22.21
"2007-06-26",22.
"2007-06-27",23.02
"2007-06-28",23.29
"2007-06-29",23.37
"2007-07-02",23.13
"2007-07-03",23.03
"2007-07-05",22.55
"2007-07-06",22.51
"2007-07-09",22.53
"2007-07-10",22.35
"2007-07-11",22.44
"2007-07-12",22.43
"2007-07-13",22.38
"2007-07-16",22.5
"2007-07-17",22.45
"2007-07-18",22.42
"2007-07-19",22.5
"2007-07-20",21.86
"2007-07-23",21.95
"2007-07-24",21.38
"2007-07-25",21.13
"2007-07-26",20.8
"2007-07-27",20.45
"2007-07-30",20.1
"2007-07-31",19.95
"2007-08-01",20.24
"2007-08-02",20.24
"2007-08-03",19.79
"2007-08-06",19.66
"2007-08-07",19.94
"2007-08-08",20.52
"2007-08-09",19.73
"2007-08-10",19.7
"2007-08-13",19.08
"2007-08-14",19.25
"2007-08-15",18.28
"2007-08-16",18.4
"2007-08-17",19.29
"2007-08-20",19.2
"2007-08-21",19.79
"2007-08-22",19.44
"2007-08-23",19.2
"2007-08-24",19.31
"2007-08-27",19.11
"2007-08-28",18.84
"2007-08-29",19.5
"2007-08-30",19.84
"2007-08-31",19.84
"2007-09-04",20.16
"2007-09-05",20.18
"2007-09-06",19.99
"2007-09-07",19.81
"2007-09-10",19.65
"2007-09-11",19.81
"2007-09-12",19.64
"2007-09-13",19.89
"2007-09-14",20.12
"2007-09-17",20.65
"2007-09-18",21.21
"2007-09-19",21.1
"2007-09-20",20.8
"2007-09-21",20.68
"2007-09-24",20.77
"2007-09-25",20.84
"2007-09-26",21.22
"2007-09-27",21.38
"2007-09-28",21.18
"2007-10-01",21.71
"2007-10-02",21.36
"2007-10-03",21.8
"2007-10-04",22.21
"2007-10-05",22.42
"2007-10-08",22.39
"2007-10-09",22.21
"2007-10-10",22.46
"2007-10-11",22.18
"2007-10-12",22.49
"2007-10-15",22.44
"2007-10-16",21.82
"2007-10-17",22.
"2007-10-18",22.04
"2007-10-19",21.51
"2007-10-22",21.38
"2007-10-23",21.53
"2007-10-24",21.18
"2007-10-25",21.26
"2007-10-26",21.88
"2007-10-29",21.77
"2007-10-30",21.75
"2007-10-31",21.8
"2007-11-01",21.16
"2007-11-02",20.59
"2007-11-05",19.94
"2007-11-06",19.89
"2007-11-07",19.09
"2007-11-08",19.63
"2007-11-09",19.
"2007-11-12",19.68
"2007-11-13",20.42
"2007-11-14",19.91
"2007-11-15",19.84
"2007-11-16",19.5
"2007-11-19",19.07
"2007-11-20",19.32
"2007-11-21",19.
"2007-11-23",19.36
"2007-11-26",18.85
"2007-11-27",18.96
"2007-11-28",19.22
"2007-11-29",19.31
"2007-11-30",19.68
"2007-12-03",19.46
"2007-12-04",19.3
"2007-12-05",20.08
"2007-12-06",20.48
"2007-12-07",20.02
"2007-12-10",19.95
"2007-12-11",19.3
"2007-12-12",19.42
"2007-12-13",18.42
"2007-12-14",18.32
"2007-12-17",17.6
"2007-12-18",18.67
"2007-12-19",18.47
"2007-12-20",18.62
"2007-12-21",18.79
"2007-12-24",18.55
"2007-12-26",18.46
"2007-12-27",17.93
"2007-12-28",18.09
"2007-12-31",18.57
"2008-01-02",18.61
"2008-01-03",17.75
"2008-01-04",17.18
"2008-01-07",17.44
"2008-01-08",17.
"2008-01-09",17.94
"2008-01-10",17.91
"2008-01-11",18.08
"2008-01-14",17.89
"2008-01-15",17.58
"2008-01-16",18.22
"2008-01-17",17.84
"2008-01-18",18.06
"2008-01-22",17.64
"2008-01-23",18.76
"2008-01-24",18.37
"2008-01-25",18.12
"2008-01-28",18.45
"2008-01-29",19.1
"2008-01-30",18.75
"2008-01-31",19.24
"2008-02-01",19.86
"2008-02-04",19.62
"2008-02-05",19.02
"2008-02-06",18.76
"2008-02-07",18.87
"2008-02-08",18.75
"2008-02-11",18.76
"2008-02-12",18.77
"2008-02-13",19.11
"2008-02-14",18.87
"2008-02-15",18.65
"2008-02-19",18.47
"2008-02-20",18.61
"2008-02-21",18.51
"2008-02-22",18.39
"2008-02-25",18.54
"2008-02-26",19.08
"2008-02-27",19.43
"2008-02-28",19.31
"2008-02-29",18.65
"2008-03-03",18.33
"2008-03-04",17.82
"2008-03-05",17.24
"2008-03-06",17.83
"2008-03-07",17.7
"2008-03-10",17.53
"2008-03-11",17.84
"2008-03-12",17.6
"2008-03-13",17.7
"2008-03-14",17.47
"2008-03-17",18.36
"2008-03-18",19.76
"2008-03-19",20.32
"2008-03-20",21.09
"2008-03-24",21.93
"2008-03-25",22.04
"2008-03-26",21.69
"2008-03-27",20.98
"2008-03-28",20.96
"2008-03-31",20.76
"2008-04-01",21.38
"2008-04-02",21.26
"2008-04-03",21.15
"2008-04-04",21.44
"2008-04-07",21.41
"2008-04-08",21.71
"2008-04-09",21.66
"2008-04-10",21.33
"2008-04-11",20.88
"2008-04-14",20.43
"2008-04-15",20.56
"2008-04-16",21.18
"2008-04-17",21.37
"2008-04-18",21.46
"2008-04-21",21.34
"2008-04-22",21.03
"2008-04-23",21.27
"2008-04-24",22.08
"2008-04-25",22.05
"2008-04-28",21.97
"2008-04-29",21.68
"2008-04-30",21.87
"2008-05-01",22.9
"2008-05-02",22.55
"2008-05-05",22.42
"2008-05-06",22.52
"2008-05-07",21.83
"2008-05-08",21.86
"2008-05-09",23.57
"2008-05-12",24.01
"2008-05-13",24.37
"2008-05-14",24.21
"2008-05-15",23.79
"2008-05-16",23.68
"2008-05-19",23.68
"2008-05-20",23.1
"2008-05-21",22.93
"2008-05-22",22.92
"2008-05-23",22.63
"2008-05-27",22.73
"2008-05-28",22.59
"2008-05-29",23.1
"2008-05-30",23.34
"2008-06-02",23.34
"2008-06-03",23.6
"2008-06-04",23.7
"2008-06-05",23.85
"2008-06-06",22.98
"2008-06-09",22.74
"2008-06-10",22.75
"2008-06-11",22.11
"2008-06-12",22.04
"2008-06-13",22.32
"2008-06-16",23.46
"2008-06-17",23.41
"2008-06-18",23.13
"2008-06-19",23.12
"2008-06-20",20.74
"2008-06-23",21.36
"2008-06-24",21.14
"2008-06-25",21.58
"2008-06-26",20.8
"2008-06-27",20.82
"2008-06-30",21.4
"2008-07-01",21.57
"2008-07-02",21.88
"2008-07-03",21.81
"2008-07-07",22.75
"2008-07-08",23.54
"2008-07-09",23.86
"2008-07-10",22.88
"2008-07-11",22.48
"2008-07-14",22.19
"2008-07-15",22.48
"2008-07-16",23.55
"2008-07-17",24.08
"2008-07-18",24.1
"2008-07-21",23.46
"2008-07-22",24.34
"2008-07-23",24.08
"2008-07-24",23.74
"2008-07-25",23.76
"2008-07-28",23.18
"2008-07-29",24.33
"2008-07-30",24.09
"2008-07-31",24.33
"2008-08-01",24.28
"2008-08-04",24.41
"2008-08-05",24.97
"2008-08-06",24.75
"2008-08-07",24.4
"2008-08-08",24.85
"2008-08-11",25.41
"2008-08-12",24.7
"2008-08-13",24.48
"2008-08-14",24.66
"2008-08-15",24.99
"2008-08-18",24.84
"2008-08-19",24.81
"2008-08-20",24.93
"2008-08-21",25.27
"2008-08-22",25.21
"2008-08-25",24.6
"2008-08-26",24.91
"2008-08-27",25.
"2008-08-28",25.57
"2008-08-29",25.54
"2008-09-02",25.56
"2008-09-03",26.5
"2008-09-04",23.93
"2008-09-05",24.24
"2008-09-08",24.73
"2008-09-09",24.07
"2008-09-10",23.61
"2008-09-11",24.16
"2008-09-12",24.07
"2008-09-15",23.83
"2008-09-16",23.65
"2008-09-17",22.72
"2008-09-18",24.
"2008-09-19",25.06
"2008-09-22",22.99
"2008-09-23",23.66
"2008-09-24",23.12
"2008-09-25",23.18
"2008-09-26",23.
"2008-09-29",22.49
"2008-09-30",22.75
"2008-10-01",23.76
"2008-10-02",24.21
"2008-10-03",23.72
"2008-10-06",21.74
"2008-10-07",19.43
"2008-10-08",19.28
"2008-10-09",16.86
"2008-10-10",17.38
"2008-10-13",20.45
"2008-10-14",19.03
"2008-10-15",17.36
"2008-10-16",18.05
"2008-10-17",18.01
"2008-10-20",17.98
"2008-10-21",17.97
"2008-10-22",16.94
"2008-10-23",16.77
"2008-10-24",15.52
"2008-10-27",15.46
"2008-10-28",18.35
"2008-10-29",18.73
"2008-10-30",18.74
"2008-10-31",19.72
"2008-11-03",19.71
"2008-11-04",20.56
"2008-11-05",18.38
"2008-11-06",17.87
"2008-11-07",18.84
"2008-11-10",18.54
"2008-11-11",18.01
"2008-11-12",17.43
"2008-11-13",18.79
"2008-11-14",17.68
"2008-11-17",17.39
"2008-11-18",17.83
"2008-11-19",16.61
"2008-11-20",15.77
"2008-11-21",17.36
"2008-11-24",18.44
"2008-11-25",18.98
"2008-11-26",18.95
"2008-11-28",19.13
"2008-12-01",17.42
"2008-12-02",18.2
"2008-12-03",19.6
"2008-12-04",19.79
"2008-12-05",20.18
"2008-12-08",20.35
"2008-12-09",19.6
"2008-12-10",20.29
"2008-12-11",20.49
"2008-12-12",21.03
"2008-12-15",20.77
"2008-12-16",21.89
"2008-12-17",22.05
"2008-12-18",21.86
"2008-12-19",21.8
"2008-12-22",21.
"2008-12-23",21.65
"2008-12-24",21.91
"2008-12-26",22.07
"2008-12-29",21.71
"2008-12-30",22.33
"2008-12-31",22.72
"2009-01-02",22.51
"2009-01-05",23.08
"2009-01-06",22.74
"2009-01-07",22.07
"2009-01-08",21.59
"2009-01-09",21.24
"2009-01-12",20.92
"2009-01-13",20.75
"2009-01-14",20.53
"2009-01-15",20.99
"2009-01-16",20.88
"2009-01-20",20.02
"2009-01-21",20.47
"2009-01-22",20.57
"2009-01-23",20.77
"2009-01-26",20.97
"2009-01-27",21.55
"2009-01-28",21.51
"2009-01-29",20.92
"2009-01-30",20.73
"2009-02-02",21.11
"2009-02-03",21.36
"2009-02-04",21.26
"2009-02-05",21.83
"2009-02-06",22.8
"2009-02-09",22.7
"2009-02-10",21.48
"2009-02-11",21.83
"2009-02-12",21.88
"2009-02-13",21.55
"2009-02-17",21.07
"2009-02-18",20.68
"2009-02-19",20.19
"2009-02-20",20.41
"2009-02-23",19.56
"2009-02-24",20.09
"2009-02-25",20.14
"2009-02-26",19.55
"2009-02-27",19.1
"2009-03-02",18.47
"2009-03-03",18.17
"2009-03-04",18.09
"2009-03-05",17.32
"2009-03-06",18.68
"2009-03-09",17.82
"2009-03-10",18.24
"2009-03-11",18.18
"2009-03-12",18.99
"2009-03-13",18.84
"2009-03-16",18.84
"2009-03-17",19.42
"2009-03-18",19.43
"2009-03-19",19.48
"2009-03-20",19.13
"2009-03-23",17.38
"2009-03-24",16.54
"2009-03-25",17.05
"2009-03-26",17.42
"2009-03-27",17.32
"2009-03-30",17.38
"2009-03-31",18.19
"2009-04-01",17.7
"2009-04-02",18.02
"2009-04-03",17.8
"2009-04-06",17.28
"2009-04-07",16.65
"2009-04-08",16.38
"2009-04-09",15.58
"2009-04-13",15.67
"2009-04-14",15.86
"2009-04-15",15.98
"2009-04-16",16.41
"2009-04-17",16.39
"2009-04-20",15.89
"2009-04-21",16.24
"2009-04-22",15.96
"2009-04-23",15.69
"2009-04-24",15.24
"2009-04-27",15.21
"2009-04-28",14.78
"2009-04-29",15.15
"2009-04-30",15.14
"2009-05-01",15.
"2009-05-04",15.5
"2009-05-05",15.19
"2009-05-06",15.34
"2009-05-07",15.26
"2009-05-08",15.26
"2009-05-11",15.1
"2009-05-12",14.9
"2009-05-13",14.28
"2009-05-14",13.98
"2009-05-15",13.94
"2009-05-18",14.42
"2009-05-19",14.14
"2009-05-20",14.45
"2009-05-21",13.97
"2009-05-22",14.16
"2009-05-26",14.85
"2009-05-27",14.18
"2009-05-28",14.45
"2009-05-29",14.6
"2009-06-01",15.03
"2009-06-02",15.13
"2009-06-03",15.49
"2009-06-04",15.76
"2009-06-05",16.14
"2009-06-08",15.7
"2009-06-09",15.76
"2009-06-10",15.76
"2009-06-11",15.71
"2009-06-12",15.69
"2009-06-15",15.18
"2009-06-16",15.13
"2009-06-17",15.29
"2009-06-18",15.46
"2009-06-19",15.38
"2009-06-22",15.14
"2009-06-23",15.
"2009-06-24",15.08
"2009-06-25",15.49
"2009-06-26",15.42
"2009-06-29",15.67
"2009-06-30",17.23
"2009-07-01",17.33
"2009-07-02",16.89
"2009-07-06",17.18
"2009-07-07",16.62
"2009-07-08",16.58
"2009-07-09",16.38
"2009-07-10",16.36
"2009-07-13",16.49
"2009-07-14",16.61
"2009-07-15",17.22
"2009-07-16",17.45
"2009-07-17",17.35
"2009-07-20",17.25
"2009-07-21",17.02
"2009-07-22",17.11
"2009-07-23",16.82
"2009-07-24",16.59
"2009-07-27",16.33
"2009-07-28",16.59
"2009-07-29",16.95
"2009-07-30",16.7
"2009-07-31",16.69
"2009-08-03",16.87
"2009-08-04",16.88
"2009-08-05",16.86
"2009-08-06",16.88
"2009-08-07",16.96
"2009-08-10",17.22
"2009-08-11",16.98
"2009-08-12",17.17
"2009-08-13",17.14
"2009-08-14",17.24
"2009-08-17",17.26
"2009-08-18",17.13
"2009-08-19",17.34
"2009-08-20",17.49
"2009-08-21",17.61
"2009-08-24",17.62
"2009-08-25",17.72
"2009-08-26",17.73
"2009-08-27",17.6
"2009-08-28",17.38
"2009-08-31",17.28
"2009-09-01",16.9
"2009-09-02",16.73
"2009-09-03",17.01
"2009-09-04",16.62
"2009-09-08",16.72
"2009-09-09",17.16
"2009-09-10",17.29
"2009-09-11",17.38
"2009-09-14",17.32
"2009-09-15",17.44
"2009-09-16",17.64
"2009-09-17",17.53
"2009-09-18",17.58
"2009-09-21",17.3
"2009-09-22",17.52
"2009-09-23",17.85
"2009-09-24",17.74
"2009-09-25",17.96
"2009-09-28",18.26
"2009-09-29",18.57
"2009-09-30",18.38
"2009-10-01",18.51
"2009-10-02",18.07
"2009-10-05",18.06
"2009-10-06",18.38
"2009-10-07",18.82
"2009-10-08",19.35
"2009-10-09",19.45
"2009-10-12",19.35
"2009-10-13",19.24
"2009-10-14",19.8
"2009-10-15",19.82
"2009-10-16",19.76
"2009-10-19",19.78
"2009-10-20",19.66
"2009-10-21",19.65
"2009-10-22",19.88
"2009-10-23",19.46
"2009-10-26",19.12
"2009-10-27",18.8
"2009-10-28",18.59
"2009-10-29",18.96
"2009-10-30",18.34
"2009-11-02",18.54
"2009-11-03",18.33
"2009-11-04",18.19
"2009-11-05",18.72
"2009-11-06",18.94
"2009-11-09",19.42
"2009-11-10",19.34
"2009-11-11",19.34
"2009-11-12",19.36
"2009-11-13",19.36
"2009-11-16",20.51
"2009-11-17",20.51
"2009-11-18",20.77
"2009-11-19",20.4
"2009-11-20",20.38
"2009-11-23",20.65
"2009-11-24",20.76
"2009-11-25",20.49
"2009-11-27",20.49
"2009-11-30",20.3
"2009-12-01",20.67
"2009-12-02",20.65
"2009-12-03",20.21
"2009-12-04",20.22
"2009-12-07",20.22
"2009-12-08",19.9
"2009-12-09",19.73
"2009-12-10",19.87
"2009-12-11",20.62
"2009-12-14",20.62
"2009-12-15",20.97
"2009-12-16",20.75
"2009-12-17",20.15
"2009-12-18",20.43
"2009-12-21",20.57
"2009-12-22",20.57
"2009-12-23",20.83
"2009-12-24",21.59
"2009-12-28",21.93
"2009-12-29",22.5
"2009-12-30",22.65
"2009-12-31",22.62
"2010-01-04",22.66
"2010-01-05",22.34
"2010-01-06",21.81
"2010-01-07",21.91
"2010-01-08",22.
"2010-01-11",22.1
"2010-01-12",21.97
"2010-01-13",22.27
"2010-01-14",23.07
"2010-01-15",22.72
"2010-01-19",22.91
"2010-01-20",22.82
"2010-01-21",22.67
"2010-01-22",22.22
"2010-01-25",22.24
"2010-01-26",21.73
"2010-01-27",22.02
"2010-01-28",21.78
"2010-01-29",21.52
"2010-02-01",21.58
"2010-02-02",21.69
"2010-02-03",21.67
"2010-02-04",21.1
"2010-02-05",21.1
"2010-02-08",20.96
"2010-02-09",21.12
"2010-02-10",20.8
"2010-02-11",20.78
"2010-02-12",20.85
"2010-02-16",20.88
"2010-02-17",21.04
"2010-02-18",21.3
"2010-02-19",21.12
"2010-02-22",20.16
"2010-02-23",19.73
"2010-02-24",17.32
"2010-02-25",17.34
"2010-02-26",17.28
"2010-03-01",17.15
"2010-03-02",16.88
"2010-03-03",16.91
"2010-03-04",16.82
"2010-03-05",16.69
"2010-03-08",16.74
"2010-03-09",16.68
"2010-03-10",16.57
"2010-03-11",16.57
"2010-03-12",16.81
"2010-03-15",16.84
"2010-03-16",16.94
"2010-03-17",16.87
"2010-03-18",16.99
"2010-03-19",16.91
"2010-03-22",17.13
"2010-03-23",17.62
"2010-03-24",17.46
"2010-03-25",17.36
"2010-03-26",17.68
"2010-03-29",17.78
"2010-03-30",17.87
"2010-03-31",17.8
"2010-04-01",18.05
"2010-04-05",18.14
"2010-04-06",18.01
"2010-04-07",18.1
"2010-04-08",18.3
"2010-04-09",18.33
"2010-04-12",18.44
"2010-04-13",18.28
"2010-04-14",18.
"2010-04-15",17.82
"2010-04-16",17.94
"2010-04-19",18.
"2010-04-20",18.11
"2010-04-21",17.72
"2010-04-22",17.67
"2010-04-23",18.07
"2010-04-26",17.76
"2010-04-27",18.07
"2010-04-28",18.34
"2010-04-29",18.91
"2010-04-30",18.31
"2010-05-03",18.92
"2010-05-04",18.54
"2010-05-05",18.34
"2010-05-06",17.4
"2010-05-07",17.18
"2010-05-10",18.
"2010-05-11",17.34
"2010-05-12",17.39
"2010-05-13",17.27
"2010-05-14",16.97
"2010-05-17",17.04
"2010-05-18",16.75
"2010-05-19",16.83
"2010-05-20",16.06
"2010-05-21",16.37
"2010-05-24",16.06
"2010-05-25",15.89
"2010-05-26",15.85
"2010-05-27",16.24
"2010-05-28",16.08
"2010-06-01",15.83
"2010-06-02",16.14
"2010-06-03",16.33
"2010-06-04",15.73
"2010-06-07",15.55
"2010-06-08",15.53
"2010-06-09",15.17
"2010-06-10",15.87
"2010-06-11",15.86
"2010-06-14",15.74
"2010-06-15",15.99
"2010-06-16",15.87
"2010-06-17",15.93
"2010-06-18",15.8
"2010-06-21",15.7
"2010-06-22",15.27
"2010-06-23",15.37
"2010-06-24",14.96
"2010-06-25",15.55
"2010-06-28",16.25
"2010-06-29",15.71
"2010-06-30",15.69
"2010-07-01",15.53
"2010-07-02",15.24
"2010-07-06",15.3
"2010-07-07",15.49
"2010-07-08",14.22
"2010-07-09",14.6
"2010-07-12",14.37
"2010-07-13",14.58
"2010-07-14",14.46
"2010-07-15",14.61
"2010-07-16",13.98
"2010-07-19",14.61
"2010-07-20",14.69
"2010-07-21",14.84
"2010-07-22",15.05
"2010-07-23",15.23
"2010-07-26",15.52
"2010-07-27",15.63
"2010-07-28",15.48
"2010-07-29",15.45
"2010-07-30",15.68
"2010-08-02",15.83
"2010-08-03",15.58
"2010-08-04",15.41
"2010-08-05",15.01
"2010-08-06",14.87
"2010-08-09",14.78
"2010-08-10",14.73
"2010-08-11",14.21
"2010-08-12",14.23
"2010-08-13",14.13
"2010-08-16",14.06
"2010-08-17",14.01
"2010-08-18",13.93
"2010-08-19",13.72
"2010-08-20",13.47
"2010-08-23",13.66
"2010-08-24",13.36
"2010-08-25",13.4
"2010-08-26",13.47
"2010-08-27",13.59
"2010-08-30",13.37
"2010-08-31",12.83
"2010-09-01",12.94
"2010-09-02",12.57
"2010-09-03",13.3
"2010-09-07",12.51
"2010-09-08",12.88
"2010-09-09",12.93
"2010-09-10",12.93
"2010-09-13",12.87
"2010-09-14",12.84
"2010-09-15",13.16
"2010-09-16",12.97
"2010-09-17",12.98
"2010-09-20",13.23
"2010-09-21",12.9
"2010-09-22",12.91
"2010-09-23",12.74
"2010-09-24",13.07
"2010-09-27",12.74
"2010-09-28",12.79
"2010-09-29",12.68
"2010-09-30",12.95
"2010-10-01",12.59
"2010-10-04",12.41
"2010-10-05",12.71
"2010-10-06",12.91
"2010-10-07",12.86
"2010-10-08",13.82
"2010-10-11",14.21
"2010-10-12",14.14
"2010-10-13",13.69
"2010-10-14",12.31
"2010-10-15",12.36
"2010-10-18",10.94
"2010-10-19",10.85
"2010-10-20",10.73
"2010-10-21",10.62
"2010-10-22",10.78
"2010-10-25",10.78
"2010-10-26",11.22
"2010-10-27",11.48
"2010-10-28",11.64
"2010-10-29",11.78
"2010-11-01",11.61
"2010-11-02",11.6
"2010-11-03",11.65
"2010-11-04",11.76
"2010-11-05",12.22
"2010-11-08",12.35
"2010-11-09",12.25
"2010-11-10",12.26
"2010-11-11",12.8
"2010-11-12",12.85
"2010-11-15",12.82
"2010-11-16",12.46
"2010-11-17",12.38
"2010-11-18",12.53
"2010-11-19",12.56
"2010-11-22",12.76
"2010-11-23",12.67
"2010-11-24",12.82
"2010-11-26",12.77
"2010-11-29",12.83
"2010-11-30",12.59
"2010-12-01",12.69
"2010-12-02",13.37
"2010-12-03",13.16
"2010-12-06",13.02
"2010-12-07",13.55
"2010-12-08",12.72
"2010-12-09",13.06
"2010-12-10",13.04
"2010-12-13",13.3
"2010-12-14",13.13
"2010-12-15",13.04
"2010-12-16",12.97
"2010-12-17",12.99
"2010-12-20",12.94
"2010-12-21",12.84
"2010-12-22",12.9
"2010-12-23",12.69
"2010-12-27",11.8
"2010-12-28",11.83
"2010-12-29",11.77
"2010-12-30",11.79
"2010-12-31",11.91
"2011-01-03",12.49
"2011-01-04",12.3
"2011-01-05",12.59
"2011-01-06",12.59
"2011-01-07",12.78
"2011-01-10",12.66
"2011-01-11",12.75
"2011-01-12",12.63
"2011-01-13",12.53
"2011-01-14",12.81
"2011-01-18",13.12
"2011-01-19",13.06
"2011-01-20",13.21
"2011-01-21",13.78
"2011-01-24",13.21
"2011-01-25",13.07
"2011-01-26",13.07
"2011-01-27",13.11
"2011-01-28",12.5
"2011-01-31",12.52
"2011-02-01",12.67
"2011-02-02",12.82
"2011-02-03",12.75
"2011-02-04",12.82
"2011-02-07",12.8
"2011-02-08",12.77
"2011-02-09",13.23
"2011-02-10",13.14
"2011-02-11",13.25
"2011-02-14",13.2
"2011-02-15",13.93
"2011-02-16",14.07
"2011-02-17",14.22
"2011-02-18",14.54
"2011-02-22",14.15
"2011-02-23",14.18
"2011-02-24",14.91
"2011-02-25",15.18
"2011-02-28",15.19
"2011-03-01",14.72
"2011-03-02",14.57
"2011-03-03",14.7
"2011-03-04",14.47
"2011-03-07",14.62
"2011-03-08",15.02
"2011-03-09",15.19
"2011-03-10",15.84
"2011-03-11",15.82
"2011-03-14",16.06
"2011-03-15",15.91
"2011-03-16",15.82
"2011-03-17",15.89
"2011-03-18",16.07
"2011-03-21",16.23
"2011-03-22",16.11
"2011-03-23",16.26
"2011-03-24",16.47
"2011-03-25",16.56
"2011-03-28",16.65
"2011-03-29",16.8
"2011-03-30",16.76
"2011-03-31",16.74
"2011-04-01",17.44
"2011-04-04",17.67
"2011-04-05",17.79
"2011-04-06",17.52
"2011-04-07",17.97
"2011-04-08",17.42
"2011-04-11",17.4
"2011-04-12",17.31
"2011-04-13",17.61
"2011-04-14",17.6
"2011-04-15",17.66
"2011-04-18",17.67
"2011-04-19",17.69
"2011-04-20",17.83
"2011-04-21",17.65
"2011-04-25",17.88
"2011-04-26",17.81
"2011-04-27",17.51
"2011-04-28",17.6
"2011-04-29",17.29
"2011-05-02",17.48
"2011-05-03",17.24
"2011-05-04",16.97
"2011-05-05",17.2
"2011-05-06",17.24
"2011-05-09",15.93
"2011-05-10",15.64
"2011-05-11",15.86
"2011-05-12",15.96
"2011-05-13",15.82
"2011-05-16",15.87
"2011-05-17",16.05
"2011-05-18",16.49
"2011-05-19",16.36
"2011-05-20",16.33
"2011-05-23",16.26
"2011-05-24",16.61
"2011-05-25",15.93
"2011-05-26",15.9
"2011-05-27",15.97
"2011-05-31",16.2
"2011-06-01",16.23
"2011-06-02",16.15
"2011-06-03",16.11
"2011-06-06",15.89
"2011-06-07",15.93
"2011-06-08",15.59
"2011-06-09",15.77
"2011-06-10",15.39
"2011-06-13",15.39
"2011-06-14",15.78
"2011-06-15",15.42
"2011-06-16",15.38
"2011-06-17",15.4
"2011-06-20",15.55
"2011-06-21",16.
"2011-06-22",16.06
"2011-06-23",16.07
"2011-06-24",15.85
"2011-06-27",15.94
"2011-06-28",16.25
"2011-06-29",16.17
"2011-06-30",16.04
"2011-07-01",16.31
"2011-07-05",16.07
"2011-07-06",16.25
"2011-07-07",16.37
"2011-07-08",16.12
"2011-07-11",15.77
"2011-07-12",15.76
"2011-07-13",15.77
"2011-07-14",15.44
"2011-07-15",15.37
"2011-07-18",15.14
"2011-07-19",15.23
"2011-07-20",15.28
"2011-07-21",15.47
"2011-07-22",15.51
"2011-07-25",15.46
"2011-07-26",15.34
"2011-07-27",15.03
"2011-07-28",14.97
"2011-07-29",14.96
"2011-08-01",14.56
"2011-08-02",14.22
"2011-08-03",14.32
"2011-08-04",13.93
"2011-08-05",13.72
"2011-08-08",12.73
"2011-08-09",13.32
"2011-08-10",12.85
"2011-08-11",13.71
"2011-08-12",13.5
"2011-08-15",14.
"2011-08-16",14.01
"2011-08-17",14.04
"2011-08-18",13.42
"2011-08-19",13.26
"2011-08-22",13.4
"2011-08-23",14.39
"2011-08-24",14.35
"2011-08-25",13.55
"2011-08-26",13.96
"2011-08-29",14.95
"2011-08-30",15.07
"2011-08-31",15.12
"2011-09-01",15.18
"2011-09-02",13.41
"2011-09-06",13.49
"2011-09-07",14.14
"2011-09-08",13.59
"2011-09-09",13.13
"2011-09-12",13.26
"2011-09-13",13.19
"2011-09-14",13.65
"2011-09-15",14.2
"2011-09-16",14.13
"2011-09-19",14.09
"2011-09-20",14.09
"2011-09-21",13.16
"2011-09-22",13.13
"2011-09-23",13.33
"2011-09-26",13.76
"2011-09-27",13.76
"2011-09-28",13.51
"2011-09-29",13.73
"2011-09-30",13.31
"2011-10-03",13.12
"2011-10-04",13.51
"2011-10-05",13.7
"2011-10-06",13.86
"2011-10-07",13.81
"2011-10-10",14.41
"2011-10-11",14.71
"2011-10-12",14.82
"2011-10-13",14.72
"2011-10-14",14.88
"2011-10-17",14.2
"2011-10-18",14.37
"2011-10-19",14.17
"2011-10-20",14.21
"2011-10-21",14.41
"2011-10-24",14.97
"2011-10-25",14.55
"2011-10-26",14.89
"2011-10-27",15.35
"2011-10-28",15.44
"2011-10-31",15.29
"2011-11-01",14.89
"2011-11-02",15.02
"2011-11-03",15.35
"2011-11-04",15.31
"2011-11-07",15.41
"2011-11-08",15.53
"2011-11-09",15.34
"2011-11-10",15.53
"2011-11-11",15.91
"2011-11-14",15.61
"2011-11-15",15.93
"2011-11-16",15.5
"2011-11-17",15.41
"2011-11-18",15.47
"2011-11-21",15.08
"2011-11-22",15.14
"2011-11-23",14.56
"2011-11-25",14.41
"2011-11-28",14.94
"2011-11-29",15.18
"2011-11-30",15.73
"2011-12-01",16.06
"2011-12-02",15.03
"2011-12-05",14.89
"2011-12-06",15.13
"2011-12-07",15.57
"2011-12-08",15.57
"2011-12-09",15.92
"2011-12-12",15.85
"2011-12-13",15.72
"2011-12-14",15.37
"2011-12-15",15.36
"2011-12-16",15.36
"2011-12-19",15.17
"2011-12-20",15.38
"2011-12-21",15.59
"2011-12-22",15.9
"2011-12-23",16.08
"2011-12-27",16.
"2011-12-28",15.87
"2011-12-29",16.27
"2011-12-30",16.33
"2012-01-03",16.24
"2012-01-04",16.13
"2012-01-05",16.24
"2012-01-06",16.26
"2012-01-09",16.26
"2012-01-10",16.25
"2012-01-11",16.36
"2012-01-12",16.39
"2012-01-13",16.4
"2012-01-17",16.21
"2012-01-18",16.25
"2012-01-19",16.25
"2012-01-20",16.49
"2012-01-23",16.92
"2012-01-24",16.87
"2012-01-25",16.9
"2012-01-26",16.92
"2012-01-27",16.77
"2012-01-30",16.58
"2012-01-31",16.36
"2012-02-01",17.
"2012-02-02",16.83
"2012-02-03",17.2
"2012-02-06",17.19
"2012-02-07",17.14
"2012-02-08",17.16
"2012-02-09",17.02
"2012-02-10",16.8
"2012-02-13",16.43
"2012-02-14",16.21
"2012-02-15",16.11
"2012-02-16",16.25
"2012-02-17",16.2
"2012-02-21",16.28
"2012-02-22",16.19
"2012-02-23",16.12
"2012-02-24",16.38
"2012-02-27",16.48
"2012-02-28",16.53
"2012-02-29",16.3
"2012-03-01",16.44
"2012-03-02",16.32
"2012-03-05",16.2
"2012-03-06",15.99
"2012-03-07",15.87
"2012-03-08",15.97
"2012-03-09",15.9
"2012-03-12",16.25
"2012-03-13",16.61
"2012-03-14",16.5
"2012-03-15",16.74
"2012-03-16",16.91
"2012-03-19",16.91
"2012-03-20",17.15
"2012-03-21",16.9
"2012-03-22",16.88
"2012-03-23",16.8
"2012-03-26",17.12
"2012-03-27",16.99
"2012-03-28",16.82
"2012-03-29",16.7
"2012-03-30",16.47
"2012-04-02",16.68
"2012-04-03",17.12
"2012-04-04",16.99
"2012-04-05",17.03
"2012-04-09",16.76
"2012-04-10",16.66
"2012-04-11",16.81
"2012-04-12",16.99
"2012-04-13",16.88
"2012-04-16",16.7
"2012-04-17",16.92
"2012-04-18",16.99
"2012-04-19",16.88
"2012-04-20",16.8
"2012-04-23",16.47
"2012-04-24",16.59
"2012-04-25",16.74
"2012-04-26",14.95
"2012-04-27",14.96
"2012-04-30",14.7
"2012-05-01",14.66
"2012-05-02",14.6
"2012-05-03",14.61
"2012-05-04",14.54
"2012-05-07",14.48
"2012-05-08",14.47
"2012-05-09",14.52
"2012-05-10",14.58
"2012-05-11",14.57
"2012-05-14",14.59
"2012-05-15",14.59
"2012-05-16",14.69
"2012-05-17",14.48
"2012-05-18",14.52
"2012-05-21",14.78
"2012-05-22",14.73
"2012-05-23",15.03
"2012-05-24",14.99
"2012-05-25",15.19
"2012-05-29",15.41
"2012-05-30",15.38
"2012-05-31",15.27
"2012-06-01",15.06
"2012-06-04",15.35
"2012-06-05",15.53
"2012-06-06",15.74
"2012-06-07",15.42
"2012-06-08",15.45
"2012-06-11",15.23
"2012-06-12",15.12
"2012-06-13",15.16
"2012-06-14",15.36
"2012-06-15",15.6
"2012-06-18",15.5
"2012-06-19",15.46
"2012-06-20",15.56
"2012-06-21",15.32
"2012-06-22",15.47
"2012-06-25",15.21
"2012-06-26",15.09
"2012-06-27",15.67
"2012-06-28",15.85
"2012-06-29",15.98
"2012-07-02",15.99
"2012-07-03",15.98
"2012-07-05",16.15
"2012-07-06",16.15
"2012-07-09",16.08
"2012-07-10",16.04
"2012-07-11",16.1
"2012-07-12",16.29
"2012-07-13",16.52
"2012-07-16",16.46
"2012-07-17",16.68
"2012-07-18",16.74
"2012-07-19",16.58
"2012-07-20",16.55
"2012-07-23",16.33
"2012-07-24",16.06
"2012-07-25",16.04
"2012-07-26",16.1
"2012-07-27",16.21
"2012-07-30",16.34
"2012-07-31",16.13
"2012-08-01",16.
"2012-08-02",15.6
"2012-08-03",15.91
"2012-08-06",15.94
"2012-08-07",15.94
"2012-08-08",15.99
"2012-08-09",16.12
"2012-08-10",16.11
"2012-08-13",16.21
"2012-08-14",16.25
"2012-08-15",16.27
"2012-08-16",16.48
"2012-08-17",16.48
"2012-08-20",16.96
"2012-08-21",16.74
"2012-08-22",16.58
"2012-08-23",16.37
"2012-08-24",16.35
"2012-08-27",16.24
"2012-08-28",16.19
"2012-08-29",16.34
"2012-08-30",16.55
"2012-08-31",16.56
"2012-09-04",16.5
"2012-09-05",16.23
"2012-09-06",16.25
"2012-09-07",16.33
"2012-09-10",16.5
"2012-09-11",16.51
"2012-09-12",16.47
"2012-09-13",16.75
"2012-09-14",16.93
"2012-09-17",16.71
"2012-09-18",16.88
"2012-09-19",17.03
"2012-09-20",17.01
"2012-09-21",17.
"2012-09-24",17.1
"2012-09-25",16.95
"2012-09-26",17.01
"2012-09-27",17.33
"2012-09-28",17.33
"2012-10-01",17.64
"2012-10-02",17.63
"2012-10-03",17.75
"2012-10-04",17.89
"2012-10-05",17.96
"2012-10-08",17.82
"2012-10-09",17.62
"2012-10-10",16.67
"2012-10-11",16.96
"2012-10-12",16.92
"2012-10-15",17.03
"2012-10-16",17.12
"2012-10-17",17.19
"2012-10-18",17.29
"2012-10-19",17.11
"2012-10-22",17.74
"2012-10-23",17.68
"2012-10-24",17.54
"2012-10-25",17.81
"2012-10-26",17.75
"2012-10-31",17.7
"2012-11-01",18.13
"2012-11-02",17.92
"2012-11-05",18.07
"2012-11-06",18.28
"2012-11-07",17.99
"2012-11-08",17.79
"2012-11-09",17.77
"2012-11-12",17.82
"2012-11-13",17.82
"2012-11-14",17.64
"2012-11-15",17.62
"2012-11-16",17.85
"2012-11-19",18.03
"2012-11-20",17.97
"2012-11-21",17.98
"2012-11-23",18.23
"2012-11-26",18.09
"2012-11-27",18.12
"2012-11-28",18.09
"2012-11-29",18.16
"2012-11-30",18.03
"2012-12-03",17.96
"2012-12-04",17.85
"2012-12-05",17.57
"2012-12-06",18.26
"2012-12-07",18.59
"2012-12-10",18.45
"2012-12-11",18.39
"2012-12-12",18.7
"2012-12-13",18.68
"2012-12-14",18.6
"2012-12-17",19.06
"2012-12-18",19.19
"2012-12-19",19.04
"2012-12-20",18.95
"2012-12-21",18.64
"2012-12-24",18.61
"2012-12-26",18.31
"2012-12-27",18.47
"2012-12-28",18.24
"2012-12-31",18.57
"2013-01-02",19.06
"2013-01-03",19.14
"2013-01-04",19.25
"2013-01-07",19.19
"2013-01-08",19.06
"2013-01-09",19.46
"2013-01-10",19.8
"2013-01-11",19.98
"2013-01-14",19.41
"2013-01-15",19.28
"2013-01-16",19.39
"2013-01-17",20.34
"2013-01-18",20.56
"2013-01-22",20.89
"2013-01-23",21.26
"2013-01-24",21.72
"2013-01-25",22.33
"2013-01-28",22.66
"2013-01-29",22.92
"2013-01-30",23.07
"2013-01-31",22.77
"2013-02-01",22.86
"2013-02-04",23.82
"2013-02-05",23.74
"2013-02-06",24.
"2013-02-07",24.09
"2013-02-08",24.4
"2013-02-11",24.45
"2013-02-12",24.74
"2013-02-13",24.84
"2013-02-14",24.86
"2013-02-15",25.1
"2013-02-19",25.
"2013-02-20",24.45
"2013-02-21",24.54
"2013-02-22",24.66
"2013-02-25",24.27
"2013-02-26",24.61
"2013-02-27",24.88
"2013-02-28",24.86
"2013-03-01",24.78
"2013-03-04",25.44
"2013-03-05",25.12
"2013-03-06",25.26
"2013-03-07",24.98
"2013-03-08",27.28
"2013-03-11",27.34
"2013-03-12",27.71
"2013-03-13",28.19
"2013-03-14",27.93
"2013-03-15",27.51
"2013-03-18",27.62
"2013-03-19",27.6
"2013-03-20",27.83
"2013-03-21",27.9
"2013-03-22",28.32
"2013-03-25",28.46
"2013-03-26",28.91
"2013-03-27",29.16
"2013-03-28",29.42
"2013-04-01",29.27
"2013-04-02",29.24
"2013-04-03",28.73
"2013-04-04",28.43
"2013-04-05",28.28
"2013-04-08",28.33
"2013-04-09",28.3
"2013-04-10",28.95
"2013-04-11",28.76
"2013-04-12",28.58
"2013-04-15",27.38
"2013-04-16",27.65
"2013-04-17",26.7
"2013-04-18",26.9
"2013-04-19",27.74
"2013-04-22",27.72
"2013-04-23",28.35
"2013-04-24",28.22
"2013-04-25",28.03
"2013-04-26",28.66
"2013-04-29",27.95
"2013-04-30",27.74
"2013-05-01",27.93
"2013-05-02",28.15
"2013-05-03",28.62
"2013-05-06",28.46
"2013-05-07",27.96
"2013-05-08",27.7
"2013-05-09",27.53
"2013-05-10",27.82
"2013-05-13",27.56
"2013-05-14",27.93
"2013-05-15",28.77
"2013-05-16",28.83
"2013-05-17",29.64
"2013-05-20",29.61
"2013-05-21",29.64
"2013-05-22",29.19
"2013-05-23",29.15
"2013-05-24",29.19
"2013-05-28",29.68
"2013-05-29",29.59
"2013-05-30",29.68
"2013-05-31",29.27
"2013-06-03",28.91
"2013-06-04",28.8
"2013-06-05",28.3
"2013-06-06",29.13
"2013-06-07",29.84
"2013-06-10",29.9
"2013-06-11",29.4
"2013-06-12",28.83
"2013-06-13",28.91
"2013-06-14",28.63
"2013-06-17",28.87
"2013-06-18",29.22
"2013-06-19",29.09
"2013-06-20",28.23
"2013-06-21",28.43
"2013-06-24",27.48
"2013-06-25",27.89
"2013-06-26",28.36
"2013-06-27",28.29
"2013-06-28",27.75
"2013-07-01",28.14
"2013-07-02",28.01
"2013-07-03",27.92
"2013-07-05",28.3
"2013-07-08",28.95
"2013-07-09",29.21
"2013-07-10",29.58
"2013-07-11",29.94
"2013-07-12",30.63
"2013-07-15",30.22
"2013-07-16",29.82
"2013-07-17",30.44
"2013-07-18",30.75
"2013-07-19",31.02
"2013-07-22",30.92
"2013-07-23",30.96
"2013-07-24",30.63
"2013-07-25",30.65
"2013-07-26",30.49
"2013-07-29",30.47
"2013-07-30",31.23
"2013-07-31",31.43
"2013-08-01",31.99
"2013-08-02",31.89
"2013-08-05",31.68
"2013-08-06",31.61
"2013-08-07",31.52
"2013-08-08",31.54
"2013-08-09",31.37
"2013-08-12",31.39
"2013-08-13",31.34
"2013-08-14",30.92
"2013-08-15",29.63
"2013-08-16",29.68
"2013-08-19",28.91
"2013-08-20",28.94
"2013-08-21",28.66
"2013-08-22",29.1
"2013-08-23",28.97
"2013-08-26",29.
"2013-08-27",28.3
"2013-08-28",28.18
"2013-08-29",28.16
"2013-08-30",27.91
"2013-09-03",27.88
"2013-09-04",27.7
"2013-09-05",27.04
"2013-09-06",26.91
"2013-09-09",27.07
"2013-09-10",27.24
"2013-09-11",27.09
"2013-09-12",27.05
"2013-09-13",27.24
"2013-09-16",27.17
"2013-09-17",27.4
"2013-09-18",27.93
"2013-09-19",27.87
"2013-09-20",27.11
"2013-09-23",26.91
"2013-09-24",26.98
"2013-09-25",26.75
"2013-09-26",26.05
"2013-09-27",26.36
"2013-09-30",26.66
"2013-10-01",27.86
"2013-10-02",27.94
"2013-10-03",27.94
"2013-10-04",28.51
"2013-10-07",27.77
"2013-10-08",27.26
"2013-10-09",27.2
"2013-10-10",27.83
"2013-10-11",27.73
"2013-10-14",27.73
"2013-10-15",27.64
"2013-10-16",28.86
"2013-10-17",29.08
"2013-10-18",29.25
"2013-10-21",29.09
"2013-10-22",29.4
"2013-10-23",28.87
"2013-10-24",28.7
"2013-10-25",28.48
"2013-10-28",28.34
"2013-10-29",28.87
"2013-10-30",28.42
"2013-10-31",28.44
"2013-11-01",28.89
"2013-11-04",29.43
"2013-11-05",29.62
"2013-11-06",28.64
"2013-11-07",27.36
"2013-11-08",27.85
"2013-11-11",27.8
"2013-11-12",27.4
"2013-11-13",28.08
"2013-11-14",28.17
"2013-11-15",28.5
"2013-11-18",28.31
"2013-11-19",28.35
"2013-11-20",28.37
"2013-11-21",28.9
"2013-11-22",28.71
"2013-11-25",28.26
"2013-11-26",28.
"2013-11-27",28.11
"2013-11-29",27.89
"2013-12-02",28.43
"2013-12-03",28.47
"2013-12-04",28.49
"2013-12-05",28.54
"2013-12-06",29.01
"2013-12-09",29.02
"2013-12-10",28.8
"2013-12-11",28.01
"2013-12-12",28.15
"2013-12-13",28.04
"2013-12-16",28.21
"2013-12-17",27.98
"2013-12-18",28.27
"2013-12-19",28.48
"2013-12-20",28.54
"2013-12-23",28.83
"2013-12-24",28.74
"2013-12-26",28.94
"2013-12-27",28.52
"2013-12-30",29.09
"2013-12-31",29.04
"2014-01-02",29.38
"2014-01-03",29.28
"2014-01-06",28.48
"2014-01-07",28.47
"2014-01-08",29.74
"2014-01-09",30.03
"2014-01-10",30.3
"2014-01-13",29.41
"2014-01-14",29.61
"2014-01-15",29.32
"2014-01-16",28.81
"2014-01-17",29.03
"2014-01-21",28.78
"2014-01-22",29.34
"2014-01-23",29.
"2014-01-24",28.08
"2014-01-27",29.27
"2014-01-28",29.31
"2014-01-29",29.13
"2014-01-30",30.12
"2014-01-31",30.4
"2014-02-03",29.32
"2014-02-04",29.62
"2014-02-05",29.25
"2014-02-06",29.36
"2014-02-07",29.66
"2014-02-10",29.72
"2014-02-11",30.75
"2014-02-12",30.49
"2014-02-13",30.73
"2014-02-14",31.07
"2014-02-18",30.97
"2014-02-19",31.41
"2014-02-20",31.53
"2014-02-21",31.08
"2014-02-24",31.55
"2014-02-25",32.19
"2014-02-26",31.71
"2014-02-27",31.69
"2014-02-28",31.64
"2014-03-03",31.94
"2014-03-04",31.57
"2014-03-05",31.13
"2014-03-06",30.96
"2014-03-07",30.39
"2014-03-10",30.54
"2014-03-11",30.28
"2014-03-12",30.21
"2014-03-13",29.85
"2014-03-14",29.37
"2014-03-17",29.84
"2014-03-18",29.58
"2014-03-19",29.56
"2014-03-20",29.81
"2014-03-21",30.02
"2014-03-24",29.54
"2014-03-25",29.13
"2014-03-26",29.03
"2014-03-27",28.58
"2014-03-28",30.36
"2014-03-31",30.19
"2014-04-01",30.87
"2014-04-02",30.9
"2014-04-03",29.97
"2014-04-04",29.51
"2014-04-07",28.53
"2014-04-08",28.85
"2014-04-09",29.18
"2014-04-10",28.42
"2014-04-11",27.64
"2014-04-14",28.04
"2014-04-15",28.16
"2014-04-16",28.33
"2014-04-17",28.2
"2014-04-21",28.54
"2014-04-22",28.34
"2014-04-23",27.97
"2014-04-24",27.97
"2014-04-25",27.63
"2014-04-28",27.4
"2014-04-29",28.17
"2014-04-30",28.42
"2014-05-01",28.81
"2014-05-02",28.92
"2014-05-05",28.82
"2014-05-06",28.03
"2014-05-07",27.71
"2014-05-08",27.75
"2014-05-09",27.95
"2014-05-12",28.26
"2014-05-13",28.27
"2014-05-14",28.26
"2014-05-15",27.94
"2014-05-16",28.18
"2014-05-19",28.65
"2014-05-20",28.38
"2014-05-21",29.07
"2014-05-22",29.25
"2014-05-23",29.38
"2014-05-27",29.47
"2014-05-28",29.44
"2014-05-29",29.42
"2014-05-30",29.78
"2014-06-02",29.32
"2014-06-03",29.26
"2014-06-04",29.84
"2014-06-05",29.82
"2014-06-06",30.31
"2014-06-09",30.6
"2014-06-10",30.73
"2014-06-11",32.15
"2014-06-12",32.36
"2014-06-13",32.49
"2014-06-16",33.15
"2014-06-17",33.39
"2014-06-18",33.45
"2014-06-19",33.29
"2014-06-20",33.18
"2014-06-23",33.21
"2014-06-24",32.91
"2014-06-25",33.38
"2014-06-26",33.31
"2014-06-27",33.45
"2014-06-30",33.52
"2014-07-01",32.9
"2014-07-02",33.2
"2014-07-03",33.25
"2014-07-07",32.9
"2014-07-08",32.16
"2014-07-09",32.9
"2014-07-10",32.6
"2014-07-11",33.
"2014-07-14",32.85
"2014-07-15",32.72
"2014-07-16",32.57
"2014-07-17",31.94
"2014-07-18",32.37
"2014-07-21",32.14
"2014-07-22",32.03
"2014-07-23",32.12
"2014-07-24",32.6
"2014-07-25",32.35
"2014-07-28",32.27
"2014-07-29",32.03
"2014-07-30",32.44
"2014-07-31",32.13
"2014-08-01",32.01
"2014-08-04",32.18
"2014-08-05",32.07
"2014-08-06",32.3
"2014-08-07",32.38
"2014-08-08",32.69
"2014-08-11",33.23
"2014-08-12",32.96
"2014-08-13",33.12
"2014-08-14",33.26
"2014-08-15",33.2
"2014-08-18",33.4
"2014-08-19",33.47
"2014-08-20",33.68
"2014-08-21",33.83
"2014-08-22",33.78
"2014-08-25",33.7
"2014-08-26",33.73
"2014-08-27",33.84
"2014-08-28",33.56
"2014-08-29",33.53
"2014-09-02",33.6
"2014-09-03",33.5
"2014-09-04",32.81
"2014-09-05",32.52
"2014-09-08",32.2
"2014-09-09",32.35
"2014-09-10",32.35
"2014-09-11",32.46
"2014-09-12",32.45
"2014-09-15",32.32
"2014-09-16",32.27
"2014-09-17",32.2
"2014-09-18",32.25
"2014-09-19",32.26
"2014-09-22",32.31
"2014-09-23",31.52
"2014-09-24",31.52
"2014-09-25",31.02
"2014-09-26",31.27
"2014-09-29",31.04
"2014-09-30",31.01
"2014-10-01",30.51
"2014-10-02",30.73
"2014-10-03",31.66
"2014-10-06",29.91
"2014-10-07",29.42
"2014-10-08",29.86
"2014-10-09",28.94
"2014-10-10",28.44
"2014-10-13",27.64
"2014-10-14",28.23
"2014-10-15",28.69
"2014-10-16",29.39
"2014-10-17",29.91
"2014-10-20",30.23
"2014-10-21",30.51
"2014-10-22",30.26
"2014-10-23",30.8
"2014-10-24",30.93
"2014-10-27",30.97
"2014-10-28",31.45
"2014-10-29",31.56
"2014-10-30",31.66
"2014-10-31",32.31
"2014-11-03",32.22
"2014-11-04",32.
"2014-11-05",32.25
"2014-11-06",32.41
"2014-11-07",32.69
"2014-11-10",32.9
"2014-11-11",32.93
"2014-11-12",32.94
"2014-11-13",32.25
"2014-11-14",32.54
"2014-11-17",32.41
"2014-11-18",32.5
"2014-11-19",32.56
"2014-11-20",32.93
"2014-11-21",33.24
"2014-11-24",33.37
"2014-11-25",33.45
"2014-11-26",33.42
"2014-11-28",33.64
"2014-12-01",33.48
"2014-12-02",34.3
"2014-12-03",34.47
"2014-12-04",34.14
"2014-12-05",34.39
"2014-12-08",34.05
"2014-12-09",32.34
"2014-12-10",31.98
"2014-12-11",31.76
"2014-12-12",31.96
"2014-12-15",32.13
"2014-12-16",31.6
"2014-12-17",32.82
"2014-12-18",33.5
"2014-12-19",34.49
"2014-12-22",33.75
"2014-12-23",33.8
"2014-12-24",33.72
"2014-12-26",33.64
"2014-12-29",33.72
"2014-12-30",33.66
"2014-12-31",33.68
"2015-01-02",33.08
"2015-01-05",32.48
"2015-01-06",32.28
"2015-01-07",32.56
"2015-01-08",33.13
"2015-01-09",33.32
"2015-01-12",32.94
"2015-01-13",32.58
"2015-01-14",32.57
"2015-01-15",32.06
"2015-01-16",32.87
"2015-01-20",32.61
"2015-01-21",33.05
"2015-01-22",34.
"2015-01-23",34.23
"2015-01-26",34.58
"2015-01-27",34.61
"2015-01-28",34.42
"2015-01-29",34.7
"2015-01-30",34.28
"2015-02-02",34.55
"2015-02-03",34.92
"2015-02-04",34.86
"2015-02-05",35.64
"2015-02-06",35.38
"2015-02-09",35.
"2015-02-10",35.03
"2015-02-11",35.03
"2015-02-12",35.2
"2015-02-13",35.06
"2015-02-17",35.15
"2015-02-18",35.01
"2015-02-19",35.
"2015-02-20",34.74
"2015-02-23",34.9
"2015-02-24",34.51
"2015-02-25",34.8
"2015-02-26",34.48
"2015-02-27",34.15
"2015-03-02",34.19
"2015-03-03",33.71
"2015-03-04",33.42
"2015-03-05",32.01
"2015-03-06",32.12
"2015-03-09",31.84
"2015-03-10",31.58
"2015-03-11",31.78
"2015-03-12",32.07
"2015-03-13",31.81
"2015-03-16",32.16
"2015-03-17",32.19
"2015-03-18",32.58
"2015-03-19",32.29
"2015-03-20",32.9
"2015-03-23",33.
"2015-03-24",32.99
"2015-03-25",32.31
"2015-03-26",31.98
"2015-03-27",32.03
"2015-03-30",31.71
"2015-03-31",32.07
"2015-04-01",32.32
"2015-04-02",32.15
"2015-04-06",32.01
"2015-04-07",31.69
"2015-04-08",31.86
"2015-04-09",31.92
"2015-04-10",31.79
"2015-04-13",32.02
"2015-04-14",31.75
"2015-04-15",31.95
"2015-04-16",32.01
"2015-04-17",31.23
"2015-04-20",31.79
"2015-04-21",32.16
"2015-04-22",32.32
"2015-04-23",32.64
"2015-04-24",32.26
"2015-04-27",31.9
"2015-04-28",31.26
"2015-04-29",30.6
"2015-04-30",30.24
"2015-05-01",31.55
"2015-05-04",30.85
"2015-05-05",30.2
"2015-05-06",30.21
"2015-05-07",30.86
"2015-05-08",31.02
"2015-05-11",31.63
"2015-05-12",31.36
"2015-05-13",31.54
"2015-05-14",32.03
"2015-05-15",31.35
"2015-05-18",31.63
"2015-05-19",31.88
"2015-05-20",31.93
"2015-05-21",32.12
"2015-05-22",32.09
"2015-05-26",31.7
"2015-05-27",32.13
"2015-05-28",32.05
"2015-05-29",31.73
"2015-06-01",31.86
"2015-06-02",31.96
"2015-06-03",32.01
"2015-06-04",31.41
"2015-06-05",31.48
"2015-06-08",31.25
"2015-06-09",31.96
"2015-06-10",30.3
"2015-06-11",30.41
"2015-06-12",30.62
"2015-06-15",30.14
"2015-06-16",30.45
"2015-06-17",30.25
"2015-06-18",30.37
"2015-06-19",30.65
"2015-06-22",31.26
"2015-06-23",31.3
"2015-06-24",30.5
"2015-06-25",30.55
"2015-06-26",30.58
"2015-06-29",29.51
"2015-06-30",29.65
"2015-07-01",29.76
"2015-07-02",29.61
"2015-07-06",29.88
"2015-07-07",30.16
"2015-07-08",30.08
"2015-07-09",30.47
"2015-07-10",31.18
"2015-07-13",31.53
"2015-07-14",31.38
"2015-07-15",31.65
"2015-07-16",32.07
"2015-07-17",31.8
"2015-07-20",31.77
"2015-07-21",32.2
"2015-07-22",32.87
"2015-07-23",32.87
"2015-07-24",32.76
"2015-07-27",31.6
"2015-07-28",32.01
"2015-07-29",33.09
"2015-07-30",33.34
"2015-07-31",33.29
"2015-08-03",33.03
"2015-08-04",32.9
"2015-08-05",35.83
"2015-08-06",35.17
"2015-08-07",35.38
"2015-08-10",35.85
"2015-08-11",35.66
"2015-08-12",35.5
"2015-08-13",35.58
"2015-08-14",35.56
"2015-08-17",35.76
"2015-08-18",35.23
"2015-08-19",35.09
"2015-08-20",34.39
"2015-08-21",33.07
"2015-08-24",32.03
"2015-08-25",32.33
"2015-08-26",33.66
"2015-08-27",34.37
"2015-08-28",34.47
"2015-08-31",34.02
"2015-09-01",32.95
"2015-09-02",35.42
"2015-09-03",35.4
"2015-09-04",35.3
"2015-09-08",35.84
"2015-09-09",35.52
"2015-09-10",35.72
"2015-09-11",36.15
"2015-09-14",35.85
"2015-09-15",35.83
"2015-09-16",35.79
"2015-09-17",35.74
"2015-09-18",35.5
"2015-09-21",35.78
"2015-09-22",35.74
"2015-09-23",36.1
"2015-09-24",35.77
"2015-09-25",36.05
"2015-09-28",35.16
"2015-09-29",35.25
"2015-09-30",36.2
"2015-10-01",36.37
"2015-10-02",36.57
"2015-10-05",35.94
"2015-10-06",35.15
"2015-10-07",34.81
"2015-10-08",35.38
"2015-10-09",35.4
"2015-10-12",35.27
"2015-10-13",34.98
"2015-10-14",34.64
"2015-10-15",34.86
"2015-10-16",35.62
"2015-10-19",35.65
"2015-10-20",35.48
"2015-10-21",35.67
"2015-10-22",35.51
"2015-10-23",36.2
"2015-10-26",36.92
"2015-10-27",36.61
"2015-10-28",37.15
"2015-10-29",37.16
"2015-10-30",37.26
"2015-11-02",37.4
"2015-11-03",36.9
"2015-11-04",36.81
"2015-11-05",37.33
"2015-11-06",37.21
"2015-11-09",36.74
"2015-11-10",37.13
"2015-11-11",36.78
"2015-11-12",36.49
"2015-11-13",35.68
"2015-11-16",36.47
"2015-11-17",36.42
"2015-11-18",36.74
"2015-11-19",36.47
"2015-11-20",37.02
"2015-11-23",37.1
"2015-11-24",36.61
"2015-11-25",36.94
"2015-11-27",36.73
"2015-11-30",36.69
"2015-12-01",37.22
"2015-12-02",36.93
"2015-12-03",36.68
"2015-12-04",37.09
"2015-12-07",36.89
"2015-12-08",34.31
"2015-12-09",32.66
"2015-12-10",33.17
"2015-12-11",32.25
"2015-12-14",32.82
"2015-12-15",32.64
"2015-12-16",33.54
"2015-12-17",33.68
"2015-12-18",33.22
"2015-12-21",33.23
"2015-12-22",33.33
"2015-12-23",33.48
"2015-12-24",33.33
"2015-12-28",33.44
"2015-12-29",33.5
"2015-12-30",33.42
"2015-12-31",33.31
"2016-01-04",32.95
"2016-01-05",33.25
"2016-01-06",33.01
"2016-01-07",32.72
"2016-01-08",32.29
"2016-01-11",32.39
"2016-01-12",32.32
"2016-01-13",31.55
"2016-01-14",32.33
"2016-01-15",31.87
"2016-01-19",31.92
"2016-01-20",32.13
"2016-01-21",32.26
"2016-01-22",32.69
"2016-01-25",32.47
"2016-01-26",32.83
"2016-01-27",32.73
"2016-01-28",32.99
"2016-01-29",34.05
"2016-02-01",34.47
"2016-02-02",34.05
"2016-02-03",34.07
"2016-02-04",34.62
"2016-02-05",34.98
"2016-02-08",34.5
"2016-02-09",34.18
"2016-02-10",34.02
"2016-02-11",33.16
"2016-02-12",33.72
"2016-02-16",34.59
"2016-02-17",34.68
"2016-02-18",34.2
"2016-02-19",33.96
"2016-02-22",34.03
"2016-02-23",33.65
"2016-02-24",33.49
"2016-02-25",33.71
"2016-02-26",33.73
"2016-02-29",32.88
"2016-03-01",32.81
"2016-03-02",32.59
"2016-03-03",32.9
"2016-03-04",27.76
"2016-03-07",28.11
"2016-03-08",27.88
"2016-03-09",27.41
"2016-03-10",28.07
"2016-03-11",28.17
"2016-03-14",27.92
"2016-03-15",27.23
"2016-03-16",27.09
"2016-03-17",27.01
"2016-03-18",27.37
"2016-03-21",27.58
"2016-03-22",26.97
"2016-03-23",26.99
"2016-03-24",26.61
"2016-03-28",26.42
"2016-03-29",26.72
"2016-03-30",26.41
"2016-03-31",26.42
"2016-04-01",26.23
"2016-04-04",26.33
"2016-04-05",25.42
"2016-04-06",25.42
"2016-04-07",24.76
"2016-04-08",24.35
"2016-04-11",23.99
"2016-04-12",24.21
"2016-04-13",25.01
"2016-04-14",24.02
"2016-04-15",23.87
"2016-04-18",24.15
"2016-04-19",24.
"2016-04-20",23.77
"2016-04-21",23.76
"2016-04-22",23.83
"2016-04-25",24.04
"2016-04-26",23.82
"2016-04-27",20.59
"2016-04-28",21.01
"2016-04-29",20.24
"2016-05-02",20.22
"2016-05-03",20.29
"2016-05-04",20.21
"2016-05-05",20.03
"2016-05-06",19.7
"2016-05-09",19.85
"2016-05-10",20.01
"2016-05-11",19.46
"2016-05-12",19.52
"2016-05-13",19.81
"2016-05-16",19.98
"2016-05-17",20.44
"2016-05-18",20.42
"2016-05-19",20.16
"2016-05-20",20.57
"2016-05-23",20.05
"2016-05-24",20.38
"2016-05-25",20.53
"2016-05-26",20.71
"2016-05-27",20.97
"2016-05-31",21.36
"2016-06-01",21.58
"2016-06-02",21.72
"2016-06-03",21.66
"2016-06-06",21.59
"2016-06-07",21.52
"2016-06-08",21.01
"2016-06-09",21.54
"2016-06-10",24.23
"2016-06-13",23.75
"2016-06-14",23.79
"2016-06-15",23.68
"2016-06-16",23.46
"2016-06-17",23.22
"2016-06-20",22.76
"2016-06-21",22.59
"2016-06-22",22.6
"2016-06-23",22.85
"2016-06-24",22.23
"2016-06-27",21.73
"2016-06-28",22.32
"2016-06-29",22.77
"2016-06-30",23.
"2016-07-01",23.38
"2016-07-05",23.09
"2016-07-06",23.39
"2016-07-07",23.5
"2016-07-08",23.59
"2016-07-11",23.56
"2016-07-12",23.61
"2016-07-13",23.65
"2016-07-14",23.8
"2016-07-15",24.27
"2016-07-18",23.91
"2016-07-19",23.85
"2016-07-20",24.03
"2016-07-21",23.8
"2016-07-22",23.91
"2016-07-25",23.91
"2016-07-26",24.08
"2016-07-27",24.12
"2016-07-28",24.05
"2016-07-29",23.79
"2016-08-01",23.92
"2016-08-02",23.38
"2016-08-03",23.58
"2016-08-04",23.85
"2016-08-05",23.8
"2016-08-08",23.74
"2016-08-09",23.77
"2016-08-10",23.88
"2016-08-11",24.04
"2016-08-12",24.56
"2016-08-15",24.31
"2016-08-16",24.39
"2016-08-17",24.47
"2016-08-18",23.95
"2016-08-19",24.05
"2016-08-22",24.23
"2016-08-23",24.51
"2016-08-24",24.56
"2016-08-25",24.47
"2016-08-26",24.26
"2016-08-29",24.55
"2016-08-30",24.2
"2016-08-31",21.66
"2016-09-01",21.57
"2016-09-02",21.65
"2016-09-06",21.39
"2016-09-07",21.83
"2016-09-08",22.17
"2016-09-09",21.94
"2016-09-12",22.25
"2016-09-13",22.13
"2016-09-14",22.2
"2016-09-15",22.39
"2016-09-16",22.41
"2016-09-19",22.36
"2016-09-20",22.45
"2016-09-21",22.84
"2016-09-22",23.06
"2016-09-23",23.09
"2016-09-26",22.78
"2016-09-27",22.75
"2016-09-28",22.92
"2016-09-29",22.65
"2016-09-30",23.15
"2016-10-03",22.82
"2016-10-04",22.59
"2016-10-05",22.88
"2016-10-06",22.77
"2016-10-07",22.65
"2016-10-10",22.83
"2016-10-11",22.82
"2016-10-12",23.01
"2016-10-13",22.95
"2016-10-14",23.07
"2016-10-17",23.12
"2016-10-18",23.09
"2016-10-19",23.21
"2016-10-20",23.29
"2016-10-21",23.39
"2016-10-24",23.49
"2016-10-25",23.
"2016-10-26",22.79
"2016-10-27",22.69
"2016-10-28",22.73
"2016-10-31",22.97
"2016-11-01",22.35
"2016-11-02",22.35
"2016-11-03",22.17
"2016-11-04",21.93
"2016-11-07",22.03
"2016-11-08",22.14
"2016-11-09",21.3
"2016-11-10",22.04
"2016-11-11",22.83
"2016-11-14",23.57
"2016-11-15",23.9
"2016-11-16",22.23
"2016-11-17",23.03
"2016-11-18",23.15
"2016-11-21",23.25
"2016-11-22",23.39
"2016-11-23",23.68
"2016-11-25",23.98
"2016-11-28",21.82
"2016-11-29",22.38
"2016-11-30",22.16
"2016-12-01",21.78
"2016-12-02",21.72
"2016-12-05",22.14
"2016-12-06",22.69
"2016-12-07",23.34
"2016-12-08",22.79
"2016-12-09",22.95
"2016-12-12",23.44
"2016-12-13",23.25
"2016-12-14",22.89
"2016-12-15",23.09
"2016-12-16",23.45
"2016-12-19",23.2
"2016-12-20",23.2
"2016-12-21",23.21
"2016-12-22",23.3
"2016-12-23",23.28
"2016-12-27",23.51
"2016-12-28",23.29
"2016-12-29",23.22
"2016-12-30",22.99
"2017-01-03",22.91
"2017-01-04",23.4
"2017-01-05",23.69
"2017-01-06",24.
"2017-01-09",23.59
"2017-01-10",23.65
"2017-01-11",23.72
"2017-01-12",23.75
"2017-01-13",23.79
"2017-01-17",23.82
"2017-01-18",23.66
"2017-01-19",23.27
"2017-01-20",23.14
"2017-01-23",22.91
"2017-01-24",23.11
"2017-01-25",23.09
"2017-01-26",22.9
"2017-01-27",22.19
"2017-01-30",21.9
"2017-01-31",21.46
"2017-02-01",21.1
"2017-02-02",21.14
"2017-02-03",21.43
"2017-02-06",21.63
"2017-02-07",21.5
"2017-02-08",21.16
"2017-02-09",21.11
"2017-02-10",21.05
"2017-02-13",20.85
"2017-02-14",20.97
"2017-02-15",20.8
"2017-02-16",20.56
"2017-02-17",20.51
"2017-02-21",20.6
"2017-02-22",20.28
"2017-02-23",20.05
"2017-02-24",20.05
"2017-02-27",20.26
"2017-02-28",20.56
"2017-03-01",20.63
"2017-03-02",20.65
"2017-03-03",20.98
"2017-03-06",20.97
"2017-03-07",20.84
"2017-03-08",23.94
"2017-03-09",23.35
"2017-03-10",23.73
"2017-03-13",24.07
"2017-03-14",24.04
"2017-03-15",24.42
"2017-03-16",24.26
"2017-03-17",24.45
"2017-03-20",23.87
"2017-03-21",23.31
"2017-03-22",23.35
"2017-03-23",22.76
"2017-03-24",22.42
"2017-03-27",22.61
"2017-03-28",22.98
"2017-03-29",22.83
"2017-03-30",23.19
"2017-03-31",23.25
"2017-04-03",23.18
"2017-04-04",23.28
"2017-04-05",22.95
"2017-04-06",23.58
"2017-04-07",23.4
"2017-04-10",23.55
"2017-04-11",23.61
"2017-04-12",23.63
"2017-04-13",23.5
"2017-04-17",23.67
"2017-04-18",23.81
"2017-04-19",24.22
"2017-04-20",23.64
"2017-04-21",23.08
"2017-04-24",23.61
"2017-04-25",24.24
"2017-04-26",23.89
"2017-04-27",24.27
"2017-04-28",24.79
"2017-05-01",24.65
"2017-05-02",24.79
"2017-05-03",24.81
"2017-05-04",25.16
"2017-05-05",25.27
"2017-05-08",25.27
"2017-05-09",25.88
"2017-05-10",26.5
"2017-05-11",26.42
"2017-05-12",26.58
"2017-05-15",26.79
"2017-05-16",25.18
"2017-05-17",25.08
"2017-05-18",25.29
"2017-05-19",25.65
"2017-05-22",25.81
"2017-05-23",25.75
"2017-05-24",25.9
"2017-05-25",26.06
"2017-05-26",26.11
"2017-05-30",26.29
"2017-05-31",26.54
"2017-06-01",27.19
"2017-06-02",26.89
"2017-06-05",26.77
"2017-06-06",26.36
"2017-06-07",26.36
"2017-06-08",26.38
"2017-06-09",26.19
"2017-06-12",26.44
"2017-06-13",26.99
"2017-06-14",29.13
"2017-06-15",30.01
"2017-06-16",29.92
"2017-06-19",30.62
"2017-06-20",30.11
"2017-06-21",30.89
"2017-06-22",31.15
"2017-06-23",31.25
"2017-06-26",31.32
"2017-06-27",31.34
"2017-06-28",30.74
"2017-06-29",30.88
"2017-06-30",30.91
"2017-07-03",31.06
"2017-07-05",31.04
"2017-07-06",31.28
"2017-07-07",31.37
"2017-07-10",31.33
"2017-07-11",31.32
"2017-07-12",31.51
"2017-07-13",31.25
"2017-07-14",30.53
"2017-07-17",30.31
"2017-07-18",30.35
"2017-07-19",30.28
"2017-07-20",30.59
"2017-07-21",29.8
"2017-07-24",29.78
"2017-07-25",30.22
"2017-07-26",30.18
"2017-07-27",30.41
"2017-07-28",30.23
"2017-07-31",30.5
"2017-08-01",30.62
"2017-08-02",30.47
"2017-08-03",30.54
"2017-08-04",30.09
"2017-08-07",30.23
"2017-08-08",30.31
"2017-08-09",30.9
"2017-08-10",30.63
"2017-08-11",30.7
"2017-08-14",31.27
"2017-08-15",31.49
"2017-08-16",30.74
"2017-08-17",30.2
"2017-08-18",29.78
"2017-08-21",29.73
"2017-08-22",30.24
"2017-08-23",30.07
"2017-08-24",30.44
"2017-08-25",29.71
"2017-08-28",29.61
"2017-08-29",29.23
"2017-08-30",26.81
"2017-08-31",26.74
"2017-09-01",26.77
"2017-09-05",26.39
"2017-09-06",26.
"2017-09-07",25.69
"2017-09-08",26.08
"2017-09-11",26.09
"2017-09-12",26.55
"2017-09-13",25.97
"2017-09-14",26.44
"2017-09-15",25.88
"2017-09-18",25.98
"2017-09-19",26.16
"2017-09-20",26.21
"2017-09-21",26.21
"2017-09-22",26.75
"2017-09-25",26.21
"2017-09-26",26.36
"2017-09-27",26.69
"2017-09-28",27.24
"2017-09-29",26.48
"2017-10-02",26.39
"2017-10-03",26.59
"2017-10-04",25.7
"2017-10-05",24.68
"2017-10-06",24.86
"2017-10-09",25.36
"2017-10-10",25.71
"2017-10-11",25.61
"2017-10-12",25.75
"2017-10-13",25.2
"2017-10-16",25.33
"2017-10-17",24.84
"2017-10-18",25.04
"2017-10-19",25.55
"2017-10-20",25.72
"2017-10-23",26.25
"2017-10-24",26.41
"2017-10-25",25.94
"2017-10-26",26.51
"2017-10-27",26.27
"2017-10-30",25.3
"2017-10-31",24.74
"2017-11-01",24.49
"2017-11-02",23.86
"2017-11-03",24.06
"2017-11-06",24.34
"2017-11-07",24.02
"2017-11-08",25.25
"2017-11-09",25.4
"2017-11-10",25.08
"2017-11-13",25.95
"2017-11-14",25.86
"2017-11-15",25.24
"2017-11-16",25.88
"2017-11-17",26.09
"2017-11-20",25.88
"2017-11-21",25.58
"2017-11-22",25.85
"2017-11-24",25.66
"2017-11-27",25.49
"2017-11-28",25.55
"2017-11-29",25.87
"2017-11-30",26.18
"2017-12-01",25.86
"2017-12-04",26.25
"2017-12-05",26.29
"2017-12-06",28.99
"2017-12-07",27.39
"2017-12-08",27.22
"2017-12-11",27.5
"2017-12-12",27.54
"2017-12-13",27.31
"2017-12-14",26.89
"2017-12-15",27.2
"2017-12-18",27.7
"2017-12-19",27.63
"2017-12-20",27.85
"2017-12-21",26.7
"2017-12-22",26.23
"2017-12-26",26.06
"2017-12-27",26.45
"2017-12-28",26.57
"2017-12-29",26.22
"2018-01-02",26.76
"2018-01-03",26.65
"2018-01-04",26.62
"2018-01-05",26.79
"2018-01-08",26.31
"2018-01-09",26.44
"2018-01-10",25.97
"2018-01-11",26.08
"2018-01-12",26.36
"2018-01-16",26.63
"2018-01-17",26.48
"2018-01-18",26.53
"2018-01-19",26.28
"2018-01-22",26.48
"2018-01-23",27.53
"2018-01-24",27.16
"2018-01-25",26.82
"2018-01-26",26.72
"2018-01-29",26.83
"2018-01-30",26.44
"2018-01-31",26.54
"2018-02-01",26.15
"2018-02-02",25.46
"2018-02-05",24.47
"2018-02-06",25.17
"2018-02-07",25.74
"2018-02-08",25.19
"2018-02-09",24.92
"2018-02-12",25.13
"2018-02-13",25.91
"2018-02-14",26.94
"2018-02-15",27.56
"2018-02-16",28.04
"2018-02-20",27.17
"2018-02-21",26.41
"2018-02-22",26.15
"2018-02-23",26.82
"2018-02-26",26.87
"2018-02-27",25.93
"2018-02-28",25.33
"2018-03-01",25.13
"2018-03-02",24.69
"2018-03-05",25.8
"2018-03-06",25.77
"2018-03-07",28.73
"2018-03-08",27.67
"2018-03-09",27.69
"2018-03-12",27.78
"2018-03-13",27.19
"2018-03-14",26.62
"2018-03-15",26.71
"2018-03-16",27.05
"2018-03-19",26.09
"2018-03-20",26.2
"2018-03-21",25.84
"2018-03-22",25.19
"2018-03-23",25.5
"2018-03-26",25.79
"2018-03-27",25.06
"2018-03-28",25.15
"2018-03-29",25.41
"2018-04-02",24.57
"2018-04-03",25.33
"2018-04-04",25.67
"2018-04-05",25.84
"2018-04-06",25.51
"2018-04-09",25.34
"2018-04-10",25.78
"2018-04-11",25.89
"2018-04-12",26.27
"2018-04-13",26.05
"2018-04-16",26.44
"2018-04-17",26.46
"2018-04-18",26.69
"2018-04-19",26.33
"2018-04-20",27.1
"2018-04-23",27.13
"2018-04-24",26.68
"2018-04-25",28.12
"2018-04-26",28.55
"2018-04-27",28.22
"2018-04-30",27.65
"2018-05-01",27.7
"2018-05-02",26.72
"2018-05-03",26.53
"2018-05-04",27.49
"2018-05-07",27.67
"2018-05-08",27.82
"2018-05-09",27.39
"2018-05-10",27.78
"2018-05-11",27.85
"2018-05-14",27.7
"2018-05-15",27.8
"2018-05-16",27.94
"2018-05-17",27.74
"2018-05-18",27.68
"2018-05-21",27.89
"2018-05-22",27.9
"2018-05-23",27.76
"2018-05-24",28.06
"2018-05-25",27.93
"2018-05-29",27.94
"2018-05-30",28.1
"2018-05-31",27.45
"2018-06-01",27.89
"2018-06-04",28.23
"2018-06-05",28.34
"2018-06-06",28.83
"2018-06-07",28.94
"2018-06-08",29.15
"2018-06-11",29.38
"2018-06-12",29.6
"2018-06-13",24.29
"2018-06-14",23.77
"2018-06-15",23.66
"2018-06-18",23.55
"2018-06-19",23.99
"2018-06-20",24.07
"2018-06-21",23.48
"2018-06-22",23.
"2018-06-25",22.99
"2018-06-26",22.86
"2018-06-27",22.5
"2018-06-28",22.73
"2018-06-29",22.78
"2018-07-02",23.28
"2018-07-03",23.38
"2018-07-05",23.56
"2018-07-06",23.51
"2018-07-09",23.68
"2018-07-10",23.76
"2018-07-11",23.96
"2018-07-12",24.06
"2018-07-13",23.93
"2018-07-16",24.
"2018-07-17",23.97
"2018-07-18",24.43
"2018-07-19",24.41
"2018-07-20",24.4
"2018-07-23",24.59
"2018-07-24",25.03
"2018-07-25",25.12
"2018-07-26",25.38
"2018-07-27",24.87
"2018-07-30",25.07
"2018-07-31",25.16
"2018-08-01",24.95
"2018-08-02",25.17
"2018-08-03",25.35
"2018-08-06",25.6
"2018-08-07",25.62
"2018-08-08",25.7
"2018-08-09",25.63
"2018-08-10",25.86
"2018-08-13",25.71
"2018-08-14",26.1
"2018-08-15",26.14
"2018-08-16",26.37
"2018-08-17",26.42
"2018-08-20",26.44
"2018-08-21",26.73
"2018-08-22",26.56
"2018-08-23",26.3
"2018-08-24",26.47
"2018-08-27",26.6
"2018-08-28",26.11
"2018-08-29",26.31
"2018-08-30",27.33
"2018-08-31",27.06
"2018-09-04",26.72
"2018-09-05",26.3
"2018-09-06",26.46
"2018-09-07",26.17
"2018-09-10",25.75
"2018-09-11",25.5
"2018-09-12",25.55
"2018-09-13",24.93
"2018-09-14",25.01
"2018-09-17",24.87
"2018-09-18",25.3
"2018-09-19",25.36
"2018-09-20",25.74
"2018-09-21",26.12
"2018-09-24",25.41
"2018-09-25",25.53
"2018-09-26",25.79
"2018-09-27",25.97
"2018-09-28",25.75
"2018-10-01",26.01
"2018-10-02",25.93
"2018-10-03",25.37
"2018-10-04",25.06
"2018-10-05",25.44
"2018-10-08",26.51
"2018-10-09",26.76
"2018-10-10",26.61
"2018-10-11",25.97
"2018-10-12",25.69
"2018-10-15",25.91
"2018-10-16",26.76
"2018-10-17",26.52
"2018-10-18",25.99
"2018-10-19",25.81
"2018-10-22",25.83
"2018-10-23",26.37
"2018-10-24",25.53
"2018-10-25",25.9
"2018-10-26",25.5
"2018-10-29",25.73
"2018-10-30",26.6
"2018-10-31",26.54
"2018-11-01",26.46
"2018-11-02",27.13
"2018-11-05",26.99
"2018-11-06",27.37
"2018-11-07",28.32
"2018-11-08",28.33
"2018-11-09",28.73
"2018-11-12",28.39
"2018-11-13",28.13
