"2003-01-31",29.7
"2003-02-03",29.72
"2003-02-04",30.15
"2003-02-05",30.16
"2003-02-06",30.25
"2003-02-07",30.08
"2003-02-10",30.58
"2003-02-11",30.45
"2003-02-12",30.34
"2003-02-13",30.44
"2003-02-14",30.55
"2003-02-18",31.15
"2003-02-19",31.27
"2003-02-20",31.
"2003-02-21",31.5
"2003-02-24",31.5
"2003-02-25",31.6
"2003-02-26",31.59
"2003-02-27",32.
"2003-02-28",32.15
"2003-03-03",31.9
"2003-03-04",31.68
"2003-03-05",31.67
"2003-03-06",31.77
"2003-03-07",31.81
"2003-03-10",31.56
"2003-03-11",31.4
"2003-03-12",31.33
"2003-03-13",31.49
"2003-03-14",31.5
"2003-03-17",32.35
"2003-03-18",32.4
"2003-03-19",32.95
"2003-03-20",32.98
"2003-03-21",33.17
"2003-03-24",32.43
"2003-03-25",32.5
"2003-03-26",32.51
"2003-03-27",32.2
"2003-03-28",32.23
"2003-03-31",31.68
"2003-04-01",32.41
"2003-04-02",32.8
"2003-04-03",32.64
"2003-04-04",32.2
"2003-04-07",32.5
"2003-04-08",32.85
"2003-04-09",33.
"2003-04-10",32.88
"2003-04-11",32.65
"2003-04-14",32.95
"2003-04-15",32.68
"2003-04-16",32.67
"2003-04-17",33.
"2003-04-21",33.
"2003-04-22",33.4
"2003-04-23",33.6
"2003-04-24",33.15
"2003-04-25",33.33
"2003-04-28",33.32
"2003-04-29",33.23
"2003-04-30",33.
"2003-05-01",33.14
"2003-05-02",33.66
"2003-05-05",33.9
"2003-05-06",34.25
"2003-05-07",33.8
"2003-05-08",33.78
"2003-05-09",33.85
"2003-05-12",33.86
"2003-05-13",34.09
"2003-05-14",33.9
"2003-05-15",34.51
"2003-05-16",33.98
"2003-05-19",34.24
"2003-05-20",34.66
"2003-05-21",35.04
"2003-05-22",35.15
"2003-05-23",35.35
"2003-05-27",34.98
"2003-05-28",34.65
"2003-05-29",34.04
"2003-05-30",34.5
"2003-06-02",34.95
"2003-06-03",35.12
"2003-06-04",35.38
"2003-06-05",35.55
"2003-06-06",35.77
"2003-06-09",35.55
"2003-06-10",36.43
"2003-06-11",36.47
"2003-06-12",35.85
"2003-06-13",35.21
"2003-06-16",35.58
"2003-06-17",35.19
"2003-06-18",34.47
"2003-06-19",34.34
"2003-06-20",34.27
"2003-06-23",33.75
"2003-06-24",33.58
"2003-06-25",34.1
"2003-06-26",34.91
"2003-06-27",34.94
"2003-06-30",35.13
"2003-07-01",35.62
"2003-07-02",36.35
"2003-07-03",36.48
"2003-07-07",37.09
"2003-07-08",36.92
"2003-07-09",36.35
"2003-07-10",35.84
"2003-07-11",36.65
"2003-07-14",36.84
"2003-07-15",36.71
"2003-07-16",36.76
"2003-07-17",35.8
"2003-07-18",36.
"2003-07-21",36.
"2003-07-22",36.3
"2003-07-23",36.28
"2003-07-24",36.65
"2003-07-25",36.8
"2003-07-28",36.55
"2003-07-29",36.69
"2003-07-30",37.5
"2003-07-31",37.33
"2003-08-01",36.85
"2003-08-04",36.98
"2003-08-05",36.96
"2003-08-06",36.9
"2003-08-07",37.25
"2003-08-08",37.35
"2003-08-11",37.45
"2003-08-12",37.42
"2003-08-13",37.25
"2003-08-14",37.2
"2003-08-15",37.2
"2003-08-18",36.85
"2003-08-19",36.65
"2003-08-20",36.74
"2003-08-21",36.5
"2003-08-22",36.2
"2003-08-25",35.77
"2003-08-26",36.5
"2003-08-27",36.89
"2003-08-28",36.76
"2003-08-29",37.2
"2003-09-02",37.85
"2003-09-03",38.23
"2003-09-04",38.44
"2003-09-05",38.
"2003-09-08",38.
"2003-09-09",37.75
"2003-09-10",37.37
"2003-09-11",37.84
"2003-09-12",37.08
"2003-09-15",36.95
"2003-09-16",37.
"2003-09-17",36.89
"2003-09-18",36.75
"2003-09-19",36.8
"2003-09-22",36.5
"2003-09-23",36.9
"2003-09-24",36.8
"2003-09-25",37.2
"2003-09-26",37.1
"2003-09-29",37.25
"2003-09-30",37.75
"2003-10-01",38.3
"2003-10-02",38.7
"2003-10-03",39.3
"2003-10-06",39.68
"2003-10-07",39.75
"2003-10-08",39.43
"2003-10-09",39.93
"2003-10-10",39.58
"2003-10-13",39.93
"2003-10-14",40.28
"2003-10-15",40.25
"2003-10-16",40.55
"2003-10-17",39.8
"2003-10-20",39.65
"2003-10-21",39.96
"2003-10-22",39.85
"2003-10-23",39.58
"2003-10-24",39.5
"2003-10-27",40.15
"2003-10-28",39.39
"2003-10-29",39.7
"2003-10-30",39.9
"2003-10-31",40.2
"2003-11-03",41.
"2003-11-04",40.9
"2003-11-05",41.3
"2003-11-06",41.33
"2003-11-07",41.95
"2003-11-10",41.85
"2003-11-11",41.85
"2003-11-12",41.95
"2003-11-13",42.
"2003-11-14",42.37
"2003-11-17",42.09
"2003-11-18",42.49
"2003-11-19",41.7
"2003-11-20",41.
"2003-11-21",41.05
"2003-11-24",41.34
"2003-11-25",41.7
"2003-11-26",41.9
"2003-11-28",42.2
"2003-12-01",42.39
"2003-12-02",42.52
"2003-12-03",42.69
"2003-12-04",42.68
"2003-12-05",42.75
"2003-12-08",42.55
"2003-12-09",42.72
"2003-12-10",42.5
"2003-12-11",42.69
"2003-12-12",43.19
"2003-12-15",43.7
"2003-12-16",44.1
"2003-12-17",44.16
"2003-12-18",43.7
"2003-12-19",43.45
"2003-12-22",43.35
"2003-12-23",43.07
"2003-12-24",43.38
"2003-12-26",43.26
"2003-12-29",43.5
"2003-12-30",44.21
"2003-12-31",44.5
"2004-01-02",43.6
"2004-01-05",43.75
"2004-01-06",44.
"2004-01-07",44.61
"2004-01-08",44.45
"2004-01-09",44.72
"2004-01-12",44.31
"2004-01-13",44.89
"2004-01-14",45.24
"2004-01-15",45.
"2004-01-16",45.4
"2004-01-20",44.62
"2004-01-21",45.3
"2004-01-22",45.5
"2004-01-23",46.6
"2004-01-26",47.69
"2004-01-27",48.55
"2004-01-28",48.
"2004-01-29",47.9
"2004-01-30",48.13
"2004-02-02",48.75
"2004-02-03",48.8
"2004-02-04",48.33
"2004-02-05",47.82
"2004-02-06",48.86
"2004-02-09",49.55
"2004-02-10",50.32
"2004-02-11",50.8
"2004-02-12",50.54
"2004-02-13",50.1
"2004-02-17",50.09
"2004-02-18",50.24
"2004-02-19",49.12
"2004-02-20",48.78
"2004-02-23",48.4
"2004-02-24",48.4
"2004-02-25",49.02
"2004-02-26",48.96
"2004-02-27",49.4
"2004-03-01",49.95
"2004-03-02",49.98
"2004-03-03",50.51
"2004-03-04",50.95
"2004-03-05",51.74
"2004-03-08",52.03
"2004-03-09",52.3
"2004-03-10",52.
"2004-03-11",51.5
"2004-03-12",52.
"2004-03-15",51.87
"2004-03-16",51.65
"2004-03-17",51.94
"2004-03-18",52.8
"2004-03-19",52.33
"2004-03-22",52.
"2004-03-23",52.2
"2004-03-24",51.8
"2004-03-25",52.
"2004-03-26",51.85
"2004-03-29",52.55
"2004-03-30",53.15
"2004-03-31",53.9
"2004-04-01",54.3
"2004-04-02",53.44
"2004-04-05",50.7
"2004-04-06",47.6
"2004-04-07",46.7
"2004-04-08",46.41
"2004-04-12",43.
"2004-04-13",43.3
"2004-04-14",42.8
"2004-04-15",43.88
"2004-04-16",44.47
"2004-04-19",45.04
"2004-04-20",42.9
"2004-04-21",42.69
"2004-04-22",43.54
"2004-04-23",43.06
"2004-04-26",43.49
"2004-04-27",43.63
"2004-04-28",43.07
"2004-04-29",42.18
"2004-04-30",41.87
"2004-05-03",41.7
"2004-05-04",41.9
"2004-05-05",41.78
"2004-05-06",42.17
"2004-05-07",40.7
"2004-05-10",39.75
"2004-05-11",39.89
"2004-05-12",40.5
"2004-05-13",40.7
"2004-05-14",41.3
"2004-05-17",41.23
"2004-05-18",42.23
"2004-05-19",41.01
"2004-05-20",42.09
"2004-05-21",42.4
"2004-05-24",42.11
"2004-05-25",43.3
"2004-05-26",44.21
"2004-05-27",44.95
"2004-05-28",45.25
"2004-06-01",44.7
"2004-06-02",45.66
"2004-06-03",45.07
"2004-06-04",45.3
"2004-06-07",45.68
"2004-06-08",45.8
"2004-06-09",45.39
"2004-06-10",45.36
"2004-06-14",44.7
"2004-06-15",45.84
"2004-06-16",46.3
"2004-06-17",46.76
"2004-06-18",47.3
"2004-06-21",48.08
"2004-06-22",48.01
"2004-06-23",48.05
"2004-06-24",47.75
"2004-06-25",47.7
"2004-06-28",48.39
"2004-06-29",46.91
"2004-06-30",47.87
"2004-07-01",47.8
"2004-07-02",49.25
"2004-07-06",48.93
"2004-07-07",49.6
"2004-07-08",48.4
"2004-07-09",48.68
"2004-07-12",49.15
"2004-07-13",48.23
"2004-07-14",48.86
"2004-07-15",49.02
"2004-07-16",48.79
"2004-07-19",49.88
"2004-07-20",49.5
"2004-07-21",48.9
"2004-07-22",47.28
"2004-07-23",46.6
"2004-07-26",46.85
"2004-07-27",46.7
"2004-07-28",46.98
"2004-07-29",46.92
"2004-07-30",47.9
"2004-08-02",48.5
"2004-08-03",49.4
"2004-08-04",49.55
"2004-08-05",48.75
"2004-08-06",48.55
"2004-08-09",48.4
"2004-08-10",48.35
"2004-08-11",48.25
"2004-08-12",47.89
"2004-08-13",48.01
"2004-08-16",48.25
"2004-08-17",48.55
"2004-08-18",48.59
"2004-08-19",48.08
"2004-08-20",50.98
"2004-08-23",51.
"2004-08-24",52.66
"2004-08-25",52.24
"2004-08-26",52.28
"2004-08-27",54.11
"2004-08-30",54.05
"2004-08-31",54.5
"2004-09-01",53.95
"2004-09-02",54.
"2004-09-03",54.24
"2004-09-07",55.58
"2004-09-08",55.79
"2004-09-09",53.6
"2004-09-10",53.9
"2004-09-13",53.3
"2004-09-14",52.46
"2004-09-15",52.71
"2004-09-16",54.45
"2004-09-17",54.06
"2004-09-20",53.5
"2004-09-21",52.99
"2004-09-22",52.75
"2004-09-23",52.32
"2004-09-24",52.23
"2004-09-27",52.6
"2004-09-28",52.58
"2004-09-29",52.97
"2004-09-30",53.29
"2004-10-01",54.1
"2004-10-04",54.15
"2004-10-05",54.67
"2004-10-06",54.8
"2004-10-07",54.34
"2004-10-08",54.89
"2004-10-11",54.8
"2004-10-12",55.6
"2004-10-13",55.6
"2004-10-14",56.15
"2004-10-15",56.75
"2004-10-18",57.05
"2004-10-19",56.9
"2004-10-20",57.15
"2004-10-21",58.
"2004-10-22",57.57
"2004-10-25",57.25
"2004-10-26",58.57
"2004-10-27",58.97
"2004-10-28",59.42
"2004-10-29",59.75
"2004-11-01",60.1
"2004-11-02",59.9
"2004-11-03",60.11
"2004-11-04",61.4
"2004-11-05",57.75
"2004-11-08",58.01
"2004-11-09",58.93
"2004-11-10",58.4
"2004-11-11",58.86
"2004-11-12",60.58
"2004-11-15",61.94
"2004-11-16",61.15
"2004-11-17",59.78
"2004-11-18",60.02
"2004-11-19",59.4
"2004-11-22",59.4
"2004-11-23",59.6
"2004-11-24",60.93
"2004-11-26",60.74
"2004-11-29",60.4
"2004-11-30",60.74
"2004-12-01",62.07
"2004-12-02",61.16
"2004-12-03",61.95
"2004-12-06",62.5
"2004-12-07",61.6
"2004-12-08",61.57
"2004-12-09",61.7
"2004-12-10",62.15
"2004-12-13",62.65
"2004-12-14",63.48
"2004-12-15",63.4
"2004-12-16",62.9
"2004-12-17",64.66
"2004-12-20",63.95
"2004-12-21",63.85
"2004-12-22",64.1
"2004-12-23",61.53
"2004-12-27",62.05
"2004-12-28",62.01
"2004-12-29",62.66
"2004-12-30",62.73
"2004-12-31",62.8
"2005-01-03",62.15
"2005-01-04",61.15
"2005-01-05",58.2
"2005-01-06",58.04
"2005-01-07",58.
"2005-01-10",58.17
"2005-01-11",57.1
"2005-01-12",57.
"2005-01-13",57.77
"2005-01-14",58.33
"2005-01-18",59.35
"2005-01-19",59.89
"2005-01-20",59.25
"2005-01-21",59.5
"2005-01-24",58.55
"2005-01-25",57.18
"2005-01-26",57.01
"2005-01-27",55.79
"2005-01-28",56.8
"2005-01-31",57.21
"2005-02-01",57.25
"2005-02-02",57.68
"2005-02-03",58.79
"2005-02-04",59.61
"2005-02-07",58.95
"2005-02-08",59.25
"2005-02-09",60.05
"2005-02-10",60.
"2005-02-11",60.
"2005-02-14",59.8
"2005-02-15",60.55
"2005-02-16",61.05
"2005-02-17",62.
"2005-02-18",59.74
"2005-02-22",57.81
"2005-02-23",56.6
"2005-02-24",56.2
"2005-02-25",57.73
"2005-02-28",57.21
"2005-03-01",57.7
"2005-03-02",57.38
"2005-03-03",57.58
"2005-03-04",58.94
"2005-03-07",59.43
"2005-03-08",58.86
"2005-03-09",56.7
"2005-03-10",57.15
"2005-03-11",56.1
"2005-03-14",56.55
"2005-03-15",56.7
"2005-03-16",56.65
"2005-03-17",57.25
"2005-03-18",56.4
"2005-03-21",55.74
"2005-03-22",54.52
"2005-03-23",53.97
"2005-03-24",54.23
"2005-03-28",53.41
"2005-03-29",53.45
"2005-03-30",53.85
"2005-03-31",53.28
"2005-04-01",54.2
"2005-04-04",54.
"2005-04-05",54.12
"2005-04-06",54.35
"2005-04-07",54.75
"2005-04-08",54.3
"2005-04-11",55.11
"2005-04-12",55.81
"2005-04-13",56.34
"2005-04-14",56.31
"2005-04-15",56.22
"2005-04-18",57.06
"2005-04-19",57.53
"2005-04-20",57.42
"2005-04-21",57.6
"2005-04-22",57.85
"2005-04-25",58.95
"2005-04-26",59.15
"2005-04-27",59.64
"2005-04-28",59.16
"2005-04-29",60.3
"2005-05-02",59.6
"2005-05-03",58.49
"2005-05-04",59.18
"2005-05-05",59.61
"2005-05-06",59.12
"2005-05-09",60.25
"2005-05-10",60.28
"2005-05-11",60.39
"2005-05-12",60.35
"2005-05-13",59.8
"2005-05-16",60.83
"2005-05-17",61.47
"2005-05-18",61.34
"2005-05-19",62.82
"2005-05-20",63.35
"2005-05-23",63.3
"2005-05-24",61.63
"2005-05-25",60.5
"2005-05-26",60.5
"2005-05-27",61.5
"2005-05-31",63.03
"2005-06-01",62.59
"2005-06-02",62.35
"2005-06-03",62.05
"2005-06-06",62.42
"2005-06-07",63.42
"2005-06-08",64.51
"2005-06-09",64.83
"2005-06-10",64.39
"2005-06-13",64.49
"2005-06-14",64.98
"2005-06-15",65.15
"2005-06-16",64.85
"2005-06-17",65.35
"2005-06-20",65.52
"2005-06-21",65.5
"2005-06-22",65.61
"2005-06-23",67.27
"2005-06-24",67.04
"2005-06-27",66.6
"2005-06-28",66.75
"2005-06-29",67.32
"2005-06-30",67.05
"2005-07-01",67.4
"2005-07-05",67.56
"2005-07-06",67.35
"2005-07-07",67.55
"2005-07-08",68.08
"2005-07-11",68.7
"2005-07-12",68.45
"2005-07-13",68.08
"2005-07-14",66.88
"2005-07-15",67.
"2005-07-18",67.47
"2005-07-19",68.3
"2005-07-20",68.75
"2005-07-21",67.31
"2005-07-22",67.54
"2005-07-25",67.9
"2005-07-26",68.75
"2005-07-27",68.73
"2005-07-28",69.83
"2005-07-29",70.22
"2005-08-01",70.04
"2005-08-02",70.85
"2005-08-03",71.19
"2005-08-04",69.61
"2005-08-05",65.75
"2005-08-08",62.35
"2005-08-09",62.91
"2005-08-10",63.3
"2005-08-11",64.32
"2005-08-12",64.9
"2005-08-15",65.6
"2005-08-16",65.67
"2005-08-17",64.6
"2005-08-18",64.35
"2005-08-19",64.03
"2005-08-22",64.34
"2005-08-23",64.43
"2005-08-24",64.83
"2005-08-25",64.95
"2005-08-26",63.62
"2005-08-29",64.11
"2005-08-30",63.72
"2005-08-31",65.08
"2005-09-01",65.65
"2005-09-02",65.06
"2005-09-06",66.03
"2005-09-07",65.45
"2005-09-08",65.6
"2005-09-09",65.76
"2005-09-12",65.98
"2005-09-13",65.49
"2005-09-14",64.96
"2005-09-15",64.51
"2005-09-16",65.
"2005-09-19",64.
"2005-09-20",63.7
"2005-09-21",62.15
"2005-09-22",62.21
"2005-09-23",62.61
"2005-09-26",63.05
"2005-09-27",63.08
"2005-09-28",63.25
"2005-09-29",64.47
"2005-09-30",64.94
"2005-10-03",65.73
"2005-10-04",64.45
"2005-10-05",63.47
"2005-10-06",63.52
"2005-10-07",62.59
"2005-10-10",61.71
"2005-10-11",62.03
"2005-10-12",60.91
"2005-10-13",61.09
"2005-10-14",62.65
"2005-10-17",62.69
"2005-10-18",62.47
"2005-10-19",62.61
"2005-10-20",62.05
"2005-10-21",62.92
"2005-10-24",64.1
"2005-10-25",63.76
"2005-10-26",62.88
"2005-10-27",62.38
"2005-10-28",64.
"2005-10-31",64.27
"2005-11-01",61.95
"2005-11-02",63.31
"2005-11-03",62.41
"2005-11-04",62.15
"2005-11-07",63.1
"2005-11-08",62.2
"2005-11-09",63.27
"2005-11-10",64.08
"2005-11-11",65.43
"2005-11-14",65.41
"2005-11-15",65.32
"2005-11-16",65.37
"2005-11-17",66.19
"2005-11-18",66.76
"2005-11-21",67.23
"2005-11-22",68.03
"2005-11-23",68.47
"2005-11-25",68.58
"2005-11-28",67.46
"2005-11-29",68.21
"2005-11-30",67.98
"2005-12-01",68.54
"2005-12-02",68.37
"2005-12-05",67.75
"2005-12-06",67.51
"2005-12-07",66.88
"2005-12-08",67.18
"2005-12-09",67.63
"2005-12-12",67.74
"2005-12-13",67.72
"2005-12-14",67.98
"2005-12-15",67.76
"2005-12-16",67.77
"2005-12-19",67.33
"2005-12-20",66.55
"2005-12-21",67.56
"2005-12-22",68.18
"2005-12-23",68.5
"2005-12-27",67.75
"2005-12-28",67.75
"2005-12-29",67.41
"2005-12-30",67.14
"2006-01-03",68.93
"2006-01-04",68.89
"2006-01-05",70.12
"2006-01-06",70.83
"2006-01-09",71.59
"2006-01-10",73.57
"2006-01-11",73.57
"2006-01-12",73.41
"2006-01-13",70.1
"2006-01-17",69.7
"2006-01-18",69.33
"2006-01-19",70.
"2006-01-20",69.65
"2006-01-23",69.85
"2006-01-24",70.3
"2006-01-25",70.6
"2006-01-26",70.8
"2006-01-27",71.76
"2006-01-30",71.78
"2006-01-31",72.57
"2006-02-01",72.65
"2006-02-02",72.
"2006-02-03",70.71
"2006-02-06",70.6
"2006-02-07",70.18
"2006-02-08",69.95
"2006-02-09",70.1
"2006-02-10",69.95
"2006-02-13",69.9
"2006-02-14",69.66
"2006-02-15",70.
"2006-02-16",70.39
"2006-02-17",71.2
"2006-02-21",71.
"2006-02-22",72.87
"2006-02-23",72.39
"2006-02-24",72.3
"2006-02-27",72.23
"2006-02-28",72.05
"2006-03-01",72.5
"2006-03-02",71.87
"2006-03-03",71.1
"2006-03-06",71.69
"2006-03-07",71.19
"2006-03-08",71.42
"2006-03-09",71.93
"2006-03-10",72.4
"2006-03-13",71.64
"2006-03-14",71.51
"2006-03-15",73.11
"2006-03-16",73.82
"2006-03-17",74.34
"2006-03-20",73.63
"2006-03-21",72.99
"2006-03-22",73.13
"2006-03-23",73.14
"2006-03-24",72.44
"2006-03-27",71.87
"2006-03-28",73.29
"2006-03-29",75.13
"2006-03-30",74.2
"2006-03-31",73.95
"2006-04-03",71.85
"2006-04-04",72.02
"2006-04-05",72.39
"2006-04-06",72.2
"2006-04-07",71.45
"2006-04-10",70.51
"2006-04-11",70.55
"2006-04-12",70.98
"2006-04-13",70.26
"2006-04-17",70.15
"2006-04-18",71.73
"2006-04-19",73.12
"2006-04-20",73.
"2006-04-21",73.66
"2006-04-24",72.44
"2006-04-25",72.45
"2006-04-26",72.43
"2006-04-27",72.96
"2006-04-28",73.22
"2006-05-01",72.73
"2006-05-02",71.81
"2006-05-03",71.59
"2006-05-04",72.5
"2006-05-05",74.05
"2006-05-08",73.95
"2006-05-09",73.84
"2006-05-10",73.76
"2006-05-11",71.91
"2006-05-12",70.8
"2006-05-15",71.97
"2006-05-16",71.87
"2006-05-17",69.35
"2006-05-18",69.5
"2006-05-19",69.44
"2006-05-22",68.68
"2006-05-23",68.32
"2006-05-24",67.9
"2006-05-25",69.04
"2006-05-26",69.53
"2006-05-30",68.73
"2006-05-31",68.91
"2006-06-01",70.27
"2006-06-02",71.25
"2006-06-05",71.
"2006-06-06",69.77
"2006-06-07",70.78
"2006-06-08",70.46
"2006-06-09",71.19
"2006-06-12",70.26
"2006-06-13",69.8
"2006-06-14",69.45
"2006-06-15",69.97
"2006-06-16",70.05
"2006-06-19",69.33
"2006-06-20",68.4
"2006-06-21",69.16
"2006-06-22",68.43
"2006-06-23",68.11
"2006-06-26",68.78
"2006-06-27",68.78
"2006-06-28",68.72
"2006-06-29",69.67
"2006-06-30",70.2
"2006-07-03",71.1
"2006-07-05",71.7
"2006-07-06",71.7
"2006-07-07",71.07
"2006-07-10",71.95
"2006-07-11",72.17
"2006-07-12",72.43
"2006-07-13",71.53
"2006-07-14",71.
"2006-07-17",70.88
"2006-07-18",70.75
"2006-07-19",71.55
"2006-07-20",71.28
"2006-07-21",70.02
"2006-07-24",70.9
"2006-07-25",71.38
"2006-07-26",71.7
"2006-07-27",71.71
"2006-07-28",72.5
"2006-07-31",72.75
"2006-08-01",71.72
"2006-08-02",71.1
"2006-08-03",70.24
"2006-08-04",71.78
"2006-08-07",71.53
"2006-08-08",70.66
"2006-08-09",70.71
"2006-08-10",70.97
"2006-08-11",70.4
"2006-08-14",71.03
"2006-08-15",71.69
"2006-08-16",71.6
"2006-08-17",71.87
"2006-08-18",72.17
"2006-08-21",72.27
"2006-08-22",73.15
"2006-08-23",72.62
"2006-08-24",73.05
"2006-08-25",72.5
"2006-08-28",73.51
"2006-08-29",73.29
"2006-08-30",74.34
"2006-08-31",74.66
"2006-09-01",73.68
"2006-09-05",74.35
"2006-09-06",74.61
"2006-09-07",73.6
"2006-09-08",73.7
"2006-09-11",75.03
"2006-09-12",76.21
"2006-09-13",76.95
"2006-09-14",75.9
"2006-09-15",76.44
"2006-09-18",75.9
"2006-09-19",77.11
"2006-09-20",76.38
"2006-09-21",75.39
"2006-09-22",75.85
"2006-09-25",75.66
"2006-09-26",75.84
"2006-09-27",76.79
"2006-09-28",76.8
"2006-09-29",76.36
"2006-10-02",76.16
"2006-10-03",76.75
"2006-10-04",77.6
"2006-10-05",78.88
"2006-10-06",77.9
"2006-10-09",78.3
"2006-10-10",77.99
"2006-10-11",77.49
"2006-10-12",77.71
"2006-10-13",78.65
"2006-10-16",78.94
"2006-10-17",78.33
"2006-10-18",78.63
"2006-10-19",78.64
"2006-10-20",78.14
"2006-10-23",78.28
"2006-10-24",78.18
"2006-10-25",79.1
"2006-10-26",80.04
"2006-10-27",79.8
"2006-10-30",80.11
"2006-10-31",80.35
"2006-11-01",79.43
"2006-11-02",78.39
"2006-11-03",77.66
"2006-11-06",77.52
"2006-11-07",76.47
"2006-11-08",77.08
"2006-11-09",77.5
"2006-11-10",78.21
"2006-11-13",77.93
"2006-11-14",79.88
"2006-11-15",79.65
"2006-11-16",80.66
"2006-11-17",80.8
"2006-11-20",83.92
"2006-11-21",85.64
"2006-11-22",86.3
"2006-11-24",86.72
"2006-11-27",84.9
"2006-11-28",83.61
"2006-11-29",84.85
"2006-11-30",85.47
"2006-12-01",85.74
"2006-12-04",87.
"2006-12-05",86.05
"2006-12-06",85.44
"2006-12-07",84.91
"2006-12-08",85.13
"2006-12-11",85.37
"2006-12-12",84.47
"2006-12-13",83.59
"2006-12-14",83.5
"2006-12-15",83.38
"2006-12-18",82.73
"2006-12-19",81.24
"2006-12-20",83.98
"2006-12-21",83.3
"2006-12-22",82.57
"2006-12-26",83.98
"2006-12-27",85.21
"2006-12-28",85.78
"2006-12-29",86.57
"2007-01-02",86.57
"2007-01-03",87.02
"2007-01-04",87.22
"2007-01-05",85.76
"2007-01-08",85.96
"2007-01-09",87.57
"2007-01-10",89.62
"2007-01-11",90.85
"2007-01-12",90.55
"2007-01-16",91.92
"2007-01-17",91.
"2007-01-18",91.
"2007-01-19",92.48
"2007-01-22",91.35
"2007-01-23",90.64
"2007-01-24",91.58
"2007-01-25",93.15
"2007-01-26",93.46
"2007-01-29",93.81
"2007-01-30",94.8
"2007-01-31",95.53
"2007-02-01",96.28
"2007-02-02",96.6
"2007-02-05",97.3
"2007-02-06",100.96
"2007-02-07",103.32
"2007-02-08",102.02
"2007-02-09",100.1
"2007-02-12",98.15
"2007-02-13",99.56
"2007-02-14",98.18
"2007-02-15",99.16
"2007-02-16",98.25
"2007-02-20",98.97
"2007-02-21",98.92
"2007-02-22",97.93
"2007-02-23",96.24
"2007-02-26",95.89
"2007-02-27",93.29
"2007-02-28",93.6
"2007-03-01",93.37
"2007-03-02",91.96
"2007-03-05",88.45
"2007-03-06",91.63
"2007-03-07",90.
"2007-03-08",92.02
"2007-03-09",93.14
"2007-03-12",92.9
"2007-03-13",91.41
"2007-03-14",91.16
"2007-03-15",91.65
"2007-03-16",90.67
"2007-03-19",91.22
"2007-03-20",91.49
"2007-03-21",92.9
"2007-03-22",93.2
"2007-03-23",93.43
"2007-03-26",92.24
"2007-03-27",91.
"2007-03-28",90.83
"2007-03-29",90.94
"2007-03-30",92.36
"2007-04-02",93.41
"2007-04-03",94.03
"2007-04-04",93.75
"2007-04-05",93.96
"2007-04-09",94.07
"2007-04-10",95.04
"2007-04-11",93.74
"2007-04-12",93.2
"2007-04-13",94.28
"2007-04-16",94.19
"2007-04-17",96.03
"2007-04-18",95.75
"2007-04-19",95.15
"2007-04-20",95.79
"2007-04-23",97.69
"2007-04-24",97.23
"2007-04-25",96.71
"2007-04-26",96.56
"2007-04-27",96.05
"2007-04-30",95.12
"2007-05-01",94.75
"2007-05-02",95.17
"2007-05-03",95.18
"2007-05-04",93.76
"2007-05-07",94.19
"2007-05-08",93.3
"2007-05-09",94.72
"2007-05-10",93.19
"2007-05-11",93.03
"2007-05-14",92.24
"2007-05-15",90.31
"2007-05-16",88.81
"2007-05-17",86.55
"2007-05-18",85.65
"2007-05-21",85.74
"2007-05-22",86.8
"2007-05-23",85.53
"2007-05-24",83.74
"2007-05-25",84.08
"2007-05-29",86.39
"2007-05-30",89.21
"2007-05-31",89.2
"2007-06-01",89.39
"2007-06-04",90.66
"2007-06-05",88.96
"2007-06-06",88.34
"2007-06-07",85.76
"2007-06-08",87.31
"2007-06-11",86.31
"2007-06-12",84.45
"2007-06-13",86.1
"2007-06-14",85.72
"2007-06-15",85.94
"2007-06-18",84.96
"2007-06-19",85.52
"2007-06-20",83.33
"2007-06-21",83.3
"2007-06-22",83.1
"2007-06-25",82.13
"2007-06-26",81.17
"2007-06-27",82.96
"2007-06-28",82.74
"2007-06-29",82.42
"2007-07-02",84.01
"2007-07-03",84.08
"2007-07-05",85.14
"2007-07-06",85.61
"2007-07-09",85.5
"2007-07-10",83.46
"2007-07-11",82.88
"2007-07-12",83.73
"2007-07-13",84.71
"2007-07-16",83.74
"2007-07-17",83.13
"2007-07-18",82.18
"2007-07-19",82.52
"2007-07-20",80.33
"2007-07-23",79.15
"2007-07-24",77.56
"2007-07-25",77.17
"2007-07-26",75.94
"2007-07-27",73.14
"2007-07-30",73.59
"2007-07-31",73.15
"2007-08-01",73.85
"2007-08-02",75.61
"2007-08-03",74.78
"2007-08-06",76.59
"2007-08-07",77.18
"2007-08-08",80.49
"2007-08-09",80.06
"2007-08-10",78.94
"2007-08-13",78.48
"2007-08-14",76.39
"2007-08-15",77.2
"2007-08-16",81.07
"2007-08-17",81.11
"2007-08-20",82.4
"2007-08-21",83.
"2007-08-22",82.85
"2007-08-23",81.46
"2007-08-24",81.16
"2007-08-27",79.82
"2007-08-28",77.16
"2007-08-29",79.27
"2007-08-30",80.13
"2007-08-31",81.22
"2007-09-04",82.14
"2007-09-05",80.77
"2007-09-06",81.04
"2007-09-07",79.87
"2007-09-10",79.59
"2007-09-11",81.1
"2007-09-12",81.
"2007-09-13",82.
"2007-09-14",82.77
"2007-09-17",82.05
"2007-09-18",84.67
"2007-09-19",86.09
"2007-09-20",84.79
"2007-09-21",84.43
"2007-09-24",85.78
"2007-09-25",85.57
"2007-09-26",86.34
"2007-09-27",87.19
"2007-09-28",87.58
"2007-10-01",89.12
"2007-10-02",90.8
"2007-10-03",89.97
"2007-10-04",89.85
"2007-10-05",91.78
"2007-10-08",91.21
"2007-10-09",92.33
"2007-10-10",92.66
"2007-10-11",91.55
"2007-10-12",90.88
"2007-10-15",89.76
"2007-10-16",89.24
"2007-10-17",88.69
"2007-10-18",88.3
"2007-10-19",85.15
"2007-10-22",86.22
"2007-10-23",86.59
"2007-10-24",86.17
"2007-10-25",84.99
"2007-10-26",85.31
"2007-10-29",84.21
"2007-10-30",85.29
"2007-10-31",85.71
"2007-11-01",83.26
"2007-11-02",82.08
"2007-11-05",81.64
"2007-11-06",82.08
"2007-11-07",79.85
"2007-11-08",79.25
"2007-11-09",78.54
"2007-11-12",78.46
"2007-11-13",79.77
"2007-11-14",79.9
"2007-11-15",79.91
"2007-11-16",78.96
"2007-11-19",77.49
"2007-11-20",75.75
"2007-11-21",74.68
"2007-11-23",75.8
"2007-11-26",71.18
"2007-11-27",71.86
"2007-11-28",74.49
"2007-11-29",75.22
"2007-11-30",77.65
"2007-12-03",77.3
"2007-12-04",76.29
"2007-12-05",78.59
"2007-12-06",80.61
"2007-12-07",80.1
"2007-12-10",81.64
"2007-12-11",77.3
"2007-12-12",76.86
"2007-12-13",76.07
"2007-12-14",74.61
"2007-12-17",71.2
"2007-12-18",70.84
"2007-12-19",71.91
"2007-12-20",73.08
"2007-12-21",73.86
"2007-12-24",75.64
"2007-12-26",74.11
"2007-12-27",72.89
"2007-12-28",70.63
"2007-12-31",71.06
"2008-01-02",70.54
"2008-01-03",68.32
"2008-01-04",64.86
"2008-01-07",65.5
"2008-01-08",63.46
"2008-01-09",62.93
"2008-01-10",61.88
"2008-01-11",61.52
"2008-01-14",60.99
"2008-01-15",59.91
"2008-01-16",61.62
"2008-01-17",60.37
"2008-01-18",58.91
"2008-01-22",60.77
"2008-01-23",68.18
"2008-01-24",67.43
"2008-01-25",66.03
"2008-01-28",68.7
"2008-01-29",68.7
"2008-01-30",67.
"2008-01-31",68.25
"2008-02-01",72.13
"2008-02-04",71.42
"2008-02-05",68.83
"2008-02-06",66.28
"2008-02-07",66.92
"2008-02-08",64.07
"2008-02-11",63.37
"2008-02-12",65.23
"2008-02-13",66.21
"2008-02-14",65.04
"2008-02-15",65.56
"2008-02-19",63.92
"2008-02-20",64.18
"2008-02-21",62.37
"2008-02-22",64.15
"2008-02-25",66.7
"2008-02-26",66.9
"2008-02-27",66.55
"2008-02-28",65.3
"2008-02-29",64.
"2008-03-03",64.4
"2008-03-04",63.75
"2008-03-05",63.31
"2008-03-06",60.08
"2008-03-07",61.17
"2008-03-10",60.03
"2008-03-11",63.03
"2008-03-12",62.39
"2008-03-13",63.03
"2008-03-14",61.6
"2008-03-17",63.33
"2008-03-18",67.78
"2008-03-19",66.14
"2008-03-20",69.87
"2008-03-24",70.59
"2008-03-25",71.4
"2008-03-26",69.4
"2008-03-27",67.33
"2008-03-28",68.57
"2008-03-31",70.27
"2008-04-01",74.8
"2008-04-02",72.94
"2008-04-03",74.5
"2008-04-04",72.85
"2008-04-07",72.46
"2008-04-08",72.18
"2008-04-09",70.68
"2008-04-10",71.7
"2008-04-11",69.85
"2008-04-14",69.
"2008-04-15",69.88
"2008-04-16",73.54
"2008-04-17",74.
"2008-04-18",73.27
"2008-04-21",72.31
"2008-04-22",72.23
"2008-04-23",72.88
"2008-04-24",74.32
"2008-04-25",74.75
"2008-04-28",74.91
"2008-04-29",74.32
"2008-04-30",73.13
"2008-05-01",75.36
"2008-05-02",75.15
"2008-05-05",74.81
"2008-05-06",74.69
"2008-05-07",72.29
"2008-05-08",73.7
"2008-05-09",73.15
"2008-05-12",73.8
"2008-05-13",73.93
"2008-05-14",74.
"2008-05-15",73.75
"2008-05-16",73.74
"2008-05-19",73.9
"2008-05-20",73.24
"2008-05-21",72.58
"2008-05-22",70.77
"2008-05-23",69.97
"2008-05-27",70.69
"2008-05-28",70.22
"2008-05-29",71.7
"2008-05-30",71.53
"2008-06-02",70.45
"2008-06-03",70.51
"2008-06-04",71.26
"2008-06-05",72.77
"2008-06-06",69.45
"2008-06-09",67.31
"2008-06-10",67.75
"2008-06-11",66.32
"2008-06-12",66.57
"2008-06-13",67.25
"2008-06-16",68.98
"2008-06-17",67.13
"2008-06-18",66.37
"2008-06-19",67.7
"2008-06-20",66.18
"2008-06-23",64.63
"2008-06-24",64.51
"2008-06-25",65.37
"2008-06-26",63.49
"2008-06-27",62.1
"2008-06-30",62.13
"2008-07-01",62.15
"2008-07-02",60.6
"2008-07-03",60.1
"2008-07-07",58.05
"2008-07-08",60.71
"2008-07-09",56.31
"2008-07-10",57.07
"2008-07-11",57.49
"2008-07-14",54.03
"2008-07-15",53.01
"2008-07-16",56.18
"2008-07-17",57.44
"2008-07-18",56.62
"2008-07-21",55.14
"2008-07-22",58.15
"2008-07-23",59.85
"2008-07-24",55.72
"2008-07-25",55.69
"2008-07-28",54.85
"2008-07-29",56.83
"2008-07-30",56.66
"2008-07-31",55.33
"2008-08-01",55.42
"2008-08-04",54.29
"2008-08-05",56.9
"2008-08-06",56.65
"2008-08-07",57.42
"2008-08-08",60.93
"2008-08-11",62.13
"2008-08-12",60.6
"2008-08-13",60.92
"2008-08-14",62.3
"2008-08-15",62.6
"2008-08-18",60.33
"2008-08-19",57.83
"2008-08-20",57.47
"2008-08-21",56.9
"2008-08-22",58.58
"2008-08-25",57.18
"2008-08-26",58.44
"2008-08-27",58.86
"2008-08-28",61.91
"2008-08-29",61.93
"2008-09-02",63.12
"2008-09-03",65.34
"2008-09-04",64.35
"2008-09-05",64.11
"2008-09-08",66.68
"2008-09-09",64.08
"2008-09-10",64.95
"2008-09-11",65.98
"2008-09-12",65.39
"2008-09-15",61.
"2008-09-16",63.23
"2008-09-17",60.09
"2008-09-18",66.47
"2008-09-19",67.81
"2008-09-22",63.5
"2008-09-23",63.7
"2008-09-24",62.66
"2008-09-25",63.97
"2008-09-26",65.1
"2008-09-29",58.02
"2008-09-30",63.65
"2008-10-01",61.51
"2008-10-02",54.45
"2008-10-03",48.12
"2008-10-06",46.77
"2008-10-07",41.52
"2008-10-08",40.91
"2008-10-09",39.3
"2008-10-10",43.
"2008-10-13",42.15
"2008-10-14",40.98
"2008-10-15",33.82
"2008-10-16",32.98
"2008-10-17",33.7
"2008-10-20",32.06
"2008-10-21",30.54
"2008-10-22",28.29
"2008-10-23",25.23
"2008-10-24",22.09
"2008-10-27",20.14
"2008-10-28",23.49
"2008-10-29",25.08
"2008-10-30",26.62
"2008-10-31",29.42
"2008-11-03",28.09
"2008-11-04",30.51
"2008-11-05",28.48
"2008-11-06",27.5
"2008-11-07",29.26
"2008-11-10",24.8
"2008-11-11",23.55
"2008-11-12",20.84
"2008-11-13",21.09
"2008-11-14",17.11
"2008-11-17",15.52
"2008-11-18",13.4
"2008-11-19",11.81
"2008-11-20",9.9
"2008-11-21",10.75
"2008-11-24",11.89
"2008-11-25",11.9
"2008-11-26",12.94
"2008-11-28",13.46
"2008-12-01",9.85
"2008-12-02",10.49
"2008-12-03",10.81
"2008-12-04",10.04
"2008-12-05",10.93
"2008-12-08",13.98
"2008-12-09",12.97
"2008-12-10",14.45
"2008-12-11",11.81
"2008-12-12",14.29
"2008-12-15",14.35
"2008-12-16",17.63
"2008-12-17",19.55
"2008-12-18",18.55
"2008-12-19",20.84
"2008-12-22",21.44
"2008-12-23",21.17
"2008-12-24",19.88
"2008-12-26",20.27
"2008-12-29",17.16
"2008-12-30",17.63
"2008-12-31",18.16
"2009-01-02",18.41
"2009-01-05",18.29
"2009-01-06",19.85
"2009-01-07",19.02
"2009-01-08",19.
"2009-01-09",17.26
"2009-01-12",15.16
"2009-01-13",16.37
"2009-01-14",14.8
"2009-01-15",15.24
"2009-01-16",16.77
"2009-01-20",14.54
"2009-01-21",16.79
"2009-01-22",15.91
"2009-01-23",16.07
"2009-01-26",16.07
"2009-01-27",16.13
"2009-01-28",18.03
"2009-01-29",15.85
"2009-01-30",14.74
"2009-02-02",14.6
"2009-02-03",14.11
"2009-02-04",13.86
"2009-02-05",13.99
"2009-02-06",15.09
"2009-02-09",16.43
"2009-02-10",15.49
"2009-02-11",15.42
"2009-02-12",14.88
"2009-02-13",13.54
"2009-02-17",12.06
"2009-02-18",10.79
"2009-02-19",10.77
"2009-02-20",11.2
"2009-02-23",10.26
"2009-02-24",11.16
"2009-02-25",12.
"2009-02-26",11.54
"2009-02-27",11.42
"2009-03-02",9.3
"2009-03-03",8.93
"2009-03-04",9.46
"2009-03-05",8.12
"2009-03-06",7.17
"2009-03-09",7.27
"2009-03-10",9.58
"2009-03-11",8.8
"2009-03-12",9.3
"2009-03-13",8.54
"2009-03-16",7.67
"2009-03-17",8.6
"2009-03-18",9.01
"2009-03-19",8.27
"2009-03-20",6.19
"2009-03-23",7.33
"2009-03-24",6.93
"2009-03-25",6.38
"2009-03-26",6.29
"2009-03-27",5.8
"2009-03-30",5.82
"2009-03-31",6.26
"2009-04-01",7.31
"2009-04-02",8.04
"2009-04-03",9.84
"2009-04-06",9.8
"2009-04-07",8.95
"2009-04-08",9.75
"2009-04-09",12.08
"2009-04-13",13.2
"2009-04-14",11.9
"2009-04-15",13.1
"2009-04-16",13.69
"2009-04-17",15.36
"2009-04-20",12.38
"2009-04-21",14.55
"2009-04-22",15.08
"2009-04-23",15.59
"2009-04-24",16.28
"2009-04-27",14.69
"2009-04-28",15.17
"2009-04-29",16.68
"2009-04-30",17.53
"2009-05-01",16.67
"2009-05-04",19.17
"2009-05-05",16.95
"2009-05-06",18.67
"2009-05-07",17.82
"2009-05-08",19.3
"2009-05-11",19.65
"2009-05-12",19.12
"2009-05-13",16.05
"2009-05-14",15.95
"2009-05-15",15.02
"2009-05-18",17.25
"2009-05-19",17.07
"2009-05-20",17.44
"2009-05-21",16.85
"2009-05-22",15.96
"2009-05-26",16.82
"2009-05-27",16.12
"2009-05-28",16.82
"2009-05-29",16.88
"2009-06-01",17.8
"2009-06-02",17.36
"2009-06-03",17.84
"2009-06-04",21.17
"2009-06-05",20.71
"2009-06-08",20.73
"2009-06-09",20.53
"2009-06-10",20.22
"2009-06-11",19.64
"2009-06-12",19.62
"2009-06-15",18.13
"2009-06-16",17.95
"2009-06-17",17.27
"2009-06-18",17.53
"2009-06-19",18.44
"2009-06-22",17.09
"2009-06-23",16.64
"2009-06-24",16.89
"2009-06-25",16.7
"2009-06-26",17.61
"2009-06-29",17.4
"2009-06-30",17.61
"2009-07-01",17.94
"2009-07-02",17.
"2009-07-06",17.5
"2009-07-07",15.87
"2009-07-08",15.44
"2009-07-09",14.82
"2009-07-10",14.96
"2009-07-13",16.03
"2009-07-14",16.43
"2009-07-15",17.43
"2009-07-16",17.74
"2009-07-17",17.13
"2009-07-20",18.23
"2009-07-21",17.4
"2009-07-22",17.25
"2009-07-23",18.75
"2009-07-24",18.93
"2009-07-27",19.02
"2009-07-28",18.96
"2009-07-29",18.75
"2009-07-30",19.33
"2009-07-31",19.67
"2009-08-03",20.04
"2009-08-04",21.45
"2009-08-05",23.25
"2009-08-06",25.08
"2009-08-07",27.4
"2009-08-10",27.66
"2009-08-11",26.69
"2009-08-12",26.4
"2009-08-13",26.64
"2009-08-14",26.33
"2009-08-17",24.35
"2009-08-18",24.64
"2009-08-19",23.56
"2009-08-20",24.96
"2009-08-21",25.72
"2009-08-24",25.83
"2009-08-25",26.61
"2009-08-26",27.33
"2009-08-27",28.49
"2009-08-28",30.04
"2009-08-31",28.66
"2009-09-01",26.32
"2009-09-02",25.43
"2009-09-03",26.15
"2009-09-04",26.18
"2009-09-08",27.05
"2009-09-09",28.09
"2009-09-10",29.01
"2009-09-11",29.45
"2009-09-14",31.01
"2009-09-15",30.85
"2009-09-16",33.19
"2009-09-17",33.09
"2009-09-18",33.69
"2009-09-21",33.09
"2009-09-22",35.35
"2009-09-23",32.84
"2009-09-24",30.55
"2009-09-25",30.52
"2009-09-28",31.9
"2009-09-29",31.05
"2009-09-30",30.33
"2009-10-01",27.92
"2009-10-02",27.88
"2009-10-05",28.87
"2009-10-06",28.48
"2009-10-07",28.45
"2009-10-08",30.11
"2009-10-09",29.99
"2009-10-12",29.96
"2009-10-13",29.04
"2009-10-14",29.84
"2009-10-15",30.02
"2009-10-16",29.16
"2009-10-19",29.55
"2009-10-20",29.47
"2009-10-21",29.81
"2009-10-22",31.06
"2009-10-23",31.02
"2009-10-26",30.62
"2009-10-27",29.76
"2009-10-28",28.08
"2009-10-29",29.57
"2009-10-30",29.8
"2009-11-02",29.53
"2009-11-03",30.54
"2009-11-04",29.79
"2009-11-05",30.91
"2009-11-06",29.99
"2009-11-09",31.85
"2009-11-10",31.25
"2009-11-11",31.25
"2009-11-12",32.5
"2009-11-13",32.5
"2009-11-16",32.6
"2009-11-17",32.6
"2009-11-18",32.
"2009-11-19",30.63
"2009-11-20",30.02
"2009-11-23",29.9
"2009-11-24",29.69
"2009-11-25",29.38
"2009-11-27",29.38
"2009-11-30",29.76
"2009-12-01",29.9
"2009-12-02",29.89
"2009-12-03",29.84
"2009-12-04",30.34
"2009-12-07",30.34
"2009-12-08",29.66
"2009-12-09",29.87
"2009-12-10",30.23
"2009-12-11",31.21
"2009-12-14",31.21
"2009-12-15",31.7
"2009-12-16",31.94
"2009-12-17",32.15
"2009-12-18",32.89
"2009-12-21",33.4
"2009-12-22",34.27
"2009-12-23",36.5
"2009-12-24",37.
"2009-12-28",37.62
"2009-12-29",36.39
"2009-12-30",35.81
"2009-12-31",35.95
"2010-01-04",34.84
"2010-01-05",34.43
"2010-01-06",33.34
"2010-01-07",33.47
"2010-01-08",32.84
"2010-01-11",32.93
"2010-01-12",32.23
"2010-01-13",32.99
"2010-01-14",33.27
"2010-01-15",32.78
"2010-01-19",34.14
"2010-01-20",33.7
"2010-01-21",32.38
"2010-01-22",31.55
"2010-01-25",32.4
"2010-01-26",31.37
"2010-01-27",31.94
"2010-01-28",31.09
"2010-01-29",30.85
"2010-02-01",31.45
"2010-02-02",32.
"2010-02-03",31.28
"2010-02-04",30.17
"2010-02-05",30.17
"2010-02-08",30.58
"2010-02-09",30.5
"2010-02-10",30.57
"2010-02-11",29.97
"2010-02-12",30.85
"2010-02-16",32.
"2010-02-17",33.68
"2010-02-18",34.06
"2010-02-19",33.64
"2010-02-22",33.37
"2010-02-23",33.67
"2010-02-24",35.1
"2010-02-25",35.87
"2010-02-26",35.64
"2010-03-01",35.93
"2010-03-02",36.79
"2010-03-03",36.3
"2010-03-04",36.44
"2010-03-05",38.58
"2010-03-08",38.81
"2010-03-09",38.6
"2010-03-10",38.14
"2010-03-11",38.14
"2010-03-12",39.19
"2010-03-15",39.11
"2010-03-16",40.95
"2010-03-17",41.07
"2010-03-18",40.08
"2010-03-19",39.4
"2010-03-22",40.02
"2010-03-23",39.26
"2010-03-24",39.2
"2010-03-25",39.61
"2010-03-26",39.28
"2010-03-29",39.63
"2010-03-30",38.92
"2010-03-31",38.31
"2010-04-01",38.77
"2010-04-05",40.43
"2010-04-06",42.47
"2010-04-07",40.47
"2010-04-08",40.29
"2010-04-09",41.99
"2010-04-12",41.9
"2010-04-13",43.51
"2010-04-14",43.73
"2010-04-15",40.9
"2010-04-16",39.83
"2010-04-19",40.14
"2010-04-20",40.74
"2010-04-21",41.83
"2010-04-22",43.24
"2010-04-23",45.
"2010-04-26",45.49
"2010-04-27",43.18
"2010-04-28",43.52
"2010-04-29",45.61
"2010-04-30",44.71
"2010-05-03",46.5
"2010-05-04",44.45
"2010-05-05",44.12
"2010-05-06",41.6
"2010-05-07",40.75
"2010-05-10",44.12
"2010-05-11",44.38
"2010-05-12",45.49
"2010-05-13",44.34
"2010-05-14",43.31
"2010-05-17",43.54
"2010-05-18",42.37
"2010-05-19",41.54
"2010-05-20",39.48
"2010-05-21",40.33
"2010-05-24",40.15
"2010-05-25",38.97
"2010-05-26",39.25
"2010-05-27",41.43
"2010-05-28",41.36
"2010-06-01",39.93
"2010-06-02",40.35
"2010-06-03",40.29
"2010-06-04",37.81
"2010-06-07",36.99
"2010-06-08",37.6
"2010-06-09",38.3
"2010-06-10",39.94
"2010-06-11",40.96
"2010-06-14",41.61
"2010-06-15",43.22
"2010-06-16",42.06
"2010-06-17",42.05
"2010-06-18",42.91
"2010-06-21",42.27
"2010-06-22",40.52
"2010-06-23",40.37
"2010-06-24",38.95
"2010-06-25",40.27
"2010-06-28",39.33
"2010-06-29",37.24
"2010-06-30",37.32
"2010-07-01",37.21
"2010-07-02",36.59
"2010-07-06",35.95
"2010-07-07",38.69
"2010-07-08",38.92
"2010-07-09",39.58
"2010-07-12",39.08
"2010-07-13",40.
"2010-07-14",39.67
"2010-07-15",39.4
"2010-07-16",37.51
"2010-07-19",38.64
"2010-07-20",39.06
"2010-07-21",38.09
"2010-07-22",39.57
"2010-07-23",40.12
"2010-07-26",41.39
"2010-07-27",40.67
"2010-07-28",40.95
"2010-07-29",41.04
"2010-07-30",41.45
"2010-08-02",43.32
"2010-08-03",42.31
"2010-08-04",42.19
"2010-08-05",41.39
"2010-08-06",41.73
"2010-08-09",41.75
"2010-08-10",41.41
"2010-08-11",39.79
"2010-08-12",39.35
"2010-08-13",39.29
"2010-08-16",39.07
"2010-08-17",40.82
"2010-08-18",40.66
"2010-08-19",39.86
"2010-08-20",39.79
"2010-08-23",39.46
"2010-08-24",39.36
"2010-08-25",39.96
"2010-08-26",39.97
"2010-08-27",40.81
"2010-08-30",40.32
"2010-08-31",41.41
"2010-09-01",43.24
"2010-09-02",43.62
"2010-09-03",44.
"2010-09-07",42.67
"2010-09-08",42.91
"2010-09-09",42.34
"2010-09-10",42.21
"2010-09-13",43.
"2010-09-14",43.05
"2010-09-15",43.28
"2010-09-16",43.03
"2010-09-17",43.34
"2010-09-20",45.12
"2010-09-21",45.01
"2010-09-22",43.87
"2010-09-23",42.08
"2010-09-24",43.27
"2010-09-27",42.91
"2010-09-28",42.95
"2010-09-29",42.42
"2010-09-30",42.95
"2010-10-01",43.87
"2010-10-04",44.55
"2010-10-05",44.84
"2010-10-06",43.82
"2010-10-07",43.63
"2010-10-08",43.64
"2010-10-11",43.56
"2010-10-12",44.1
"2010-10-13",44.52
"2010-10-14",43.5
"2010-10-15",43.45
"2010-10-18",44.44
"2010-10-19",43.85
"2010-10-20",44.99
"2010-10-21",44.93
"2010-10-22",44.63
"2010-10-25",45.
"2010-10-26",44.33
"2010-10-27",44.03
"2010-10-28",43.74
"2010-10-29",44.58
"2010-11-01",45.35
"2010-11-02",45.73
"2010-11-03",46.18
"2010-11-04",49.03
"2010-11-05",49.4
"2010-11-08",49.
"2010-11-09",46.27
"2010-11-10",46.91
"2010-11-11",46.77
"2010-11-12",45.73
"2010-11-15",45.37
"2010-11-16",43.12
"2010-11-17",43.63
"2010-11-18",44.91
"2010-11-19",45.2
"2010-11-22",45.31
"2010-11-23",44.77
"2010-11-24",46.12
"2010-11-26",46.32
"2010-11-29",46.88
"2010-11-30",46.34
"2010-12-01",46.67
"2010-12-02",47.8
"2010-12-03",48.24
"2010-12-06",47.96
"2010-12-07",47.18
"2010-12-08",45.75
"2010-12-09",44.63
"2010-12-10",44.94
"2010-12-13",45.
"2010-12-14",44.14
"2010-12-15",43.48
"2010-12-16",43.61
"2010-12-17",45.1
"2010-12-20",45.71
"2010-12-21",46.35
"2010-12-22",46.31
"2010-12-23",45.69
"2010-12-27",46.62
"2010-12-28",46.72
"2010-12-29",47.16
"2010-12-30",47.52
"2010-12-31",47.37
"2011-01-03",48.06
"2011-01-04",47.08
"2011-01-05",47.23
"2011-01-06",46.3
"2011-01-07",46.43
"2011-01-10",46.84
"2011-01-11",46.8
"2011-01-12",46.79
"2011-01-13",46.93
"2011-01-14",47.14
"2011-01-18",47.97
"2011-01-19",46.6
"2011-01-20",46.42
"2011-01-21",46.31
"2011-01-24",46.34
"2011-01-25",47.
"2011-01-26",47.63
"2011-01-27",48.94
"2011-01-28",47.91
"2011-01-31",48.66
"2011-02-01",48.54
"2011-02-02",48.15
"2011-02-03",48.92
"2011-02-04",48.39
"2011-02-07",48.79
"2011-02-08",48.73
"2011-02-09",48.75
"2011-02-10",48.8
"2011-02-11",49.37
"2011-02-14",49.28
"2011-02-15",49.5
"2011-02-16",49.77
"2011-02-17",49.51
"2011-02-18",49.27
"2011-02-22",48.53
"2011-02-23",47.75
"2011-02-24",47.06
"2011-02-25",48.62
"2011-02-28",50.64
"2011-03-01",48.73
"2011-03-02",48.56
"2011-03-03",49.37
"2011-03-04",48.36
"2011-03-07",47.61
"2011-03-08",47.98
"2011-03-09",47.79
"2011-03-10",47.37
"2011-03-11",48.24
"2011-03-14",47.25
"2011-03-15",47.41
"2011-03-16",46.46
"2011-03-17",46.84
"2011-03-18",47.87
"2011-03-21",48.83
"2011-03-22",47.89
"2011-03-23",47.06
"2011-03-24",47.49
"2011-03-25",48.01
"2011-03-28",47.72
"2011-03-29",47.74
"2011-03-30",48.89
"2011-03-31",49.53
"2011-04-01",49.11
"2011-04-04",48.48
"2011-04-05",48.96
"2011-04-06",48.93
"2011-04-07",47.99
"2011-04-08",47.67
"2011-04-11",47.65
"2011-04-12",47.95
"2011-04-13",48.13
"2011-04-14",49.14
"2011-04-15",49.88
"2011-04-18",49.38
"2011-04-19",49.96
"2011-04-20",50.35
"2011-04-21",50.61
"2011-04-25",50.82
"2011-04-26",51.56
"2011-04-27",51.87
"2011-04-28",52.66
"2011-04-29",52.82
"2011-05-02",52.77
"2011-05-03",51.7
"2011-05-04",50.67
"2011-05-05",50.79
"2011-05-06",49.97
"2011-05-09",51.08
"2011-05-10",52.17
"2011-05-11",51.6
"2011-05-12",51.33
"2011-05-13",50.66
"2011-05-16",51.06
"2011-05-17",51.17
"2011-05-18",52.02
"2011-05-19",52.33
"2011-05-20",52.15
"2011-05-23",51.64
"2011-05-24",52.
"2011-05-25",51.87
"2011-05-26",52.78
"2011-05-27",52.89
"2011-05-31",54.37
"2011-06-01",53.26
"2011-06-02",52.26
"2011-06-03",52.84
"2011-06-06",51.93
"2011-06-07",52.29
"2011-06-08",52.23
"2011-06-09",51.05
"2011-06-10",49.91
"2011-06-13",50.17
"2011-06-14",50.96
"2011-06-15",49.32
"2011-06-16",50.
"2011-06-17",50.54
"2011-06-20",51.33
"2011-06-21",51.68
"2011-06-22",51.5
"2011-06-23",51.08
"2011-06-24",51.49
"2011-06-27",51.95
"2011-06-28",52.69
"2011-06-29",53.16
"2011-06-30",53.5
"2011-07-01",54.18
"2011-07-05",54.79
"2011-07-06",55.4
"2011-07-07",56.1
"2011-07-08",56.2
"2011-07-11",54.31
"2011-07-12",54.1
"2011-07-13",53.84
"2011-07-14",53.18
"2011-07-15",53.92
"2011-07-18",53.21
"2011-07-19",54.19
"2011-07-20",54.67
"2011-07-21",55.07
"2011-07-22",54.86
"2011-07-25",54.32
"2011-07-26",54.29
"2011-07-27",52.85
"2011-07-28",53.43
"2011-07-29",53.13
"2011-08-01",52.59
"2011-08-02",50.5
"2011-08-03",49.67
"2011-08-04",47.36
"2011-08-05",45.94
"2011-08-08",41.97
"2011-08-09",46.15
"2011-08-10",45.58
"2011-08-11",49.33
"2011-08-12",49.
"2011-08-15",51.02
"2011-08-16",50.52
"2011-08-17",49.8
"2011-08-18",46.95
"2011-08-19",45.28
"2011-08-22",45.79
"2011-08-23",46.84
"2011-08-24",47.26
"2011-08-25",45.83
"2011-08-26",46.04
"2011-08-29",48.08
"2011-08-30",48.23
"2011-08-31",49.04
"2011-09-01",47.28
"2011-09-02",45.67
"2011-09-06",44.83
"2011-09-07",47.13
"2011-09-08",46.94
"2011-09-09",45.06
"2011-09-12",45.61
"2011-09-13",46.
"2011-09-14",46.87
"2011-09-15",47.8
"2011-09-16",48.05
"2011-09-19",46.73
"2011-09-20",46.53
"2011-09-21",43.85
"2011-09-22",43.31
"2011-09-23",44.08
"2011-09-26",44.47
"2011-09-27",45.61
"2011-09-28",43.58
"2011-09-29",44.37
"2011-09-30",42.63
"2011-10-03",40.21
"2011-10-04",40.61
"2011-10-05",41.23
"2011-10-06",42.9
"2011-10-07",41.51
"2011-10-10",43.7
"2011-10-11",42.86
"2011-10-12",43.9
"2011-10-13",43.85
"2011-10-14",44.53
"2011-10-17",42.86
"2011-10-18",44.56
"2011-10-19",44.32
"2011-10-20",44.94
"2011-10-21",47.26
"2011-10-24",48.39
"2011-10-25",48.04
"2011-10-26",48.72
"2011-10-27",49.73
"2011-10-28",50.
"2011-10-31",49.76
"2011-11-01",47.77
"2011-11-02",50.16
"2011-11-03",50.93
"2011-11-04",50.24
"2011-11-07",49.96
"2011-11-08",51.04
"2011-11-09",48.62
"2011-11-10",48.71
"2011-11-11",50.45
"2011-11-14",49.17
"2011-11-15",50.15
"2011-11-16",49.15
"2011-11-17",48.23
"2011-11-18",49.04
"2011-11-21",47.84
"2011-11-22",48.12
"2011-11-23",45.93
"2011-11-25",46.04
"2011-11-28",47.82
"2011-11-29",47.72
"2011-11-30",50.1
"2011-12-01",48.61
"2011-12-02",48.86
"2011-12-05",49.59
"2011-12-06",49.66
"2011-12-07",50.19
"2011-12-08",48.8
"2011-12-09",49.96
"2011-12-12",49.11
"2011-12-13",48.47
"2011-12-14",48.31
"2011-12-15",48.7
"2011-12-16",49.2
"2011-12-19",48.35
"2011-12-20",50.25
"2011-12-21",50.3
"2011-12-22",50.63
"2011-12-23",51.18
"2011-12-27",51.05
"2011-12-28",50.39
"2011-12-29",50.81
"2011-12-30",50.6
"2012-01-03",50.95
"2012-01-04",50.3
"2012-01-05",51.37
"2012-01-06",51.68
"2012-01-09",51.32
"2012-01-10",52.14
"2012-01-11",52.95
"2012-01-12",52.16
"2012-01-13",52.
"2012-01-17",52.3
"2012-01-18",52.65
"2012-01-19",53.23
"2012-01-20",54.5
"2012-01-23",54.01
"2012-01-24",54.13
"2012-01-25",54.85
"2012-01-26",55.29
"2012-01-27",55.01
"2012-01-30",54.43
"2012-01-31",54.3
"2012-02-01",54.64
"2012-02-02",55.06
"2012-02-03",55.12
"2012-02-06",55.2
"2012-02-07",55.5
"2012-02-08",55.57
"2012-02-09",55.15
"2012-02-10",55.02
"2012-02-13",55.81
"2012-02-14",54.86
"2012-02-15",55.57
"2012-02-16",56.44
"2012-02-17",55.47
"2012-02-21",54.42
"2012-02-22",53.4
"2012-02-23",54.
"2012-02-24",54.34
"2012-02-27",54.36
"2012-02-28",53.53
"2012-02-29",53.99
"2012-03-01",54.79
"2012-03-02",54.9
"2012-03-05",55.14
"2012-03-06",54.12
"2012-03-07",55.36
"2012-03-08",54.94
"2012-03-09",54.43
"2012-03-12",54.27
"2012-03-13",55.46
"2012-03-14",55.54
"2012-03-15",56.
"2012-03-16",56.01
"2012-03-19",56.31
"2012-03-20",56.31
"2012-03-21",56.57
"2012-03-22",55.43
"2012-03-23",55.63
"2012-03-26",56.41
"2012-03-27",57.15
"2012-03-28",56.98
"2012-03-29",57.
"2012-03-30",57.75
"2012-04-02",57.8
"2012-04-03",57.86
"2012-04-04",57.53
"2012-04-05",57.76
"2012-04-09",57.37
"2012-04-10",56.15
"2012-04-11",57.13
"2012-04-12",58.18
"2012-04-13",57.86
"2012-04-16",58.75
"2012-04-17",58.93
"2012-04-18",58.62
"2012-04-19",58.5
"2012-04-20",59.54
"2012-04-23",59.41
"2012-04-24",60.55
"2012-04-25",61.8
"2012-04-26",62.24
"2012-04-27",61.9
"2012-04-30",61.57
"2012-05-01",61.99
"2012-05-02",62.29
"2012-05-03",62.15
"2012-05-04",61.96
"2012-05-07",61.95
"2012-05-08",60.63
"2012-05-09",60.37
"2012-05-10",60.68
"2012-05-11",60.8
"2012-05-14",59.61
"2012-05-15",59.35
"2012-05-16",58.84
"2012-05-17",56.89
"2012-05-18",55.86
"2012-05-21",56.92
"2012-05-22",57.77
"2012-05-23",57.59
"2012-05-24",58.3
"2012-05-25",57.96
"2012-05-29",58.89
"2012-05-30",56.99
"2012-05-31",57.05
"2012-06-01",55.38
"2012-06-04",55.12
"2012-06-05",56.25
"2012-06-06",57.
"2012-06-07",56.09
"2012-06-08",57.27
"2012-06-11",55.26
"2012-06-12",55.3
"2012-06-13",54.91
"2012-06-14",55.94
"2012-06-15",56.17
"2012-06-18",56.82
"2012-06-19",57.53
"2012-06-20",57.73
"2012-06-21",57.06
"2012-06-22",56.92
"2012-06-25",56.59
"2012-06-26",56.71
"2012-06-27",56.99
"2012-06-28",57.51
"2012-06-29",59.05
"2012-07-02",59.54
"2012-07-03",60.11
"2012-07-05",60.15
"2012-07-06",59.68
"2012-07-09",59.83
"2012-07-10",59.07
"2012-07-11",58.92
"2012-07-12",58.58
"2012-07-13",58.82
"2012-07-16",58.65
"2012-07-17",58.73
"2012-07-18",58.23
"2012-07-19",57.43
"2012-07-20",57.11
"2012-07-23",56.63
"2012-07-24",56.85
"2012-07-25",56.6
"2012-07-26",58.
"2012-07-27",58.36
"2012-07-30",58.33
"2012-07-31",58.41
"2012-08-01",58.17
"2012-08-02",58.14
"2012-08-03",58.71
"2012-08-06",58.98
"2012-08-07",58.2
"2012-08-08",57.43
"2012-08-09",57.15
"2012-08-10",57.27
"2012-08-13",57.38
"2012-08-14",57.6
"2012-08-15",57.78
"2012-08-16",57.56
"2012-08-17",57.72
"2012-08-20",57.61
"2012-08-21",57.39
"2012-08-22",57.36
"2012-08-23",58.8
"2012-08-24",59.65
"2012-08-27",59.92
"2012-08-28",59.79
"2012-08-29",59.79
"2012-08-30",59.53
"2012-08-31",59.57
"2012-09-04",59.94
"2012-09-05",59.99
"2012-09-06",60.37
"2012-09-07",60.82
"2012-09-10",60.37
"2012-09-11",60.6
"2012-09-12",60.55
"2012-09-13",61.02
"2012-09-14",61.34
"2012-09-17",61.03
"2012-09-18",60.48
"2012-09-19",60.25
"2012-09-20",59.19
"2012-09-21",58.92
"2012-09-24",58.43
"2012-09-25",57.34
"2012-09-26",57.3
"2012-09-27",57.35
"2012-09-28",57.23
"2012-10-01",56.72
"2012-10-02",57.42
"2012-10-03",58.21
"2012-10-04",58.3
"2012-10-05",58.43
"2012-10-08",58.48
"2012-10-09",58.37
"2012-10-10",58.77
"2012-10-11",58.63
"2012-10-12",59.03
"2012-10-15",59.42
"2012-10-16",59.67
"2012-10-17",59.33
"2012-10-18",59.22
"2012-10-19",58.91
"2012-10-22",57.58
"2012-10-23",56.94
"2012-10-24",56.64
"2012-10-25",56.9
"2012-10-26",57.06
"2012-10-31",57.
"2012-11-01",56.91
"2012-11-02",57.54
"2012-11-05",57.38
"2012-11-06",57.36
"2012-11-07",56.69
"2012-11-08",56.
"2012-11-09",56.
"2012-11-12",55.9
"2012-11-13",56.12
"2012-11-14",55.24
"2012-11-15",54.68
"2012-11-16",55.38
"2012-11-19",55.97
"2012-11-20",56.25
"2012-11-21",56.57
"2012-11-23",56.97
"2012-11-26",56.86
"2012-11-27",56.43
"2012-11-28",55.83
"2012-11-29",56.
"2012-11-30",56.5
"2012-12-03",57.09
"2012-12-04",57.5
"2012-12-05",57.34
"2012-12-06",57.88
"2012-12-07",57.9
"2012-12-10",58.11
"2012-12-11",58.32
"2012-12-12",58.4
"2012-12-13",58.01
"2012-12-14",57.85
"2012-12-17",57.57
"2012-12-18",58.06
"2012-12-19",57.73
"2012-12-20",58.4
"2012-12-21",58.48
"2012-12-24",58.46
"2012-12-26",58.13
"2012-12-27",58.19
"2012-12-28",57.6
"2012-12-31",58.3
"2013-01-02",58.8
"2013-01-03",58.98
"2013-01-04",59.
"2013-01-07",58.78
"2013-01-08",59.06
"2013-01-09",58.79
"2013-01-10",58.18
"2013-01-11",57.94
"2013-01-14",58.02
"2013-01-15",58.37
"2013-01-16",58.08
"2013-01-17",58.08
"2013-01-18",58.61
"2013-01-22",59.21
"2013-01-23",59.
"2013-01-24",59.28
"2013-01-25",59.34
"2013-01-28",59.7
"2013-01-29",59.99
"2013-01-30",59.83
"2013-01-31",59.72
"2013-02-01",60.46
"2013-02-04",60.43
"2013-02-05",60.05
"2013-02-06",61.51
"2013-02-07",61.5
"2013-02-08",61.64
"2013-02-11",61.52
"2013-02-12",61.87
"2013-02-13",61.88
"2013-02-14",61.62
"2013-02-15",61.53
"2013-02-19",62.03
"2013-02-20",60.88
"2013-02-21",60.51
"2013-02-22",60.5
"2013-02-25",59.59
"2013-02-26",59.72
"2013-02-27",60.31
"2013-02-28",60.11
"2013-03-01",60.11
"2013-03-04",60.65
"2013-03-05",61.35
"2013-03-06",61.86
"2013-03-07",62.09
"2013-03-08",62.01
"2013-03-11",62.21
"2013-03-12",61.97
"2013-03-13",61.99
"2013-03-14",62.38
"2013-03-15",62.61
"2013-03-18",62.3
"2013-03-19",62.05
"2013-03-20",62.57
"2013-03-21",62.43
"2013-03-22",62.87
"2013-03-25",63.21
"2013-03-26",63.71
"2013-03-27",63.82
"2013-03-28",64.38
"2013-04-01",64.5
"2013-04-02",64.64
"2013-04-03",64.23
"2013-04-04",65.15
"2013-04-05",65.06
"2013-04-08",65.78
"2013-04-09",65.54
"2013-04-10",66.64
"2013-04-11",67.16
"2013-04-12",67.54
"2013-04-15",65.99
"2013-04-16",67.42
"2013-04-17",66.41
"2013-04-18",66.18
"2013-04-19",67.18
"2013-04-22",66.72
"2013-04-23",67.16
"2013-04-24",67.63
"2013-04-25",68.45
"2013-04-26",68.8
"2013-04-29",69.56
"2013-04-30",70.05
"2013-05-01",68.79
"2013-05-02",69.04
"2013-05-03",70.42
"2013-05-06",70.81
"2013-05-07",70.65
"2013-05-08",70.
"2013-05-09",69.66
"2013-05-10",70.24
"2013-05-13",70.34
"2013-05-14",70.34
"2013-05-15",70.7
"2013-05-16",70.05
"2013-05-17",70.41
"2013-05-20",70.84
"2013-05-21",70.65
"2013-05-22",68.63
"2013-05-23",67.09
"2013-05-24",66.86
"2013-05-28",66.43
"2013-05-29",65.85
"2013-05-30",65.86
"2013-05-31",64.91
"2013-06-03",63.94
"2013-06-04",62.69
"2013-06-05",61.61
"2013-06-06",62.82
"2013-06-07",62.75
"2013-06-10",62.69
"2013-06-11",61.58
"2013-06-12",60.76
"2013-06-13",62.8
"2013-06-14",62.25
"2013-06-17",62.4
"2013-06-18",62.7
"2013-06-19",60.79
"2013-06-20",57.98
"2013-06-21",58.45
"2013-06-24",57.84
"2013-06-25",59.38
"2013-06-26",60.52
"2013-06-27",61.01
"2013-06-28",60.97
"2013-07-01",60.54
"2013-07-02",61.72
"2013-07-03",61.18
"2013-07-05",61.4
"2013-07-08",62.04
"2013-07-09",62.96
"2013-07-10",62.8
"2013-07-11",64.13
"2013-07-12",63.78
"2013-07-15",64.49
"2013-07-16",64.48
"2013-07-17",64.86
"2013-07-18",65.33
"2013-07-19",65.35
"2013-07-22",65.69
"2013-07-23",65.93
"2013-07-24",64.26
"2013-07-25",64.28
"2013-07-26",63.63
"2013-07-29",63.34
"2013-07-30",63.51
"2013-07-31",62.05
"2013-08-01",62.14
"2013-08-02",61.85
"2013-08-05",61.12
"2013-08-06",62.35
"2013-08-07",61.88
"2013-08-08",61.78
"2013-08-09",61.81
"2013-08-12",61.49
"2013-08-13",60.14
"2013-08-14",59.98
"2013-08-15",58.56
"2013-08-16",56.72
"2013-08-19",55.57
"2013-08-20",56.77
"2013-08-21",56.05
"2013-08-22",56.45
"2013-08-23",56.72
"2013-08-26",56.55
"2013-08-27",56.17
"2013-08-28",56.1
"2013-08-29",56.57
"2013-08-30",56.28
"2013-09-03",55.73
"2013-09-04",56.44
"2013-09-05",55.98
"2013-09-06",56.61
"2013-09-09",57.67
"2013-09-10",57.3
"2013-09-11",57.33
"2013-09-12",57.
"2013-09-13",57.2
"2013-09-16",58.08
"2013-09-17",57.98
"2013-09-18",59.96
"2013-09-19",59.61
"2013-09-20",58.12
"2013-09-23",57.91
"2013-09-24",57.47
"2013-09-25",57.06
"2013-09-26",57.8
"2013-09-27",57.26
"2013-09-30",56.44
"2013-10-01",56.91
"2013-10-02",57.05
"2013-10-03",56.29
"2013-10-04",55.68
"2013-10-07",55.8
"2013-10-08",55.32
"2013-10-09",55.25
"2013-10-10",56.23
"2013-10-11",56.25
"2013-10-14",56.59
"2013-10-15",55.88
"2013-10-16",57.79
"2013-10-17",59.2
"2013-10-18",59.09
"2013-10-21",58.32
"2013-10-22",59.24
"2013-10-23",59.07
"2013-10-24",59.51
"2013-10-25",59.76
"2013-10-28",59.1
"2013-10-29",58.56
"2013-10-30",58.51
"2013-10-31",59.21
"2013-11-01",59.93
"2013-11-04",59.77
"2013-11-05",58.85
"2013-11-06",58.36
"2013-11-07",56.95
"2013-11-08",56.56
"2013-11-11",56.91
"2013-11-12",56.68
"2013-11-13",57.15
"2013-11-14",58.01
"2013-11-15",58.89
"2013-11-18",58.25
"2013-11-19",57.79
"2013-11-20",57.38
"2013-11-21",57.68
"2013-11-22",57.67
"2013-11-25",57.3
"2013-11-26",56.85
"2013-11-27",57.57
"2013-11-29",56.94
"2013-12-02",56.74
"2013-12-03",57.27
"2013-12-04",58.36
"2013-12-05",59.28
"2013-12-06",60.49
"2013-12-09",60.34
"2013-12-10",60.01
"2013-12-11",58.65
"2013-12-12",58.5
"2013-12-13",58.51
"2013-12-16",58.49
"2013-12-17",58.71
"2013-12-18",59.54
"2013-12-19",58.64
"2013-12-20",58.96
"2013-12-23",59.36
"2013-12-24",59.4
"2013-12-26",59.44
"2013-12-27",59.17
"2013-12-30",59.35
"2013-12-31",58.89
"2014-01-02",58.38
"2014-01-03",58.69
"2014-01-06",58.74
"2014-01-07",58.99
"2014-01-08",59.02
"2014-01-09",58.82
"2014-01-10",58.91
"2014-01-13",58.46
"2014-01-14",58.8
"2014-01-15",59.
"2014-01-16",58.9
"2014-01-17",58.04
"2014-01-21",58.25
"2014-01-22",58.92
"2014-01-23",58.34
"2014-01-24",57.1
"2014-01-27",56.16
"2014-01-28",56.24
"2014-01-29",55.58
"2014-01-30",56.13
"2014-01-31",56.6
"2014-02-03",55.74
"2014-02-04",56.62
"2014-02-05",57.49
"2014-02-06",58.44
"2014-02-07",59.23
"2014-02-10",59.82
"2014-02-11",60.19
"2014-02-12",60.14
"2014-02-13",60.49
"2014-02-14",60.9
"2014-02-18",61.26
"2014-02-19",60.59
"2014-02-20",60.12
"2014-02-21",60.67
"2014-02-24",60.76
"2014-02-25",60.54
"2014-02-26",60.48
"2014-02-27",60.03
"2014-02-28",60.13
"2014-03-03",60.12
"2014-03-04",61.76
"2014-03-05",61.8
"2014-03-06",61.12
"2014-03-07",60.25
"2014-03-10",59.58
"2014-03-11",59.88
"2014-03-12",60.1
"2014-03-13",59.71
"2014-03-14",59.97
"2014-03-17",60.52
"2014-03-18",60.86
"2014-03-19",59.57
"2014-03-20",59.55
"2014-03-21",60.56
"2014-03-24",60.11
"2014-03-25",61.
"2014-03-26",60.63
"2014-03-27",61.11
"2014-03-28",61.69
"2014-03-31",62.33
"2014-04-01",62.45
"2014-04-02",62.48
"2014-04-03",62.32
"2014-04-04",62.67
"2014-04-07",63.26
"2014-04-08",63.43
"2014-04-09",63.49
"2014-04-10",63.01
"2014-04-11",63.09
"2014-04-14",63.64
"2014-04-15",65.
"2014-04-16",66.08
"2014-04-17",65.58
"2014-04-21",65.25
"2014-04-22",64.74
"2014-04-23",64.
"2014-04-24",64.26
"2014-04-25",63.92
"2014-04-28",64.65
"2014-04-29",64.37
"2014-04-30",64.91
"2014-05-01",65.05
"2014-05-02",65.11
"2014-05-05",65.01
"2014-05-06",64.97
"2014-05-07",65.43
"2014-05-08",65.76
"2014-05-09",65.88
"2014-05-12",65.85
"2014-05-13",65.25
"2014-05-14",65.49
"2014-05-15",65.25
"2014-05-16",66.07
"2014-05-19",65.72
"2014-05-20",65.36
"2014-05-21",65.25
"2014-05-22",65.04
"2014-05-23",65.56
"2014-05-27",65.8
"2014-05-28",65.57
"2014-05-29",65.72
"2014-05-30",66.04
"2014-06-02",66.41
"2014-06-03",66.46
"2014-06-04",66.55
"2014-06-05",67.91
"2014-06-06",67.54
"2014-06-09",66.47
"2014-06-10",65.93
"2014-06-11",65.43
"2014-06-12",65.09
"2014-06-13",65.36
"2014-06-16",65.32
"2014-06-17",65.5
"2014-06-18",66.36
"2014-06-19",66.8
"2014-06-20",67.18
"2014-06-23",66.69
"2014-06-24",66.6
"2014-06-25",66.44
"2014-06-26",66.01
"2014-06-27",66.8
"2014-06-30",66.75
"2014-07-01",67.22
"2014-07-02",66.77
"2014-07-03",66.25
"2014-07-07",66.77
"2014-07-08",66.9
"2014-07-09",66.94
"2014-07-10",67.05
"2014-07-11",67.32
"2014-07-14",67.9
"2014-07-15",67.73
"2014-07-16",68.02
"2014-07-17",67.83
"2014-07-18",68.41
"2014-07-21",68.26
"2014-07-22",68.58
"2014-07-23",68.77
"2014-07-24",67.28
"2014-07-25",66.92
"2014-07-28",67.51
"2014-07-29",66.61
"2014-07-30",66.11
"2014-07-31",65.01
"2014-08-01",64.81
"2014-08-04",64.91
"2014-08-05",64.35
"2014-08-06",63.76
"2014-08-07",64.24
"2014-08-08",64.86
"2014-08-11",65.34
"2014-08-12",65.14
"2014-08-13",66.27
"2014-08-14",65.74
"2014-08-15",65.46
"2014-08-18",65.27
"2014-08-19",65.32
"2014-08-20",65.48
"2014-08-21",65.47
"2014-08-22",64.89
"2014-08-25",64.79
"2014-08-26",65.39
"2014-08-27",65.2
"2014-08-28",64.96
"2014-08-29",65.29
"2014-09-02",65.52
"2014-09-03",65.84
"2014-09-04",66.
"2014-09-05",66.52
"2014-09-08",66.24
"2014-09-09",66.12
"2014-09-10",65.82
"2014-09-11",65.94
"2014-09-12",64.11
"2014-09-15",64.25
"2014-09-16",65.4
"2014-09-17",65.2
"2014-09-18",64.87
"2014-09-19",65.07
"2014-09-22",64.43
"2014-09-23",63.81
"2014-09-24",63.34
"2014-09-25",62.83
"2014-09-26",63.83
"2014-09-29",63.7
"2014-09-30",63.83
"2014-10-01",63.82
"2014-10-02",63.82
"2014-10-03",64.32
"2014-10-06",64.54
"2014-10-07",64.09
"2014-10-08",65.61
"2014-10-09",65.5
"2014-10-10",66.04
"2014-10-13",65.61
"2014-10-14",66.37
"2014-10-15",65.95
"2014-10-16",65.18
"2014-10-17",65.96
"2014-10-20",66.88
"2014-10-21",67.64
"2014-10-22",67.64
"2014-10-23",68.28
"2014-10-24",68.3
"2014-10-27",68.71
"2014-10-28",69.14
"2014-10-29",68.52
"2014-10-30",69.25
"2014-10-31",70.5
"2014-11-03",71.28
"2014-11-04",71.33
"2014-11-05",70.74
"2014-11-06",69.47
"2014-11-07",68.48
"2014-11-10",69.55
"2014-11-11",69.37
"2014-11-12",68.6
"2014-11-13",68.35
"2014-11-14",68.07
"2014-11-17",68.55
"2014-11-18",69.88
"2014-11-19",76.58
"2014-11-20",76.49
"2014-11-21",77.74
"2014-11-24",78.06
"2014-11-25",78.31
"2014-11-26",79.06
"2014-11-28",79.08
"2014-12-01",79.
"2014-12-02",80.16
"2014-12-03",79.91
"2014-12-04",80.08
"2014-12-05",80.2
"2014-12-08",80.48
"2014-12-09",81.28
"2014-12-10",82.11
"2014-12-11",81.14
"2014-12-12",80.29
"2014-12-15",79.99
"2014-12-16",80.22
"2014-12-17",82.37
"2014-12-18",82.84
"2014-12-19",82.31
"2014-12-22",83.51
"2014-12-23",83.54
"2014-12-24",83.33
"2014-12-26",83.76
"2014-12-29",84.
"2014-12-30",84.87
"2014-12-31",83.41
"2015-01-02",84.14
"2015-01-05",84.56
"2015-01-06",85.49
"2015-01-07",87.43
"2015-01-08",87.
"2015-01-09",86.96
"2015-01-12",88.19
"2015-01-13",88.26
"2015-01-14",89.35
"2015-01-15",88.11
"2015-01-16",88.72
"2015-01-20",87.61
"2015-01-21",87.67
"2015-01-22",89.94
"2015-01-23",88.94
"2015-01-26",88.11
"2015-01-27",87.66
"2015-01-28",86.59
"2015-01-29",86.93
"2015-01-30",86.01
"2015-02-02",87.04
"2015-02-03",88.39
"2015-02-04",88.08
"2015-02-05",89.26
"2015-02-06",87.56
"2015-02-09",87.34
"2015-02-10",87.73
"2015-02-11",87.67
"2015-02-12",87.21
"2015-02-13",85.88
"2015-02-17",85.13
"2015-02-18",85.5
"2015-02-19",82.75
"2015-02-20",83.74
"2015-02-23",84.84
"2015-02-24",83.19
"2015-02-25",82.97
"2015-02-26",82.19
"2015-02-27",83.65
"2015-03-02",84.63
"2015-03-03",84.41
"2015-03-04",83.8
"2015-03-05",88.07
"2015-03-06",86.72
"2015-03-09",92.76
"2015-03-10",92.39
"2015-03-11",91.74
"2015-03-12",92.31
"2015-03-13",94.39
"2015-03-16",94.89
"2015-03-17",91.6
"2015-03-18",92.22
"2015-03-19",93.5
"2015-03-20",89.21
"2015-03-23",87.49
"2015-03-24",87.42
"2015-03-25",87.02
"2015-03-26",86.96
"2015-03-27",86.15
"2015-03-30",86.34
"2015-03-31",84.33
"2015-04-01",78.73
"2015-04-02",80.66
"2015-04-06",79.65
"2015-04-07",77.4
"2015-04-08",78.95
"2015-04-09",80.3
"2015-04-10",81.35
"2015-04-13",81.91
"2015-04-14",81.12
"2015-04-15",82.3
"2015-04-16",82.99
"2015-04-17",82.52
"2015-04-20",82.63
"2015-04-21",82.6
"2015-04-22",83.25
"2015-04-23",82.34
"2015-04-24",83.23
"2015-04-27",83.28
"2015-04-28",83.06
"2015-04-29",81.72
"2015-04-30",81.76
"2015-05-01",82.5
"2015-05-04",82.46
"2015-05-05",81.42
"2015-05-06",80.94
"2015-05-07",82.75
"2015-05-08",82.07
"2015-05-11",81.81
"2015-05-12",81.8
"2015-05-13",82.15
"2015-05-14",83.5
"2015-05-15",83.59
"2015-05-18",83.5
"2015-05-19",83.07
"2015-05-20",82.14
"2015-05-21",82.89
"2015-05-22",82.56
"2015-05-26",81.65
"2015-05-27",82.33
"2015-05-28",81.91
"2015-05-29",82.11
"2015-06-01",83.45
"2015-06-02",82.59
"2015-06-03",81.76
"2015-06-04",80.83
"2015-06-05",80.76
"2015-06-08",80.
"2015-06-09",79.69
"2015-06-10",80.03
"2015-06-11",80.65
"2015-06-12",81.11
"2015-06-15",81.1
"2015-06-16",81.62
"2015-06-17",82.61
"2015-06-18",82.45
"2015-06-19",76.87
"2015-06-22",76.35
"2015-06-23",76.57
"2015-06-24",77.09
"2015-06-25",76.04
"2015-06-26",77.17
"2015-06-29",75.
"2015-06-30",74.6
"2015-07-01",76.77
"2015-07-02",77.29
"2015-07-06",77.16
"2015-07-07",77.84
"2015-07-08",77.45
"2015-07-09",77.09
"2015-07-10",77.68
"2015-07-13",78.21
"2015-07-14",78.3
"2015-07-15",78.45
"2015-07-16",78.49
"2015-07-17",78.25
"2015-07-20",77.99
"2015-07-21",76.7
"2015-07-22",77.25
"2015-07-23",76.01
"2015-07-24",77.44
"2015-07-27",77.91
"2015-07-28",78.49
"2015-07-29",78.78
"2015-07-30",78.08
"2015-07-31",79.16
"2015-08-03",79.03
"2015-08-04",78.8
"2015-08-05",79.81
"2015-08-06",80.07
"2015-08-07",80.36
"2015-08-10",79.89
"2015-08-11",79.87
"2015-08-12",79.99
"2015-08-13",80.36
"2015-08-14",80.39
"2015-08-17",81.17
"2015-08-18",81.
"2015-08-19",81.04
"2015-08-20",80.43
"2015-08-21",78.59
"2015-08-24",73.99
"2015-08-25",72.75
"2015-08-26",75.43
"2015-08-27",77.52
"2015-08-28",77.54
"2015-08-31",76.18
"2015-09-01",74.36
"2015-09-02",75.74
"2015-09-03",75.3
"2015-09-04",73.62
"2015-09-08",74.04
"2015-09-09",72.53
"2015-09-10",72.63
"2015-09-11",74.2
"2015-09-14",74.52
"2015-09-15",75.23
"2015-09-16",76.26
"2015-09-17",76.42
"2015-09-18",77.5
"2015-09-21",78.61
"2015-09-22",77.42
"2015-09-23",77.89
"2015-09-24",76.98
"2015-09-25",77.02
"2015-09-28",75.56
"2015-09-29",76.67
"2015-09-30",76.82
"2015-10-01",77.02
"2015-10-02",77.21
"2015-10-05",79.19
"2015-10-06",78.58
"2015-10-07",79.54
"2015-10-08",79.95
"2015-10-09",80.14
"2015-10-12",80.71
"2015-10-13",80.47
"2015-10-14",80.44
"2015-10-15",81.82
"2015-10-16",83.2
"2015-10-19",83.99
"2015-10-20",83.34
"2015-10-21",83.49
"2015-10-22",84.04
"2015-10-23",84.11
"2015-10-26",84.44
"2015-10-27",85.15
"2015-10-28",85.6
"2015-10-29",85.81
"2015-10-30",84.74
"2015-11-02",85.91
"2015-11-03",85.4
"2015-11-04",84.89
"2015-11-05",85.94
"2015-11-06",84.09
"2015-11-09",77.68
"2015-11-10",77.97
"2015-11-11",77.63
"2015-11-12",77.33
"2015-11-13",75.13
"2015-11-16",75.47
"2015-11-17",76.18
"2015-11-18",79.17
"2015-11-19",79.79
"2015-11-20",80.14
"2015-11-23",79.82
"2015-11-24",79.
"2015-11-25",79.08
"2015-11-27",79.37
"2015-11-30",78.15
"2015-12-01",79.13
"2015-12-02",76.82
"2015-12-03",76.37
"2015-12-04",78.99
"2015-12-07",78.97
"2015-12-08",78.41
"2015-12-09",78.24
"2015-12-10",77.83
"2015-12-11",77.1
"2015-12-14",76.65
"2015-12-15",78.94
"2015-12-16",80.43
"2015-12-17",79.85
"2015-12-18",77.51
"2015-12-21",79.37
"2015-12-22",79.29
"2015-12-23",80.68
"2015-12-24",80.17
"2015-12-28",81.06
"2015-12-29",81.74
"2015-12-30",81.65
"2015-12-31",80.69
"2016-01-04",79.44
"2016-01-05",82.5
"2016-01-06",81.77
"2016-01-07",80.75
"2016-01-08",78.81
"2016-01-11",78.77
"2016-01-12",78.81
"2016-01-13",78.13
"2016-01-14",77.05
"2016-01-15",76.23
"2016-01-19",76.69
"2016-01-20",75.25
"2016-01-21",75.8
"2016-01-22",78.7
"2016-01-25",77.74
"2016-01-26",78.36
"2016-01-27",76.39
"2016-01-28",76.03
"2016-01-29",77.97
"2016-02-01",78.57
"2016-02-02",77.67
"2016-02-03",78.33
"2016-02-04",78.62
"2016-02-05",76.1
"2016-02-08",75.15
"2016-02-09",74.92
"2016-02-10",74.84
"2016-02-11",73.88
"2016-02-12",75.29
"2016-02-16",75.5
"2016-02-17",75.79
"2016-02-18",76.74
"2016-02-19",76.92
"2016-02-22",79.29
"2016-02-23",78.5
"2016-02-24",78.31
"2016-02-25",79.9
"2016-02-26",79.54
"2016-02-29",79.08
"2016-03-01",80.33
"2016-03-02",80.46
"2016-03-03",79.51
"2016-03-04",79.2
"2016-03-07",78.78
"2016-03-08",78.17
"2016-03-09",78.64
"2016-03-10",78.87
"2016-03-11",80.06
"2016-03-14",79.81
"2016-03-15",79.65
"2016-03-16",79.8
"2016-03-17",80.73
"2016-03-18",79.89
"2016-03-21",79.65
"2016-03-22",79.44
"2016-03-23",78.7
"2016-03-24",78.55
"2016-03-28",78.62
"2016-03-29",79.39
"2016-03-30",79.04
"2016-03-31",79.24
"2016-04-01",79.8
"2016-04-04",79.35
"2016-04-05",79.15
"2016-04-06",79.6
"2016-04-07",78.97
"2016-04-08",79.35
"2016-04-11",78.84
"2016-04-12",79.07
"2016-04-13",79.01
"2016-04-14",78.85
"2016-04-15",78.99
"2016-04-18",78.9
"2016-04-19",78.63
"2016-04-20",78.
"2016-04-21",76.5
"2016-04-22",76.81
"2016-04-25",77.01
"2016-04-26",77.04
"2016-04-27",77.17
"2016-04-28",76.92
"2016-04-29",76.08
"2016-05-02",77.47
"2016-05-03",76.97
"2016-05-04",77.99
"2016-05-05",78.79
"2016-05-06",80.15
"2016-05-09",80.71
"2016-05-10",81.42
"2016-05-11",77.64
"2016-05-12",76.99
"2016-05-13",74.9
"2016-05-16",75.8
"2016-05-17",73.65
"2016-05-18",72.8
"2016-05-19",72.93
"2016-05-20",74.78
"2016-05-23",74.85
"2016-05-24",75.6
"2016-05-25",75.41
"2016-05-26",75.73
"2016-05-27",76.19
"2016-05-31",76.32
"2016-06-01",76.68
"2016-06-02",77.31
"2016-06-03",77.21
"2016-06-06",76.93
"2016-06-07",77.52
"2016-06-08",78.44
"2016-06-09",78.25
"2016-06-10",78.67
"2016-06-13",78.64
"2016-06-14",78.89
"2016-06-15",79.21
"2016-06-16",79.79
"2016-06-17",80.03
"2016-06-20",80.62
"2016-06-21",81.52
"2016-06-22",81.52
"2016-06-23",81.91
"2016-06-24",80.91
"2016-06-27",81.04
"2016-06-28",82.76
"2016-06-29",83.93
"2016-06-30",85.39
"2016-07-01",85.25
"2016-07-05",86.67
"2016-07-06",86.4
"2016-07-07",85.73
"2016-07-08",87.49
"2016-07-11",88.48
"2016-07-12",88.55
"2016-07-13",88.98
"2016-07-14",88.47
"2016-07-15",88.57
"2016-07-18",88.62
"2016-07-19",89.02
"2016-07-20",89.14
"2016-07-21",88.99
"2016-07-22",88.96
"2016-07-25",88.79
"2016-07-26",88.36
"2016-07-27",88.02
"2016-07-28",89.12
"2016-07-29",89.24
"2016-08-01",89.76
"2016-08-02",87.83
"2016-08-03",86.7
"2016-08-04",85.88
"2016-08-05",86.21
"2016-08-08",86.29
"2016-08-09",86.71
"2016-08-10",85.58
"2016-08-11",84.23
"2016-08-12",84.48
"2016-08-15",84.46
"2016-08-16",82.92
"2016-08-17",83.07
"2016-08-18",82.99
"2016-08-19",81.78
"2016-08-22",82.23
"2016-08-23",82.11
"2016-08-24",82.32
"2016-08-25",82.65
"2016-08-26",82.08
"2016-08-29",82.71
"2016-08-30",82.1
"2016-08-31",81.89
"2016-09-01",81.48
"2016-09-02",81.92
"2016-09-06",82.79
"2016-09-07",83.64
"2016-09-08",82.35
"2016-09-09",80.03
"2016-09-12",81.13
"2016-09-13",78.99
"2016-09-14",79.59
"2016-09-15",79.87
"2016-09-16",80.3
"2016-09-19",81.02
"2016-09-20",80.28
"2016-09-21",81.24
"2016-09-22",82.43
"2016-09-23",82.82
"2016-09-26",82.94
"2016-09-27",82.04
"2016-09-28",82.03
"2016-09-29",80.5
"2016-09-30",80.87
"2016-10-03",79.
"2016-10-04",78.25
"2016-10-05",76.3
"2016-10-06",76.04
"2016-10-07",76.11
"2016-10-10",76.7
"2016-10-11",76.05
"2016-10-12",76.47
"2016-10-13",76.93
"2016-10-14",76.43
"2016-10-17",76.25
"2016-10-18",76.5
"2016-10-19",76.85
"2016-10-20",76.7
"2016-10-21",76.58
"2016-10-24",76.95
"2016-10-25",76.54
"2016-10-26",74.75
"2016-10-27",72.59
"2016-10-28",70.62
"2016-10-31",70.78
"2016-11-01",68.7
"2016-11-02",67.14
"2016-11-03",67.09
"2016-11-04",67.57
"2016-11-07",69.31
"2016-11-08",68.49
"2016-11-09",67.73
"2016-11-10",69.36
"2016-11-11",69.8
"2016-11-14",72.04
"2016-11-15",70.58
"2016-11-16",69.62
"2016-11-17",69.25
"2016-11-18",69.
"2016-11-21",68.91
"2016-11-22",69.28
"2016-11-23",69.15
"2016-11-25",69.02
"2016-11-28",68.94
"2016-11-29",69.15
"2016-11-30",67.89
"2016-12-01",67.41
"2016-12-02",68.13
"2016-12-05",68.8
"2016-12-06",69.05
"2016-12-07",70.72
"2016-12-08",70.85
"2016-12-09",71.14
"2016-12-12",71.34
"2016-12-13",71.13
"2016-12-14",69.24
"2016-12-15",68.42
"2016-12-16",69.77
"2016-12-19",69.88
"2016-12-20",69.94
"2016-12-21",68.58
"2016-12-22",68.35
"2016-12-23",68.17
"2016-12-27",69.01
"2016-12-28",69.01
"2016-12-29",69.25
"2016-12-30",70.84
"2017-01-03",70.98
"2017-01-04",71.85
"2017-01-05",72.42
"2017-01-06",72.69
"2017-01-09",71.42
"2017-01-10",70.09
"2017-01-11",69.14
"2017-01-12",69.68
"2017-01-13",69.5
"2017-01-17",70.21
"2017-01-18",70.37
"2017-01-19",69.2
"2017-01-20",69.88
"2017-01-23",70.08
"2017-01-24",70.06
"2017-01-25",69.55
"2017-01-26",69.83
"2017-01-27",68.
"2017-01-30",67.68
"2017-01-31",68.69
"2017-02-01",68.31
"2017-02-02",68.76
"2017-02-03",69.34
"2017-02-06",69.02
"2017-02-07",67.38
"2017-02-08",67.19
"2017-02-09",68.42
"2017-02-10",68.37
"2017-02-13",67.7
"2017-02-14",67.17
"2017-02-15",67.19
"2017-02-16",66.84
"2017-02-17",66.41
"2017-02-21",67.81
"2017-02-22",67.3
"2017-02-23",67.32
"2017-02-24",67.21
"2017-02-27",67.93
"2017-02-28",67.38
"2017-03-01",67.7
"2017-03-02",66.9
"2017-03-03",66.57
"2017-03-06",65.8
"2017-03-07",65.27
"2017-03-08",63.81
"2017-03-09",63.16
"2017-03-10",63.5
"2017-03-13",63.33
"2017-03-14",63.07
"2017-03-15",64.89
"2017-03-16",64.62
"2017-03-17",64.15
"2017-03-20",64.15
"2017-03-21",64.29
"2017-03-22",62.84
"2017-03-23",63.48
"2017-03-24",63.87
"2017-03-27",63.09
"2017-03-28",63.91
"2017-03-29",64.
"2017-03-30",64.24
"2017-03-31",64.4
"2017-04-03",64.86
"2017-04-04",64.31
"2017-04-05",64.2
"2017-04-06",64.16
"2017-04-07",64.07
"2017-04-10",64.81
"2017-04-11",65.43
"2017-04-12",65.35
"2017-04-13",65.48
"2017-04-17",65.92
"2017-04-18",66.45
"2017-04-19",66.19
"2017-04-20",66.12
"2017-04-21",65.05
"2017-04-24",63.78
"2017-04-25",63.8
"2017-04-26",62.11
"2017-04-27",62.71
"2017-04-28",62.43
"2017-05-01",64.67
"2017-05-02",64.94
"2017-05-03",62.09
"2017-05-04",61.57
"2017-05-05",61.64
"2017-05-08",60.1
"2017-05-09",59.64
"2017-05-10",60.53
"2017-05-11",59.5
"2017-05-12",58.21
"2017-05-15",58.3
"2017-05-16",57.44
"2017-05-17",57.49
"2017-05-18",58.14
"2017-05-19",59.35
"2017-05-22",58.56
"2017-05-23",58.2
"2017-05-24",59.22
"2017-05-25",60.17
"2017-05-26",58.77
"2017-05-30",57.55
"2017-05-31",57.41
"2017-06-01",58.31
"2017-06-02",57.8
"2017-06-05",56.8
"2017-06-06",57.38
"2017-06-07",58.24
"2017-06-08",57.22
"2017-06-09",58.35
"2017-06-12",59.43
"2017-06-13",59.39
"2017-06-14",58.86
"2017-06-15",58.74
"2017-06-16",57.77
"2017-06-19",57.47
"2017-06-20",57.58
"2017-06-21",56.83
"2017-06-22",57.16
"2017-06-23",57.45
"2017-06-26",58.57
"2017-06-27",58.83
"2017-06-28",59.44
"2017-06-29",58.95
"2017-06-30",58.06
"2017-07-03",59.43
"2017-07-05",57.95
"2017-07-06",56.94
"2017-07-07",57.33
"2017-07-10",57.06
"2017-07-11",56.47
"2017-07-12",56.89
"2017-07-13",57.59
"2017-07-14",58.61
"2017-07-17",59.05
"2017-07-18",58.48
"2017-07-19",58.61
"2017-07-20",58.93
"2017-07-21",58.8
"2017-07-24",58.35
"2017-07-25",59.24
"2017-07-26",60.35
"2017-07-27",61.23
"2017-07-28",57.85
"2017-07-31",57.39
"2017-08-01",57.91
"2017-08-02",55.55
"2017-08-03",56.92
"2017-08-04",59.34
"2017-08-07",60.61
"2017-08-08",59.6
"2017-08-09",59.69
"2017-08-10",57.89
"2017-08-11",56.72
"2017-08-14",57.44
"2017-08-15",55.62
"2017-08-16",54.84
"2017-08-17",54.48
"2017-08-18",53.14
"2017-08-21",53.23
"2017-08-22",53.03
"2017-08-23",53.78
"2017-08-24",53.38
"2017-08-25",54.26
"2017-08-28",53.08
"2017-08-29",52.75
"2017-08-30",53.17
"2017-08-31",52.77
"2017-09-01",53.29
"2017-09-05",53.35
"2017-09-06",54.38
"2017-09-07",54.57
"2017-09-08",54.23
"2017-09-11",54.39
"2017-09-12",53.62
"2017-09-13",54.48
"2017-09-14",55.78
"2017-09-15",55.63
"2017-09-18",54.5
"2017-09-19",53.14
"2017-09-20",52.97
"2017-09-21",52.92
"2017-09-22",52.72
"2017-09-25",54.16
"2017-09-26",56.19
"2017-09-27",55.3
"2017-09-28",55.28
"2017-09-29",54.97
"2017-10-02",55.1
"2017-10-03",55.26
"2017-10-04",56.48
"2017-10-05",57.12
"2017-10-06",56.44
"2017-10-09",56.93
"2017-10-10",57.68
"2017-10-11",57.83
"2017-10-12",57.55
"2017-10-13",58.16
"2017-10-16",57.57
"2017-10-17",57.91
"2017-10-18",57.08
"2017-10-19",57.12
"2017-10-20",56.76
"2017-10-23",57.58
"2017-10-24",56.7
"2017-10-25",56.1
"2017-10-26",57.05
"2017-10-27",56.56
"2017-10-30",55.7
"2017-10-31",54.6
"2017-11-01",54.97
"2017-11-02",55.65
"2017-11-03",54.39
"2017-11-06",54.19
"2017-11-07",58.76
"2017-11-08",58.84
"2017-11-09",62.41
"2017-11-10",64.37
"2017-11-13",64.07
"2017-11-14",64.76
"2017-11-15",64.6
"2017-11-16",64.66
"2017-11-17",64.21
"2017-11-20",63.42
"2017-11-21",63.53
"2017-11-22",64.27
"2017-11-24",64.26
"2017-11-27",63.81
"2017-11-28",63.87
"2017-11-29",64.23
"2017-11-30",64.75
"2017-12-01",64.22
"2017-12-04",65.2
"2017-12-05",65.24
"2017-12-06",64.84
"2017-12-07",64.47
"2017-12-08",65.75
"2017-12-11",63.29
"2017-12-12",66.47
"2017-12-13",66.77
"2017-12-14",66.57
"2017-12-15",65.48
"2017-12-18",65.68
"2017-12-19",65.86
"2017-12-20",64.65
"2017-12-21",64.41
"2017-12-22",65.2
"2017-12-26",65.73
"2017-12-27",65.88
"2017-12-28",66.01
"2017-12-29",65.68
"2018-01-02",66.61
"2018-01-03",65.65
"2018-01-04",64.
"2018-01-05",64.81
"2018-01-08",65.23
"2018-01-09",63.54
"2018-01-10",63.03
"2018-01-11",63.1
"2018-01-12",62.97
"2018-01-16",61.56
"2018-01-17",63.02
"2018-01-18",62.9
"2018-01-19",63.75
"2018-01-22",66.
"2018-01-23",68.86
"2018-01-24",67.31
"2018-01-25",65.05
"2018-01-26",66.5
"2018-01-29",66.02
"2018-01-30",64.28
"2018-01-31",64.57
"2018-02-01",62.73
"2018-02-02",61.46
"2018-02-05",59.73
"2018-02-06",59.65
"2018-02-07",60.19
"2018-02-08",58.36
"2018-02-09",60.41
"2018-02-12",60.8
"2018-02-13",60.83
"2018-02-14",61.56
"2018-02-15",61.1
"2018-02-16",60.66
"2018-02-20",59.38
"2018-02-21",57.96
"2018-02-22",58.8
"2018-02-23",59.36
"2018-02-26",59.81
"2018-02-27",57.85
"2018-02-28",58.94
"2018-03-01",59.13
"2018-03-02",59.04
"2018-03-05",59.16
"2018-03-06",59.18
"2018-03-07",59.27
"2018-03-08",58.78
"2018-03-09",58.02
"2018-03-12",58.1
"2018-03-13",58.89
"2018-03-14",59.6
"2018-03-15",59.11
"2018-03-16",58.93
"2018-03-19",57.85
"2018-03-20",57.36
"2018-03-21",57.48
"2018-03-22",57.88
"2018-03-23",57.28
"2018-03-26",57.84
"2018-03-27",55.5
"2018-03-28",56.91
"2018-03-29",56.02
"2018-04-02",55.39
"2018-04-03",56.12
"2018-04-04",58.55
"2018-04-05",58.4
"2018-04-06",57.35
"2018-04-09",57.21
"2018-04-10",57.8
"2018-04-11",58.08
"2018-04-12",57.6
"2018-04-13",57.82
"2018-04-16",57.85
"2018-04-17",58.34
"2018-04-18",58.07
"2018-04-19",57.55
"2018-04-20",57.5
"2018-04-23",56.36
"2018-04-24",56.18
"2018-04-25",55.25
"2018-04-26",55.78
"2018-04-27",57.57
"2018-04-30",57.62
"2018-05-01",57.88
"2018-05-02",57.57
"2018-05-03",58.1
"2018-05-04",59.01
"2018-05-07",58.64
"2018-05-08",57.72
"2018-05-09",57.48
"2018-05-10",57.57
"2018-05-11",56.94
"2018-05-14",55.88
"2018-05-15",54.11
"2018-05-16",54.46
"2018-05-17",54.59
"2018-05-18",54.84
"2018-05-21",55.14
"2018-05-22",55.04
"2018-05-23",55.41
"2018-05-24",54.75
"2018-05-25",54.75
"2018-05-29",55.32
"2018-05-30",56.15
"2018-05-31",55.63
"2018-06-01",55.51
"2018-06-04",56.28
"2018-06-05",56.48
"2018-06-06",57.03
"2018-06-07",56.73
"2018-06-08",57.
"2018-06-11",57.01
"2018-06-12",57.83
"2018-06-13",56.28
"2018-06-14",56.12
"2018-06-15",55.92
"2018-06-18",55.69
"2018-06-19",55.91
"2018-06-20",56.79
"2018-06-21",57.2
"2018-06-22",57.75
"2018-06-25",57.11
"2018-06-26",57.21
"2018-06-27",56.78
"2018-06-28",57.02
"2018-06-29",56.83
"2018-07-02",56.36
"2018-07-03",56.99
"2018-07-05",57.58
"2018-07-06",58.27
"2018-07-09",57.86
"2018-07-10",58.15
"2018-07-11",57.98
"2018-07-12",57.95
"2018-07-13",57.84
"2018-07-16",57.51
"2018-07-17",57.42
"2018-07-18",57.14
"2018-07-19",58.24
"2018-07-20",57.57
"2018-07-23",57.59
"2018-07-24",57.21
"2018-07-25",57.69
"2018-07-26",57.68
"2018-07-27",56.34
"2018-07-30",57.04
"2018-07-31",59.06
"2018-08-01",59.46
"2018-08-02",59.88
"2018-08-03",60.52
"2018-08-06",59.39
"2018-08-07",59.15
"2018-08-08",58.81
"2018-08-09",58.86
"2018-08-10",58.72
"2018-08-13",58.55
"2018-08-14",58.68
"2018-08-15",57.92
"2018-08-16",57.21
"2018-08-17",57.82
"2018-08-20",58.72
"2018-08-21",58.46
"2018-08-22",58.22
"2018-08-23",58.31
"2018-08-24",58.43
"2018-08-27",58.58
"2018-08-28",59.16
"2018-08-29",58.82
"2018-08-30",58.5
"2018-08-31",58.74
"2018-09-04",57.39
"2018-09-05",57.31
"2018-09-06",57.21
"2018-09-07",55.82
"2018-09-10",55.95
"2018-09-11",56.79
"2018-09-12",56.93
"2018-09-13",56.82
"2018-09-14",56.51
"2018-09-17",56.95
"2018-09-18",56.94
"2018-09-19",55.87
"2018-09-20",56.69
"2018-09-21",56.93
"2018-09-24",55.29
"2018-09-25",55.43
"2018-09-26",54.68
"2018-09-27",54.53
"2018-09-28",55.29
"2018-10-01",54.53
"2018-10-02",54.26
"2018-10-03",53.08
"2018-10-04",51.86
"2018-10-05",51.8
"2018-10-08",52.89
"2018-10-09",52.64
"2018-10-10",51.42
"2018-10-11",50.07
"2018-10-12",49.7
"2018-10-15",50.11
"2018-10-16",51.38
"2018-10-17",51.49
"2018-10-18",51.35
"2018-10-19",51.54
"2018-10-22",50.26
"2018-10-23",50.07
"2018-10-24",49.46
"2018-10-25",51.45
"2018-10-26",51.56
"2018-10-29",51.79
"2018-10-30",51.88
"2018-10-31",51.62
"2018-11-01",52.1
"2018-11-02",50.67
"2018-11-05",51.89
"2018-11-06",51.38
"2018-11-07",51.71
"2018-11-08",50.67
"2018-11-09",51.12
"2018-11-12",51.
"2018-11-13",51.29
