"2003-01-31",53.86
"2003-02-03",54.07
"2003-02-04",53.66
"2003-02-05",54.55
"2003-02-06",52.96
"2003-02-07",52.41
"2003-02-10",52.9
"2003-02-11",53.5
"2003-02-12",52.55
"2003-02-13",50.94
"2003-02-14",51.95
"2003-02-18",53.95
"2003-02-19",53.5
"2003-02-20",53.4
"2003-02-21",54.37
"2003-02-24",53.3
"2003-02-25",54.72
"2003-02-26",54.12
"2003-02-27",54.08
"2003-02-28",53.99
"2003-03-03",54.46
"2003-03-04",50.55
"2003-03-05",49.4
"2003-03-06",48.85
"2003-03-07",49.96
"2003-03-10",48.81
"2003-03-11",48.75
"2003-03-12",49.27
"2003-03-13",51.51
"2003-03-14",50.94
"2003-03-17",52.05
"2003-03-18",52.05
"2003-03-19",53.52
"2003-03-20",54.27
"2003-03-21",55.91
"2003-03-24",54.5
"2003-03-25",54.7
"2003-03-26",53.74
"2003-03-27",53.93
"2003-03-28",53.93
"2003-03-31",53.55
"2003-04-01",54.76
"2003-04-02",56.7
"2003-04-03",57.23
"2003-04-04",56.34
"2003-04-07",56.31
"2003-04-08",56.02
"2003-04-09",56.45
"2003-04-10",57.04
"2003-04-11",56.68
"2003-04-14",57.64
"2003-04-15",58.31
"2003-04-16",58.35
"2003-04-17",58.53
"2003-04-21",58.22
"2003-04-22",54.54
"2003-04-23",54.78
"2003-04-24",53.96
"2003-04-25",53.07
"2003-04-28",53.5
"2003-04-29",53.54
"2003-04-30",54.24
"2003-05-01",52.99
"2003-05-02",53.77
"2003-05-05",54.28
"2003-05-06",53.66
"2003-05-07",55.8
"2003-05-08",56.41
"2003-05-09",58.3
"2003-05-12",60.16
"2003-05-13",59.98
"2003-05-14",59.93
"2003-05-15",61.
"2003-05-16",60.
"2003-05-19",59.12
"2003-05-20",59.08
"2003-05-21",59.5
"2003-05-22",62.33
"2003-05-23",63.21
"2003-05-27",63.26
"2003-05-28",65.78
"2003-05-29",65.2
"2003-05-30",67.05
"2003-06-02",66.65
"2003-06-03",67.01
"2003-06-04",69.23
"2003-06-05",71.11
"2003-06-06",69.2
"2003-06-09",67.26
"2003-06-10",69.75
"2003-06-11",75.45
"2003-06-12",75.23
"2003-06-13",75.3
"2003-06-16",77.77
"2003-06-17",77.55
"2003-06-18",76.3
"2003-06-19",76.04
"2003-06-20",73.65
"2003-06-23",74.5
"2003-06-24",74.95
"2003-06-25",72.91
"2003-06-26",74.84
"2003-06-27",73.79
"2003-06-30",71.5
"2003-07-01",72.91
"2003-07-02",74.05
"2003-07-03",73.69
"2003-07-07",75.1
"2003-07-08",76.49
"2003-07-09",75.12
"2003-07-10",73.13
"2003-07-11",72.81
"2003-07-14",74.55
"2003-07-15",71.12
"2003-07-16",71.79
"2003-07-17",69.23
"2003-07-18",68.35
"2003-07-21",66.46
"2003-07-22",68.5
"2003-07-23",68.08
"2003-07-24",67.75
"2003-07-25",67.8
"2003-07-28",66.58
"2003-07-29",66.78
"2003-07-30",67.45
"2003-07-31",65.19
"2003-08-01",63.2
"2003-08-04",64.3
"2003-08-05",62.89
"2003-08-06",66.19
"2003-08-07",66.5
"2003-08-08",67.56
"2003-08-11",67.
"2003-08-12",67.44
"2003-08-13",64.99
"2003-08-14",65.19
"2003-08-15",65.98
"2003-08-18",66.15
"2003-08-19",68.5
"2003-08-20",68.03
"2003-08-21",69.15
"2003-08-22",68.
"2003-08-25",68.19
"2003-08-26",68.15
"2003-08-27",67.29
"2003-08-28",68.33
"2003-08-29",67.25
"2003-09-02",66.81
"2003-09-03",69.6
"2003-09-04",71.61
"2003-09-05",70.6
"2003-09-08",71.6
"2003-09-09",71.32
"2003-09-10",68.
"2003-09-11",69.6
"2003-09-12",70.87
"2003-09-15",72.25
"2003-09-16",74.62
"2003-09-17",74.54
"2003-09-18",75.39
"2003-09-19",74.99
"2003-09-22",73.5
"2003-09-23",74.13
"2003-09-24",75.99
"2003-09-25",75.8
"2003-09-26",75.75
"2003-09-29",76.85
"2003-09-30",77.79
"2003-10-01",82.15
"2003-10-02",82.75
"2003-10-03",82.15
"2003-10-06",83.69
"2003-10-07",83.87
"2003-10-08",84.37
"2003-10-09",85.43
"2003-10-10",84.73
"2003-10-13",87.22
"2003-10-14",87.32
"2003-10-15",83.65
"2003-10-16",84.24
"2003-10-17",83.35
"2003-10-20",84.1
"2003-10-21",85.45
"2003-10-22",85.03
"2003-10-23",86.7
"2003-10-24",85.57
"2003-10-27",87.24
"2003-10-28",88.69
"2003-10-29",92.78
"2003-10-30",91.5
"2003-10-31",91.85
"2003-11-03",92.8
"2003-11-04",91.82
"2003-11-05",94.93
"2003-11-06",94.99
"2003-11-07",90.99
"2003-11-10",88.78
"2003-11-11",89.96
"2003-11-12",92.18
"2003-11-13",93.11
"2003-11-14",91.82
"2003-11-17",91.83
"2003-11-18",92.05
"2003-11-19",92.58
"2003-11-20",92.54
"2003-11-21",93.3
"2003-11-24",96.96
"2003-11-25",98.41
"2003-11-26",97.36
"2003-11-28",97.9
"2003-12-01",101.5
"2003-12-02",100.81
"2003-12-03",97.76
"2003-12-04",98.09
"2003-12-05",96.81
"2003-12-08",99.5
"2003-12-09",95.61
"2003-12-10",90.75
"2003-12-11",92.24
"2003-12-12",92.75
"2003-12-15",90.97
"2003-12-16",90.85
"2003-12-17",93.8
"2003-12-18",95.85
"2003-12-19",95.65
"2003-12-22",98.1
"2003-12-23",99.13
"2003-12-24",98.55
"2003-12-26",99.4
"2003-12-29",99.45
"2003-12-30",97.2
"2003-12-31",96.
"2004-01-02",93.79
"2004-01-05",92.53
"2004-01-06",94.47
"2004-01-07",93.27
"2004-01-08",89.46
"2004-01-09",92.19
"2004-01-12",89.62
"2004-01-13",87.5
"2004-01-14",89.2
"2004-01-15",90.24
"2004-01-16",90.81
"2004-01-20",90.53
"2004-01-21",46.49
"2004-01-22",47.17
"2004-01-23",46.7
"2004-01-26",46.44
"2004-01-27",46.62
"2004-01-28",43.71
"2004-01-29",44.09
"2004-01-30",44.1
"2004-02-02",43.91
"2004-02-03",44.69
"2004-02-04",43.55
"2004-02-05",43.33
"2004-02-06",45.01
"2004-02-09",45.31
"2004-02-10",45.07
"2004-02-11",46.73
"2004-02-12",46.9
"2004-02-13",46.83
"2004-02-17",47.68
"2004-02-18",47.36
"2004-02-19",46.6
"2004-02-20",46.25
"2004-02-23",45.82
"2004-02-24",46.16
"2004-02-25",46.17
"2004-02-26",47.76
"2004-02-27",49.45
"2004-03-01",52.06
"2004-03-02",51.7
"2004-03-03",52.05
"2004-03-04",53.1
"2004-03-05",55.3
"2004-03-08",55.78
"2004-03-09",55.34
"2004-03-10",54.06
"2004-03-11",54.4
"2004-03-12",55.58
"2004-03-15",55.98
"2004-03-16",56.01
"2004-03-17",53.75
"2004-03-18",54.1
"2004-03-19",53.2
"2004-03-22",52.99
"2004-03-23",53.65
"2004-03-24",53.15
"2004-03-25",53.49
"2004-03-26",53.73
"2004-03-29",53.29
"2004-03-30",54.64
"2004-03-31",54.03
"2004-04-01",54.16
"2004-04-02",52.22
"2004-04-05",51.33
"2004-04-06",51.64
"2004-04-07",51.36
"2004-04-08",50.47
"2004-04-12",49.57
"2004-04-13",48.8
"2004-04-14",48.74
"2004-04-15",48.88
"2004-04-16",49.21
"2004-04-19",48.46
"2004-04-20",47.19
"2004-04-21",48.07
"2004-04-22",49.07
"2004-04-23",48.32
"2004-04-26",48.45
"2004-04-27",49.41
"2004-04-28",47.74
"2004-04-29",46.8
"2004-04-30",46.85
"2004-05-03",47.26
"2004-05-04",47.15
"2004-05-05",47.53
"2004-05-06",46.5
"2004-05-07",44.5
"2004-05-10",43.23
"2004-05-11",43.58
"2004-05-12",43.83
"2004-05-13",43.9
"2004-05-14",44.22
"2004-05-17",43.24
"2004-05-18",43.08
"2004-05-19",41.62
"2004-05-20",41.9
"2004-05-21",42.29
"2004-05-24",43.29
"2004-05-25",45.17
"2004-05-26",45.09
"2004-05-27",45.87
"2004-05-28",45.9
"2004-06-01",45.4
"2004-06-02",44.89
"2004-06-03",44.41
"2004-06-04",44.2
"2004-06-07",46.35
"2004-06-08",45.26
"2004-06-09",44.22
"2004-06-10",44.3
"2004-06-14",43.5
"2004-06-15",43.58
"2004-06-16",42.9
"2004-06-17",43.6
"2004-06-18",44.24
"2004-06-21",43.88
"2004-06-22",43.93
"2004-06-23",44.29
"2004-06-24",45.49
"2004-06-25",45.9
"2004-06-28",44.41
"2004-06-29",43.93
"2004-06-30",44.72
"2004-07-01",44.41
"2004-07-02",45.29
"2004-07-06",44.41
"2004-07-07",44.59
"2004-07-08",42.18
"2004-07-09",42.64
"2004-07-12",42.73
"2004-07-13",43.95
"2004-07-14",43.11
"2004-07-15",42.9
"2004-07-16",43.16
"2004-07-19",42.46
"2004-07-20",42.23
"2004-07-21",41.4
"2004-07-22",42.34
"2004-07-23",41.87
"2004-07-26",40.99
"2004-07-27",41.31
"2004-07-28",41.48
"2004-07-29",42.47
"2004-07-30",42.68
"2004-08-02",42.68
"2004-08-03",42.24
"2004-08-04",42.43
"2004-08-05",42.2
"2004-08-06",42.27
"2004-08-09",42.02
"2004-08-10",42.96
"2004-08-11",42.58
"2004-08-12",42.43
"2004-08-13",42.77
"2004-08-16",43.71
"2004-08-17",44.6
"2004-08-18",45.
"2004-08-19",44.72
"2004-08-20",45.1
"2004-08-23",45.6
"2004-08-24",45.47
"2004-08-25",45.2
"2004-08-26",45.27
"2004-08-27",45.51
"2004-08-30",44.77
"2004-08-31",45.8
"2004-09-01",46.79
"2004-09-02",46.62
"2004-09-03",46.45
"2004-09-07",47.71
"2004-09-08",46.9
"2004-09-09",46.94
"2004-09-10",46.75
"2004-09-13",46.98
"2004-09-14",47.26
"2004-09-15",46.89
"2004-09-16",47.49
"2004-09-17",47.56
"2004-09-20",45.95
"2004-09-21",47.24
"2004-09-22",48.3
"2004-09-23",47.55
"2004-09-24",47.61
"2004-09-27",48.46
"2004-09-28",47.69
"2004-09-29",47.19
"2004-09-30",47.6
"2004-10-01",47.6
"2004-10-04",45.3
"2004-10-05",44.63
"2004-10-06",45.05
"2004-10-07",43.23
"2004-10-08",43.7
"2004-10-11",43.32
"2004-10-12",43.75
"2004-10-13",42.78
"2004-10-14",42.63
"2004-10-15",42.72
"2004-10-18",42.69
"2004-10-19",42.25
"2004-10-20",42.19
"2004-10-21",42.73
"2004-10-22",42.45
"2004-10-25",43.8
"2004-10-26",44.95
"2004-10-27",45.07
"2004-10-28",44.83
"2004-10-29",44.98
"2004-11-01",44.75
"2004-11-02",45.5
"2004-11-03",45.01
"2004-11-04",44.7
"2004-11-05",43.88
"2004-11-08",43.55
"2004-11-09",44.16
"2004-11-10",44.22
"2004-11-11",44.04
"2004-11-12",46.3
"2004-11-15",48.16
"2004-11-16",47.15
"2004-11-17",47.76
"2004-11-18",47.85
"2004-11-19",46.36
"2004-11-22",46.49
"2004-11-23",46.1
"2004-11-24",46.92
"2004-11-26",46.69
"2004-11-29",45.15
"2004-11-30",44.93
"2004-12-01",46.08
"2004-12-02",44.88
"2004-12-03",45.99
"2004-12-06",46.01
"2004-12-07",44.95
"2004-12-08",44.27
"2004-12-09",47.15
"2004-12-10",50.11
"2004-12-13",50.6
"2004-12-14",50.83
"2004-12-15",56.35
"2004-12-16",55.18
"2004-12-17",54.88
"2004-12-20",54.8
"2004-12-21",54.5
"2004-12-22",55.39
"2004-12-23",54.97
"2004-12-27",54.16
"2004-12-28",55.35
"2004-12-29",55.95
"2004-12-30",56.5
"2004-12-31",56.68
"2005-01-03",56.
"2005-01-04",53.43
"2005-01-05",52.93
"2005-01-06",53.53
"2005-01-07",53.87
"2005-01-10",55.
"2005-01-11",54.91
"2005-01-12",55.1
"2005-01-13",56.04
"2005-01-14",57.53
"2005-01-18",57.83
"2005-01-19",57.6
"2005-01-20",55.4
"2005-01-21",54.81
"2005-01-24",54.29
"2005-01-25",55.11
"2005-01-26",56.7
"2005-01-27",55.86
"2005-01-28",56.26
"2005-01-31",56.47
"2005-02-01",57.17
"2005-02-02",57.85
"2005-02-03",57.14
"2005-02-04",59.61
"2005-02-07",58.75
"2005-02-08",59.76
"2005-02-09",58.52
"2005-02-10",58.76
"2005-02-11",57.61
"2005-02-14",57.38
"2005-02-15",56.68
"2005-02-16",58.05
"2005-02-17",58.55
"2005-02-18",57.98
"2005-02-22",55.85
"2005-02-23",55.84
"2005-02-24",58.74
"2005-02-25",62.3
"2005-02-28",60.82
"2005-03-01",61.35
"2005-03-02",59.55
"2005-03-03",59.48
"2005-03-04",61.97
"2005-03-07",61.56
"2005-03-08",59.58
"2005-03-09",57.66
"2005-03-10",57.19
"2005-03-11",56.97
"2005-03-14",57.25
"2005-03-15",57.03
"2005-03-16",56.58
"2005-03-17",55.5
"2005-03-18",55.2
"2005-03-21",54.87
"2005-03-22",55.6
"2005-03-23",55.2
"2005-03-24",56.28
"2005-03-28",56.71
"2005-03-29",56.64
"2005-03-30",56.45
"2005-03-31",56.68
"2005-04-01",57.29
"2005-04-04",57.9
"2005-04-05",57.48
"2005-04-06",56.53
"2005-04-07",57.51
"2005-04-08",56.96
"2005-04-11",57.05
"2005-04-12",58.34
"2005-04-13",57.02
"2005-04-14",54.82
"2005-04-15",53.
"2005-04-18",53.55
"2005-04-19",53.59
"2005-04-20",52.45
"2005-04-21",53.15
"2005-04-22",52.55
"2005-04-25",54.22
"2005-04-26",53.82
"2005-04-27",53.15
"2005-04-28",51.47
"2005-04-29",51.47
"2005-05-02",51.47
"2005-05-03",50.62
"2005-05-04",51.9
"2005-05-05",52.55
"2005-05-06",53.
"2005-05-09",53.81
"2005-05-10",52.9
"2005-05-11",53.31
"2005-05-12",51.64
"2005-05-13",51.29
"2005-05-16",53.09
"2005-05-17",53.24
"2005-05-18",55.72
"2005-05-19",55.98
"2005-05-20",55.58
"2005-05-23",55.97
"2005-05-24",55.97
"2005-05-25",55.37
"2005-05-26",57.47
"2005-05-27",57.56
"2005-05-31",58.01
"2005-06-01",58.84
"2005-06-02",59.33
"2005-06-03",58.75
"2005-06-06",59.58
"2005-06-07",59.72
"2005-06-08",58.65
"2005-06-09",59.33
"2005-06-10",58.84
"2005-06-13",59.53
"2005-06-14",60.48
"2005-06-15",61.65
"2005-06-16",62.19
"2005-06-17",63.34
"2005-06-20",62.07
"2005-06-21",63.41
"2005-06-22",62.98
"2005-06-23",62.3
"2005-06-24",61.22
"2005-06-27",63.05
"2005-06-28",63.75
"2005-06-29",62.23
"2005-06-30",63.45
"2005-07-01",63.39
"2005-07-05",64.07
"2005-07-06",63.7
"2005-07-07",65.19
"2005-07-08",65.52
"2005-07-11",66.78
"2005-07-12",66.18
"2005-07-13",66.41
"2005-07-14",65.95
"2005-07-15",66.69
"2005-07-18",66.28
"2005-07-19",67.
"2005-07-20",67.81
"2005-07-21",66.27
"2005-07-22",66.4
"2005-07-25",64.93
"2005-07-26",65.6
"2005-07-27",66.12
"2005-07-28",68.27
"2005-07-29",67.27
"2005-08-01",67.49
"2005-08-02",67.15
"2005-08-03",66.36
"2005-08-04",66.
"2005-08-05",63.03
"2005-08-08",61.29
"2005-08-09",61.53
"2005-08-10",61.75
"2005-08-11",62.51
"2005-08-12",62.75
"2005-08-15",62.54
"2005-08-16",61.51
"2005-08-17",60.65
"2005-08-18",60.51
"2005-08-19",59.89
"2005-08-22",59.72
"2005-08-23",58.93
"2005-08-24",60.1
"2005-08-25",59.27
"2005-08-26",58.41
"2005-08-29",58.4
"2005-08-30",59.47
"2005-08-31",62.1
"2005-09-01",61.59
"2005-09-02",61.
"2005-09-06",62.18
"2005-09-07",62.46
"2005-09-08",60.95
"2005-09-09",62.55
"2005-09-12",62.3
"2005-09-13",61.72
"2005-09-14",62.09
"2005-09-15",62.3
"2005-09-16",60.81
"2005-09-19",59.
"2005-09-20",54.1
"2005-09-21",53.49
"2005-09-22",57.19
"2005-09-23",56.4
"2005-09-26",57.07
"2005-09-27",57.
"2005-09-28",56.55
"2005-09-29",58.36
"2005-09-30",59.76
"2005-10-03",61.7
"2005-10-04",59.31
"2005-10-05",57.62
"2005-10-06",57.15
"2005-10-07",57.6
"2005-10-10",55.11
"2005-10-11",55.45
"2005-10-12",54.36
"2005-10-13",55.03
"2005-10-14",55.8
"2005-10-17",55.92
"2005-10-18",53.85
"2005-10-19",56.29
"2005-10-20",55.63
"2005-10-21",55.44
"2005-10-24",57.79
"2005-10-25",56.8
"2005-10-26",55.44
"2005-10-27",53.33
"2005-10-28",55.12
"2005-10-31",55.58
"2005-11-01",56.96
"2005-11-02",58.65
"2005-11-03",57.98
"2005-11-04",57.83
"2005-11-07",58.35
"2005-11-08",55.3
"2005-11-09",54.5
"2005-11-10",56.28
"2005-11-11",55.92
"2005-11-14",55.37
"2005-11-15",55.
"2005-11-16",55.38
"2005-11-17",57.14
"2005-11-18",56.9
"2005-11-21",57.37
"2005-11-22",59.1
"2005-11-23",59.11
"2005-11-25",59.41
"2005-11-28",57.65
"2005-11-29",57.44
"2005-11-30",57.68
"2005-12-01",58.52
"2005-12-02",58.91
"2005-12-05",58.13
"2005-12-06",58.36
"2005-12-07",56.58
"2005-12-08",57.35
"2005-12-09",57.8
"2005-12-12",58.11
"2005-12-13",59.12
"2005-12-14",60.58
"2005-12-15",62.61
"2005-12-16",62.85
"2005-12-19",61.73
"2005-12-20",62.08
"2005-12-21",61.7
"2005-12-22",62.27
"2005-12-23",61.65
"2005-12-27",61.83
"2005-12-28",61.19
"2005-12-29",61.45
"2005-12-30",61.02
"2006-01-03",62.77
"2006-01-04",62.08
"2006-01-05",62.91
"2006-01-06",62.62
"2006-01-09",65.24
"2006-01-10",65.91
"2006-01-11",65.95
"2006-01-12",65.23
"2006-01-13",63.99
"2006-01-17",63.43
"2006-01-18",63.27
"2006-01-19",62.62
"2006-01-20",61.75
"2006-01-23",61.21
"2006-01-24",62.94
"2006-01-25",61.45
"2006-01-26",62.94
"2006-01-27",63.34
"2006-01-30",62.95
"2006-01-31",62.56
"2006-02-01",61.56
"2006-02-02",60.38
"2006-02-03",60.8
"2006-02-06",60.21
"2006-02-07",57.85
"2006-02-08",57.89
"2006-02-09",57.66
"2006-02-10",57.05
"2006-02-13",56.41
"2006-02-14",57.3
"2006-02-15",58.06
"2006-02-16",58.81
"2006-02-17",58.24
"2006-02-21",58.8
"2006-02-22",61.06
"2006-02-23",60.93
"2006-02-24",60.69
"2006-02-27",60.44
"2006-02-28",59.86
"2006-03-01",59.25
"2006-03-02",59.28
"2006-03-03",58.23
"2006-03-06",57.25
"2006-03-07",56.37
"2006-03-08",56.41
"2006-03-09",55.17
"2006-03-10",56.31
"2006-03-13",56.79
"2006-03-14",58.86
"2006-03-15",58.83
"2006-03-16",59.9
"2006-03-17",60.01
"2006-03-20",58.85
"2006-03-21",57.64
"2006-03-22",57.2
"2006-03-23",59.45
"2006-03-24",59.92
"2006-03-27",60.32
"2006-03-28",61.03
"2006-03-29",61.11
"2006-03-30",60.55
"2006-03-31",60.38
"2006-04-03",59.4
"2006-04-04",59.57
"2006-04-05",62.28
"2006-04-06",61.27
"2006-04-07",61.41
"2006-04-10",60.9
"2006-04-11",60.78
"2006-04-12",59.65
"2006-04-13",59.35
"2006-04-17",57.81
"2006-04-18",59.34
"2006-04-19",57.97
"2006-04-20",57.4
"2006-04-21",56.47
"2006-04-24",55.39
"2006-04-25",55.06
"2006-04-26",56.22
"2006-04-27",55.61
"2006-04-28",54.93
"2006-05-01",54.37
"2006-05-02",53.24
"2006-05-03",53.25
"2006-05-04",52.53
"2006-05-05",54.49
"2006-05-08",53.56
"2006-05-09",52.46
"2006-05-10",52.99
"2006-05-11",51.2
"2006-05-12",50.54
"2006-05-15",49.81
"2006-05-16",48.93
"2006-05-17",48.21
"2006-05-18",49.02
"2006-05-19",48.75
"2006-05-22",48.21
"2006-05-23",48.53
"2006-05-24",48.68
"2006-05-25",48.82
"2006-05-26",48.99
"2006-05-30",47.82
"2006-05-31",47.91
"2006-06-01",48.56
"2006-06-02",48.08
"2006-06-05",46.5
"2006-06-06",45.
"2006-06-07",44.7
"2006-06-08",44.51
"2006-06-09",45.14
"2006-06-12",43.77
"2006-06-13",43.06
"2006-06-14",43.65
"2006-06-15",45.39
"2006-06-16",44.89
"2006-06-19",43.88
"2006-06-20",43.13
"2006-06-21",44.84
"2006-06-22",44.55
"2006-06-23",44.54
"2006-06-26",45.68
"2006-06-27",43.97
"2006-06-28",43.54
"2006-06-29",44.85
"2006-06-30",44.37
"2006-07-03",44.26
"2006-07-05",44.2
"2006-07-06",43.94
"2006-07-07",44.34
"2006-07-10",43.9
"2006-07-11",43.07
"2006-07-12",41.59
"2006-07-13",41.07
"2006-07-14",40.07
"2006-07-17",41.06
"2006-07-18",40.51
"2006-07-19",42.43
"2006-07-20",41.56
"2006-07-21",42.68
"2006-07-24",44.79
"2006-07-25",45.22
"2006-07-26",45.2
"2006-07-27",44.36
"2006-07-28",45.46
"2006-07-31",44.73
"2006-08-01",45.18
"2006-08-02",45.06
"2006-08-03",47.07
"2006-08-04",46.83
"2006-08-07",47.41
"2006-08-08",46.34
"2006-08-09",44.51
"2006-08-10",44.65
"2006-08-11",43.57
"2006-08-14",42.8
"2006-08-15",43.77
"2006-08-16",45.2
"2006-08-17",45.87
"2006-08-18",46.05
"2006-08-21",45.23
"2006-08-22",45.06
"2006-08-23",44.33
"2006-08-24",44.86
"2006-08-25",44.76
"2006-08-28",45.26
"2006-08-29",45.51
"2006-08-30",44.67
"2006-08-31",44.84
"2006-09-01",44.79
"2006-09-05",44.56
"2006-09-06",43.5
"2006-09-07",43.25
"2006-09-08",42.71
"2006-09-11",43.11
"2006-09-12",45.47
"2006-09-13",45.22
"2006-09-14",45.28
"2006-09-15",46.39
"2006-09-18",46.33
"2006-09-19",46.06
"2006-09-20",45.69
"2006-09-21",45.25
"2006-09-22",45.81
"2006-09-25",46.88
"2006-09-26",46.95
"2006-09-27",46.13
"2006-09-28",45.78
"2006-09-29",45.25
"2006-10-02",45.63
"2006-10-03",44.87
"2006-10-04",45.92
"2006-10-05",45.64
"2006-10-06",45.12
"2006-10-09",46.2
"2006-10-10",46.92
"2006-10-11",46.53
"2006-10-12",47.72
"2006-10-13",46.31
"2006-10-16",47.01
"2006-10-17",46.51
"2006-10-18",45.88
"2006-10-19",46.07
"2006-10-20",46.12
"2006-10-23",45.39
"2006-10-24",46.34
"2006-10-25",47.47
"2006-10-26",48.27
"2006-10-27",47.65
"2006-10-30",47.7
"2006-10-31",47.48
"2006-11-01",46.79
"2006-11-02",46.45
"2006-11-03",46.27
"2006-11-06",46.48
"2006-11-07",45.67
"2006-11-08",45.23
"2006-11-09",44.79
"2006-11-10",46.22
"2006-11-13",46.26
"2006-11-14",48.25
"2006-11-15",48.95
"2006-11-16",49.4
"2006-11-17",49.34
"2006-11-20",49.11
"2006-11-21",49.75
"2006-11-22",51.03
"2006-11-24",50.87
"2006-11-27",50.41
"2006-11-28",49.87
"2006-11-29",49.92
"2006-11-30",52.5
"2006-12-01",52.52
"2006-12-04",52.2
"2006-12-05",53.53
"2006-12-06",54.17
"2006-12-07",53.25
"2006-12-08",52.29
"2006-12-11",52.36
"2006-12-12",52.07
"2006-12-13",52.2
"2006-12-14",52.68
"2006-12-15",53.02
"2006-12-18",52.66
"2006-12-19",51.51
"2006-12-20",51.56
"2006-12-21",51.19
"2006-12-22",50.69
"2006-12-26",51.25
"2006-12-27",52.61
"2006-12-28",52.29
"2006-12-29",52.46
"2007-01-02",52.46
"2007-01-03",50.63
"2007-01-04",50.09
"2007-01-05",49.66
"2007-01-08",48.72
"2007-01-09",48.78
"2007-01-10",49.02
"2007-01-11",49.94
"2007-01-12",50.15
"2007-01-16",49.72
"2007-01-17",51.95
"2007-01-18",52.05
"2007-01-19",53.48
"2007-01-22",53.5
"2007-01-23",53.24
"2007-01-24",53.63
"2007-01-25",51.89
"2007-01-26",51.71
"2007-01-29",51.92
"2007-01-30",51.83
"2007-01-31",54.38
"2007-02-01",55.02
"2007-02-02",56.11
"2007-02-05",55.49
"2007-02-06",55.33
"2007-02-07",55.06
"2007-02-08",53.54
"2007-02-09",52.71
"2007-02-12",52.18
"2007-02-13",52.76
"2007-02-14",52.74
"2007-02-15",53.2
"2007-02-16",52.96
"2007-02-20",53.11
"2007-02-21",52.7
"2007-02-22",51.96
"2007-02-23",50.97
"2007-02-26",50.99
"2007-02-27",49.6
"2007-02-28",49.19
"2007-03-01",49.25
"2007-03-02",48.7
"2007-03-05",47.05
"2007-03-06",47.9
"2007-03-07",48.25
"2007-03-08",48.74
"2007-03-09",48.25
"2007-03-12",45.9
"2007-03-13",43.83
"2007-03-14",45.18
"2007-03-15",45.59
"2007-03-16",45.18
"2007-03-19",45.49
"2007-03-20",45.55
"2007-03-21",46.76
"2007-03-22",46.11
"2007-03-23",45.58
"2007-03-26",44.54
"2007-03-27",44.5
"2007-03-28",43.54
"2007-03-29",43.05
"2007-03-30",42.21
"2007-04-02",41.5
"2007-04-03",41.92
"2007-04-04",41.9
"2007-04-05",42.7
"2007-04-09",42.91
"2007-04-10",42.28
"2007-04-11",40.98
"2007-04-12",41.61
"2007-04-13",41.11
"2007-04-16",41.52
"2007-04-17",42.63
"2007-04-18",43.93
"2007-04-19",43.7
"2007-04-20",44.34
"2007-04-23",43.16
"2007-04-24",43.24
"2007-04-25",43.14
"2007-04-26",44.19
"2007-04-27",43.14
"2007-04-30",42.71
"2007-05-01",43.44
"2007-05-02",43.85
"2007-05-03",43.9
"2007-05-04",43.35
"2007-05-07",43.09
"2007-05-08",43.2
"2007-05-09",43.17
"2007-05-10",42.1
"2007-05-11",42.04
"2007-05-14",42.03
"2007-05-15",42.08
"2007-05-16",43.13
"2007-05-17",44.65
"2007-05-18",44.52
"2007-05-21",45.41
"2007-05-22",46.5
"2007-05-23",46.14
"2007-05-24",45.87
"2007-05-25",45.49
"2007-05-29",45.7
"2007-05-30",46.15
"2007-05-31",45.65
"2007-06-01",45.04
"2007-06-04",45.36
"2007-06-05",44.88
"2007-06-06",44.28
"2007-06-07",42.42
"2007-06-08",43.16
"2007-06-11",43.06
"2007-06-12",41.94
"2007-06-13",42.04
"2007-06-14",41.77
"2007-06-15",41.76
"2007-06-18",41.19
"2007-06-19",41.68
"2007-06-20",40.96
"2007-06-21",40.29
"2007-06-22",39.73
"2007-06-25",38.75
"2007-06-26",37.55
"2007-06-27",37.86
"2007-06-28",37.13
"2007-06-29",36.56
"2007-07-02",35.64
"2007-07-03",35.21
"2007-07-05",36.
"2007-07-06",37.05
"2007-07-09",36.31
"2007-07-10",34.86
"2007-07-11",34.72
"2007-07-12",35.14
"2007-07-13",36.4
"2007-07-16",35.44
"2007-07-17",34.59
"2007-07-18",34.14
"2007-07-19",34.16
"2007-07-20",33.21
"2007-07-23",32.32
"2007-07-24",31.93
"2007-07-25",31.93
"2007-07-26",31.41
"2007-07-27",31.07
"2007-07-30",31.11
"2007-07-31",30.66
"2007-08-01",30.37
"2007-08-02",31.77
"2007-08-03",31.4
"2007-08-06",32.36
"2007-08-07",34.49
"2007-08-08",36.03
"2007-08-09",36.48
"2007-08-10",35.45
"2007-08-13",32.92
"2007-08-14",31.5
"2007-08-15",30.02
"2007-08-16",30.96
"2007-08-17",30.43
"2007-08-20",29.86
"2007-08-21",29.41
"2007-08-22",29.35
"2007-08-23",29.99
"2007-08-24",29.9
"2007-08-27",28.56
"2007-08-28",27.23
"2007-08-29",28.1
"2007-08-30",27.52
"2007-08-31",28.27
"2007-09-04",28.57
"2007-09-05",27.77
"2007-09-06",27.52
"2007-09-07",26.52
"2007-09-10",25.88
"2007-09-11",25.71
"2007-09-12",25.06
"2007-09-13",25.07
"2007-09-14",25.71
"2007-09-17",25.71
"2007-09-18",26.26
"2007-09-19",27.02
"2007-09-20",25.56
"2007-09-21",25.32
"2007-09-24",24.18
"2007-09-25",23.22
"2007-09-26",22.26
"2007-09-27",22.5
"2007-09-28",22.65
"2007-10-01",23.27
"2007-10-02",24.72
"2007-10-03",25.82
"2007-10-04",24.34
"2007-10-05",24.95
"2007-10-08",24.57
"2007-10-09",24.92
"2007-10-10",25.31
"2007-10-11",25.29
"2007-10-12",24.2
"2007-10-15",23.63
"2007-10-16",22.97
"2007-10-17",22.23
"2007-10-18",21.8
"2007-10-19",21.08
"2007-10-22",22.56
"2007-10-23",22.44
"2007-10-24",22.58
"2007-10-25",23.22
"2007-10-26",24.29
"2007-10-29",24.55
"2007-10-30",24.72
"2007-10-31",22.85
"2007-11-01",21.42
"2007-11-02",21.17
"2007-11-05",21.21
"2007-11-06",21.49
"2007-11-07",20.46
"2007-11-08",19.86
"2007-11-09",19.92
"2007-11-12",20.03
"2007-11-13",21.12
"2007-11-14",20.85
"2007-11-15",19.99
"2007-11-16",19.24
"2007-11-19",17.57
"2007-11-20",15.92
"2007-11-21",14.97
"2007-11-23",15.59
"2007-11-26",14.5
"2007-11-27",14.49
"2007-11-28",15.06
"2007-11-29",14.77
"2007-11-30",15.84
"2007-12-03",16.74
"2007-12-04",15.81
"2007-12-05",16.25
"2007-12-06",18.73
"2007-12-07",18.32
"2007-12-10",19.02
"2007-12-11",17.02
"2007-12-12",17.08
"2007-12-13",17.75
"2007-12-14",17.14
"2007-12-17",16.81
"2007-12-18",16.92
"2007-12-19",16.9
"2007-12-20",17.12
"2007-12-21",17.2
"2007-12-24",17.9
"2007-12-26",18.08
"2007-12-27",17.68
"2007-12-28",17.5
"2007-12-31",17.89
"2008-01-02",17.2
"2008-01-03",16.72
"2008-01-04",15.81
"2008-01-07",15.77
"2008-01-08",14.62
"2008-01-09",13.86
"2008-01-10",14.71
"2008-01-11",14.34
"2008-01-14",14.92
"2008-01-15",13.97
"2008-01-16",14.25
"2008-01-17",13.91
"2008-01-18",12.99
"2008-01-22",13.15
"2008-01-23",14.94
"2008-01-24",16.21
"2008-01-25",16.98
"2008-01-28",18.5
"2008-01-29",18.81
"2008-01-30",18.2
"2008-01-31",20.54
"2008-02-01",21.4
"2008-02-04",19.82
"2008-02-05",19.1
"2008-02-06",19.27
"2008-02-07",19.18
"2008-02-08",19.33
"2008-02-11",19.85
"2008-02-12",19.56
"2008-02-13",19.77
"2008-02-14",19.17
"2008-02-15",18.59
"2008-02-19",18.29
"2008-02-20",19.19
"2008-02-21",18.4
"2008-02-22",18.28
"2008-02-25",18.78
"2008-02-26",20.41
"2008-02-27",21.2
"2008-02-28",19.44
"2008-02-29",18.61
"2008-03-03",16.73
"2008-03-04",17.17
"2008-03-05",16.87
"2008-03-06",16.05
"2008-03-07",15.71
"2008-03-10",14.98
"2008-03-11",15.96
"2008-03-12",15.33
"2008-03-13",15.98
"2008-03-14",15.53
"2008-03-17",14.16
"2008-03-18",16.06
"2008-03-19",16.01
"2008-03-20",17.72
"2008-03-24",18.78
"2008-03-25",18.87
"2008-03-26",17.59
"2008-03-27",17.9
"2008-03-28",17.94
"2008-03-31",18.81
"2008-04-01",21.38
"2008-04-02",21.38
"2008-04-03",21.73
"2008-04-04",21.62
"2008-04-07",21.81
"2008-04-08",20.
"2008-04-09",18.58
"2008-04-10",18.79
"2008-04-11",18.14
"2008-04-14",17.07
"2008-04-15",17.4
"2008-04-16",18.5
"2008-04-17",18.47
"2008-04-18",18.68
"2008-04-21",18.33
"2008-04-22",17.91
"2008-04-23",17.03
"2008-04-24",18.38
"2008-04-25",19.01
"2008-04-28",19.54
"2008-04-29",20.28
"2008-04-30",18.42
"2008-05-01",19.43
"2008-05-02",19.27
"2008-05-05",19.5
"2008-05-06",19.97
"2008-05-07",18.92
"2008-05-08",18.36
"2008-05-09",18.41
"2008-05-12",18.57
"2008-05-13",18.72
"2008-05-14",19.92
"2008-05-15",20.44
"2008-05-16",20.01
"2008-05-19",19.32
"2008-05-20",18.83
"2008-05-21",17.43
"2008-05-22",17.29
"2008-05-23",16.88
"2008-05-27",17.48
"2008-05-28",17.53
"2008-05-29",17.22
"2008-05-30",16.88
"2008-06-02",16.59
"2008-06-03",17.13
"2008-06-04",16.53
"2008-06-05",16.36
"2008-06-06",15.23
"2008-06-09",15.18
"2008-06-10",15.66
"2008-06-11",14.69
"2008-06-12",14.98
"2008-06-13",15.35
"2008-06-16",15.91
"2008-06-17",15.28
"2008-06-18",15.71
"2008-06-19",15.81
"2008-06-20",15.23
"2008-06-23",14.17
"2008-06-24",14.72
"2008-06-25",14.57
"2008-06-26",13.34
"2008-06-27",12.62
"2008-06-30",12.34
"2008-07-01",11.83
"2008-07-02",11.45
"2008-07-03",11.47
"2008-07-07",10.85
"2008-07-08",12.5
"2008-07-09",11.43
"2008-07-10",10.94
"2008-07-11",10.31
"2008-07-14",10.24
"2008-07-15",10.53
"2008-07-16",11.71
"2008-07-17",12.31
"2008-07-18",12.17
"2008-07-21",12.25
"2008-07-22",12.98
"2008-07-23",13.54
"2008-07-24",11.07
"2008-07-25",11.51
"2008-07-28",10.75
"2008-07-29",11.93
"2008-07-30",11.69
"2008-07-31",12.1
"2008-08-01",11.85
"2008-08-04",11.63
"2008-08-05",12.37
"2008-08-06",12.69
"2008-08-07",12.27
"2008-08-08",12.37
"2008-08-11",12.93
"2008-08-12",11.42
"2008-08-13",11.1
"2008-08-14",11.67
"2008-08-15",11.82
"2008-08-18",10.96
"2008-08-19",10.42
"2008-08-20",10.84
"2008-08-21",11.47
"2008-08-22",11.83
"2008-08-25",11.64
"2008-08-26",11.04
"2008-08-27",12.2
"2008-08-28",13.11
"2008-08-29",13.15
"2008-09-02",13.53
"2008-09-03",13.71
"2008-09-04",12.49
"2008-09-05",13.56
"2008-09-08",14.95
"2008-09-09",13.37
"2008-09-10",13.34
"2008-09-11",13.98
"2008-09-12",14.36
"2008-09-15",13.44
"2008-09-16",14.46
"2008-09-17",12.72
"2008-09-18",15.01
"2008-09-19",16.75
"2008-09-22",13.74
"2008-09-23",12.71
"2008-09-24",14.77
"2008-09-25",14.99
"2008-09-26",15.28
"2008-09-29",13.81
"2008-09-30",15.19
"2008-10-01",15.34
"2008-10-02",13.89
"2008-10-03",12.08
"2008-10-06",11.99
"2008-10-07",10.44
"2008-10-08",10.47
"2008-10-09",9.
"2008-10-10",9.71
"2008-10-13",9.63
"2008-10-14",9.43
"2008-10-15",8.76
"2008-10-16",8.98
"2008-10-17",8.93
"2008-10-20",9.7
"2008-10-21",9.01
"2008-10-22",8.44
"2008-10-23",7.09
"2008-10-24",6.52
"2008-10-27",6.44
"2008-10-28",6.35
"2008-10-29",6.79
"2008-10-30",7.
"2008-10-31",7.74
"2008-11-03",8.01
"2008-11-04",9.07
"2008-11-05",8.56
"2008-11-06",8.43
"2008-11-07",7.75
"2008-11-10",7.11
"2008-11-11",7.2
"2008-11-12",6.28
"2008-11-13",6.64
"2008-11-14",6.3
"2008-11-17",6.02
"2008-11-18",5.89
"2008-11-19",4.78
"2008-11-20",3.8
"2008-11-21",3.64
"2008-11-24",4.58
"2008-11-25",6.03
"2008-11-26",7.4
"2008-11-28",7.11
"2008-12-01",6.36
"2008-12-02",7.3
"2008-12-03",7.73
"2008-12-04",8.5
"2008-12-05",9.06
"2008-12-08",9.81
"2008-12-09",9.06
"2008-12-10",9.69
"2008-12-11",8.98
"2008-12-12",9.67
"2008-12-15",8.8
"2008-12-16",9.81
"2008-12-17",10.25
"2008-12-18",10.12
"2008-12-19",9.99
"2008-12-22",8.9
"2008-12-23",8.67
"2008-12-24",8.32
"2008-12-26",8.58
"2008-12-29",8.36
"2008-12-30",8.66
"2008-12-31",8.67
"2009-01-02",9.18
"2009-01-05",10.2
"2009-01-06",11.17
"2009-01-07",10.57
"2009-01-08",11.42
"2009-01-09",9.15
"2009-01-12",8.35
"2009-01-13",8.66
"2009-01-14",7.9
"2009-01-15",7.57
"2009-01-16",7.85
"2009-01-20",6.78
"2009-01-21",7.08
"2009-01-22",6.55
"2009-01-23",6.84
"2009-01-26",7.82
"2009-01-27",7.76
"2009-01-28",8.86
"2009-01-29",8.
"2009-01-30",7.69
"2009-02-02",7.82
"2009-02-03",8.59
"2009-02-04",7.9
"2009-02-05",8.38
"2009-02-06",9.3
"2009-02-09",8.71
"2009-02-10",7.36
"2009-02-11",7.67
"2009-02-12",7.29
"2009-02-13",7.49
"2009-02-17",7.3
"2009-02-18",6.9
"2009-02-19",5.88
"2009-02-20",5.87
"2009-02-23",6.31
"2009-02-24",7.4
"2009-02-25",7.32
"2009-02-26",7.24
"2009-02-27",6.68
"2009-03-02",6.61
"2009-03-03",6.09
"2009-03-04",6.51
"2009-03-05",6.11
"2009-03-06",6.08
"2009-03-09",6.25
"2009-03-10",7.58
"2009-03-11",7.54
"2009-03-12",8.52
"2009-03-13",8.49
"2009-03-16",7.84
"2009-03-17",8.52
"2009-03-18",9.34
"2009-03-19",8.5
"2009-03-20",8.11
"2009-03-23",9.76
"2009-03-24",9.43
"2009-03-25",9.39
"2009-03-26",10.28
"2009-03-27",10.26
"2009-03-30",8.71
"2009-03-31",7.51
"2009-04-01",7.11
"2009-04-02",7.33
"2009-04-03",7.68
"2009-04-06",7.55
"2009-04-07",7.13
"2009-04-08",7.49
"2009-04-09",8.18
"2009-04-13",8.22
"2009-04-14",7.78
"2009-04-15",8.69
"2009-04-16",8.8
"2009-04-17",9.34
"2009-04-20",7.6
"2009-04-21",8.02
"2009-04-22",7.97
"2009-04-23",8.67
"2009-04-24",9.97
"2009-04-27",10.03
"2009-04-28",9.86
"2009-04-29",10.07
"2009-04-30",9.74
"2009-05-01",9.46
"2009-05-04",10.34
"2009-05-05",10.52
"2009-05-06",10.49
"2009-05-07",9.81
"2009-05-08",10.32
"2009-05-11",9.82
"2009-05-12",9.39
"2009-05-13",8.58
"2009-05-14",9.03
"2009-05-15",8.81
"2009-05-18",10.02
"2009-05-19",9.97
"2009-05-20",9.9
"2009-05-21",9.45
"2009-05-22",9.43
"2009-05-26",9.76
"2009-05-27",9.37
"2009-05-28",8.9
"2009-05-29",9.51
"2009-06-01",9.59
"2009-06-02",9.72
"2009-06-03",9.22
"2009-06-04",8.99
"2009-06-05",8.45
"2009-06-08",8.87
"2009-06-09",8.93
"2009-06-10",8.66
"2009-06-11",8.2
"2009-06-12",7.98
"2009-06-15",7.62
"2009-06-16",7.72
"2009-06-17",7.77
"2009-06-18",7.52
"2009-06-19",7.79
"2009-06-22",7.43
"2009-06-23",7.48
"2009-06-24",7.82
"2009-06-25",9.19
"2009-06-26",9.18
"2009-06-29",9.71
"2009-06-30",9.69
"2009-07-01",9.62
"2009-07-02",9.16
"2009-07-06",8.97
"2009-07-07",8.53
"2009-07-08",8.22
"2009-07-09",8.47
"2009-07-10",8.32
"2009-07-13",8.47
"2009-07-14",8.79
"2009-07-15",9.15
"2009-07-16",9.55
"2009-07-17",9.74
"2009-07-20",9.9
"2009-07-21",9.86
"2009-07-22",10.62
"2009-07-23",11.26
"2009-07-24",11.11
"2009-07-27",11.87
"2009-07-28",11.64
"2009-07-29",11.64
"2009-07-30",11.69
"2009-07-31",11.84
"2009-08-03",12.21
"2009-08-04",12.57
"2009-08-05",12.7
"2009-08-06",12.47
"2009-08-07",13.43
"2009-08-10",12.82
"2009-08-11",13.
"2009-08-12",13.52
"2009-08-13",13.75
"2009-08-14",13.41
"2009-08-17",12.83
"2009-08-18",13.19
"2009-08-19",13.52
"2009-08-20",14.07
"2009-08-21",14.52
"2009-08-24",14.57
"2009-08-25",14.97
"2009-08-26",15.58
"2009-08-27",15.34
"2009-08-28",15.73
"2009-08-31",15.15
"2009-09-01",14.47
"2009-09-02",14.05
"2009-09-03",14.49
"2009-09-04",15.1
"2009-09-08",15.4
"2009-09-09",15.6
"2009-09-10",15.86
"2009-09-11",15.71
"2009-09-14",15.67
"2009-09-15",16.27
"2009-09-16",17.38
"2009-09-17",16.6
"2009-09-18",16.54
"2009-09-21",16.02
"2009-09-22",15.89
"2009-09-23",15.51
"2009-09-24",14.82
"2009-09-25",14.59
"2009-09-28",14.65
"2009-09-29",14.77
"2009-09-30",14.25
"2009-10-01",13.25
"2009-10-02",13.03
"2009-10-05",13.36
"2009-10-06",13.68
"2009-10-07",13.18
"2009-10-08",14.39
"2009-10-09",14.33
"2009-10-12",14.34
"2009-10-13",15.13
"2009-10-14",15.19
"2009-10-15",15.08
"2009-10-16",14.65
"2009-10-19",14.39
"2009-10-20",13.98
"2009-10-21",13.68
"2009-10-22",14.72
"2009-10-23",14.13
"2009-10-26",13.57
"2009-10-27",13.65
"2009-10-28",12.63
"2009-10-29",12.92
"2009-10-30",12.6
"2009-11-02",12.59
"2009-11-03",13.09
"2009-11-04",13.54
"2009-11-05",13.51
"2009-11-06",14.14
"2009-11-09",14.61
"2009-11-10",14.3
"2009-11-11",14.3
"2009-11-12",14.54
"2009-11-13",14.54
"2009-11-16",14.65
"2009-11-17",14.65
"2009-11-18",14.62
"2009-11-19",14.17
"2009-11-20",13.67
"2009-11-23",13.65
"2009-11-24",13.04
"2009-11-25",13.14
"2009-11-27",13.14
"2009-11-30",12.67
"2009-12-01",12.88
"2009-12-02",12.79
"2009-12-03",12.25
"2009-12-04",12.43
"2009-12-07",12.43
"2009-12-08",11.82
"2009-12-09",11.85
"2009-12-10",11.63
"2009-12-11",11.85
"2009-12-14",11.85
"2009-12-15",12.05
"2009-12-16",12.62
"2009-12-17",12.32
"2009-12-18",12.45
"2009-12-21",12.86
"2009-12-22",13.27
"2009-12-23",13.27
"2009-12-24",13.36
"2009-12-28",12.95
"2009-12-29",12.84
"2009-12-30",12.91
"2009-12-31",12.77
"2010-01-04",13.01
"2010-01-05",13.55
"2010-01-06",13.7
"2010-01-07",15.46
"2010-01-08",15.95
"2010-01-11",16.26
"2010-01-12",16.13
"2010-01-13",16.25
"2010-01-14",16.35
"2010-01-15",15.96
"2010-01-19",16.21
"2010-01-20",15.74
"2010-01-21",15.31
"2010-01-22",14.78
"2010-01-25",14.7
"2010-01-26",14.56
"2010-01-27",15.11
"2010-01-28",15.39
"2010-01-29",15.36
"2010-02-01",15.32
"2010-02-02",16.55
"2010-02-03",16.26
"2010-02-04",15.34
"2010-02-05",15.34
"2010-02-08",15.39
"2010-02-09",15.6
"2010-02-10",15.61
"2010-02-11",16.99
"2010-02-12",16.96
"2010-02-16",17.34
"2010-02-17",17.34
"2010-02-18",17.04
"2010-02-19",17.31
"2010-02-22",17.17
"2010-02-23",16.28
"2010-02-24",16.27
"2010-02-25",16.27
"2010-02-26",16.41
"2010-03-01",16.64
"2010-03-02",16.6
"2010-03-03",16.79
"2010-03-04",16.55
"2010-03-05",17.01
"2010-03-08",17.2
"2010-03-09",17.29
"2010-03-10",16.93
"2010-03-11",16.93
"2010-03-12",16.33
"2010-03-15",16.09
"2010-03-16",16.74
"2010-03-17",16.64
"2010-03-18",16.54
"2010-03-19",16.11
"2010-03-22",16.3
"2010-03-23",17.06
"2010-03-24",17.69
"2010-03-25",18.05
"2010-03-26",18.3
"2010-03-29",18.24
"2010-03-30",18.05
"2010-03-31",17.21
"2010-04-01",17.13
"2010-04-05",17.56
"2010-04-06",17.29
"2010-04-07",16.95
"2010-04-08",17.26
"2010-04-09",17.52
"2010-04-12",17.17
"2010-04-13",17.28
"2010-04-14",18.28
"2010-04-15",17.79
"2010-04-16",17.15
"2010-04-19",17.24
"2010-04-20",17.97
"2010-04-21",18.52
"2010-04-22",19.74
"2010-04-23",20.53
"2010-04-26",20.1
"2010-04-27",18.94
"2010-04-28",19.35
"2010-04-29",20.52
"2010-04-30",19.92
"2010-05-03",20.71
"2010-05-04",20.02
"2010-05-05",19.31
"2010-05-06",18.45
"2010-05-07",17.49
"2010-05-10",19.76
"2010-05-11",19.46
"2010-05-12",19.46
"2010-05-13",18.75
"2010-05-14",18.41
"2010-05-17",18.42
"2010-05-18",18.16
"2010-05-19",18.15
"2010-05-20",17.44
"2010-05-21",17.47
"2010-05-24",17.3
"2010-05-25",17.16
"2010-05-26",17.25
"2010-05-27",17.57
"2010-05-28",17.3
"2010-06-01",16.33
"2010-06-02",16.55
"2010-06-03",16.28
"2010-06-04",15.47
"2010-06-07",14.76
"2010-06-08",14.75
"2010-06-09",14.43
"2010-06-10",15.58
"2010-06-11",15.55
"2010-06-14",15.25
"2010-06-15",15.76
"2010-06-16",15.55
"2010-06-17",15.3
"2010-06-18",14.74
"2010-06-21",14.57
"2010-06-22",14.2
"2010-06-23",14.74
"2010-06-24",14.57
"2010-06-25",14.68
"2010-06-28",14.37
"2010-06-29",13.97
"2010-06-30",13.91
"2010-07-01",14.09
"2010-07-02",13.65
"2010-07-06",13.59
"2010-07-07",14.27
"2010-07-08",14.18
"2010-07-09",14.57
"2010-07-12",14.75
"2010-07-13",15.24
"2010-07-14",14.59
"2010-07-15",14.88
"2010-07-16",14.05
"2010-07-19",13.82
"2010-07-20",14.69
"2010-07-21",14.31
"2010-07-22",14.76
"2010-07-23",14.93
"2010-07-26",15.42
"2010-07-27",15.02
"2010-07-28",14.51
"2010-07-29",14.71
"2010-07-30",14.77
"2010-08-02",15.18
"2010-08-03",14.62
"2010-08-04",14.45
"2010-08-05",14.51
"2010-08-06",14.39
"2010-08-09",14.8
"2010-08-10",14.02
"2010-08-11",13.63
"2010-08-12",13.41
"2010-08-13",13.33
"2010-08-16",13.14
"2010-08-17",13.28
"2010-08-18",13.48
"2010-08-19",12.89
"2010-08-20",12.77
"2010-08-23",12.72
"2010-08-24",12.9
"2010-08-25",13.35
"2010-08-26",13.07
"2010-08-27",13.47
"2010-08-30",13.13
"2010-08-31",13.15
"2010-09-01",13.74
"2010-09-02",13.98
"2010-09-03",14.45
"2010-09-07",14.14
"2010-09-08",14.44
"2010-09-09",14.55
"2010-09-10",14.53
"2010-09-13",14.9375
"2010-09-14",14.74
"2010-09-15",14.49
"2010-09-16",14.09
"2010-09-17",13.99
"2010-09-20",15.14
"2010-09-21",15.21
"2010-09-22",14.82
"2010-09-23",14.69
"2010-09-24",15.23
"2010-09-27",15.4
"2010-09-28",15.61
"2010-09-29",15.24
"2010-09-30",15.38
"2010-10-01",15.67
"2010-10-04",15.36
"2010-10-05",15.47
"2010-10-06",15.41
"2010-10-07",15.37
"2010-10-08",16.12
"2010-10-11",16.29
"2010-10-12",15.9
"2010-10-13",15.85
"2010-10-14",16.
"2010-10-15",15.32
"2010-10-18",15.14
"2010-10-19",14.78
"2010-10-20",14.39
"2010-10-21",14.74
"2010-10-22",14.82
"2010-10-25",14.9
"2010-10-26",14.9
"2010-10-27",14.68
"2010-10-28",14.59
"2010-10-29",14.51
"2010-11-01",14.56
"2010-11-02",15.63
"2010-11-03",15.45
"2010-11-04",15.81
"2010-11-05",15.85
"2010-11-08",16.13
"2010-11-09",15.94
"2010-11-10",16.34
"2010-11-11",16.44
"2010-11-12",16.05
"2010-11-15",15.89
"2010-11-16",15.76
"2010-11-17",15.5
"2010-11-18",15.63
"2010-11-19",15.57
"2010-11-22",15.23
"2010-11-23",14.86
"2010-11-24",15.28
"2010-11-26",15.05
"2010-11-29",14.99
"2010-11-30",15.19
"2010-12-01",15.75
"2010-12-02",16.88
"2010-12-03",17.26
"2010-12-06",17.41
"2010-12-07",17.52
"2010-12-08",17.55
"2010-12-09",17.54
"2010-12-10",17.69
"2010-12-13",17.71
"2010-12-14",17.25
"2010-12-15",17.07
"2010-12-16",17.2
"2010-12-17",17.32
"2010-12-20",18.24
"2010-12-21",18.52
"2010-12-22",18.96
"2010-12-23",18.17
"2010-12-27",18.58
"2010-12-28",18.4
"2010-12-29",18.52
"2010-12-30",18.61
"2010-12-31",18.75
"2011-01-03",19.05
"2011-01-04",18.62
"2011-01-05",19.1
"2011-01-06",19.14
"2011-01-07",19.41
"2011-01-10",18.9
"2011-01-11",20.24
"2011-01-12",20.46
"2011-01-13",20.17
"2011-01-14",20.63
"2011-01-18",20.49
"2011-01-19",19.79
"2011-01-20",19.88
"2011-01-21",19.47
"2011-01-24",19.88
"2011-01-25",19.77
"2011-01-26",20.38
"2011-01-27",20.17
"2011-01-28",19.66
"2011-01-31",19.36
"2011-02-01",19.94
"2011-02-02",19.63
"2011-02-03",19.67
"2011-02-04",19.52
"2011-02-07",19.86
"2011-02-08",20.67
"2011-02-09",20.85
"2011-02-10",20.83
"2011-02-11",20.91
"2011-02-14",20.6
"2011-02-15",20.47
"2011-02-16",20.85
"2011-02-17",21.38
"2011-02-18",21.05
"2011-02-22",19.95
"2011-02-23",19.81
"2011-02-24",19.94
"2011-02-25",20.32
"2011-02-28",20.16
"2011-03-01",19.72
"2011-03-02",20.13
"2011-03-03",20.32
"2011-03-04",19.79
"2011-03-07",19.41
"2011-03-08",20.16
"2011-03-09",20.38
"2011-03-10",19.84
"2011-03-11",19.77
"2011-03-14",19.33
"2011-03-15",19.68
"2011-03-16",19.12
"2011-03-17",19.29
"2011-03-18",19.67
"2011-03-21",19.82
"2011-03-22",19.52
"2011-03-23",19.75
"2011-03-24",19.87
"2011-03-25",20.03
"2011-03-28",19.75
"2011-03-29",19.07
"2011-03-30",18.27
"2011-03-31",18.12
"2011-04-01",18.31
"2011-04-04",18.07
"2011-04-05",18.32
"2011-04-06",18.32
"2011-04-07",18.4
"2011-04-08",18.37
"2011-04-11",18.2
"2011-04-12",18.32
"2011-04-13",18.19
"2011-04-14",18.15
"2011-04-15",18.44
"2011-04-18",18.34
"2011-04-19",18.79
"2011-04-20",19.08
"2011-04-21",18.91
"2011-04-25",19.14
"2011-04-26",19.2
"2011-04-27",19.16
"2011-04-28",18.96
"2011-04-29",18.99
"2011-05-02",18.36
"2011-05-03",18.42
"2011-05-04",18.52
"2011-05-05",18.72
"2011-05-06",18.53
"2011-05-09",18.27
"2011-05-10",18.4
"2011-05-11",17.97
"2011-05-12",17.74
"2011-05-13",17.52
"2011-05-16",17.58
"2011-05-17",17.51
"2011-05-18",17.84
"2011-05-19",17.92
"2011-05-20",17.96
"2011-05-23",17.85
"2011-05-24",17.72
"2011-05-25",18.01
"2011-05-26",18.51
"2011-05-27",18.9
"2011-05-31",18.98
"2011-06-01",18.55
"2011-06-02",18.18
"2011-06-03",17.98
"2011-06-06",17.43
"2011-06-07",17.04
"2011-06-08",16.78
"2011-06-09",17.04
"2011-06-10",16.69
"2011-06-13",16.86
"2011-06-14",17.23
"2011-06-15",16.89
"2011-06-16",17.24
"2011-06-17",17.46
"2011-06-20",17.59
"2011-06-21",17.84
"2011-06-22",18.1
"2011-06-23",18.51
"2011-06-24",18.04
"2011-06-27",18.44
"2011-06-28",18.49
"2011-06-29",18.39
"2011-06-30",18.15
"2011-07-01",18.76
"2011-07-05",18.58
"2011-07-06",18.3
"2011-07-07",18.9
"2011-07-08",18.85
"2011-07-11",18.2
"2011-07-12",18.03
"2011-07-13",18.04
"2011-07-14",17.84
"2011-07-15",17.74
"2011-07-18",17.37
"2011-07-19",18.52
"2011-07-20",18.39
"2011-07-21",18.63
"2011-07-22",18.6
"2011-07-25",18.3
"2011-07-26",18.04
"2011-07-27",17.46
"2011-07-28",17.64
"2011-07-29",17.69
"2011-08-01",17.57
"2011-08-02",16.96
"2011-08-03",17.06
"2011-08-04",15.67
"2011-08-05",15.43
"2011-08-08",14.14
"2011-08-09",14.68
"2011-08-10",13.32
"2011-08-11",14.03
"2011-08-12",14.09
"2011-08-15",14.92
"2011-08-16",14.71
"2011-08-17",14.4
"2011-08-18",13.3
"2011-08-19",12.72
"2011-08-22",12.71
"2011-08-23",12.71
"2011-08-24",13.14
"2011-08-25",13.4
"2011-08-26",13.58
"2011-08-29",14.34
"2011-08-30",14.66
"2011-08-31",14.7
"2011-09-01",14.38
"2011-09-02",13.88
"2011-09-06",13.8
"2011-09-07",14.32
"2011-09-08",13.95
"2011-09-09",13.48
"2011-09-12",13.51
"2011-09-13",13.33
"2011-09-14",13.72
"2011-09-15",13.85
"2011-09-16",13.8
"2011-09-19",14.47
"2011-09-20",14.1
"2011-09-21",13.9
"2011-09-22",13.14
"2011-09-23",13.4
"2011-09-26",13.91
"2011-09-27",13.71
"2011-09-28",13.32
"2011-09-29",14.24
"2011-09-30",13.54
"2011-10-03",12.74
"2011-10-04",13.19
"2011-10-05",13.82
"2011-10-06",14.31
"2011-10-07",14.12
"2011-10-10",14.99
"2011-10-11",14.99
"2011-10-12",15.29
"2011-10-13",15.17
"2011-10-14",15.31
"2011-10-17",14.57
"2011-10-18",15.92
"2011-10-19",15.56
"2011-10-20",16.09
"2011-10-21",16.73
"2011-10-24",17.02
"2011-10-25",15.99
"2011-10-26",16.48
"2011-10-27",17.19
"2011-10-28",17.05
"2011-10-31",16.54
"2011-11-01",15.79
"2011-11-02",16.51
"2011-11-03",17.07
"2011-11-04",17.17
"2011-11-07",17.49
"2011-11-08",18.03
"2011-11-09",16.94
"2011-11-10",17.69
"2011-11-11",18.11
"2011-11-14",17.92
"2011-11-15",18.04
"2011-11-16",18.37
"2011-11-17",18.12
"2011-11-18",17.67
"2011-11-21",17.32
"2011-11-22",17.09
"2011-11-23",16.44
"2011-11-25",16.44
"2011-11-28",16.79
"2011-11-29",17.02
"2011-11-30",18.41
"2011-12-01",18.45
"2011-12-02",18.41
"2011-12-05",19.28
"2011-12-06",19.27
"2011-12-07",19.6
"2011-12-08",19.02
"2011-12-09",19.64
"2011-12-12",19.53
"2011-12-13",18.72
"2011-12-14",18.23
"2011-12-15",18.4
"2011-12-16",18.77
"2011-12-19",18.51
"2011-12-20",19.68
"2011-12-21",19.98
"2011-12-22",19.58
"2011-12-23",19.37
"2011-12-27",19.3
"2011-12-28",18.98
"2011-12-29",19.86
"2011-12-30",19.65
"2012-01-03",19.89
"2012-01-04",20.21
"2012-01-05",20.77
"2012-01-06",20.4
"2012-01-09",20.68
"2012-01-10",20.76
"2012-01-11",22.25
"2012-01-12",22.18
"2012-01-13",22.01
"2012-01-17",22.03
"2012-01-18",23.
"2012-01-19",22.65
"2012-01-20",22.06
"2012-01-23",21.75
"2012-01-24",22.37
"2012-01-25",22.8
"2012-01-26",22.13
"2012-01-27",22.28
"2012-01-30",22.14
"2012-01-31",21.49
"2012-02-01",21.83
"2012-02-02",21.74
"2012-02-03",23.34
"2012-02-06",22.69
"2012-02-07",22.76
"2012-02-08",23.37
"2012-02-09",23.74
"2012-02-10",23.35
"2012-02-13",23.96
"2012-02-14",23.8
"2012-02-15",23.56
"2012-02-16",23.41
"2012-02-17",23.36
"2012-02-21",22.53
"2012-02-22",22.09
"2012-02-23",22.66
"2012-02-24",22.38
"2012-02-27",22.94
"2012-02-28",22.51
"2012-02-29",23.38
"2012-03-01",23.38
"2012-03-02",22.95
"2012-03-05",22.86
"2012-03-06",22.36
"2012-03-07",23.62
"2012-03-08",24.69
"2012-03-09",25.45
"2012-03-12",25.54
"2012-03-13",26.69
"2012-03-14",26.37
"2012-03-15",26.89
"2012-03-16",26.57
"2012-03-19",26.55
"2012-03-20",26.43
"2012-03-21",26.62
"2012-03-22",26.12
"2012-03-23",25.86
"2012-03-26",26.4
"2012-03-27",27.63
"2012-03-28",27.67
"2012-03-29",27.21
"2012-03-30",27.18
"2012-04-02",26.57
"2012-04-03",26.77
"2012-04-04",26.64
"2012-04-05",26.25
"2012-04-09",26.42
"2012-04-10",24.5
"2012-04-11",25.75
"2012-04-12",26.5
"2012-04-13",26.11
"2012-04-16",25.79
"2012-04-17",25.83
"2012-04-18",25.55
"2012-04-19",24.86
"2012-04-20",25.77
"2012-04-23",24.72
"2012-04-24",25.27
"2012-04-25",25.9
"2012-04-26",27.38
"2012-04-27",28.41
"2012-04-30",27.74
"2012-05-01",28.26
"2012-05-02",29.02
"2012-05-03",28.45
"2012-05-04",28.12
"2012-05-07",28.37
"2012-05-08",27.91
"2012-05-09",28.94
"2012-05-10",28.1
"2012-05-11",28.45
"2012-05-14",28.37
"2012-05-15",29.16
"2012-05-16",29.27
"2012-05-17",26.89
"2012-05-18",26.18
"2012-05-21",27.01
"2012-05-22",27.61
"2012-05-23",28.41
"2012-05-24",28.26
"2012-05-25",28.2
"2012-05-29",28.75
"2012-05-30",26.82
"2012-05-31",27.29
"2012-06-01",25.02
"2012-06-04",23.68
"2012-06-05",25.27
"2012-06-06",26.29
"2012-06-07",26.04
"2012-06-08",26.55
"2012-06-11",25.34
"2012-06-12",25.58
"2012-06-13",24.66
"2012-06-14",25.55
"2012-06-15",25.9
"2012-06-18",26.97
"2012-06-19",27.03
"2012-06-20",26.91
"2012-06-21",26.09
"2012-06-22",26.37
"2012-06-25",26.58
"2012-06-26",27.39
"2012-06-27",28.7
"2012-06-28",29.36
"2012-06-29",30.91
"2012-07-02",31.1
"2012-07-03",31.05
"2012-07-05",31.5
"2012-07-06",31.81
"2012-07-09",31.47
"2012-07-10",30.51
"2012-07-11",29.98
"2012-07-12",31.06
"2012-07-13",31.02
"2012-07-16",31.39
"2012-07-17",31.15
"2012-07-18",30.38
"2012-07-19",30.32
"2012-07-20",30.84
"2012-07-23",30.84
"2012-07-24",30.26
"2012-07-25",29.04
"2012-07-26",30.19
"2012-07-27",30.34
"2012-07-30",29.56
"2012-07-31",29.21
"2012-08-01",28.97
"2012-08-02",29.59
"2012-08-03",30.09
"2012-08-06",29.7
"2012-08-07",30.37
"2012-08-08",30.71
"2012-08-09",31.49
"2012-08-10",31.2
"2012-08-13",31.23
"2012-08-14",31.28
"2012-08-15",31.33
"2012-08-16",32.41
"2012-08-17",32.74
"2012-08-20",31.88
"2012-08-21",31.18
"2012-08-22",32.35
"2012-08-23",32.03
"2012-08-24",32.63
"2012-08-27",32.01
"2012-08-28",32.27
"2012-08-29",32.22
"2012-08-30",32.1
"2012-08-31",32.43
"2012-09-04",32.86
"2012-09-05",32.88
"2012-09-06",34.08
"2012-09-07",33.93
"2012-09-10",33.19
"2012-09-11",33.08
"2012-09-12",34.52
"2012-09-13",35.12
"2012-09-14",36.47
"2012-09-17",35.94
"2012-09-18",35.59
"2012-09-19",36.26
"2012-09-20",36.6
"2012-09-21",37.51
"2012-09-24",36.96
"2012-09-25",36.26
"2012-09-26",34.64
"2012-09-27",35.26
"2012-09-28",34.77
"2012-10-01",34.65
"2012-10-02",34.99
"2012-10-03",37.41
"2012-10-04",37.51
"2012-10-05",37.92
"2012-10-08",37.61
"2012-10-09",36.84
"2012-10-10",36.78
"2012-10-11",35.72
"2012-10-12",35.76
"2012-10-15",37.05
"2012-10-16",37.32
"2012-10-17",38.13
"2012-10-18",38.68
"2012-10-19",38.73
"2012-10-22",38.18
"2012-10-23",37.75
"2012-10-24",38.2
"2012-10-25",37.51
"2012-10-26",37.02
"2012-10-31",37.47
"2012-11-01",38.29
"2012-11-02",37.31
"2012-11-05",38.62
"2012-11-06",38.89
"2012-11-07",39.05
"2012-11-08",38.41
"2012-11-09",38.11
"2012-11-12",36.38
"2012-11-13",36.21
"2012-11-14",35.01
"2012-11-15",34.9
"2012-11-16",36.13
"2012-11-19",36.81
"2012-11-20",38.1
"2012-11-21",38.32
"2012-11-23",38.68
"2012-11-26",38.54
"2012-11-27",38.72
"2012-11-28",38.38
"2012-11-29",38.23
"2012-11-30",38.04
"2012-12-03",37.81
"2012-12-04",37.78
"2012-12-05",36.42
"2012-12-06",36.29
"2012-12-07",36.69
"2012-12-10",36.6
"2012-12-11",36.41
"2012-12-12",37.87
"2012-12-13",37.2
"2012-12-14",37.31
"2012-12-17",38.8
"2012-12-18",39.71
"2012-12-19",39.27
"2012-12-20",39.29
"2012-12-21",38.46
"2012-12-24",38.28
"2012-12-26",38.01
"2012-12-27",38.08
"2012-12-28",37.62
"2012-12-31",38.67
"2013-01-02",39.88
"2013-01-03",39.91
"2013-01-04",40.23
"2013-01-07",41.22
"2013-01-08",41.17
"2013-01-09",41.71
"2013-01-10",41.02
"2013-01-11",40.95
"2013-01-14",41.02
"2013-01-15",40.68
"2013-01-16",40.52
"2013-01-17",41.94
"2013-01-18",42.08
"2013-01-22",42.07
"2013-01-23",42.61
"2013-01-24",42.3
"2013-01-25",43.07
"2013-01-28",41.91
"2013-01-29",42.68
"2013-01-30",41.6
"2013-01-31",41.54
"2013-02-01",41.07
"2013-02-04",40.55
"2013-02-05",40.97
"2013-02-06",40.7
"2013-02-07",40.12
"2013-02-08",39.96
"2013-02-11",39.27
"2013-02-12",40.87
"2013-02-13",40.83
"2013-02-14",40.64
"2013-02-15",40.2
"2013-02-19",39.91
"2013-02-20",37.18
"2013-02-21",37.69
"2013-02-22",37.88
"2013-02-25",36.66
"2013-02-26",38.01
"2013-02-27",38.94
"2013-02-28",38.59
"2013-03-01",38.84
"2013-03-04",39.86
"2013-03-05",40.69
"2013-03-06",41.25
"2013-03-07",41.42
"2013-03-08",41.72
"2013-03-11",41.81
"2013-03-12",40.99
"2013-03-13",41.18
"2013-03-14",41.94
"2013-03-15",41.77
"2013-03-18",41.58
"2013-03-19",41.42
"2013-03-20",43.4
"2013-03-21",42.39
"2013-03-22",42.12
"2013-03-25",41.56
"2013-03-26",41.72
"2013-03-27",41.79
"2013-03-28",41.48
"2013-04-01",40.61
"2013-04-02",40.03
"2013-04-03",38.93
"2013-04-04",38.79
"2013-04-05",39.34
"2013-04-08",40.44
"2013-04-09",39.74
"2013-04-10",39.51
"2013-04-11",39.06
"2013-04-12",40.48
"2013-04-15",37.78
"2013-04-16",38.7
"2013-04-17",38.29
"2013-04-18",37.23
"2013-04-19",38.17
"2013-04-22",38.79
"2013-04-23",41.45
"2013-04-24",41.41
"2013-04-25",41.93
"2013-04-26",42.3
"2013-04-29",41.42
"2013-04-30",41.22
"2013-05-01",40.37
"2013-05-02",41.92
"2013-05-03",42.11
"2013-05-06",42.12
"2013-05-07",42.2
"2013-05-08",42.25
"2013-05-09",42.4
"2013-05-10",42.68
"2013-05-13",43.24
"2013-05-14",43.88
"2013-05-15",43.7
"2013-05-16",42.94
"2013-05-17",43.82
"2013-05-20",43.22
"2013-05-21",42.47
"2013-05-22",42.29
"2013-05-23",43.4
"2013-05-24",42.79
"2013-05-28",42.21
"2013-05-29",40.36
"2013-05-30",40.14
"2013-05-31",39.32
"2013-06-03",39.23
"2013-06-04",38.04
"2013-06-05",37.45
"2013-06-06",38.55
"2013-06-07",38.6
"2013-06-10",37.31
"2013-06-11",36.62
"2013-06-12",36.72
"2013-06-13",38.73
"2013-06-14",39.03
"2013-06-17",39.32
"2013-06-18",39.32
"2013-06-19",37.85
"2013-06-20",34.94
"2013-06-21",35.25
"2013-06-24",34.99
"2013-06-25",35.23
"2013-06-26",36.01
"2013-06-27",37.38
"2013-06-28",36.04
"2013-07-01",35.47
"2013-07-02",34.99
"2013-07-03",35.35
"2013-07-05",33.93
"2013-07-08",33.05
"2013-07-09",35.01
"2013-07-10",34.56
"2013-07-11",37.44
"2013-07-12",37.05
"2013-07-15",35.55
"2013-07-16",35.48
"2013-07-17",35.65
"2013-07-18",35.17
"2013-07-19",35.53
"2013-07-22",34.8
"2013-07-23",35.27
"2013-07-24",33.92
"2013-07-25",33.37
"2013-07-26",33.56
"2013-07-29",33.32
"2013-07-30",33.12
"2013-07-31",33.87
"2013-08-01",34.
"2013-08-02",34.71
"2013-08-05",34.
"2013-08-06",33.3
"2013-08-07",32.25
"2013-08-08",32.34
"2013-08-09",32.93
"2013-08-12",33.03
"2013-08-13",32.16
"2013-08-14",31.66
"2013-08-15",33.28
"2013-08-16",33.88
"2013-08-19",32.39
"2013-08-20",33.41
"2013-08-21",33.01
"2013-08-22",33.56
"2013-08-23",32.6
"2013-08-26",32.8
"2013-08-27",32.27
"2013-08-28",31.62
"2013-08-29",32.62
"2013-08-30",31.81
"2013-09-03",31.59
"2013-09-04",31.82
"2013-09-05",31.53
"2013-09-06",32.25
"2013-09-09",33.99
"2013-09-10",33.48
"2013-09-11",34.61
"2013-09-12",34.9
"2013-09-13",34.48
"2013-09-16",34.77
"2013-09-17",35.04
"2013-09-18",37.33
"2013-09-19",36.27
"2013-09-20",35.15
"2013-09-23",34.54
"2013-09-24",36.01
"2013-09-25",36.39
"2013-09-26",36.49
"2013-09-27",35.86
"2013-09-30",35.4
"2013-10-01",35.72
"2013-10-02",36.1
"2013-10-03",35.72
"2013-10-04",34.69
"2013-10-07",34.7
"2013-10-08",33.73
"2013-10-09",33.38
"2013-10-10",33.8
"2013-10-11",34.82
"2013-10-14",34.31
"2013-10-15",33.34
"2013-10-16",33.86
"2013-10-17",35.36
"2013-10-18",35.04
"2013-10-21",34.71
"2013-10-22",36.17
"2013-10-23",36.55
"2013-10-24",37.21
"2013-10-25",36.99
"2013-10-28",36.83
"2013-10-29",37.38
"2013-10-30",36.64
"2013-10-31",35.55
"2013-11-01",34.98
"2013-11-04",35.13
"2013-11-05",34.31
"2013-11-06",34.52
"2013-11-07",34.24
"2013-11-08",32.79
"2013-11-11",32.58
"2013-11-12",32.91
"2013-11-13",33.33
"2013-11-14",34.22
"2013-11-15",34.17
"2013-11-18",34.52
"2013-11-19",34.21
"2013-11-20",34.55
"2013-11-21",34.92
"2013-11-22",34.55
"2013-11-25",34.31
"2013-11-26",36.05
"2013-11-27",35.95
"2013-11-29",35.76
"2013-12-02",35.18
"2013-12-03",35.31
"2013-12-04",34.52
"2013-12-05",34.22
"2013-12-06",34.54
"2013-12-09",35.24
"2013-12-10",35.75
"2013-12-11",35.03
"2013-12-12",34.89
"2013-12-13",35.
"2013-12-16",35.
"2013-12-17",35.2
"2013-12-18",37.43
"2013-12-19",37.04
"2013-12-20",37.38
"2013-12-23",38.75
"2013-12-24",38.97
"2013-12-26",39.26
"2013-12-27",39.55
"2013-12-30",39.75
"2013-12-31",39.56
"2014-01-02",39.42
"2014-01-03",38.85
"2014-01-06",38.19
"2014-01-07",38.36
"2014-01-08",38.61
"2014-01-09",38.42
"2014-01-10",39.19
"2014-01-13",38.18
"2014-01-14",38.23
"2014-01-15",38.08
"2014-01-16",38.43
"2014-01-17",37.48
"2014-01-21",37.27
"2014-01-22",37.81
"2014-01-23",38.2
"2014-01-24",37.03
"2014-01-27",36.91
"2014-01-28",38.52
"2014-01-29",39.
"2014-01-30",38.85
"2014-01-31",40.16
"2014-02-03",39.22
"2014-02-04",39.85
"2014-02-05",39.58
"2014-02-06",41.71
"2014-02-07",41.77
"2014-02-10",40.89
"2014-02-11",40.59
"2014-02-12",40.13
"2014-02-13",41.
"2014-02-14",41.48
"2014-02-18",41.14
"2014-02-19",40.94
"2014-02-20",41.29
"2014-02-21",41.85
"2014-02-24",41.82
"2014-02-25",42.26
"2014-02-26",43.78
"2014-02-27",44.33
"2014-02-28",43.88
"2014-03-03",43.84
"2014-03-04",43.72
"2014-03-05",43.15
"2014-03-06",42.9
"2014-03-07",42.06
"2014-03-10",41.04
"2014-03-11",41.14
"2014-03-12",41.46
"2014-03-13",40.35
"2014-03-14",40.02
"2014-03-17",40.06
"2014-03-18",40.6
"2014-03-19",41.34
"2014-03-20",40.32
"2014-03-21",39.57
"2014-03-24",39.18
"2014-03-25",39.12
"2014-03-26",38.67
"2014-03-27",38.99
"2014-03-28",39.58
"2014-03-31",39.62
"2014-04-01",40.4
"2014-04-02",40.48
"2014-04-03",40.54
"2014-04-04",40.48
"2014-04-07",39.19
"2014-04-08",39.59
"2014-04-09",39.62
"2014-04-10",39.18
"2014-04-11",38.73
"2014-04-14",38.95
"2014-04-15",38.79
"2014-04-16",38.77
"2014-04-17",38.22
"2014-04-21",38.03
"2014-04-22",38.43
"2014-04-23",38.19
"2014-04-24",39.51
"2014-04-25",38.61
"2014-04-28",38.86
"2014-04-29",38.74
"2014-04-30",38.59
"2014-05-01",39.37
"2014-05-02",39.88
"2014-05-05",39.21
"2014-05-06",38.6
"2014-05-07",38.56
"2014-05-08",38.39
"2014-05-09",38.4
"2014-05-12",39.23
"2014-05-13",39.78
"2014-05-14",38.59
"2014-05-15",38.49
"2014-05-16",38.53
"2014-05-19",38.34
"2014-05-20",38.02
"2014-05-21",38.28
"2014-05-22",38.99
"2014-05-23",40.54
"2014-05-27",40.47
"2014-05-28",40.37
"2014-05-29",40.87
"2014-05-30",40.9
"2014-06-02",40.84
"2014-06-03",40.81
"2014-06-04",40.56
"2014-06-05",40.99
"2014-06-06",41.68
"2014-06-09",41.84
"2014-06-10",41.67
"2014-06-11",40.94
"2014-06-12",40.51
"2014-06-13",40.18
"2014-06-16",40.78
"2014-06-17",41.3
"2014-06-18",41.42
"2014-06-19",41.16
"2014-06-20",40.68
"2014-06-23",40.5
"2014-06-24",41.05
"2014-06-25",41.52
"2014-06-26",41.32
"2014-06-27",41.59
"2014-06-30",41.98
"2014-07-01",42.55
"2014-07-02",41.93
"2014-07-03",41.93
"2014-07-07",41.08
"2014-07-08",40.86
"2014-07-09",40.97
"2014-07-10",40.65
"2014-07-11",40.27
"2014-07-14",40.05
"2014-07-15",39.89
"2014-07-16",40.69
"2014-07-17",39.32
"2014-07-18",39.43
"2014-07-21",39.34
"2014-07-22",39.86
"2014-07-23",40.51
"2014-07-24",39.27
"2014-07-25",38.43
"2014-07-28",37.64
"2014-07-29",37.47
"2014-07-30",37.03
"2014-07-31",36.23
"2014-08-01",36.16
"2014-08-04",36.49
"2014-08-05",36.19
"2014-08-06",35.93
"2014-08-07",35.96
"2014-08-08",36.64
"2014-08-11",36.54
"2014-08-12",36.55
"2014-08-13",36.56
"2014-08-14",37.17
"2014-08-15",36.94
"2014-08-18",37.55
"2014-08-19",38.8
"2014-08-20",39.
"2014-08-21",39.02
"2014-08-22",39.17
"2014-08-25",38.95
"2014-08-26",38.87
"2014-08-27",38.91
"2014-08-28",38.95
"2014-08-29",39.18
"2014-09-02",39.1
"2014-09-03",38.26
"2014-09-04",38.71
"2014-09-05",38.88
"2014-09-08",39.05
"2014-09-09",39.11
"2014-09-10",39.4
"2014-09-11",39.61
"2014-09-12",39.06
"2014-09-15",39.23
"2014-09-16",39.13
"2014-09-17",41.4
"2014-09-18",41.38
"2014-09-19",41.03
"2014-09-22",39.88
"2014-09-23",40.05
"2014-09-24",39.96
"2014-09-25",39.44
"2014-09-26",39.74
"2014-09-29",39.41
"2014-09-30",38.83
"2014-10-01",38.55
"2014-10-02",39.01
"2014-10-03",39.85
"2014-10-06",40.36
"2014-10-07",39.85
"2014-10-08",40.87
"2014-10-09",39.82
"2014-10-10",38.45
"2014-10-13",37.62
"2014-10-14",38.37
"2014-10-15",39.74
"2014-10-16",39.68
"2014-10-17",41.46
"2014-10-20",42.95
"2014-10-21",42.96
"2014-10-22",42.8
"2014-10-23",43.31
"2014-10-24",43.76
"2014-10-27",43.78
"2014-10-28",43.92
"2014-10-29",43.42
"2014-10-30",43.35
"2014-10-31",43.08
"2014-11-03",43.32
"2014-11-04",42.7
"2014-11-05",42.73
"2014-11-06",43.92
"2014-11-07",44.54
"2014-11-10",45.29
"2014-11-11",46.39
"2014-11-12",45.56
"2014-11-13",45.66
"2014-11-14",45.64
"2014-11-17",45.64
"2014-11-18",45.69
"2014-11-19",45.75
"2014-11-20",46.97
"2014-11-21",47.29
"2014-11-24",47.51
"2014-11-25",47.01
"2014-11-26",46.86
"2014-11-28",47.24
"2014-12-01",46.27
"2014-12-02",46.66
"2014-12-03",46.29
"2014-12-04",45.77
"2014-12-05",45.55
"2014-12-08",45.51
"2014-12-09",45.82
"2014-12-10",43.41
"2014-12-11",43.32
"2014-12-12",42.31
"2014-12-15",41.68
"2014-12-16",41.32
"2014-12-17",43.11
"2014-12-18",43.68
"2014-12-19",43.67
"2014-12-22",43.76
"2014-12-23",43.38
"2014-12-24",43.37
"2014-12-26",43.76
"2014-12-29",44.27
"2014-12-30",44.44
"2014-12-31",44.81
"2015-01-02",44.29
"2015-01-05",43.95
"2015-01-06",43.58
"2015-01-07",45.73
"2015-01-08",46.86
"2015-01-09",46.79
"2015-01-12",47.07
"2015-01-13",46.28
"2015-01-14",45.76
"2015-01-15",42.48
"2015-01-16",43.2
"2015-01-20",42.33
"2015-01-21",43.27
"2015-01-22",43.83
"2015-01-23",43.73
"2015-01-26",44.89
"2015-01-27",44.94
"2015-01-28",44.66
"2015-01-29",46.21
"2015-01-30",44.91
"2015-02-02",44.64
"2015-02-03",45.43
"2015-02-04",46.47
"2015-02-05",46.45
"2015-02-06",48.02
"2015-02-09",48.44
"2015-02-10",49.38
"2015-02-11",49.17
"2015-02-12",50.26
"2015-02-13",49.98
"2015-02-17",50.41
"2015-02-18",50.14
"2015-02-19",50.24
"2015-02-20",50.32
"2015-02-23",49.8
"2015-02-24",51.21
"2015-02-25",50.68
"2015-02-26",50.09
"2015-02-27",50.21
"2015-03-02",50.04
"2015-03-03",49.45
"2015-03-04",50.05
"2015-03-05",50.12
"2015-03-06",48.62
"2015-03-09",48.72
"2015-03-10",48.28
"2015-03-11",48.2
"2015-03-12",49.56
"2015-03-13",49.2
"2015-03-16",49.31
"2015-03-17",48.86
"2015-03-18",49.72
"2015-03-19",49.65
"2015-03-20",50.26
"2015-03-23",49.54
"2015-03-24",50.44
"2015-03-25",49.68
"2015-03-26",49.42
"2015-03-27",50.43
"2015-03-30",51.49
"2015-03-31",51.81
"2015-04-01",51.85
"2015-04-02",53.19
"2015-04-06",52.06
"2015-04-07",50.74
"2015-04-08",51.26
"2015-04-09",50.49
"2015-04-10",50.5
"2015-04-13",50.41
"2015-04-14",50.97
"2015-04-15",51.44
"2015-04-16",50.15
"2015-04-17",48.58
"2015-04-20",48.23
"2015-04-21",49.14
"2015-04-22",48.41
"2015-04-23",46.72
"2015-04-24",47.19
"2015-04-27",46.37
"2015-04-28",46.51
"2015-04-29",46.21
"2015-04-30",45.8
"2015-05-01",46.82
"2015-05-04",46.39
"2015-05-05",45.32
"2015-05-06",45.29
"2015-05-07",46.47
"2015-05-08",47.49
"2015-05-11",46.7
"2015-05-12",46.69
"2015-05-13",46.63
"2015-05-14",47.28
"2015-05-15",47.6
"2015-05-18",48.44
"2015-05-19",48.67
"2015-05-20",48.75
"2015-05-21",48.41
"2015-05-22",48.53
"2015-05-26",47.4
"2015-05-27",47.18
"2015-05-28",47.52
"2015-05-29",46.63
"2015-06-01",47.03
"2015-06-02",47.05
"2015-06-03",47.28
"2015-06-04",46.42
"2015-06-05",46.71
"2015-06-08",46.24
"2015-06-09",46.33
"2015-06-10",47.17
"2015-06-11",47.2
"2015-06-12",47.47
"2015-06-15",47.81
"2015-06-16",47.56
"2015-06-17",47.
"2015-06-18",47.31
"2015-06-19",48.64
"2015-06-22",49.5
"2015-06-23",49.
"2015-06-24",51.06
"2015-06-25",51.44
"2015-06-26",51.98
"2015-06-29",50.83
"2015-06-30",51.04
"2015-07-01",51.09
"2015-07-02",51.2
"2015-07-06",50.93
"2015-07-07",52.77
"2015-07-08",52.39
"2015-07-09",52.72
"2015-07-10",53.3
"2015-07-13",53.41
"2015-07-14",53.73
"2015-07-15",53.35
"2015-07-16",52.88
"2015-07-17",52.44
"2015-07-20",51.75
"2015-07-21",51.99
"2015-07-22",53.19
"2015-07-23",52.46
"2015-07-24",50.57
"2015-07-27",50.56
"2015-07-28",51.
"2015-07-29",51.61
"2015-07-30",52.18
"2015-07-31",53.04
"2015-08-03",52.52
"2015-08-04",51.3
"2015-08-05",50.39
"2015-08-06",50.05
"2015-08-07",49.92
"2015-08-10",50.97
"2015-08-11",51.45
"2015-08-12",51.73
"2015-08-13",52.43
"2015-08-14",52.54
"2015-08-17",53.94
"2015-08-18",55.59
"2015-08-19",54.99
"2015-08-20",54.33
"2015-08-21",53.45
"2015-08-24",50.08
"2015-08-25",48.18
"2015-08-26",49.7
"2015-08-27",51.31
"2015-08-28",50.43
"2015-08-31",50.9
"2015-09-01",49.43
"2015-09-02",51.01
"2015-09-03",51.64
"2015-09-04",50.41
"2015-09-08",52.33
"2015-09-09",51.65
"2015-09-10",51.22
"2015-09-11",52.24
"2015-09-14",52.35
"2015-09-15",52.36
"2015-09-16",52.3
"2015-09-17",52.98
"2015-09-18",51.75
"2015-09-21",51.59
"2015-09-22",49.45
"2015-09-23",49.8
"2015-09-24",50.12
"2015-09-25",50.46
"2015-09-28",47.6
"2015-09-29",47.
"2015-09-30",48.13
"2015-10-01",48.83
"2015-10-02",49.08
"2015-10-05",50.41
"2015-10-06",49.08
"2015-10-07",50.49
"2015-10-08",51.07
"2015-10-09",51.33
"2015-10-12",51.19
"2015-10-13",50.8
"2015-10-14",49.11
"2015-10-15",49.79
"2015-10-16",50.06
"2015-10-19",50.47
"2015-10-20",51.82
"2015-10-21",52.09
"2015-10-22",51.84
"2015-10-23",52.12
"2015-10-26",51.64
"2015-10-27",50.54
"2015-10-28",51.19
"2015-10-29",49.26
"2015-10-30",50.07
"2015-11-02",50.34
"2015-11-03",50.4
"2015-11-04",49.98
"2015-11-05",49.07
"2015-11-06",48.52
"2015-11-09",47.8
"2015-11-10",49.4
"2015-11-11",50.04
"2015-11-12",48.7
"2015-11-13",48.35
"2015-11-16",49.62
"2015-11-17",49.53
"2015-11-18",50.55
"2015-11-19",50.59
"2015-11-20",50.99
"2015-11-23",51.03
"2015-11-24",51.64
"2015-11-25",51.93
"2015-11-27",51.96
"2015-11-30",51.21
"2015-12-01",52.31
"2015-12-02",51.3
"2015-12-03",50.09
"2015-12-04",51.39
"2015-12-07",51.47
"2015-12-08",50.1
"2015-12-09",49.28
"2015-12-10",49.78
"2015-12-11",48.91
"2015-12-14",48.61
"2015-12-15",49.22
"2015-12-16",50.49
"2015-12-17",48.68
"2015-12-18",47.49
"2015-12-21",48.05
"2015-12-22",49.
"2015-12-23",48.82
"2015-12-24",48.88
"2015-12-28",49.17
"2015-12-29",49.6
"2015-12-30",49.36
"2015-12-31",48.91
"2016-01-04",46.71
"2016-01-05",46.79
"2016-01-06",45.4
"2016-01-07",43.43
"2016-01-08",42.11
"2016-01-11",42.4
"2016-01-12",43.08
"2016-01-13",41.5
"2016-01-14",41.05
"2016-01-15",40.91
"2016-01-19",40.98
"2016-01-20",40.67
"2016-01-21",41.19
"2016-01-22",42.21
"2016-01-25",40.6
"2016-01-26",42.49
"2016-01-27",41.82
"2016-01-28",41.28
"2016-01-29",42.15
"2016-02-01",41.62
"2016-02-02",40.19
"2016-02-03",40.36
"2016-02-04",40.52
"2016-02-05",39.53
"2016-02-08",38.44
"2016-02-09",38.42
"2016-02-10",38.99
"2016-02-11",37.8
"2016-02-12",39.7
"2016-02-16",40.3
"2016-02-17",40.52
"2016-02-18",40.
"2016-02-19",39.97
"2016-02-22",40.84
"2016-02-23",41.04
"2016-02-24",41.1
"2016-02-25",42.24
"2016-02-26",42.24
"2016-02-29",41.94
"2016-03-01",43.63
"2016-03-02",44.77
"2016-03-03",45.64
"2016-03-04",45.38
"2016-03-07",45.72
"2016-03-08",44.53
"2016-03-09",45.21
"2016-03-10",44.86
"2016-03-11",46.22
"2016-03-14",45.76
"2016-03-15",45.47
"2016-03-16",46.47
"2016-03-17",47.23
"2016-03-18",47.66
"2016-03-21",47.28
"2016-03-22",47.05
"2016-03-23",46.2
"2016-03-24",46.35
"2016-03-28",46.7
"2016-03-29",48.18
"2016-03-30",47.81
"2016-03-31",48.36
"2016-04-01",47.45
"2016-04-04",46.85
"2016-04-05",46.79
"2016-04-06",47.67
"2016-04-07",47.64
"2016-04-08",47.59
"2016-04-11",47.41
"2016-04-12",47.63
"2016-04-13",48.66
"2016-04-14",48.31
"2016-04-15",47.92
"2016-04-18",47.77
"2016-04-19",47.32
"2016-04-20",47.8
"2016-04-21",48.15
"2016-04-22",47.33
"2016-04-25",47.2
"2016-04-26",47.48
"2016-04-27",47.7
"2016-04-28",45.8
"2016-04-29",45.31
"2016-05-02",45.81
"2016-05-03",44.72
"2016-05-04",44.44
"2016-05-05",44.01
"2016-05-06",43.85
"2016-05-09",43.89
"2016-05-10",44.47
"2016-05-11",44.12
"2016-05-12",43.7
"2016-05-13",43.59
"2016-05-16",43.79
"2016-05-17",43.85
"2016-05-18",43.69
"2016-05-19",43.49
"2016-05-20",44.31
"2016-05-23",43.99
"2016-05-24",45.69
"2016-05-25",45.65
"2016-05-26",45.46
"2016-05-27",45.74
"2016-05-31",45.57
"2016-06-01",45.81
"2016-06-02",45.78
"2016-06-03",45.71
"2016-06-06",45.81
"2016-06-07",46.96
"2016-06-08",47.76
"2016-06-09",47.66
"2016-06-10",46.92
"2016-06-13",46.08
"2016-06-14",45.58
"2016-06-15",45.81
"2016-06-16",45.64
"2016-06-17",46.2
"2016-06-20",46.66
"2016-06-21",46.14
"2016-06-22",45.97
"2016-06-23",46.58
"2016-06-24",44.73
"2016-06-27",43.74
"2016-06-28",45.03
"2016-06-29",45.82
"2016-06-30",46.1
"2016-07-01",46.42
"2016-07-05",46.34
"2016-07-06",47.02
"2016-07-07",47.49
"2016-07-08",49.16
"2016-07-11",48.75
"2016-07-12",48.78
"2016-07-13",48.71
"2016-07-14",48.77
"2016-07-15",48.65
"2016-07-18",48.89
"2016-07-19",48.65
"2016-07-20",48.95
"2016-07-21",48.85
"2016-07-22",48.69
"2016-07-25",49.15
"2016-07-26",49.1
"2016-07-27",48.61
"2016-07-28",48.28
"2016-07-29",46.8
"2016-08-01",46.75
"2016-08-02",45.53
"2016-08-03",45.74
"2016-08-04",45.81
"2016-08-05",46.8
"2016-08-08",46.62
"2016-08-09",46.83
"2016-08-10",46.8
"2016-08-11",47.16
"2016-08-12",46.75
"2016-08-15",47.3
"2016-08-16",47.12
"2016-08-17",46.77
"2016-08-18",46.88
"2016-08-19",46.5
"2016-08-22",46.56
"2016-08-23",47.94
"2016-08-24",47.35
"2016-08-25",47.19
"2016-08-26",46.32
"2016-08-29",46.82
"2016-08-30",47.33
"2016-08-31",47.3
"2016-09-01",46.71
"2016-09-02",46.56
"2016-09-06",46.63
"2016-09-07",47.33
"2016-09-08",46.87
"2016-09-09",45.18
"2016-09-12",45.87
"2016-09-13",44.71
"2016-09-14",44.74
"2016-09-15",45.01
"2016-09-16",44.34
"2016-09-19",45.09
"2016-09-20",43.5
"2016-09-21",43.45
"2016-09-22",43.6
"2016-09-23",43.11
"2016-09-26",42.95
"2016-09-27",42.72
"2016-09-28",43.2
"2016-09-29",42.19
"2016-09-30",42.34
"2016-10-03",42.1
"2016-10-04",41.54
"2016-10-05",41.84
"2016-10-06",42.13
"2016-10-07",41.54
"2016-10-10",41.72
"2016-10-11",41.58
"2016-10-12",41.79
"2016-10-13",40.96
"2016-10-14",41.36
"2016-10-17",41.61
"2016-10-18",41.91
"2016-10-19",41.97
"2016-10-20",41.4
"2016-10-21",41.22
"2016-10-24",41.74
"2016-10-25",41.21
"2016-10-26",41.23
"2016-10-27",40.34
"2016-10-28",41.34
"2016-10-31",41.69
"2016-11-01",41.26
"2016-11-02",40.86
"2016-11-03",40.75
"2016-11-04",41.4
"2016-11-07",41.94
"2016-11-08",41.43
"2016-11-09",41.1
"2016-11-10",41.84
"2016-11-11",41.25
"2016-11-14",42.33
"2016-11-15",42.24
"2016-11-16",42.08
"2016-11-17",43.21
"2016-11-18",43.47
"2016-11-21",43.93
"2016-11-22",43.53
"2016-11-23",43.87
"2016-11-25",44.28
"2016-11-28",43.71
"2016-11-29",44.24
"2016-11-30",42.54
"2016-12-01",42.02
"2016-12-02",42.01
"2016-12-05",42.42
"2016-12-06",43.42
"2016-12-07",44.67
"2016-12-08",45.67
"2016-12-09",44.83
"2016-12-12",45.15
"2016-12-13",45.27
"2016-12-14",44.
"2016-12-15",43.34
"2016-12-16",43.42
"2016-12-19",43.4
"2016-12-20",43.
"2016-12-21",43.47
"2016-12-22",42.92
"2016-12-23",42.56
"2016-12-27",43.36
"2016-12-28",43.16
"2016-12-29",42.9
"2016-12-30",42.93
"2017-01-03",42.92
"2017-01-04",43.98
"2017-01-05",44.42
"2017-01-06",43.69
"2017-01-09",43.55
"2017-01-10",43.73
"2017-01-11",44.03
"2017-01-12",44.43
"2017-01-13",44.46
"2017-01-17",44.4
"2017-01-18",44.3
"2017-01-19",43.73
"2017-01-20",43.85
"2017-01-23",43.75
"2017-01-24",46.37
"2017-01-25",46.93
"2017-01-26",46.7
"2017-01-27",45.79
"2017-01-30",45.46
"2017-01-31",44.65
"2017-02-01",44.89
"2017-02-02",44.81
"2017-02-03",45.14
"2017-02-06",44.77
"2017-02-07",44.62
"2017-02-08",45.19
"2017-02-09",45.19
"2017-02-10",46.81
"2017-02-13",46.7
"2017-02-14",46.21
"2017-02-15",46.9
"2017-02-16",46.18
"2017-02-17",46.46
"2017-02-21",47.02
"2017-02-22",47.31
"2017-02-23",47.15
"2017-02-24",47.43
"2017-02-27",48.37
"2017-02-28",48.79
"2017-03-01",50.01
"2017-03-02",49.74
"2017-03-03",49.9
"2017-03-06",49.97
"2017-03-07",50.71
"2017-03-08",52.25
"2017-03-09",51.93
"2017-03-10",52.72
"2017-03-13",51.92
"2017-03-14",51.6
"2017-03-15",52.13
"2017-03-16",52.97
"2017-03-17",52.83
"2017-03-20",52.68
"2017-03-21",51.27
"2017-03-22",50.71
"2017-03-23",50.86
"2017-03-24",51.04
"2017-03-27",50.98
"2017-03-28",51.36
"2017-03-29",51.5
"2017-03-30",51.3
"2017-03-31",51.19
"2017-04-03",50.91
"2017-04-04",50.64
"2017-04-05",50.64
"2017-04-06",50.91
"2017-04-07",50.68
"2017-04-10",51.48
"2017-04-11",51.92
"2017-04-12",51.29
"2017-04-13",51.79
"2017-04-17",52.35
"2017-04-18",52.43
"2017-04-19",52.6
"2017-04-20",51.89
"2017-04-21",52.01
"2017-04-24",51.57
"2017-04-25",50.7
"2017-04-26",50.97
"2017-04-27",51.11
"2017-04-28",50.5
"2017-05-01",50.29
"2017-05-02",50.18
"2017-05-03",49.73
"2017-05-04",49.78
"2017-05-05",49.79
"2017-05-08",49.85
"2017-05-09",50.66
"2017-05-10",50.57
"2017-05-11",50.99
"2017-05-12",50.39
"2017-05-15",51.03
"2017-05-16",51.43
"2017-05-17",50.27
"2017-05-18",51.1
"2017-05-19",52.15
"2017-05-22",52.45
"2017-05-23",51.63
"2017-05-24",51.98
"2017-05-25",51.73
"2017-05-26",51.53
"2017-05-30",51.49
"2017-05-31",51.31
"2017-06-01",51.93
"2017-06-02",52.73
"2017-06-05",52.43
"2017-06-06",52.21
"2017-06-07",52.41
"2017-06-08",52.14
"2017-06-09",52.
"2017-06-12",52.69
"2017-06-13",53.65
"2017-06-14",53.93
"2017-06-15",53.1
"2017-06-16",52.93
"2017-06-19",52.74
"2017-06-20",53.87
"2017-06-21",53.25
"2017-06-22",52.41
"2017-06-23",52.12
"2017-06-26",52.46
"2017-06-27",52.09
"2017-06-28",52.86
"2017-06-29",52.7
"2017-06-30",53.32
"2017-07-03",52.56
"2017-07-05",52.4
"2017-07-06",51.87
"2017-07-07",53.48
"2017-07-10",54.6
"2017-07-11",53.74
"2017-07-12",53.75
"2017-07-13",53.8
"2017-07-14",54.03
"2017-07-17",53.61
"2017-07-18",52.95
"2017-07-19",53.3
"2017-07-20",53.26
"2017-07-21",53.33
"2017-07-24",52.88
"2017-07-25",53.19
"2017-07-26",52.75
"2017-07-27",53.03
"2017-07-28",52.43
"2017-07-31",52.44
"2017-08-01",53.38
"2017-08-02",53.87
"2017-08-03",53.87
"2017-08-04",54.25
"2017-08-07",54.29
"2017-08-08",54.43
"2017-08-09",54.16
"2017-08-10",53.16
"2017-08-11",53.25
"2017-08-14",53.89
"2017-08-15",54.07
"2017-08-16",54.09
"2017-08-17",52.88
"2017-08-18",51.88
"2017-08-21",52.11
"2017-08-22",51.93
"2017-08-23",51.59
"2017-08-24",51.19
"2017-08-25",51.61
"2017-08-28",50.92
"2017-08-29",50.49
"2017-08-30",50.71
"2017-08-31",51.76
"2017-09-01",51.76
"2017-09-05",51.04
"2017-09-06",50.05
"2017-09-07",49.87
"2017-09-08",50.54
"2017-09-11",51.74
"2017-09-12",52.16
"2017-09-13",51.21
"2017-09-14",50.89
"2017-09-15",51.31
"2017-09-18",51.7
"2017-09-19",51.81
"2017-09-20",50.46
"2017-09-21",50.49
"2017-09-22",50.28
"2017-09-25",50.53
"2017-09-26",51.18
"2017-09-27",51.32
"2017-09-28",52.23
"2017-09-29",52.8
"2017-10-02",52.82
"2017-10-03",55.35
"2017-10-04",56.41
"2017-10-05",56.07
"2017-10-06",55.89
"2017-10-09",56.2
"2017-10-10",56.24
"2017-10-11",56.58
"2017-10-12",56.05
"2017-10-13",56.02
"2017-10-16",55.86
"2017-10-17",55.97
"2017-10-18",56.27
"2017-10-19",56.75
"2017-10-20",57.5
"2017-10-23",57.3
"2017-10-24",58.01
"2017-10-25",57.94
"2017-10-26",58.46
"2017-10-27",58.01
"2017-10-30",55.68
"2017-10-31",55.67
"2017-11-01",56.96
"2017-11-02",55.1
"2017-11-03",54.62
"2017-11-06",56.14
"2017-11-07",56.48
"2017-11-08",58.56
"2017-11-09",58.93
"2017-11-10",58.71
"2017-11-13",58.22
"2017-11-14",58.56
"2017-11-15",58.02
"2017-11-16",58.09
"2017-11-17",58.89
"2017-11-20",59.12
"2017-11-21",60.53
"2017-11-22",60.61
"2017-11-24",61.02
"2017-11-27",60.75
"2017-11-28",61.54
"2017-11-29",62.18
"2017-11-30",62.78
"2017-12-01",62.56
"2017-12-04",62.98
"2017-12-05",62.03
"2017-12-06",60.91
"2017-12-07",61.71
"2017-12-08",62.18
"2017-12-11",61.68
"2017-12-12",61.43
"2017-12-13",61.11
"2017-12-14",61.14
"2017-12-15",61.4
"2017-12-18",62.36
"2017-12-19",61.88
"2017-12-20",62.56
"2017-12-21",63.75
"2017-12-22",64.
"2017-12-26",63.89
"2017-12-27",63.92
"2017-12-28",63.82
"2017-12-29",63.24
"2018-01-02",64.84
"2018-01-03",67.23
"2018-01-04",66.95
"2018-01-05",67.58
"2018-01-08",67.23
"2018-01-09",66.67
"2018-01-10",68.26
"2018-01-11",69.57
"2018-01-12",69.26
"2018-01-16",68.78
"2018-01-17",70.71
"2018-01-18",70.54
"2018-01-19",71.82
"2018-01-22",71.73
"2018-01-23",70.93
"2018-01-24",70.86
"2018-01-25",68.47
"2018-01-26",67.82
"2018-01-29",65.02
"2018-01-30",63.87
"2018-01-31",62.66
"2018-02-01",62.84
"2018-02-02",60.02
"2018-02-05",57.7
"2018-02-06",60.44
"2018-02-07",60.91
"2018-02-08",59.11
"2018-02-09",58.69
"2018-02-12",59.34
"2018-02-13",59.96
"2018-02-14",61.23
"2018-02-15",60.4
"2018-02-16",60.86
"2018-02-20",59.15
"2018-02-21",58.66
"2018-02-22",58.43
"2018-02-23",59.04
"2018-02-26",59.45
"2018-02-27",57.66
"2018-02-28",56.58
"2018-03-01",57.36
"2018-03-02",57.48
"2018-03-05",58.31
"2018-03-06",59.17
"2018-03-07",59.29
"2018-03-08",58.66
"2018-03-09",59.79
"2018-03-12",60.43
"2018-03-13",60.56
"2018-03-14",59.9
"2018-03-15",58.89
"2018-03-16",59.21
"2018-03-19",59.06
"2018-03-20",58.87
"2018-03-21",59.9
"2018-03-22",58.68
"2018-03-23",58.06
"2018-03-26",59.21
"2018-03-27",58.67
"2018-03-28",58.76
"2018-03-29",58.94
"2018-04-02",56.83
"2018-04-03",57.09
"2018-04-04",62.82
"2018-04-05",64.
"2018-04-06",61.58
"2018-04-09",60.78
"2018-04-10",60.09
"2018-04-11",58.19
"2018-04-12",56.75
"2018-04-13",56.94
"2018-04-16",57.13
"2018-04-17",57.53
"2018-04-18",57.64
"2018-04-19",55.62
"2018-04-20",54.62
"2018-04-23",54.46
"2018-04-24",53.47
"2018-04-25",53.91
"2018-04-26",54.29
"2018-04-27",54.85
"2018-04-30",52.89
"2018-05-01",53.91
"2018-05-02",53.25
"2018-05-03",53.63
"2018-05-04",54.44
"2018-05-07",54.33
"2018-05-08",54.43
"2018-05-09",53.61
"2018-05-10",54.19
"2018-05-11",54.29
"2018-05-14",54.29
"2018-05-15",51.21
"2018-05-16",50.97
"2018-05-17",51.3
"2018-05-18",52.03
"2018-05-21",52.27
"2018-05-22",50.87
"2018-05-23",51.75
"2018-05-24",51.46
"2018-05-25",53.39
"2018-05-29",53.29
"2018-05-30",52.5
"2018-05-31",51.74
"2018-06-01",51.62
"2018-06-04",52.07
"2018-06-05",52.
"2018-06-06",52.29
"2018-06-07",52.44
"2018-06-08",54.
"2018-06-11",53.7
"2018-06-12",54.68
"2018-06-13",52.49
"2018-06-14",53.07
"2018-06-15",52.82
"2018-06-18",51.97
"2018-06-19",52.07
"2018-06-20",52.23
"2018-06-21",51.68
"2018-06-22",51.2
"2018-06-25",49.22
"2018-06-26",51.61
"2018-06-27",51.26
"2018-06-28",52.04
"2018-06-29",52.5
"2018-07-02",52.17
"2018-07-03",52.38
"2018-07-05",53.12
"2018-07-06",53.69
"2018-07-09",54.63
"2018-07-10",54.35
"2018-07-11",53.97
"2018-07-12",53.78
"2018-07-13",54.06
"2018-07-16",54.05
"2018-07-17",55.55
"2018-07-18",55.17
"2018-07-19",55.14
"2018-07-20",54.68
"2018-07-23",54.3
"2018-07-24",52.59
"2018-07-25",51.35
"2018-07-26",52.53
"2018-07-27",52.11
"2018-07-30",51.88
"2018-07-31",52.27
"2018-08-01",51.74
"2018-08-02",50.81
"2018-08-03",51.48
"2018-08-06",51.76
"2018-08-07",53.
"2018-08-08",53.27
"2018-08-09",53.45
"2018-08-10",53.38
"2018-08-13",50.78
"2018-08-14",50.99
"2018-08-15",50.23
"2018-08-16",50.48
"2018-08-17",50.57
"2018-08-20",51.13
"2018-08-21",53.26
"2018-08-22",52.53
"2018-08-23",51.71
"2018-08-24",51.55
"2018-08-27",52.42
"2018-08-28",52.61
"2018-08-29",52.69
"2018-08-30",51.84
"2018-08-31",51.67
"2018-09-04",51.72
"2018-09-05",52.52
"2018-09-06",52.34
"2018-09-07",50.53
"2018-09-10",50.69
"2018-09-11",51.17
"2018-09-12",52.22
"2018-09-13",52.35
"2018-09-14",52.53
"2018-09-17",51.16
"2018-09-18",51.81
"2018-09-19",51.39
"2018-09-20",50.72
"2018-09-21",50.13
"2018-09-24",49.
"2018-09-25",48.87
"2018-09-26",47.9
"2018-09-27",47.08
"2018-09-28",46.69
"2018-10-01",47.16
"2018-10-02",46.77
"2018-10-03",46.24
"2018-10-04",44.69
"2018-10-05",44.78
"2018-10-08",45.44
"2018-10-09",44.31
"2018-10-10",43.72
"2018-10-11",43.31
"2018-10-12",43.15
"2018-10-15",43.04
"2018-10-16",44.1
"2018-10-17",43.08
"2018-10-18",42.42
"2018-10-19",40.83
"2018-10-22",39.37
"2018-10-23",40.7
"2018-10-24",38.84
"2018-10-25",40.19
"2018-10-26",41.79
"2018-10-29",41.01
"2018-10-30",43.04
"2018-10-31",42.98
"2018-11-01",44.04
"2018-11-02",43.28
"2018-11-05",44.39
"2018-11-06",43.98
"2018-11-07",42.97
"2018-11-08",41.9
"2018-11-09",41.9
"2018-11-12",40.68
"2018-11-13",41.26
