"2003-01-31",8.095
"2003-02-03",8.18
"2003-02-04",8.12
"2003-02-05",8.1
"2003-02-06",8.01
"2003-02-07",7.95
"2003-02-10",8.03
"2003-02-11",7.85
"2003-02-12",7.56
"2003-02-13",7.7
"2003-02-14",7.755
"2003-02-18",7.9
"2003-02-19",7.87
"2003-02-20",7.935
"2003-02-21",8.035
"2003-02-24",7.94
"2003-02-25",8.04
"2003-02-26",7.85
"2003-02-27",7.85
"2003-02-28",7.88
"2003-03-03",7.965
"2003-03-04",7.9
"2003-03-05",7.865
"2003-03-06",7.805
"2003-03-07",7.825
"2003-03-10",7.745
"2003-03-11",7.63
"2003-03-12",7.6
"2003-03-13",7.59
"2003-03-14",7.655
"2003-03-17",7.775
"2003-03-18",7.86
"2003-03-19",7.85
"2003-03-20",7.95
"2003-03-21",8.07
"2003-03-24",7.92
"2003-03-25",8.005
"2003-03-26",7.855
"2003-03-27",7.885
"2003-03-28",7.98
"2003-03-31",8.035
"2003-04-01",8.2
"2003-04-02",8.17
"2003-04-03",8.09
"2003-04-04",8.145
"2003-04-07",8.175
"2003-04-08",8.27
"2003-04-09",8.445
"2003-04-10",8.385
"2003-04-11",8.325
"2003-04-14",8.41
"2003-04-15",8.42
"2003-04-16",8.46
"2003-04-17",8.505
"2003-04-21",8.47
"2003-04-22",8.565
"2003-04-23",8.6
"2003-04-24",8.62
"2003-04-25",8.65
"2003-04-28",8.79
"2003-04-29",8.75
"2003-04-30",8.78
"2003-05-01",8.63
"2003-05-02",8.725
"2003-05-05",8.81
"2003-05-06",8.905
"2003-05-07",8.88
"2003-05-08",8.8
"2003-05-09",8.88
"2003-05-12",8.915
"2003-05-13",8.935
"2003-05-14",8.985
"2003-05-15",9.16
"2003-05-16",9.46
"2003-05-19",9.325
"2003-05-20",9.36
"2003-05-21",9.36
"2003-05-22",9.55
"2003-05-23",10.04
"2003-05-27",10.22
"2003-05-28",9.995
"2003-05-29",9.835
"2003-05-30",9.99
"2003-06-02",10.125
"2003-06-03",10.135
"2003-06-04",10.3
"2003-06-05",10.15
"2003-06-06",9.98
"2003-06-09",9.955
"2003-06-10",9.985
"2003-06-11",10.025
"2003-06-12",10.035
"2003-06-13",9.875
"2003-06-16",9.975
"2003-06-17",9.905
"2003-06-18",9.95
"2003-06-19",10.
"2003-06-20",10.045
"2003-06-23",9.995
"2003-06-24",9.975
"2003-06-25",10.01
"2003-06-26",9.66
"2003-06-27",9.6
"2003-06-30",9.515
"2003-07-01",9.71
"2003-07-02",10.125
"2003-07-03",10.025
"2003-07-07",10.025
"2003-07-08",10.005
"2003-07-09",10.065
"2003-07-10",10.05
"2003-07-11",10.05
"2003-07-14",10.005
"2003-07-15",10.005
"2003-07-16",9.9
"2003-07-17",9.935
"2003-07-18",9.995
"2003-07-21",9.825
"2003-07-22",9.95
"2003-07-23",9.865
"2003-07-24",9.835
"2003-07-25",9.8
"2003-07-28",9.91
"2003-07-29",9.925
"2003-07-30",10.135
"2003-07-31",10.155
"2003-08-01",10.245
"2003-08-04",10.28
"2003-08-05",10.04
"2003-08-06",10.225
"2003-08-07",10.29
"2003-08-08",10.2
"2003-08-11",10.195
"2003-08-12",10.315
"2003-08-13",10.21
"2003-08-14",10.25
"2003-08-15",10.335
"2003-08-18",10.335
"2003-08-19",10.285
"2003-08-20",10.46
"2003-08-21",10.56
"2003-08-22",10.35
"2003-08-25",10.36
"2003-08-26",10.335
"2003-08-27",10.425
"2003-08-28",10.34
"2003-08-29",10.465
"2003-09-02",10.565
"2003-09-03",10.665
"2003-09-04",10.745
"2003-09-05",10.67
"2003-09-08",10.875
"2003-09-09",10.855
"2003-09-10",10.945
"2003-09-11",10.99
"2003-09-12",10.97
"2003-09-15",11.055
"2003-09-16",11.04
"2003-09-17",11.065
"2003-09-18",11.26
"2003-09-19",11.345
"2003-09-22",11.255
"2003-09-23",11.15
"2003-09-24",11.085
"2003-09-25",11.085
"2003-09-26",11.145
"2003-09-29",11.145
"2003-09-30",11.
"2003-10-01",11.125
"2003-10-02",11.245
"2003-10-03",11.41
"2003-10-06",11.4
"2003-10-07",11.385
"2003-10-08",11.43
"2003-10-09",11.54
"2003-10-10",11.545
"2003-10-13",11.545
"2003-10-14",11.55
"2003-10-15",11.52
"2003-10-16",11.525
"2003-10-17",11.45
"2003-10-20",11.57
"2003-10-21",11.535
"2003-10-22",11.5
"2003-10-23",11.535
"2003-10-24",11.565
"2003-10-27",11.64
"2003-10-28",11.695
"2003-10-29",11.69
"2003-10-30",11.875
"2003-10-31",12.03
"2003-11-03",12.31
"2003-11-04",12.29
"2003-11-05",12.3
"2003-11-06",12.265
"2003-11-07",12.275
"2003-11-10",12.1
"2003-11-11",12.225
"2003-11-12",12.33
"2003-11-13",12.29
"2003-11-14",12.115
"2003-11-17",12.115
"2003-11-18",11.85
"2003-11-19",11.865
"2003-11-20",11.74
"2003-11-21",11.73
"2003-11-24",12.
"2003-11-25",12.155
"2003-11-26",12.22
"2003-11-28",12.225
"2003-12-01",12.335
"2003-12-02",12.445
"2003-12-03",12.375
"2003-12-04",12.355
"2003-12-05",12.29
"2003-12-08",12.395
"2003-12-09",12.155
"2003-12-10",12.21
"2003-12-11",12.39
"2003-12-12",12.315
"2003-12-15",12.3
"2003-12-16",12.23
"2003-12-17",12.075
"2003-12-18",12.135
"2003-12-19",12.145
"2003-12-22",12.255
"2003-12-23",12.3
"2003-12-24",12.315
"2003-12-26",12.385
"2003-12-29",12.385
"2003-12-30",12.47
"2003-12-31",12.45
"2004-01-02",12.41
"2004-01-05",12.445
"2004-01-06",12.475
"2004-01-07",12.59
"2004-01-08",12.585
"2004-01-09",12.38
"2004-01-12",12.515
"2004-01-13",12.435
"2004-01-14",12.57
"2004-01-15",12.49
"2004-01-16",12.475
"2004-01-20",12.84
"2004-01-21",12.895
"2004-01-22",12.815
"2004-01-23",12.82
"2004-01-26",12.79
"2004-01-27",12.835
"2004-01-28",12.74
"2004-01-29",12.66
"2004-01-30",12.945
"2004-02-02",12.92
"2004-02-03",13.
"2004-02-04",12.905
"2004-02-05",12.785
"2004-02-06",12.99
"2004-02-09",12.98
"2004-02-10",13.09
"2004-02-11",13.145
"2004-02-12",13.105
"2004-02-13",12.98
"2004-02-17",13.095
"2004-02-18",13.15
"2004-02-19",13.045
"2004-02-20",12.87
"2004-02-23",12.795
"2004-02-24",12.84
"2004-02-25",12.785
"2004-02-26",12.79
"2004-02-27",12.875
"2004-03-01",12.93
"2004-03-02",12.94
"2004-03-03",12.9
"2004-03-04",12.93
"2004-03-05",13.175
"2004-03-08",13.13
"2004-03-09",13.055
"2004-03-10",12.88
"2004-03-11",12.875
"2004-03-12",12.88
"2004-03-15",12.955
"2004-03-16",12.975
"2004-03-17",13.215
"2004-03-18",13.165
"2004-03-19",13.085
"2004-03-22",12.77
"2004-03-23",12.835
"2004-03-24",12.7
"2004-03-25",12.78
"2004-03-26",12.935
"2004-03-29",12.925
"2004-03-30",12.995
"2004-03-31",13.03
"2004-04-01",13.075
"2004-04-02",12.975
"2004-04-05",13.15
"2004-04-06",13.25
"2004-04-07",13.21
"2004-04-08",13.225
"2004-04-12",13.
"2004-04-13",12.635
"2004-04-14",12.44
"2004-04-15",12.595
"2004-04-16",12.785
"2004-04-19",12.7
"2004-04-20",12.53
"2004-04-21",12.7
"2004-04-22",12.945
"2004-04-23",12.795
"2004-04-26",12.8
"2004-04-27",12.8
"2004-04-28",12.795
"2004-04-29",12.6
"2004-04-30",12.43
"2004-05-03",12.72
"2004-05-04",12.735
"2004-05-05",12.69
"2004-05-06",12.565
"2004-05-07",12.115
"2004-05-10",11.905
"2004-05-11",11.88
"2004-05-12",12.
"2004-05-13",12.015
"2004-05-14",12.025
"2004-05-17",11.97
"2004-05-18",12.02
"2004-05-19",11.995
"2004-05-20",12.055
"2004-05-21",12.06
"2004-05-24",12.125
"2004-05-25",12.475
"2004-05-26",12.49
"2004-05-27",12.565
"2004-05-28",12.49
"2004-06-01",12.47
"2004-06-02",12.475
"2004-06-03",12.38
"2004-06-04",12.48
"2004-06-07",12.595
"2004-06-08",12.505
"2004-06-09",12.47
"2004-06-10",12.5
"2004-06-14",12.375
"2004-06-15",12.515
"2004-06-16",12.585
"2004-06-17",12.685
"2004-06-18",12.745
"2004-06-21",12.72
"2004-06-22",12.795
"2004-06-23",12.82
"2004-06-24",12.8
"2004-06-25",12.9
"2004-06-28",12.95
"2004-06-29",12.855
"2004-06-30",13.04
"2004-07-01",12.845
"2004-07-02",12.945
"2004-07-06",12.9
"2004-07-07",12.875
"2004-07-08",12.925
"2004-07-09",12.945
"2004-07-12",12.885
"2004-07-13",13.025
"2004-07-14",13.055
"2004-07-15",13.13
"2004-07-16",13.215
"2004-07-19",13.475
"2004-07-20",13.67
"2004-07-21",13.5
"2004-07-22",13.335
"2004-07-23",13.195
"2004-07-26",13.18
"2004-07-27",13.015
"2004-07-28",12.95
"2004-07-29",13.
"2004-07-30",12.955
"2004-08-02",13.02
"2004-08-03",12.94
"2004-08-04",12.905
"2004-08-05",12.775
"2004-08-06",12.84
"2004-08-09",12.86
"2004-08-10",12.86
"2004-08-11",12.9
"2004-08-12",12.85
"2004-08-13",12.845
"2004-08-16",12.895
"2004-08-17",12.885
"2004-08-18",12.975
"2004-08-19",12.87
"2004-08-20",12.85
"2004-08-23",12.765
"2004-08-24",12.785
"2004-08-25",12.845
"2004-08-26",12.8
"2004-08-27",12.82
"2004-08-30",12.75
"2004-08-31",12.995
"2004-09-01",12.995
"2004-09-02",13.025
"2004-09-03",12.995
"2004-09-07",13.025
"2004-09-08",12.855
"2004-09-09",12.88
"2004-09-10",12.825
"2004-09-13",12.735
"2004-09-14",12.68
"2004-09-15",12.7
"2004-09-16",12.795
"2004-09-17",12.73
"2004-09-20",12.65
"2004-09-21",12.54
"2004-09-22",12.475
"2004-09-23",12.285
"2004-09-24",12.22
"2004-09-27",12.22
"2004-09-28",12.4
"2004-09-29",12.3
"2004-09-30",12.44
"2004-10-01",12.625
"2004-10-04",12.74
"2004-10-05",12.825
"2004-10-06",12.98
"2004-10-07",12.87
"2004-10-08",12.905
"2004-10-11",13.135
"2004-10-12",13.11
"2004-10-13",12.955
"2004-10-14",12.925
"2004-10-15",13.05
"2004-10-18",13.065
"2004-10-19",12.93
"2004-10-20",12.915
"2004-10-21",12.895
"2004-10-22",12.945
"2004-10-25",12.95
"2004-10-26",13.12
"2004-10-27",13.095
"2004-10-28",13.04
"2004-10-29",13.19
"2004-11-01",13.19
"2004-11-02",13.015
"2004-11-03",13.19
"2004-11-04",13.475
"2004-11-05",13.37
"2004-11-08",13.4
"2004-11-09",13.43
"2004-11-10",13.4
"2004-11-11",13.48
"2004-11-12",13.65
"2004-11-15",13.62
"2004-11-16",13.625
"2004-11-17",13.52
"2004-11-18",13.575
"2004-11-19",13.5
"2004-11-22",13.64
"2004-11-23",13.73
"2004-11-24",13.775
"2004-11-26",13.795
"2004-11-29",13.71
"2004-11-30",13.64
"2004-12-01",13.435
"2004-12-02",13.4
"2004-12-03",13.39
"2004-12-06",13.51
"2004-12-07",13.355
"2004-12-08",13.4
"2004-12-09",13.405
"2004-12-10",13.45
"2004-12-13",13.635
"2004-12-14",13.72
"2004-12-15",13.885
"2004-12-16",14.02
"2004-12-17",14.03
"2004-12-20",13.93
"2004-12-21",14.075
"2004-12-22",14.145
"2004-12-23",14.165
"2004-12-27",14.18
"2004-12-28",14.32
"2004-12-29",14.33
"2004-12-30",14.4
"2004-12-31",14.3
"2005-01-03",14.05
"2005-01-04",13.99
"2005-01-05",13.905
"2005-01-06",13.95
"2005-01-07",13.915
"2005-01-10",13.99
"2005-01-11",14.
"2005-01-12",13.89
"2005-01-13",13.95
"2005-01-14",14.12
"2005-01-18",14.125
"2005-01-19",14.03
"2005-01-20",14.125
"2005-01-21",14.115
"2005-01-24",14.215
"2005-01-25",14.035
"2005-01-26",14.2
"2005-01-27",14.135
"2005-01-28",13.58
"2005-01-31",13.75
"2005-02-01",13.825
"2005-02-02",13.725
"2005-02-03",13.67
"2005-02-04",13.905
"2005-02-07",13.795
"2005-02-08",13.745
"2005-02-09",13.53
"2005-02-10",13.47
"2005-02-11",13.45
"2005-02-14",13.53
"2005-02-15",13.57
"2005-02-16",13.745
"2005-02-17",13.65
"2005-02-18",13.555
"2005-02-22",13.03
"2005-02-23",13.35
"2005-02-24",13.38
"2005-02-25",13.35
"2005-02-28",13.375
"2005-03-01",13.375
"2005-03-02",13.305
"2005-03-03",13.28
"2005-03-04",13.49
"2005-03-07",13.665
"2005-03-08",13.655
"2005-03-09",13.455
"2005-03-10",13.52
"2005-03-11",13.36
"2005-03-14",13.755
"2005-03-15",13.58
"2005-03-16",13.55
"2005-03-17",13.645
"2005-03-18",13.65
"2005-03-21",13.53
"2005-03-22",13.255
"2005-03-23",13.225
"2005-03-24",13.21
"2005-03-28",13.22
"2005-03-29",12.98
"2005-03-30",13.205
"2005-03-31",13.39
"2005-04-01",13.63
"2005-04-04",13.595
"2005-04-05",13.63
"2005-04-06",13.58
"2005-04-07",13.56
"2005-04-08",13.5
"2005-04-11",13.58
"2005-04-12",13.73
"2005-04-13",13.585
"2005-04-14",13.335
"2005-04-15",13.215
"2005-04-18",13.12
"2005-04-19",13.2
"2005-04-20",13.105
"2005-04-21",13.2
"2005-04-22",13.09
"2005-04-25",13.285
"2005-04-26",13.305
"2005-04-27",13.27
"2005-04-28",13.24
"2005-04-29",13.17
"2005-05-02",13.095
"2005-05-03",13.075
"2005-05-04",13.165
"2005-05-05",13.495
"2005-05-06",13.445
"2005-05-09",13.39
"2005-05-10",13.375
"2005-05-11",13.45
"2005-05-12",13.36
"2005-05-13",13.305
"2005-05-16",13.6
"2005-05-17",13.535
"2005-05-18",13.76
"2005-05-19",13.675
"2005-05-20",13.62
"2005-05-23",13.62
"2005-05-24",13.525
"2005-05-25",13.645
"2005-05-26",13.7
"2005-05-27",13.75
"2005-05-31",13.8
"2005-06-01",13.89
"2005-06-02",13.8
"2005-06-03",13.75
"2005-06-06",13.665
"2005-06-07",13.76
"2005-06-08",13.7
"2005-06-09",13.795
"2005-06-10",13.695
"2005-06-13",13.815
"2005-06-14",13.82
"2005-06-15",13.825
"2005-06-16",13.875
"2005-06-17",13.905
"2005-06-20",13.94
"2005-06-21",13.82
"2005-06-22",13.925
"2005-06-23",13.79
"2005-06-24",13.625
"2005-06-27",13.81
"2005-06-28",14.025
"2005-06-29",14.05
"2005-06-30",14.075
"2005-07-01",14.24
"2005-07-05",14.305
"2005-07-06",14.125
"2005-07-07",14.08
"2005-07-08",14.28
"2005-07-11",14.41
"2005-07-12",14.35
"2005-07-13",14.215
"2005-07-14",14.22
"2005-07-15",14.195
"2005-07-18",14.165
"2005-07-19",14.25
"2005-07-20",14.345
"2005-07-21",14.37
"2005-07-22",14.48
"2005-07-25",14.48
"2005-07-26",14.39
"2005-07-27",14.365
"2005-07-28",14.535
"2005-07-29",14.55
"2005-08-01",14.44
"2005-08-02",14.525
"2005-08-03",14.64
"2005-08-04",14.705
"2005-08-05",14.66
"2005-08-08",14.22
"2005-08-09",14.175
"2005-08-10",14.3
"2005-08-11",14.625
"2005-08-12",14.675
"2005-08-15",14.725
"2005-08-16",14.53
"2005-08-17",14.47
"2005-08-18",14.715
"2005-08-19",14.64
"2005-08-22",14.72
"2005-08-23",14.84
"2005-08-24",14.87
"2005-08-25",14.995
"2005-08-26",14.96
"2005-08-29",15.035
"2005-08-30",14.8
"2005-08-31",15.025
"2005-09-01",15.15
"2005-09-02",15.18
"2005-09-06",15.195
"2005-09-07",15.115
"2005-09-08",15.075
"2005-09-09",15.17
"2005-09-12",15.12
"2005-09-13",15.08
"2005-09-14",15.015
"2005-09-15",15.025
"2005-09-16",15.06
"2005-09-19",14.98
"2005-09-20",14.93
"2005-09-21",14.58
"2005-09-22",14.615
"2005-09-23",14.525
"2005-09-26",14.545
"2005-09-27",14.55
"2005-09-28",14.505
"2005-09-29",14.655
"2005-09-30",14.565
"2005-10-03",14.91
"2005-10-04",14.765
"2005-10-05",14.3
"2005-10-06",14.185
"2005-10-07",14.35
"2005-10-10",14.145
"2005-10-11",14.165
"2005-10-12",13.9
"2005-10-13",13.63
"2005-10-14",13.635
"2005-10-17",13.71
"2005-10-18",13.55
"2005-10-19",13.38
"2005-10-20",13.115
"2005-10-21",13.32
"2005-10-24",13.56
"2005-10-25",13.475
"2005-10-26",13.26
"2005-10-27",12.94
"2005-10-28",13.085
"2005-10-31",13.225
"2005-11-01",13.05
"2005-11-02",13.025
"2005-11-03",13.
"2005-11-04",13.33
"2005-11-07",13.32
"2005-11-08",13.27
"2005-11-09",13.385
"2005-11-10",13.49
"2005-11-11",13.43
"2005-11-14",13.495
"2005-11-15",13.635
"2005-11-16",13.65
"2005-11-17",13.77
"2005-11-18",13.8
"2005-11-21",13.94
"2005-11-22",13.925
"2005-11-23",14.025
"2005-11-25",14.09
"2005-11-28",14.05
"2005-11-29",14.1
"2005-11-30",14.175
"2005-12-01",14.16
"2005-12-02",14.275
"2005-12-05",14.27
"2005-12-06",14.175
"2005-12-07",14.25
"2005-12-08",14.295
"2005-12-09",14.455
"2005-12-12",14.32
"2005-12-13",14.23
"2005-12-14",14.375
"2005-12-15",14.365
"2005-12-16",14.355
"2005-12-19",14.17
"2005-12-20",14.29
"2005-12-21",14.065
"2005-12-22",14.15
"2005-12-23",14.135
"2005-12-27",14.03
"2005-12-28",13.94
"2005-12-29",14.01
"2005-12-30",14.02
"2006-01-03",14.25
"2006-01-04",14.44
"2006-01-05",14.34
"2006-01-06",14.475
"2006-01-09",14.38
"2006-01-10",14.48
"2006-01-11",14.45
"2006-01-12",14.465
"2006-01-13",14.48
"2006-01-17",14.55
"2006-01-18",14.57
"2006-01-19",14.615
"2006-01-20",14.5
"2006-01-23",14.515
"2006-01-24",14.855
"2006-01-25",14.905
"2006-01-26",14.72
"2006-01-27",14.61
"2006-01-30",14.64
"2006-01-31",14.83
"2006-02-01",14.875
"2006-02-02",14.9
"2006-02-03",14.835
"2006-02-06",14.935
"2006-02-07",15.105
"2006-02-08",15.69
"2006-02-09",15.435
"2006-02-10",15.2
"2006-02-13",15.355
"2006-02-14",15.265
"2006-02-15",15.515
"2006-02-16",15.58
"2006-02-17",15.935
"2006-02-21",15.92
"2006-02-22",16.184999
"2006-02-23",16.325001
"2006-02-24",16.395
"2006-02-27",16.530001
"2006-02-28",16.549999
"2006-03-01",16.525
"2006-03-02",16.545
"2006-03-03",16.535
"2006-03-06",16.285
"2006-03-07",16.215
"2006-03-08",16.145
"2006-03-09",16.280001
"2006-03-10",16.315001
"2006-03-13",16.405001
"2006-03-14",16.594999
"2006-03-15",16.735001
"2006-03-16",16.684999
"2006-03-17",16.674999
"2006-03-20",16.465
"2006-03-21",16.245001
"2006-03-22",16.27
"2006-03-23",16.315001
"2006-03-24",16.264999
"2006-03-27",16.145
"2006-03-28",16.
"2006-03-29",16.01
"2006-03-30",15.965
"2006-03-31",15.735
"2006-04-03",16.120001
"2006-04-04",16.26
"2006-04-05",16.405001
"2006-04-06",16.33
"2006-04-07",16.125
"2006-04-10",16.059999
"2006-04-11",15.825
"2006-04-12",15.85
"2006-04-13",15.69
"2006-04-17",15.67
"2006-04-18",15.835
"2006-04-19",15.745
"2006-04-20",15.8
"2006-04-21",16.1
"2006-04-24",16.
"2006-04-25",15.89
"2006-04-26",15.57
"2006-04-27",15.89
"2006-04-28",15.98
"2006-05-01",16.139999
"2006-05-02",16.375
"2006-05-03",16.219999
"2006-05-04",16.23
"2006-05-05",16.4
"2006-05-08",16.66
"2006-05-09",16.445
"2006-05-10",16.610001
"2006-05-11",16.775
"2006-05-12",16.705
"2006-05-15",16.905001
"2006-05-16",16.865
"2006-05-17",16.805
"2006-05-18",16.535
"2006-05-19",16.495001
"2006-05-22",16.684999
"2006-05-23",16.309999
"2006-05-24",16.82
"2006-05-25",17.030001
"2006-05-26",16.950001
"2006-05-30",17.065001
"2006-05-31",17.200001
"2006-06-01",17.375
"2006-06-02",17.575001
"2006-06-05",17.27
"2006-06-06",17.26
"2006-06-07",17.174999
"2006-06-08",17.23
"2006-06-09",17.27
"2006-06-12",17.115
"2006-06-13",16.889999
"2006-06-14",16.66
"2006-06-15",16.975
"2006-06-16",16.965
"2006-06-19",16.709999
"2006-06-20",16.655001
"2006-06-21",16.879999
"2006-06-22",16.719999
"2006-06-23",16.76
"2006-06-26",16.85
"2006-06-27",16.639999
"2006-06-28",16.795
"2006-06-29",17.15
"2006-06-30",17.15
"2006-07-03",17.434999
"2006-07-05",17.375
"2006-07-06",17.209999
"2006-07-07",17.440001
"2006-07-10",17.475
"2006-07-11",17.469999
"2006-07-12",17.27
"2006-07-13",17.245001
"2006-07-14",17.174999
"2006-07-17",17.110001
"2006-07-18",17.049999
"2006-07-19",17.42
"2006-07-20",17.530001
"2006-07-21",17.559999
"2006-07-24",17.684999
"2006-07-25",17.875
"2006-07-26",18.094999
"2006-07-27",17.889999
"2006-07-28",18.045
"2006-07-31",18.09
"2006-08-01",18.
"2006-08-02",18.
"2006-08-03",18.360001
"2006-08-04",18.014999
"2006-08-07",18.
"2006-08-08",18.15
"2006-08-09",17.99
"2006-08-10",17.745001
"2006-08-11",17.5
"2006-08-14",17.684999
"2006-08-15",17.85
"2006-08-16",17.825001
"2006-08-17",17.6
"2006-08-18",17.52
"2006-08-21",17.485001
"2006-08-22",17.885
"2006-08-23",17.85
"2006-08-24",18.145
"2006-08-25",18.25
"2006-08-28",18.254999
"2006-08-29",18.09
"2006-08-30",18.059999
"2006-08-31",18.295
"2006-09-01",18.18
"2006-09-05",18.540001
"2006-09-06",18.16
"2006-09-07",18.24
"2006-09-08",18.084999
"2006-09-11",18.205
"2006-09-12",18.125
"2006-09-13",18.135
"2006-09-14",18.334999
"2006-09-15",18.24
"2006-09-18",17.969999
"2006-09-19",17.785
"2006-09-20",17.809999
"2006-09-21",17.65
"2006-09-22",17.639999
"2006-09-25",18.02
"2006-09-26",18.014999
"2006-09-27",17.99
"2006-09-28",17.985001
"2006-09-29",17.865
"2006-10-02",18.200001
"2006-10-03",18.139999
"2006-10-04",18.290001
"2006-10-05",18.145
"2006-10-06",17.99
"2006-10-09",18.030001
"2006-10-10",18.32
"2006-10-11",18.68
"2006-10-12",18.834999
"2006-10-13",18.76
"2006-10-16",18.844999
"2006-10-17",18.924999
"2006-10-18",18.99
"2006-10-19",19.040001
"2006-10-20",19.17
"2006-10-23",19.4
"2006-10-24",19.43
"2006-10-25",19.635
"2006-10-26",19.535
"2006-10-27",19.41
"2006-10-30",19.700001
"2006-10-31",19.174999
"2006-11-01",19.139999
"2006-11-02",19.125
"2006-11-03",19.424999
"2006-11-06",19.33
"2006-11-07",19.495001
"2006-11-08",19.725
"2006-11-09",19.58
"2006-11-10",19.815001
"2006-11-13",19.690001
"2006-11-14",19.85
"2006-11-15",19.6
"2006-11-16",19.615
"2006-11-17",19.735001
"2006-11-20",19.709999
"2006-11-21",19.84
"2006-11-22",19.76
"2006-11-24",19.785
"2006-11-27",19.32
"2006-11-28",19.379999
"2006-11-29",19.58
"2006-11-30",19.450001
"2006-12-01",19.415001
"2006-12-04",19.700001
"2006-12-05",19.73
"2006-12-06",19.584999
"2006-12-07",19.42
"2006-12-08",19.379999
"2006-12-11",19.424999
"2006-12-12",19.405001
"2006-12-13",19.51
"2006-12-14",19.48
"2006-12-15",19.4
"2006-12-18",19.309999
"2006-12-19",19.305
"2006-12-20",19.275
"2006-12-21",19.105
"2006-12-22",19.01
"2006-12-26",19.190001
"2006-12-27",19.205
"2006-12-28",19.08
"2006-12-29",18.885
"2007-01-03",18.934999
"2007-01-04",19.08
"2007-01-05",18.555
"2007-01-08",18.475
"2007-01-09",18.48
"2007-01-10",18.504999
"2007-01-11",18.440001
"2007-01-12",18.459999
"2007-01-16",18.15
"2007-01-17",18.18
"2007-01-18",17.969999
"2007-01-19",18.35
"2007-01-22",18.375
"2007-01-23",18.18
"2007-01-24",18.275
"2007-01-25",18.09
"2007-01-26",18.190001
"2007-01-29",18.219999
"2007-01-30",18.280001
"2007-01-31",18.174999
"2007-02-01",18.299999
"2007-02-02",18.445
"2007-02-05",18.575001
"2007-02-06",18.780001
"2007-02-07",18.780001
"2007-02-08",19.365
"2007-02-09",19.58
"2007-02-12",20.23
"2007-02-13",20.639999
"2007-02-14",20.99
"2007-02-15",21.07
"2007-02-16",21.145
"2007-02-20",21.48
"2007-02-21",21.450001
"2007-02-22",21.475
"2007-02-23",21.6
"2007-02-26",21.715
"2007-02-27",21.030001
"2007-02-28",20.91
"2007-03-01",21.155001
"2007-03-02",20.815001
"2007-03-05",20.6
"2007-03-06",21.08
"2007-03-07",21.18
"2007-03-08",21.4
"2007-03-09",21.655001
"2007-03-12",21.975
"2007-03-13",21.775
"2007-03-14",21.985001
"2007-03-15",22.225
"2007-03-16",22.139999
"2007-03-19",22.35
"2007-03-20",22.605
"2007-03-21",22.735001
"2007-03-22",22.84
"2007-03-23",22.635
"2007-03-26",22.615
"2007-03-27",22.594999
"2007-03-28",22.58
"2007-03-29",22.610001
"2007-03-30",22.41
"2007-04-02",22.815001
"2007-04-03",22.33
"2007-04-04",22.209999
"2007-04-05",22.17
"2007-04-09",22.18
"2007-04-10",22.190001
"2007-04-11",21.865
"2007-04-12",22.065001
"2007-04-13",22.145
"2007-04-16",22.209999
"2007-04-17",22.254999
"2007-04-18",22.32
"2007-04-19",22.27
"2007-04-20",22.495001
"2007-04-23",22.555
"2007-04-24",22.674999
"2007-04-25",22.870001
"2007-04-26",22.434999
"2007-04-27",22.4
"2007-04-30",21.9
"2007-05-01",22.32
"2007-05-02",22.385
"2007-05-03",22.395
"2007-05-04",22.5
"2007-05-07",22.639999
"2007-05-08",22.57
"2007-05-09",22.41
"2007-05-10",22.120001
"2007-05-11",22.184999
"2007-05-14",22.190001
"2007-05-15",22.115
"2007-05-16",22.27
"2007-05-17",22.219999
"2007-05-18",22.295
"2007-05-21",22.375
"2007-05-22",22.370001
"2007-05-23",22.084999
"2007-05-24",21.4
"2007-05-25",21.219999
"2007-05-29",21.459999
"2007-05-30",21.735001
"2007-05-31",21.6
"2007-06-01",21.684999
"2007-06-04",21.475
"2007-06-05",21.07
"2007-06-06",20.620001
"2007-06-07",19.799999
"2007-06-08",19.965
"2007-06-11",20.
"2007-06-12",19.57
"2007-06-13",20.
"2007-06-14",19.99
"2007-06-15",20.025
"2007-06-18",19.85
"2007-06-19",19.795
"2007-06-20",19.035
"2007-06-21",19.360001
"2007-06-22",19.200001
"2007-06-25",19.305
"2007-06-26",19.290001
"2007-06-27",19.440001
"2007-06-28",19.395
"2007-06-29",19.424999
"2007-07-02",19.76
"2007-07-03",19.74
"2007-07-05",19.525
"2007-07-06",19.48
"2007-07-09",19.530001
"2007-07-10",19.334999
"2007-07-11",19.504999
"2007-07-12",19.780001
"2007-07-13",19.99
"2007-07-16",19.76
"2007-07-17",19.825001
"2007-07-18",20.014999
"2007-07-19",20.334999
"2007-07-20",20.200001
"2007-07-23",20.035
"2007-07-24",19.264999
"2007-07-25",19.305
"2007-07-26",19.200001
"2007-07-27",18.684999
"2007-07-30",18.83
"2007-07-31",18.475
"2007-08-01",18.975
"2007-08-02",18.969999
"2007-08-03",18.15
"2007-08-06",18.355
"2007-08-07",19.
"2007-08-08",18.875
"2007-08-09",17.905001
"2007-08-10",18.525
"2007-08-13",18.905001
"2007-08-14",18.674999
"2007-08-15",18.52
"2007-08-16",18.719999
"2007-08-17",19.120001
"2007-08-20",19.290001
"2007-08-21",19.5
"2007-08-22",19.51
"2007-08-23",19.49
"2007-08-24",19.625
"2007-08-27",19.17
"2007-08-28",18.754999
"2007-08-29",19.16
"2007-08-30",19.004999
"2007-08-31",18.940001
"2007-09-04",19.055
"2007-09-05",18.745001
"2007-09-06",18.985001
"2007-09-07",18.645
"2007-09-10",18.924999
"2007-09-11",18.83
"2007-09-12",18.674999
"2007-09-13",18.514999
"2007-09-14",18.51
"2007-09-17",18.42
"2007-09-18",18.870001
"2007-09-19",19.370001
"2007-09-20",18.995001
"2007-09-21",18.985001
"2007-09-24",19.094999
"2007-09-25",19.1
"2007-09-26",19.475
"2007-09-27",19.33
"2007-09-28",19.16
"2007-10-01",19.625
"2007-10-02",19.530001
"2007-10-03",19.415001
"2007-10-04",19.530001
"2007-10-05",19.514999
"2007-10-08",19.424999
"2007-10-09",19.605
"2007-10-10",19.709999
"2007-10-11",19.965
"2007-10-12",20.184999
"2007-10-15",19.73
"2007-10-16",19.5
"2007-10-17",19.355
"2007-10-18",19.205
"2007-10-19",18.91
"2007-10-22",19.07
"2007-10-23",19.07
"2007-10-24",19.075001
"2007-10-25",19.299999
"2007-10-26",19.76
"2007-10-29",19.605
"2007-10-30",19.73
"2007-10-31",20.
"2007-11-01",19.73
"2007-11-02",20.045
"2007-11-05",19.690001
"2007-11-06",19.82
"2007-11-07",19.955
"2007-11-08",20.465
"2007-11-09",20.485001
"2007-11-12",20.115
"2007-11-13",20.4
"2007-11-14",20.440001
"2007-11-15",20.549999
"2007-11-16",20.530001
"2007-11-19",20.559999
"2007-11-20",20.65
"2007-11-21",20.43
"2007-11-23",20.280001
"2007-11-26",20.200001
"2007-11-27",20.514999
"2007-11-28",20.745001
"2007-11-29",20.52
"2007-11-30",20.76
"2007-12-03",20.715
"2007-12-04",20.93
"2007-12-05",21.264999
"2007-12-06",21.32
"2007-12-07",21.200001
"2007-12-10",21.4
"2007-12-11",21.200001
"2007-12-12",21.27
"2007-12-13",21.184999
"2007-12-14",20.705
"2007-12-17",20.594999
"2007-12-18",20.85
"2007-12-19",21.075001
"2007-12-20",21.275
"2007-12-21",21.334999
"2007-12-24",20.934999
"2007-12-26",20.860001
"2007-12-27",20.655001
"2007-12-28",20.549999
"2007-12-31",20.344999
"2008-01-02",20.135
"2008-01-03",20.02
"2008-01-04",19.98
"2008-01-07",20.379999
"2008-01-08",20.35
"2008-01-09",20.725
"2008-01-10",21.059999
"2008-01-11",20.799999
"2008-01-14",20.58
"2008-01-15",20.219999
"2008-01-16",19.83
"2008-01-17",19.030001
"2008-01-18",18.41
"2008-01-22",17.99
"2008-01-23",18.625
"2008-01-24",18.24
"2008-01-25",17.83
"2008-01-28",18.27
"2008-01-29",18.25
"2008-01-30",18.18
"2008-01-31",18.450001
"2008-02-01",18.690001
"2008-02-04",18.995001
"2008-02-05",18.575001
"2008-02-06",18.559999
"2008-02-07",18.48
"2008-02-08",18.450001
"2008-02-11",18.450001
"2008-02-12",18.620001
"2008-02-13",18.27
"2008-02-14",18.030001
"2008-02-15",18.049999
"2008-02-19",17.985001
"2008-02-20",17.965
"2008-02-21",17.795
"2008-02-22",18.049999
"2008-02-25",18.065001
"2008-02-26",18.35
"2008-02-27",17.945
"2008-02-28",17.965
"2008-02-29",17.370001
"2008-03-03",17.52
"2008-03-04",17.639999
"2008-03-05",17.565001
"2008-03-06",17.290001
"2008-03-07",17.235001
"2008-03-10",17.195
"2008-03-11",17.52
"2008-03-12",17.43
"2008-03-13",17.549999
"2008-03-14",17.344999
"2008-03-17",17.295
"2008-03-18",17.549999
"2008-03-19",17.295
"2008-03-20",17.370001
"2008-03-24",17.385
"2008-03-25",17.525
"2008-03-26",17.540001
"2008-03-27",17.525
"2008-03-28",17.34
"2008-03-31",17.504999
"2008-04-01",17.77
"2008-04-02",18.115
"2008-04-03",17.93
"2008-04-04",18.09
"2008-04-07",18.245001
"2008-04-08",18.155001
"2008-04-09",18.245001
"2008-04-10",18.32
"2008-04-11",18.219999
"2008-04-14",18.405001
"2008-04-15",18.695
"2008-04-16",19.075001
"2008-04-17",18.99
"2008-04-18",19.01
"2008-04-21",18.940001
"2008-04-22",18.610001
"2008-04-23",19.
"2008-04-24",18.905001
"2008-04-25",19.045
"2008-04-28",18.684999
"2008-04-29",18.745001
"2008-04-30",18.834999
"2008-05-01",19.084999
"2008-05-02",18.924999
"2008-05-05",18.780001
"2008-05-06",18.775
"2008-05-07",18.424999
"2008-05-08",18.49
"2008-05-09",18.389999
"2008-05-12",18.725
"2008-05-13",18.504999
"2008-05-14",18.719999
"2008-05-15",18.754999
"2008-05-16",18.725
"2008-05-19",18.84
"2008-05-20",18.77
"2008-05-21",18.76
"2008-05-22",18.870001
"2008-05-23",18.575001
"2008-05-27",18.805
"2008-05-28",18.695
"2008-05-29",18.780001
"2008-05-30",18.77
"2008-06-02",18.525
"2008-06-03",18.475
"2008-06-04",18.514999
"2008-06-05",18.77
"2008-06-06",18.485001
"2008-06-09",18.68
"2008-06-10",18.75
"2008-06-11",18.605
"2008-06-12",18.514999
"2008-06-13",18.575001
"2008-06-16",18.49
"2008-06-17",18.530001
"2008-06-18",18.275
"2008-06-19",18.225
"2008-06-20",17.860001
"2008-06-23",17.895
"2008-06-24",17.424999
"2008-06-25",17.450001
"2008-06-26",17.195
"2008-06-27",16.875
"2008-06-30",17.129999
"2008-07-01",17.040001
"2008-07-02",16.875
"2008-07-03",16.745001
"2008-07-07",16.690001
"2008-07-08",16.915001
"2008-07-09",17.190001
"2008-07-10",17.129999
"2008-07-11",17.055
"2008-07-14",16.85
"2008-07-15",16.795
"2008-07-16",16.434999
"2008-07-17",16.334999
"2008-07-18",16.32
"2008-07-21",16.504999
"2008-07-22",16.545
"2008-07-23",16.344999
"2008-07-24",16.32
"2008-07-25",15.96
"2008-07-28",16.115
"2008-07-29",15.99
"2008-07-30",16.24
"2008-07-31",16.115
"2008-08-01",15.89
"2008-08-04",15.695
"2008-08-05",15.97
"2008-08-06",16.85
"2008-08-07",16.965
"2008-08-08",17.280001
"2008-08-11",17.645
"2008-08-12",17.295
"2008-08-13",17.25
"2008-08-14",17.
"2008-08-15",17.215
"2008-08-18",17.41
"2008-08-19",17.389999
"2008-08-20",17.219999
"2008-08-21",17.285
"2008-08-22",17.434999
"2008-08-25",17.295
"2008-08-26",17.389999
"2008-08-27",17.57
"2008-08-28",17.75
"2008-08-29",17.475
"2008-09-02",17.17
"2008-09-03",17.049999
"2008-09-04",16.99
"2008-09-05",16.995001
"2008-09-08",17.344999
"2008-09-09",16.825001
"2008-09-10",16.799999
"2008-09-11",16.695
"2008-09-12",16.950001
"2008-09-15",16.48
"2008-09-16",16.655001
"2008-09-17",16.295
"2008-09-18",16.395
"2008-09-19",17.344999
"2008-09-22",16.870001
"2008-09-23",16.629999
"2008-09-24",16.530001
"2008-09-25",16.629999
"2008-09-26",16.58
"2008-09-29",16.
"2008-09-30",16.105
"2008-10-01",16.23
"2008-10-02",15.875
"2008-10-03",15.54
"2008-10-06",14.755
"2008-10-07",14.275
"2008-10-08",13.735
"2008-10-09",13.185
"2008-10-10",12.145
"2008-10-13",13.97
"2008-10-14",13.95
"2008-10-15",13.32
"2008-10-16",13.895
"2008-10-17",13.945
"2008-10-20",15.15
"2008-10-21",15.005
"2008-10-22",14.54
"2008-10-23",14.555
"2008-10-24",14.38
"2008-10-27",13.9
"2008-10-28",15.16
"2008-10-29",14.755
"2008-10-30",16.264999
"2008-10-31",14.69
"2008-11-03",14.92
"2008-11-04",14.82
"2008-11-05",14.575
"2008-11-06",14.28
"2008-11-07",14.905
"2008-11-10",14.56
"2008-11-11",14.26
"2008-11-12",13.955
"2008-11-13",14.89
"2008-11-14",14.585
"2008-11-17",15.005
"2008-11-18",15.555
"2008-11-19",14.975
"2008-11-20",13.705
"2008-11-21",15.26
"2008-11-24",15.955
"2008-11-25",15.27
"2008-11-26",15.5
"2008-11-28",15.935
"2008-12-01",14.66
"2008-12-02",14.645
"2008-12-03",15.29
"2008-12-04",14.335
"2008-12-05",14.98
"2008-12-08",14.965
"2008-12-09",14.85
"2008-12-10",15.175
"2008-12-11",14.96
"2008-12-12",15.2
"2008-12-15",14.86
"2008-12-16",15.32
"2008-12-17",15.01
"2008-12-18",13.95
"2008-12-19",13.86
"2008-12-22",13.86
"2008-12-23",13.6
"2008-12-24",13.77
"2008-12-26",14.025
"2008-12-29",14.075
"2008-12-30",14.335
"2008-12-31",14.59
"2009-01-02",14.845
"2009-01-05",14.525
"2009-01-06",14.19
"2009-01-07",14.085
"2009-01-08",14.17
"2009-01-09",14.015
"2009-01-12",14.26
"2009-01-13",14.045
"2009-01-14",13.72
"2009-01-15",13.705
"2009-01-16",13.935
"2009-01-20",13.635
"2009-01-21",13.845
"2009-01-22",13.855
"2009-01-23",13.89
"2009-01-26",14.315
"2009-01-27",14.675
"2009-01-28",14.71
"2009-01-29",14.645
"2009-01-30",14.415
"2009-02-02",14.57
"2009-02-03",14.725
"2009-02-04",14.75
"2009-02-05",14.865
"2009-02-06",14.545
"2009-02-09",14.425
"2009-02-10",13.73
"2009-02-11",13.855
"2009-02-12",13.645
"2009-02-13",13.635
"2009-02-17",12.935
"2009-02-18",12.62
"2009-02-19",12.55
"2009-02-20",12.1
"2009-02-23",11.525
"2009-02-24",11.615
"2009-02-25",11.8
"2009-02-26",11.75
"2009-02-27",11.565
"2009-03-02",11.145
"2009-03-03",10.66
"2009-03-04",10.855
"2009-03-05",10.28
"2009-03-06",10.47
"2009-03-09",10.23
"2009-03-10",10.465
"2009-03-11",10.625
"2009-03-12",10.705
"2009-03-13",10.825
"2009-03-16",11.085
"2009-03-17",11.375
"2009-03-18",11.79
"2009-03-19",11.81
"2009-03-20",11.62
"2009-03-23",12.225
"2009-03-24",12.16
"2009-03-25",12.13
"2009-03-26",12.43
"2009-03-27",12.26
"2009-03-30",12.035
"2009-03-31",12.345
"2009-04-01",12.34
"2009-04-02",12.37
"2009-04-03",12.345
"2009-04-06",12.295
"2009-04-07",12.185
"2009-04-08",12.4
"2009-04-09",12.545
"2009-04-13",12.26
"2009-04-14",12.06
"2009-04-15",12.035
"2009-04-16",12.075
"2009-04-17",12.14
"2009-04-20",11.92
"2009-04-21",11.705
"2009-04-22",11.515
"2009-04-23",11.515
"2009-04-24",11.555
"2009-04-27",11.625
"2009-04-28",11.34
"2009-04-29",11.23
"2009-04-30",11.18
"2009-05-01",11.18
"2009-05-04",11.49
"2009-05-05",11.975
"2009-05-06",12.03
"2009-05-07",12.13
"2009-05-08",12.27
"2009-05-11",12.13
"2009-05-12",12.12
"2009-05-13",11.9
"2009-05-14",11.95
"2009-05-15",11.785
"2009-05-18",11.92
"2009-05-19",12.105
"2009-05-20",11.925
"2009-05-21",11.805
"2009-05-22",11.755
"2009-05-26",11.99
"2009-05-27",11.725
"2009-05-28",11.875
"2009-05-29",11.865
"2009-06-01",12.31
"2009-06-02",12.315
"2009-06-03",12.13
"2009-06-04",12.14
"2009-06-05",12.11
"2009-06-08",12.03
"2009-06-09",11.945
"2009-06-10",11.905
"2009-06-11",12.305
"2009-06-12",12.545
"2009-06-15",12.39
"2009-06-16",12.305
"2009-06-17",12.41
"2009-06-18",12.73
"2009-06-19",12.62
"2009-06-22",12.715
"2009-06-23",12.385
"2009-06-24",12.445
"2009-06-25",12.65
"2009-06-26",12.79
"2009-06-29",13.085
"2009-06-30",13.065
"2009-07-01",13.44
"2009-07-02",12.9
"2009-07-06",13.215
"2009-07-07",12.925
"2009-07-08",12.855
"2009-07-09",12.8
"2009-07-10",12.67
"2009-07-13",12.795
"2009-07-14",12.905
"2009-07-15",13.155
"2009-07-16",13.14
"2009-07-17",12.85
"2009-07-20",12.865
"2009-07-21",13.035
"2009-07-22",13.01
"2009-07-23",13.27
"2009-07-24",13.435
"2009-07-27",13.305
"2009-07-28",13.175
"2009-07-29",12.965
"2009-07-30",13.13
"2009-07-31",13.08
"2009-08-03",13.3
"2009-08-04",13.185
"2009-08-05",13.085
"2009-08-06",12.725
"2009-08-07",12.985
"2009-08-10",12.96
"2009-08-11",13.06
"2009-08-12",13.3
"2009-08-13",13.27
"2009-08-14",13.225
"2009-08-17",13.145
"2009-08-18",13.2
"2009-08-19",13.28
"2009-08-20",13.24
"2009-08-21",13.345
"2009-08-24",13.435
"2009-08-25",13.5
"2009-08-26",13.525
"2009-08-27",13.45
"2009-08-28",13.395
"2009-08-31",13.17
"2009-09-01",13.055
"2009-09-02",12.94
"2009-09-03",13.005
"2009-09-04",13.035
"2009-09-08",12.96
"2009-09-09",12.995
"2009-09-10",13.085
"2009-09-11",13.085
"2009-09-14",13.275
"2009-09-15",13.56
"2009-09-16",14.14
"2009-09-17",13.97
"2009-09-18",14.09
"2009-09-21",14.02
"2009-09-22",14.015
"2009-09-23",14.1
"2009-09-24",14.15
"2009-09-25",14.2
"2009-09-28",14.3
"2009-09-29",14.11
"2009-09-30",13.925
"2009-10-01",13.64
"2009-10-02",13.44
"2009-10-05",13.565
"2009-10-06",13.58
"2009-10-07",13.53
"2009-10-08",13.53
"2009-10-09",13.59
"2009-10-12",13.585
"2009-10-13",13.61
"2009-10-14",13.585
"2009-10-15",13.78
"2009-10-16",13.86
"2009-10-19",14.15
"2009-10-20",13.965
"2009-10-21",13.84
"2009-10-22",13.945
"2009-10-23",13.735
"2009-10-26",13.545
"2009-10-27",13.64
"2009-10-28",13.335
"2009-10-29",13.405
"2009-10-30",13.28
"2009-11-02",13.185
"2009-11-03",13.205
"2009-11-04",13.35
"2009-11-05",13.68
"2009-11-06",13.675
"2009-11-09",13.77
"2009-11-10",13.885
"2009-11-11",13.89
"2009-11-12",13.625
"2009-11-13",13.805
"2009-11-16",13.97
"2009-11-17",13.945
"2009-11-18",13.85
"2009-11-19",13.715
"2009-11-20",13.69
"2009-11-23",13.8
"2009-11-24",13.78
"2009-11-25",13.87
"2009-11-27",13.625
"2009-11-30",13.74
"2009-12-01",13.94
"2009-12-02",14.235
"2009-12-03",14.435
"2009-12-04",14.565
"2009-12-07",14.635
"2009-12-08",14.76
"2009-12-09",14.785
"2009-12-10",14.91
"2009-12-11",15.235
"2009-12-14",15.35
"2009-12-15",15.245
"2009-12-16",15.34
"2009-12-17",15.05
"2009-12-18",15.24
"2009-12-21",15.395
"2009-12-22",15.425
"2009-12-23",15.48
"2009-12-24",15.595
"2009-12-28",15.445
"2009-12-29",15.445
"2009-12-30",15.38
"2009-12-31",15.13
"2010-01-04",15.175
"2010-01-05",15.53
"2010-01-06",15.65
"2010-01-07",15.735
"2010-01-08",16.040001
"2010-01-11",16.004999
"2010-01-12",16.01
"2010-01-13",16.16
"2010-01-14",16.34
"2010-01-15",16.355
"2010-01-19",16.58
"2010-01-20",16.469999
"2010-01-21",16.395
"2010-01-22",15.98
"2010-01-25",15.91
"2010-01-26",15.87
"2010-01-27",15.545
"2010-01-28",15.625
"2010-01-29",15.6
"2010-02-01",15.655
"2010-02-02",15.8
"2010-02-03",15.72
"2010-02-04",15.3
"2010-02-05",15.35
"2010-02-08",15.31
"2010-02-09",15.395
"2010-02-10",15.315
"2010-02-11",15.455
"2010-02-12",15.485
"2010-02-16",15.83
"2010-02-17",15.8
"2010-02-18",15.955
"2010-02-19",16.209999
"2010-02-22",16.215
"2010-02-23",16.040001
"2010-02-24",16.01
"2010-02-25",15.865
"2010-02-26",15.815
"2010-03-01",16.105
"2010-03-02",16.344999
"2010-03-03",16.235001
"2010-03-04",16.254999
"2010-03-05",16.424999
"2010-03-08",16.540001
"2010-03-09",16.540001
"2010-03-10",16.59
"2010-03-11",16.764999
"2010-03-12",16.885
"2010-03-15",16.805
"2010-03-16",16.745001
"2010-03-17",16.895
"2010-03-18",16.24
"2010-03-19",16.35
"2010-03-22",16.415001
"2010-03-23",16.73
"2010-03-24",16.610001
"2010-03-25",16.594999
"2010-03-26",16.58
"2010-03-29",16.725
"2010-03-30",16.690001
"2010-03-31",16.629999
"2010-04-01",16.895
"2010-04-05",16.965
"2010-04-06",17.08
"2010-04-07",16.934999
"2010-04-08",16.815001
"2010-04-09",16.805
"2010-04-12",16.885
"2010-04-13",16.879999
"2010-04-14",17.15
"2010-04-15",17.280001
"2010-04-16",17.245001
"2010-04-19",17.24
"2010-04-20",17.475
"2010-04-21",17.67
"2010-04-22",17.865
"2010-04-23",17.815001
"2010-04-26",17.68
"2010-04-27",17.1
"2010-04-28",16.91
"2010-04-29",17.07
"2010-04-30",17.1
"2010-05-03",17.264999
"2010-05-04",16.83
"2010-05-05",16.75
"2010-05-06",16.094999
"2010-05-07",15.885
"2010-05-10",16.635
"2010-05-11",16.85
"2010-05-12",17.075001
"2010-05-13",17.120001
"2010-05-14",17.059999
"2010-05-17",17.26
"2010-05-18",17.145
"2010-05-19",16.77
"2010-05-20",16.059999
"2010-05-21",15.895
"2010-05-24",15.79
"2010-05-25",15.57
"2010-05-26",15.61
"2010-05-27",16.030001
"2010-05-28",16.07
"2010-06-01",15.775
"2010-06-02",16.1
"2010-06-03",16.355
"2010-06-04",15.7
"2010-06-07",15.78
"2010-06-08",15.85
"2010-06-09",15.845
"2010-06-10",16.174999
"2010-06-11",16.195
"2010-06-14",16.225
"2010-06-15",16.545
"2010-06-16",16.780001
"2010-06-17",16.934999
"2010-06-18",16.77
"2010-06-21",16.565001
"2010-06-22",16.17
"2010-06-23",15.91
"2010-06-24",15.905
"2010-06-25",16.08
"2010-06-28",16.254999
"2010-06-29",15.855
"2010-06-30",15.87
"2010-07-01",15.68
"2010-07-02",15.735
"2010-07-06",15.915
"2010-07-07",16.450001
"2010-07-08",16.59
"2010-07-09",16.764999
"2010-07-12",16.985001
"2010-07-13",17.18
"2010-07-14",17.215
"2010-07-15",17.355
"2010-07-16",16.785
"2010-07-19",16.950001
"2010-07-20",17.205
"2010-07-21",16.959999
"2010-07-22",17.285
"2010-07-23",17.48
"2010-07-26",17.684999
"2010-07-27",18.02
"2010-07-28",17.705
"2010-07-29",17.549999
"2010-07-30",17.280001
"2010-08-02",17.4
"2010-08-03",17.385
"2010-08-04",17.525
"2010-08-05",17.469999
"2010-08-06",17.605
"2010-08-09",17.805
"2010-08-10",17.805
"2010-08-11",17.405001
"2010-08-12",17.379999
"2010-08-13",17.700001
"2010-08-16",17.735001
"2010-08-17",18.045
"2010-08-18",17.98
"2010-08-19",17.83
"2010-08-20",17.790001
"2010-08-23",17.68
"2010-08-24",17.540001
"2010-08-25",17.405001
"2010-08-26",17.465
"2010-08-27",17.719999
"2010-08-30",17.424999
"2010-08-31",17.51
"2010-09-01",17.965
"2010-09-02",17.815001
"2010-09-03",17.92
"2010-09-07",17.875
"2010-09-08",17.940001
"2010-09-09",18.065001
"2010-09-10",17.945
"2010-09-13",18.18
"2010-09-14",18.190001
"2010-09-15",18.115
"2010-09-16",18.004999
"2010-09-17",17.955
"2010-09-20",18.025
"2010-09-21",17.889999
"2010-09-22",17.975
"2010-09-23",17.780001
"2010-09-24",18.035
"2010-09-27",18.110001
"2010-09-28",18.18
"2010-09-29",18.125
"2010-09-30",18.174999
"2010-10-01",18.33
"2010-10-04",18.245001
"2010-10-05",18.299999
"2010-10-06",18.1
"2010-10-07",18.084999
"2010-10-08",18.07
"2010-10-11",18.110001
"2010-10-12",17.9
"2010-10-13",17.950001
"2010-10-14",17.959999
"2010-10-15",18.075001
"2010-10-18",18.24
"2010-10-19",18.195
"2010-10-20",18.360001
"2010-10-21",18.26
"2010-10-22",18.309999
"2010-10-25",18.395
"2010-10-26",18.325001
"2010-10-27",18.15
"2010-10-28",18.34
"2010-10-29",18.264999
"2010-11-01",18.219999
"2010-11-02",18.49
"2010-11-03",18.504999
"2010-11-04",18.76
"2010-11-05",18.815001
"2010-11-08",18.610001
"2010-11-09",18.555
"2010-11-10",18.475
"2010-11-11",18.33
"2010-11-12",18.215
"2010-11-15",18.4
"2010-11-16",18.02
"2010-11-17",18.125
"2010-11-18",18.305
"2010-11-19",18.145
"2010-11-22",18.155001
"2010-11-23",18.01
"2010-11-24",18.225
"2010-11-26",18.16
"2010-11-29",18.18
"2010-11-30",18.155001
"2010-12-01",18.469999
"2010-12-02",18.5
"2010-12-03",18.535
"2010-12-06",18.42
"2010-12-07",18.389999
"2010-12-08",18.225
"2010-12-09",18.200001
"2010-12-10",18.264999
"2010-12-13",18.4
"2010-12-14",18.525
"2010-12-15",18.25
"2010-12-16",18.51
"2010-12-17",18.424999
"2010-12-20",18.315001
"2010-12-21",18.379999
"2010-12-22",18.620001
"2010-12-23",18.535
"2010-12-27",18.475
"2010-12-28",18.51
"2010-12-29",18.424999
"2010-12-30",18.43
"2010-12-31",18.385
"2011-01-03",18.575001
"2011-01-04",18.65
"2011-01-05",18.625
"2011-01-06",18.625
"2011-01-07",18.674999
"2011-01-10",18.545
"2011-01-11",18.735001
"2011-01-12",18.635
"2011-01-13",18.615
"2011-01-14",18.715
"2011-01-18",18.85
"2011-01-19",18.719999
"2011-01-20",18.76
"2011-01-21",18.709999
"2011-01-24",18.799999
"2011-01-25",18.815001
"2011-01-26",18.735001
"2011-01-27",18.610001
"2011-01-28",18.469999
"2011-01-31",18.58
"2011-02-01",18.75
"2011-02-02",18.6
"2011-02-03",18.775
"2011-02-04",18.780001
"2011-02-07",18.92
"2011-02-08",18.950001
"2011-02-09",19.049999
"2011-02-10",19.370001
"2011-02-11",19.455
"2011-02-14",19.415001
"2011-02-15",19.625
"2011-02-16",19.445
"2011-02-17",19.52
"2011-02-18",19.52
"2011-02-22",19.375
"2011-02-23",19.235001
"2011-02-24",19.190001
"2011-02-25",19.305
"2011-02-28",19.690001
"2011-03-01",19.59
"2011-03-02",19.719999
"2011-03-03",19.950001
"2011-03-04",19.764999
"2011-03-07",19.85
"2011-03-08",20.195
"2011-03-09",20.309999
"2011-03-10",19.93
"2011-03-11",19.889999
"2011-03-14",19.605
"2011-03-15",19.215
"2011-03-16",19.075001
"2011-03-17",19.24
"2011-03-18",19.219999
"2011-03-21",19.445
"2011-03-22",19.424999
"2011-03-23",19.334999
"2011-03-24",19.370001
"2011-03-25",19.440001
"2011-03-28",19.379999
"2011-03-29",19.475
"2011-03-30",19.735001
"2011-03-31",19.465
"2011-04-01",19.635
"2011-04-04",19.745001
"2011-04-05",19.639999
"2011-04-06",19.83
"2011-04-07",19.790001
"2011-04-08",19.805
"2011-04-11",19.395
"2011-04-12",19.1
"2011-04-13",19.105
"2011-04-14",19.145
"2011-04-15",19.415001
"2011-04-18",19.1
"2011-04-19",19.055
"2011-04-20",19.235001
"2011-04-21",19.32
"2011-04-25",19.434999
"2011-04-26",19.639999
"2011-04-27",19.695
"2011-04-28",19.799999
"2011-04-29",19.77
"2011-05-02",19.735001
"2011-05-03",19.719999
"2011-05-04",19.705
"2011-05-05",19.785
"2011-05-06",20.115
"2011-05-09",20.184999
"2011-05-10",20.379999
"2011-05-11",20.389999
"2011-05-12",20.495001
"2011-05-13",20.370001
"2011-05-16",20.24
"2011-05-17",20.25
"2011-05-18",20.33
"2011-05-19",20.315001
"2011-05-20",20.275
"2011-05-23",19.93
"2011-05-24",19.959999
"2011-05-25",20.139999
"2011-05-26",20.195
"2011-05-27",20.25
"2011-05-31",20.565001
"2011-06-01",20.715
"2011-06-02",20.41
"2011-06-03",20.105
"2011-06-06",19.945
"2011-06-07",19.945
"2011-06-08",20.
"2011-06-09",19.945
"2011-06-10",19.805
"2011-06-13",19.775
"2011-06-14",19.965
"2011-06-15",19.690001
"2011-06-16",19.735001
"2011-06-17",19.865
"2011-06-20",20.135
"2011-06-21",20.190001
"2011-06-22",20.059999
"2011-06-23",19.885
"2011-06-24",19.91
"2011-06-27",20.030001
"2011-06-28",20.110001
"2011-06-29",20.18
"2011-06-30",20.33
"2011-07-01",20.709999
"2011-07-05",20.645
"2011-07-06",20.905001
"2011-07-07",20.915001
"2011-07-08",20.895
"2011-07-11",20.57
"2011-07-12",20.610001
"2011-07-13",20.530001
"2011-07-14",20.290001
"2011-07-15",20.4
"2011-07-18",20.059999
"2011-07-19",20.254999
"2011-07-20",20.405001
"2011-07-21",20.629999
"2011-07-22",20.49
"2011-07-25",20.440001
"2011-07-26",20.280001
"2011-07-27",19.905001
"2011-07-28",19.82
"2011-07-29",19.705
"2011-08-01",19.844999
"2011-08-02",19.605
"2011-08-03",19.615
"2011-08-04",18.559999
"2011-08-05",18.415001
"2011-08-08",17.15
"2011-08-09",18.190001
"2011-08-10",17.975
"2011-08-11",18.745001
"2011-08-12",18.709999
"2011-08-15",19.549999
"2011-08-16",19.389999
"2011-08-17",19.620001
"2011-08-18",19.049999
"2011-08-19",18.955
"2011-08-22",18.775
"2011-08-23",19.450001
"2011-08-24",20.004999
"2011-08-25",19.715
"2011-08-26",19.735001
"2011-08-29",20.17
"2011-08-30",20.195
"2011-08-31",20.285
"2011-09-01",20.035
"2011-09-02",19.635
"2011-09-06",19.575001
"2011-09-07",19.834999
"2011-09-08",19.775
"2011-09-09",19.215
"2011-09-12",19.275
"2011-09-13",19.540001
"2011-09-14",19.67
"2011-09-15",19.855
"2011-09-16",20.014999
"2011-09-19",20.01
"2011-09-20",20.065001
"2011-09-21",19.57
"2011-09-22",19.18
"2011-09-23",19.27
"2011-09-26",19.32
"2011-09-27",19.530001
"2011-09-28",19.25
"2011-09-29",19.434999
"2011-09-30",19.34
"2011-10-03",18.985001
"2011-10-04",18.870001
"2011-10-05",19.01
"2011-10-06",19.34
"2011-10-07",19.469999
"2011-10-10",19.764999
"2011-10-11",19.655001
"2011-10-12",19.809999
"2011-10-13",19.950001
"2011-10-14",20.275
"2011-10-17",20.094999
"2011-10-18",20.360001
"2011-10-19",20.295
"2011-10-20",20.334999
"2011-10-21",20.705
"2011-10-24",20.885
"2011-10-25",20.209999
"2011-10-26",20.4
"2011-10-27",20.540001
"2011-10-28",20.530001
"2011-10-31",20.389999
"2011-11-01",19.76
"2011-11-02",20.23
"2011-11-03",20.674999
"2011-11-04",20.459999
"2011-11-07",20.764999
"2011-11-08",20.945
"2011-11-09",20.745001
"2011-11-10",20.700001
"2011-11-11",21.155001
"2011-11-14",20.735001
"2011-11-15",21.075001
"2011-11-16",20.895
"2011-11-17",20.855
"2011-11-18",20.83
"2011-11-21",20.635
"2011-11-22",20.455
"2011-11-23",20.155001
"2011-11-25",20.195
"2011-11-28",20.355
"2011-11-29",20.540001
"2011-11-30",21.105
"2011-12-01",21.1
"2011-12-02",20.799999
"2011-12-05",21.09
"2011-12-06",21.16
"2011-12-07",21.055
"2011-12-08",20.809999
"2011-12-09",21.030001
"2011-12-12",20.85
"2011-12-13",20.93
"2011-12-14",20.735001
"2011-12-15",21.065001
"2011-12-16",20.98
"2011-12-19",20.895
"2011-12-20",21.455
"2011-12-21",21.715
"2011-12-22",21.665001
"2011-12-23",21.934999
"2011-12-27",22.139999
"2011-12-28",21.99
"2011-12-29",22.16
"2011-12-30",22.055
"2012-01-03",21.76
"2012-01-04",21.615
"2012-01-05",21.83
"2012-01-06",21.719999
"2012-01-09",21.674999
"2012-01-10",21.709999
"2012-01-11",21.584999
"2012-01-12",21.459999
"2012-01-13",21.434999
"2012-01-17",21.555
"2012-01-18",21.615
"2012-01-19",21.305
"2012-01-20",21.540001
"2012-01-23",21.375
"2012-01-24",21.125
"2012-01-25",21.52
"2012-01-26",21.610001
"2012-01-27",21.254999
"2012-01-30",21.049999
"2012-01-31",21.195
"2012-02-01",21.41
"2012-02-02",21.375
"2012-02-03",21.485001
"2012-02-06",21.530001
"2012-02-07",21.700001
"2012-02-08",21.715
"2012-02-09",21.68
"2012-02-10",21.540001
"2012-02-13",21.365
"2012-02-14",21.365
"2012-02-15",21.379999
"2012-02-16",21.549999
"2012-02-17",21.565001
"2012-02-21",21.415001
"2012-02-22",21.525
"2012-02-23",21.57
"2012-02-24",21.645
"2012-02-27",21.625
"2012-02-28",21.405001
"2012-02-29",21.32
"2012-03-01",21.360001
"2012-03-02",21.24
"2012-03-05",21.254999
"2012-03-06",21.305
"2012-03-07",21.475
"2012-03-08",21.549999
"2012-03-09",21.695
"2012-03-12",21.805
"2012-03-13",21.84
"2012-03-14",21.4
"2012-03-15",21.469999
"2012-03-16",21.5
"2012-03-19",21.440001
"2012-03-20",21.405001
"2012-03-21",21.33
"2012-03-22",21.190001
"2012-03-23",21.145
"2012-03-26",21.625
"2012-03-27",21.58
"2012-03-28",21.584999
"2012-03-29",21.799999
"2012-03-30",21.66
"2012-04-02",21.67
"2012-04-03",21.725
"2012-04-04",21.665001
"2012-04-05",21.49
"2012-04-09",21.485001
"2012-04-10",21.155001
"2012-04-11",21.174999
"2012-04-12",21.42
"2012-04-13",21.405001
"2012-04-16",21.575001
"2012-04-17",21.82
"2012-04-18",21.754999
"2012-04-19",21.735001
"2012-04-20",22.084999
"2012-04-23",22.02
"2012-04-24",22.34
"2012-04-25",22.5
"2012-04-26",22.389999
"2012-04-27",22.584999
"2012-04-30",22.620001
"2012-05-01",22.665001
"2012-05-02",22.620001
"2012-05-03",22.33
"2012-05-04",21.950001
"2012-05-07",21.719999
"2012-05-08",22.049999
"2012-05-09",21.950001
"2012-05-10",22.18
"2012-05-11",22.309999
"2012-05-14",22.385
"2012-05-15",22.325001
"2012-05-16",22.195
"2012-05-17",21.9
"2012-05-18",21.735001
"2012-05-21",21.815001
"2012-05-22",22.065001
"2012-05-23",21.83
"2012-05-24",21.965
"2012-05-25",22.02
"2012-05-29",22.049999
"2012-05-30",21.805
"2012-05-31",21.844999
"2012-06-01",21.705
"2012-06-04",21.735001
"2012-06-05",21.940001
"2012-06-06",22.219999
"2012-06-07",22.344999
"2012-06-08",22.459999
"2012-06-11",22.455
"2012-06-12",22.549999
"2012-06-13",22.555
"2012-06-14",22.555
"2012-06-15",22.75
"2012-06-18",22.905001
"2012-06-19",22.73
"2012-06-20",22.555
"2012-06-21",22.32
"2012-06-22",22.49
"2012-06-25",22.309999
"2012-06-26",22.305
"2012-06-27",22.459999
"2012-06-28",22.65
"2012-06-29",22.785
"2012-07-02",23.125
"2012-07-03",22.965
"2012-07-05",22.83
"2012-07-06",22.780001
"2012-07-09",22.725
"2012-07-10",22.700001
"2012-07-11",22.834999
"2012-07-12",22.875
"2012-07-13",23.325001
"2012-07-16",23.305
"2012-07-17",23.43
"2012-07-18",23.629999
"2012-07-19",23.615
"2012-07-20",23.75
"2012-07-23",23.475
"2012-07-24",23.219999
"2012-07-25",23.094999
"2012-07-26",23.49
"2012-07-27",23.469999
"2012-07-30",23.625
"2012-07-31",23.355
"2012-08-01",23.23
"2012-08-02",23.280001
"2012-08-03",23.475
"2012-08-06",23.389999
"2012-08-07",23.125
"2012-08-08",23.09
"2012-08-09",22.975
"2012-08-10",23.035
"2012-08-13",22.965
"2012-08-14",23.09
"2012-08-15",23.135
"2012-08-16",23.025
"2012-08-17",22.995001
"2012-08-20",22.885
"2012-08-21",22.799999
"2012-08-22",22.67
"2012-08-23",22.309999
"2012-08-24",22.315001
"2012-08-27",22.34
"2012-08-28",22.254999
"2012-08-29",22.205
"2012-08-30",22.125
"2012-08-31",22.040001
"2012-09-04",22.205
"2012-09-05",22.174999
"2012-09-06",22.665001
"2012-09-07",22.4
"2012-09-10",22.379999
"2012-09-11",22.32
"2012-09-12",22.129999
"2012-09-13",22.32
"2012-09-14",22.094999
"2012-09-17",21.895
"2012-09-18",21.844999
"2012-09-19",21.85
"2012-09-20",21.790001
"2012-09-21",21.584999
"2012-09-24",21.885
"2012-09-25",21.83
"2012-09-26",21.924999
"2012-09-27",21.620001
"2012-09-28",21.695
"2012-10-01",21.6
"2012-10-02",21.745001
"2012-10-03",22.084999
"2012-10-04",22.26
"2012-10-05",22.075001
"2012-10-08",22.205
"2012-10-09",22.235001
"2012-10-10",22.084999
"2012-10-11",22.200001
"2012-10-12",22.055
"2012-10-15",22.280001
"2012-10-16",22.299999
"2012-10-17",22.615
"2012-10-18",22.65
"2012-10-19",22.584999
"2012-10-22",22.459999
"2012-10-23",22.325001
"2012-10-24",22.165001
"2012-10-25",22.245001
"2012-10-26",22.245001
"2012-10-31",22.35
"2012-11-01",22.415001
"2012-11-02",22.025
"2012-11-05",21.75
"2012-11-06",21.915001
"2012-11-07",21.395
"2012-11-08",21.385
"2012-11-09",21.85
"2012-11-12",21.790001
"2012-11-13",21.73
"2012-11-14",21.379999
"2012-11-15",21.190001
"2012-11-16",21.73
"2012-11-19",21.725
"2012-11-20",21.924999
"2012-11-21",21.879999
"2012-11-23",21.860001
"2012-11-26",21.969999
"2012-11-27",22.02
"2012-11-28",22.1
"2012-11-29",22.205
"2012-11-30",22.41
"2012-12-03",22.245001
"2012-12-04",22.165001
"2012-12-05",22.365
"2012-12-06",22.285
"2012-12-07",22.275
"2012-12-10",22.315001
"2012-12-11",22.325001
"2012-12-12",22.209999
"2012-12-13",22.125
"2012-12-14",21.889999
"2012-12-17",22.5
"2012-12-18",22.51
"2012-12-19",22.360001
"2012-12-20",22.43
"2012-12-21",22.264999
"2012-12-24",22.215
"2012-12-26",21.985001
"2012-12-27",21.945
"2012-12-28",21.780001
"2012-12-31",21.955
"2013-01-02",22.57
"2013-01-03",22.58
"2013-01-04",22.709999
"2013-01-07",22.545
"2013-01-08",22.540001
"2013-01-09",22.65
"2013-01-10",22.844999
"2013-01-11",22.875
"2013-01-14",22.905001
"2013-01-15",22.905001
"2013-01-16",22.74
"2013-01-17",22.825001
"2013-01-18",22.844999
"2013-01-22",23.02
"2013-01-23",22.92
"2013-01-24",22.945
"2013-01-25",22.9
"2013-01-28",22.860001
"2013-01-29",22.83
"2013-01-30",22.825001
"2013-01-31",22.92
"2013-02-01",23.115
"2013-02-04",22.905001
"2013-02-05",22.985001
"2013-02-06",23.055
"2013-02-07",23.15
"2013-02-08",23.190001
"2013-02-11",23.254999
"2013-02-12",23.32
"2013-02-13",23.305
"2013-02-14",23.5
"2013-02-15",23.469999
"2013-02-19",24.01
"2013-02-20",23.780001
"2013-02-21",23.790001
"2013-02-22",23.99
"2013-02-25",23.665001
"2013-02-26",23.709999
"2013-02-27",23.91
"2013-02-28",23.844999
"2013-03-01",23.855
"2013-03-04",23.975
"2013-03-05",24.16
"2013-03-06",24.129999
"2013-03-07",23.865
"2013-03-08",24.120001
"2013-03-11",24.23
"2013-03-12",24.16
"2013-03-13",24.285
"2013-03-14",24.385
"2013-03-15",24.385
"2013-03-18",24.33
"2013-03-19",24.33
"2013-03-20",24.540001
"2013-03-21",24.440001
"2013-03-22",24.58
"2013-03-25",24.49
"2013-03-26",24.610001
"2013-03-27",24.67
"2013-03-28",25.09
"2013-04-01",24.959999
"2013-04-02",24.965
"2013-04-03",24.834999
"2013-04-04",25.09
"2013-04-05",25.32
"2013-04-08",25.455
"2013-04-09",25.4
"2013-04-10",25.690001
"2013-04-11",25.75
"2013-04-12",25.805
"2013-04-15",25.325001
"2013-04-16",25.655001
"2013-04-17",25.58
"2013-04-18",25.59
"2013-04-19",25.955
"2013-04-22",25.93
"2013-04-23",26.09
"2013-04-24",26.195
"2013-04-25",26.200001
"2013-04-26",25.985001
"2013-04-29",26.4
"2013-04-30",26.754999
"2013-05-01",26.334999
"2013-05-02",26.465
"2013-05-03",26.615
"2013-05-06",26.26
"2013-05-07",26.549999
"2013-05-08",26.34
"2013-05-09",25.855
"2013-05-10",26.049999
"2013-05-13",25.844999
"2013-05-14",26.02
"2013-05-15",26.395
"2013-05-16",26.16
"2013-05-17",26.405001
"2013-05-20",26.145
"2013-05-21",26.219999
"2013-05-22",25.715
"2013-05-23",25.51
"2013-05-24",25.385
"2013-05-28",25.219999
"2013-05-29",24.65
"2013-05-30",24.915001
"2013-05-31",24.629999
"2013-06-03",24.700001
"2013-06-04",24.530001
"2013-06-05",24.27
"2013-06-06",24.514999
"2013-06-07",24.725
"2013-06-10",24.655001
"2013-06-11",24.530001
"2013-06-12",24.27
"2013-06-13",24.674999
"2013-06-14",24.834999
"2013-06-17",24.84
"2013-06-18",25.040001
"2013-06-19",24.455
"2013-06-20",23.655001
"2013-06-21",23.93
"2013-06-24",24.004999
"2013-06-25",24.379999
"2013-06-26",24.66
"2013-06-27",24.985001
"2013-06-28",25.209999
"2013-07-01",24.83
"2013-07-02",24.83
"2013-07-03",24.844999
"2013-07-05",24.965
"2013-07-08",25.25
"2013-07-09",25.514999
"2013-07-10",25.719999
"2013-07-11",26.174999
"2013-07-12",26.145
"2013-07-15",26.700001
"2013-07-16",26.6
"2013-07-17",26.594999
"2013-07-18",26.945
"2013-07-19",26.969999
"2013-07-22",26.844999
"2013-07-23",26.885
"2013-07-24",26.594999
"2013-07-25",26.764999
"2013-07-26",26.82
"2013-07-29",26.4
"2013-07-30",26.41
"2013-07-31",26.485001
"2013-08-01",26.870001
"2013-08-02",26.77
"2013-08-05",26.620001
"2013-08-06",26.465
"2013-08-07",26.450001
"2013-08-08",26.525
"2013-08-09",26.459999
"2013-08-12",26.455
"2013-08-13",26.285
"2013-08-14",26.125
"2013-08-15",25.77
"2013-08-16",25.395
"2013-08-19",25.200001
"2013-08-20",25.455
"2013-08-21",25.08
"2013-08-22",25.105
"2013-08-23",25.295
"2013-08-26",25.1
"2013-08-27",25.094999
"2013-08-28",25.245001
"2013-08-29",25.045
"2013-08-30",24.805
"2013-09-03",24.395
"2013-09-04",24.504999
"2013-09-05",24.275
"2013-09-06",24.17
"2013-09-09",24.360001
"2013-09-10",24.469999
"2013-09-11",24.424999
"2013-09-12",24.315001
"2013-09-13",24.43
"2013-09-16",24.52
"2013-09-17",24.51
"2013-09-18",25.1
"2013-09-19",25.02
"2013-09-20",24.68
"2013-09-23",25.129999
"2013-09-24",25.07
"2013-09-25",25.025
"2013-09-26",25.1
"2013-09-27",24.855
"2013-09-30",24.775
"2013-10-01",25.094999
"2013-10-02",25.02
"2013-10-03",24.700001
"2013-10-04",24.66
"2013-10-07",24.469999
"2013-10-08",24.68
"2013-10-09",24.780001
"2013-10-10",25.325001
"2013-10-11",25.440001
"2013-10-14",25.235001
"2013-10-15",24.85
"2013-10-16",25.004999
"2013-10-17",25.535
"2013-10-18",25.594999
"2013-10-21",25.65
"2013-10-22",25.965
"2013-10-23",26.025
"2013-10-24",25.995001
"2013-10-25",26.379999
"2013-10-28",26.360001
"2013-10-29",26.280001
"2013-10-30",26.110001
"2013-10-31",26.110001
"2013-11-01",26.27
"2013-11-04",26.26
"2013-11-05",25.995001
"2013-11-06",26.205
"2013-11-07",26.030001
"2013-11-08",26.434999
"2013-11-11",26.459999
"2013-11-12",26.215
"2013-11-13",26.32
"2013-11-14",26.719999
"2013-11-15",26.795
"2013-11-18",26.639999
"2013-11-19",26.555
"2013-11-20",26.285
"2013-11-21",26.34
"2013-11-22",26.309999
"2013-11-25",26.120001
"2013-11-26",25.85
"2013-11-27",25.805
"2013-11-29",25.75
"2013-12-02",25.875
"2013-12-03",25.91
"2013-12-04",26.004999
"2013-12-05",25.91
"2013-12-06",26.275
"2013-12-09",26.120001
"2013-12-10",25.639999
"2013-12-11",25.25
"2013-12-12",25.530001
"2013-12-13",25.504999
"2013-12-16",25.665001
"2013-12-17",25.715
"2013-12-18",25.924999
"2013-12-19",25.629999
"2013-12-20",25.885
"2013-12-23",25.790001
"2013-12-24",25.875
"2013-12-26",25.725
"2013-12-27",25.809999
"2013-12-30",25.799999
"2013-12-31",25.799999
"2014-01-02",25.389999
"2014-01-03",25.344999
"2014-01-06",25.245001
"2014-01-07",25.485001
"2014-01-08",25.395
"2014-01-09",25.65
"2014-01-10",25.934999
"2014-01-13",25.674999
"2014-01-14",25.75
"2014-01-15",25.635
"2014-01-16",25.719999
"2014-01-17",25.645
"2014-01-21",25.959999
"2014-01-22",25.895
"2014-01-23",25.844999
"2014-01-24",25.375
"2014-01-27",25.49
"2014-01-28",25.575001
"2014-01-29",25.385
"2014-01-30",25.875
"2014-01-31",25.98
"2014-02-03",25.475
"2014-02-04",25.514999
"2014-02-05",25.299999
"2014-02-06",25.445
"2014-02-07",25.645
"2014-02-10",25.82
"2014-02-11",26.280001
"2014-02-12",26.32
"2014-02-13",26.57
"2014-02-14",26.834999
"2014-02-18",26.93
"2014-02-19",26.605
"2014-02-20",26.85
"2014-02-21",26.875
"2014-02-24",26.754999
"2014-02-25",26.895
"2014-02-26",26.885
"2014-02-27",26.83
"2014-02-28",27.120001
"2014-03-03",26.754999
"2014-03-04",27.145
"2014-03-05",26.879999
"2014-03-06",26.695
"2014-03-07",26.865
"2014-03-10",26.84
"2014-03-11",26.655001
"2014-03-12",27.084999
"2014-03-13",27.35
"2014-03-14",27.35
"2014-03-17",27.59
"2014-03-18",27.625
"2014-03-19",27.125
"2014-03-20",26.959999
"2014-03-21",27.18
"2014-03-24",27.25
"2014-03-25",27.434999
"2014-03-26",27.834999
"2014-03-27",27.855
"2014-03-28",27.955
"2014-03-31",28.405001
"2014-04-01",28.280001
"2014-04-02",28.355
"2014-04-03",28.285
"2014-04-04",28.219999
"2014-04-07",28.02
"2014-04-08",28.16
"2014-04-09",28.184999
"2014-04-10",28.26
"2014-04-11",28.375
"2014-04-14",28.549999
"2014-04-15",28.950001
"2014-04-16",29.17
"2014-04-17",28.865
"2014-04-21",28.73
"2014-04-22",28.785
"2014-04-23",28.905001
"2014-04-24",28.940001
"2014-04-25",29.375
"2014-04-28",29.18
"2014-04-29",29.07
"2014-04-30",29.24
"2014-05-01",29.389999
"2014-05-02",28.855
"2014-05-05",29.215
"2014-05-06",28.995001
"2014-05-07",29.41
"2014-05-08",29.16
"2014-05-09",28.75
"2014-05-12",28.594999
"2014-05-13",28.674999
"2014-05-14",28.785
"2014-05-15",28.67
"2014-05-16",28.77
"2014-05-19",28.34
"2014-05-20",28.235001
"2014-05-21",28.285
"2014-05-22",28.49
"2014-05-23",28.545
"2014-05-27",28.695
"2014-05-28",28.969999
"2014-05-29",28.875
"2014-05-30",29.15
"2014-06-02",29.105
"2014-06-03",29.049999
"2014-06-04",29.094999
"2014-06-05",29.35
"2014-06-06",29.344999
"2014-06-09",29.215
"2014-06-10",29.045
"2014-06-11",28.639999
"2014-06-12",28.76
"2014-06-13",28.83
"2014-06-16",29.18
"2014-06-17",29.155001
"2014-06-18",29.66
"2014-06-19",29.799999
"2014-06-20",29.705
"2014-06-23",29.620001
"2014-06-24",29.725
"2014-06-25",29.934999
"2014-06-26",29.995001
"2014-06-27",30.040001
"2014-06-30",30.43
"2014-07-01",30.035
"2014-07-02",29.344999
"2014-07-03",29.290001
"2014-07-07",29.344999
"2014-07-08",29.58
"2014-07-09",29.525
"2014-07-10",29.775
"2014-07-11",29.565001
"2014-07-14",29.275
"2014-07-15",29.469999
"2014-07-16",29.385
"2014-07-17",29.135
"2014-07-18",29.469999
"2014-07-21",29.450001
"2014-07-22",29.6
"2014-07-23",29.665001
"2014-07-24",29.690001
"2014-07-25",29.395
"2014-07-28",29.91
"2014-07-29",29.285
"2014-07-30",28.805
"2014-07-31",28.25
"2014-08-01",28.424999
"2014-08-04",28.26
"2014-08-05",27.955
"2014-08-06",27.68
"2014-08-07",27.559999
"2014-08-08",27.950001
"2014-08-11",27.9
"2014-08-12",27.93
"2014-08-13",28.209999
"2014-08-14",28.344999
"2014-08-15",28.445
"2014-08-18",28.43
"2014-08-19",28.715
"2014-08-20",28.815001
"2014-08-21",28.9
"2014-08-22",28.785
"2014-08-25",29.059999
"2014-08-26",28.715
"2014-08-27",28.99
"2014-08-28",29.135
"2014-08-29",29.245001
"2014-09-02",29.055
"2014-09-03",29.235001
"2014-09-04",29.24
"2014-09-05",29.605
"2014-09-08",29.475
"2014-09-09",29.035
"2014-09-10",28.91
"2014-09-11",29.174999
"2014-09-12",28.545
"2014-09-15",28.610001
"2014-09-16",28.834999
"2014-09-17",28.754999
"2014-09-18",28.514999
"2014-09-19",28.67
"2014-09-22",28.48
"2014-09-23",28.16
"2014-09-24",27.965
"2014-09-25",27.605
"2014-09-26",27.66
"2014-09-29",27.695
"2014-09-30",27.705
"2014-10-01",27.9
"2014-10-02",27.915001
"2014-10-03",28.225
"2014-10-06",28.165001
"2014-10-07",28.145
"2014-10-08",28.695
"2014-10-09",28.15
"2014-10-10",28.455
"2014-10-13",28.575001
"2014-10-14",29.145
"2014-10-15",28.780001
"2014-10-16",28.870001
"2014-10-17",29.035
"2014-10-20",29.629999
"2014-10-21",29.85
"2014-10-22",29.99
"2014-10-23",30.045
"2014-10-24",30.18
"2014-10-27",30.295
"2014-10-28",30.51
"2014-10-29",30.200001
"2014-10-30",30.955
"2014-10-31",30.955
"2014-11-03",31.195
"2014-11-04",30.91
"2014-11-05",31.545
"2014-11-06",30.895
"2014-11-07",31.375
"2014-11-10",31.700001
"2014-11-11",31.715
"2014-11-12",31.245001
"2014-11-13",30.889999
"2014-11-14",30.885
"2014-11-17",31.040001
"2014-11-18",31.280001
"2014-11-19",31.275
"2014-11-20",31.190001
"2014-11-21",31.105
"2014-11-24",30.93
"2014-11-25",30.9
"2014-11-26",31.1
"2014-11-28",31.434999
"2014-12-01",31.725
"2014-12-02",31.865
"2014-12-03",31.985001
"2014-12-04",32.115002
"2014-12-05",31.875
"2014-12-08",32.240002
"2014-12-09",32.314999
"2014-12-10",31.879999
"2014-12-11",32.154999
"2014-12-12",31.700001
"2014-12-15",31.33
"2014-12-16",31.379999
"2014-12-17",32.080002
"2014-12-18",32.724998
"2014-12-19",32.735001
"2014-12-22",33.049999
"2014-12-23",33.154999
"2014-12-24",33.705002
"2014-12-26",34.075001
"2014-12-29",34.66
"2014-12-30",33.855
"2014-12-31",33.209999
"2015-01-02",33.25
"2015-01-05",32.845001
"2015-01-06",32.740002
"2015-01-07",33.279999
"2015-01-08",33.805
"2015-01-09",33.325001
"2015-01-12",33.235001
"2015-01-13",33.465
"2015-01-14",34.080002
"2015-01-15",34.16
"2015-01-16",34.799999
"2015-01-20",34.785
"2015-01-21",35.035
"2015-01-22",35.025002
"2015-01-23",35.099998
"2015-01-26",35.084999
"2015-01-27",35.009998
"2015-01-28",34.599998
"2015-01-29",35.16
"2015-01-30",34.305
"2015-02-02",34.465
"2015-02-03",34.555
"2015-02-04",34.055
"2015-02-05",34.404999
"2015-02-06",32.889999
"2015-02-09",32.32
"2015-02-10",33.040001
"2015-02-11",32.330002
"2015-02-12",32.23
"2015-02-13",31.785
"2015-02-17",31.709999
"2015-02-18",32.52
"2015-02-19",32.275002
"2015-02-20",32.305
"2015-02-23",32.544998
"2015-02-24",32.755001
"2015-02-25",32.185001
"2015-02-26",31.855
"2015-02-27",31.799999
"2015-03-02",31.205
"2015-03-03",31.32
"2015-03-04",31.045
"2015-03-05",31.1
"2015-03-06",30.125
"2015-03-09",30.35
"2015-03-10",30.334999
"2015-03-11",30.155001
"2015-03-12",30.575001
"2015-03-13",30.26
"2015-03-16",30.895
"2015-03-17",30.844999
"2015-03-18",31.51
"2015-03-19",31.360001
"2015-03-20",31.790001
"2015-03-23",31.715
"2015-03-24",31.27
"2015-03-25",31.01
"2015-03-26",30.65
"2015-03-27",30.82
"2015-03-30",31.290001
"2015-03-31",31.5
"2015-04-01",31.424999
"2015-04-02",31.455
"2015-04-06",31.825001
"2015-04-07",31.299999
"2015-04-08",31.26
"2015-04-09",31.254999
"2015-04-10",31.57
"2015-04-13",31.370001
"2015-04-14",31.504999
"2015-04-15",31.405001
"2015-04-16",31.184999
"2015-04-17",31.075001
"2015-04-20",31.540001
"2015-04-21",31.299999
"2015-04-22",31.375
"2015-04-23",31.440001
"2015-04-24",31.665001
"2015-04-27",31.155001
"2015-04-28",31.110001
"2015-04-29",30.879999
"2015-04-30",30.235001
"2015-05-01",30.504999
"2015-05-04",30.934999
"2015-05-05",30.219999
"2015-05-06",30.094999
"2015-05-07",30.145
"2015-05-08",30.129999
"2015-05-11",30.045
"2015-05-12",29.950001
"2015-05-13",29.735001
"2015-05-14",30.135
"2015-05-15",30.5
"2015-05-18",30.615
"2015-05-19",30.629999
"2015-05-20",30.700001
"2015-05-21",30.665001
"2015-05-22",30.605
"2015-05-26",30.34
"2015-05-27",30.629999
"2015-05-28",30.73
"2015-05-29",30.65
"2015-06-01",30.695
"2015-06-02",30.26
"2015-06-03",29.805
"2015-06-04",29.530001
"2015-06-05",29.145
"2015-06-08",29.02
"2015-06-09",28.905001
"2015-06-10",29.02
"2015-06-11",29.395
"2015-06-12",29.059999
"2015-06-15",28.934999
"2015-06-16",29.139999
"2015-06-17",29.295
"2015-06-18",29.715
"2015-06-19",29.57
"2015-06-22",29.525
"2015-06-23",29.059999
"2015-06-24",28.84
"2015-06-25",28.684999
"2015-06-26",28.92
"2015-06-29",28.77
"2015-06-30",28.860001
"2015-07-01",29.065001
"2015-07-02",29.504999
"2015-07-06",29.549999
"2015-07-07",30.389999
"2015-07-08",30.205
"2015-07-09",29.795
"2015-07-10",30.045
"2015-07-13",30.135
"2015-07-14",30.15
"2015-07-15",30.200001
"2015-07-16",30.67
"2015-07-17",30.235001
"2015-07-20",30.125
"2015-07-21",29.815001
"2015-07-22",30.035
"2015-07-23",29.584999
"2015-07-24",29.629999
"2015-07-27",30.125
"2015-07-28",30.27
"2015-07-29",30.209999
"2015-07-30",30.485001
"2015-07-31",30.754999
"2015-08-03",30.795
"2015-08-04",30.4
"2015-08-05",30.540001
"2015-08-06",30.315001
"2015-08-07",30.360001
"2015-08-10",30.315001
"2015-08-11",30.325001
"2015-08-12",30.66
"2015-08-13",30.76
"2015-08-14",30.870001
"2015-08-17",31.459999
"2015-08-18",31.165001
"2015-08-19",31.245001
"2015-08-20",30.92
"2015-08-21",30.365
"2015-08-24",29.02
"2015-08-25",28.049999
"2015-08-26",28.33
"2015-08-27",28.865
"2015-08-28",28.9
"2015-08-31",28.334999
"2015-09-01",27.559999
"2015-09-02",27.565001
"2015-09-03",27.690001
"2015-09-04",27.275
"2015-09-08",27.799999
"2015-09-09",27.504999
"2015-09-10",27.42
"2015-09-11",27.625
"2015-09-14",27.700001
"2015-09-15",27.799999
"2015-09-16",28.105
"2015-09-17",28.540001
"2015-09-18",28.375
"2015-09-21",28.575001
"2015-09-22",28.35
"2015-09-23",28.389999
"2015-09-24",28.68
"2015-09-25",28.99
"2015-09-28",29.02
"2015-09-29",28.870001
"2015-09-30",29.245001
"2015-10-01",28.795
"2015-10-02",29.184999
"2015-10-05",29.48
"2015-10-06",29.235001
"2015-10-07",29.110001
"2015-10-08",29.469999
"2015-10-09",29.360001
"2015-10-12",29.684999
"2015-10-13",29.700001
"2015-10-14",29.764999
"2015-10-15",30.264999
"2015-10-16",30.360001
"2015-10-19",30.495001
"2015-10-20",30.6
"2015-10-21",30.41
"2015-10-22",30.77
"2015-10-23",30.18
"2015-10-26",30.295
"2015-10-27",30.190001
"2015-10-28",29.65
"2015-10-29",29.334999
"2015-10-30",29.51
"2015-11-02",29.77
"2015-11-03",29.860001
"2015-11-04",30.055
"2015-11-05",30.014999
"2015-11-06",28.495001
"2015-11-09",28.405001
"2015-11-10",29.075001
"2015-11-11",29.415001
"2015-11-12",29.215
"2015-11-13",29.245001
"2015-11-16",29.99
"2015-11-17",29.49
"2015-11-18",29.65
"2015-11-19",30.225
"2015-11-20",30.540001
"2015-11-23",30.125
"2015-11-24",30.045
"2015-11-25",29.855
"2015-11-27",29.940001
"2015-11-30",30.094999
"2015-12-01",30.700001
"2015-12-02",30.309999
"2015-12-03",29.695
"2015-12-04",30.174999
"2015-12-07",30.165001
"2015-12-08",30.344999
"2015-12-09",30.139999
"2015-12-10",29.405001
"2015-12-11",29.295
"2015-12-14",29.395
"2015-12-15",29.655001
"2015-12-16",30.379999
"2015-12-17",31.855
"2015-12-18",31.23
"2015-12-21",30.965
"2015-12-22",31.145
"2015-12-23",31.440001
"2015-12-24",31.344999
"2015-12-28",31.615
"2015-12-29",31.690001
"2015-12-30",31.725
"2015-12-31",31.225
"2016-01-04",31.139999
"2016-01-05",31.280001
"2016-01-06",31.32
"2016-01-07",30.99
"2016-01-08",30.98
"2016-01-11",31.08
"2016-01-12",30.83
"2016-01-13",30.85
"2016-01-14",31.315001
"2016-01-15",31.209999
"2016-01-19",31.540001
"2016-01-20",30.879999
"2016-01-21",30.785
"2016-01-22",31.559999
"2016-01-25",31.18
"2016-01-26",31.450001
"2016-01-27",31.139999
"2016-01-28",31.815001
"2016-01-29",32.669998
"2016-02-01",32.98
"2016-02-02",33.23
"2016-02-03",33.900002
"2016-02-04",33.735001
"2016-02-05",33.884998
"2016-02-08",33.974998
"2016-02-09",34.174999
"2016-02-10",34.145
"2016-02-11",33.59
"2016-02-12",33.48
"2016-02-16",33.485001
"2016-02-17",33.209999
"2016-02-18",33.700001
"2016-02-19",33.560001
"2016-02-22",33.900002
"2016-02-23",34.380001
"2016-02-24",34.584999
"2016-02-25",35.014999
"2016-02-26",34.055
"2016-02-29",33.974998
"2016-03-01",33.974998
"2016-03-02",34.25
"2016-03-03",34.34
"2016-03-04",34.68
"2016-03-07",34.779999
"2016-03-08",35.209999
"2016-03-09",35.415001
"2016-03-10",35.360001
"2016-03-11",35.424999
"2016-03-14",35.389999
"2016-03-15",35.709999
"2016-03-16",36.025002
"2016-03-17",36.32
"2016-03-18",36.209999
"2016-03-21",35.994999
"2016-03-22",35.965
"2016-03-23",36.299999
"2016-03-24",36.494999
"2016-03-28",36.41
"2016-03-29",37.075001
"2016-03-30",36.945
"2016-03-31",37.139999
"2016-04-01",37.514999
"2016-04-04",37.455002
"2016-04-05",36.755001
"2016-04-06",36.735001
"2016-04-07",36.709999
"2016-04-08",36.884998
"2016-04-11",36.57
"2016-04-12",36.825001
"2016-04-13",36.459999
"2016-04-14",36.310001
"2016-04-15",36.654999
"2016-04-18",36.709999
"2016-04-19",36.605
"2016-04-20",35.450001
"2016-04-21",34.389999
"2016-04-22",34.549999
"2016-04-25",34.48
"2016-04-26",34.525002
"2016-04-27",34.654999
"2016-04-28",34.764999
"2016-04-29",35.259998
"2016-05-02",35.639999
"2016-05-03",35.654999
"2016-05-04",36.075001
"2016-05-05",36.25
"2016-05-06",36.215
"2016-05-09",36.470001
"2016-05-10",36.599998
"2016-05-11",36.700001
"2016-05-12",37.049999
"2016-05-13",36.884998
"2016-05-16",36.985001
"2016-05-17",35.990002
"2016-05-18",35.349998
"2016-05-19",35.740002
"2016-05-20",35.91
"2016-05-23",35.75
"2016-05-24",36.389999
"2016-05-25",36.43
"2016-05-26",36.73
"2016-05-27",36.84
"2016-05-31",37.049999
"2016-06-01",37.299999
"2016-06-02",37.400002
"2016-06-03",38.310001
"2016-06-06",38.279999
"2016-06-07",38.52
"2016-06-08",38.880001
"2016-06-09",39.419998
"2016-06-10",38.990002
"2016-06-13",38.82
"2016-06-14",39.110001
"2016-06-15",38.68
"2016-06-16",38.82
"2016-06-17",38.91
"2016-06-20",38.889999
"2016-06-21",39.049999
"2016-06-22",38.639999
"2016-06-23",38.799999
"2016-06-24",39.279999
"2016-06-27",39.849998
"2016-06-28",39.810001
"2016-06-29",39.82
"2016-06-30",39.700001
"2016-07-01",40.389999
"2016-07-05",40.869999
"2016-07-06",40.779999
"2016-07-07",39.849998
"2016-07-08",40.549999
"2016-07-11",40.459999
"2016-07-12",39.34
"2016-07-13",39.709999
"2016-07-14",39.34
"2016-07-15",39.41
"2016-07-18",39.57
"2016-07-19",39.610001
"2016-07-20",39.549999
"2016-07-21",39.73
"2016-07-22",40.349998
"2016-07-25",40.400002
"2016-07-26",40.09
"2016-07-27",39.450001
"2016-07-28",39.959999
"2016-07-29",40.25
"2016-08-01",40.27
"2016-08-02",40.419998
"2016-08-03",40.119999
"2016-08-04",40.130001
"2016-08-05",39.389999
"2016-08-08",39.279999
"2016-08-09",39.240002
"2016-08-10",39.259998
"2016-08-11",39.400002
"2016-08-12",39.540001
"2016-08-15",38.939999
"2016-08-16",38.200001
"2016-08-17",38.919998
"2016-08-18",39.509998
"2016-08-19",38.84
"2016-08-22",39.080002
"2016-08-23",38.580002
"2016-08-24",38.82
"2016-08-25",38.869999
"2016-08-26",37.919998
"2016-08-29",38.25
"2016-08-30",37.84
"2016-08-31",37.950001
"2016-09-01",37.669998
"2016-09-02",38.209999
"2016-09-06",38.810001
"2016-09-07",38.98
"2016-09-08",38.860001
"2016-09-09",37.150002
"2016-09-12",37.720001
"2016-09-13",37.369999
"2016-09-14",37.560001
"2016-09-15",37.959999
"2016-09-16",38.43
"2016-09-19",38.77
"2016-09-20",38.849998
"2016-09-21",39.700001
"2016-09-22",39.98
"2016-09-23",40.110001
"2016-09-26",40.259998
"2016-09-27",39.68
"2016-09-28",39.389999
"2016-09-29",38.860001
"2016-09-30",38.310001
"2016-10-03",37.799999
"2016-10-04",36.93
"2016-10-05",36.779999
"2016-10-06",36.689999
"2016-10-07",36.540001
"2016-10-10",36.880001
"2016-10-11",36.369999
"2016-10-12",36.919998
"2016-10-13",37.23
"2016-10-14",36.970001
"2016-10-17",37.209999
"2016-10-18",37.380001
"2016-10-19",37.290001
"2016-10-20",37.32
"2016-10-21",37.07
"2016-10-24",37.32
"2016-10-25",37.389999
"2016-10-26",37.48
"2016-10-27",37.02
"2016-10-28",37.23
"2016-10-31",38.049999
"2016-11-01",37.419998
"2016-11-02",36.98
"2016-11-03",37.09
"2016-11-04",36.830002
"2016-11-07",37.93
"2016-11-08",38.5
"2016-11-09",36.810001
"2016-11-10",35.490002
"2016-11-11",35.360001
"2016-11-14",35.509998
"2016-11-15",36.02
"2016-11-16",35.779999
"2016-11-17",35.810001
"2016-11-18",35.639999
"2016-11-21",35.830002
"2016-11-22",36.130001
"2016-11-23",35.75
"2016-11-25",36.349998
"2016-11-28",37.09
"2016-11-29",37.25
"2016-11-30",35.919998
"2016-12-01",35.509998
"2016-12-02",35.990002
"2016-12-05",36.07
"2016-12-06",36.080002
"2016-12-07",36.470001
"2016-12-08",36.439999
"2016-12-09",36.830002
"2016-12-12",37.209999
"2016-12-13",37.509998
"2016-12-14",36.619999
"2016-12-15",37.009998
"2016-12-16",37.610001
"2016-12-19",37.77
"2016-12-20",37.799999
"2016-12-21",37.689999
"2016-12-22",37.810001
"2016-12-23",37.860001
"2016-12-27",38.
"2016-12-28",37.540001
"2016-12-29",38.189999
"2016-12-30",37.889999
"2017-01-03",37.93
"2017-01-04",38.16
"2017-01-05",38.110001
"2017-01-06",37.799999
"2017-01-09",37.279999
"2017-01-10",37.240002
"2017-01-11",37.75
"2017-01-12",37.650002
"2017-01-13",37.490002
"2017-01-17",37.75
"2017-01-18",37.700001
"2017-01-19",37.279999
"2017-01-20",37.360001
"2017-01-23",37.029999
"2017-01-24",36.950001
"2017-01-25",36.889999
"2017-01-26",36.950001
"2017-01-27",36.889999
"2017-01-30",36.860001
"2017-01-31",37.650002
"2017-02-01",36.98
"2017-02-02",37.509998
"2017-02-03",37.82
"2017-02-06",37.66
"2017-02-07",37.799999
"2017-02-08",38.150002
"2017-02-09",37.650002
"2017-02-10",37.860001
"2017-02-13",37.990002
"2017-02-14",37.669998
"2017-02-15",37.540001
"2017-02-16",37.93
"2017-02-17",38.080002
"2017-02-21",38.43
"2017-02-22",38.650002
"2017-02-23",39.110001
"2017-02-24",39.52
"2017-02-27",39.049999
"2017-02-28",39.48
"2017-03-01",39.080002
"2017-03-02",39.25
"2017-03-03",39.189999
"2017-03-06",39.18
"2017-03-07",39.279999
"2017-03-08",38.389999
"2017-03-09",38.299999
"2017-03-10",38.610001
"2017-03-13",38.75
"2017-03-14",38.869999
"2017-03-15",39.580002
"2017-03-16",39.130001
"2017-03-17",39.560001
"2017-03-20",39.099998
"2017-03-21",39.700001
"2017-03-22",39.779999
"2017-03-23",39.84
"2017-03-24",40.099998
"2017-03-27",40.060001
"2017-03-28",40.119999
"2017-03-29",39.98
"2017-03-30",39.57
"2017-03-31",39.610001
"2017-04-03",39.59
"2017-04-04",39.869999
"2017-04-05",39.98
"2017-04-06",39.869999
"2017-04-07",39.700001
"2017-04-10",39.709999
"2017-04-11",39.700001
"2017-04-12",39.889999
"2017-04-13",39.619999
"2017-04-17",39.880001
"2017-04-18",40.150002
"2017-04-19",39.810001
"2017-04-20",39.720001
"2017-04-21",39.959999
"2017-04-24",40.07
"2017-04-25",40.009998
"2017-04-26",39.48
"2017-04-27",39.720001
"2017-04-28",39.32
"2017-05-01",39.099998
"2017-05-02",39.419998
"2017-05-03",39.290001
"2017-05-04",39.869999
"2017-05-05",40.060001
"2017-05-08",39.790001
"2017-05-09",39.57
"2017-05-10",39.52
"2017-05-11",39.400002
"2017-05-12",39.610001
"2017-05-15",39.779999
"2017-05-16",39.380001
"2017-05-17",39.619999
"2017-05-18",39.82
"2017-05-19",39.75
"2017-05-22",40.380001
"2017-05-23",40.91
"2017-05-24",41.119999
"2017-05-25",41.560001
"2017-05-26",41.360001
"2017-05-30",41.470001
"2017-05-31",41.470001
"2017-06-01",41.630001
"2017-06-02",41.830002
"2017-06-05",41.639999
"2017-06-06",41.459999
"2017-06-07",41.610001
"2017-06-08",41.25
"2017-06-09",41.259998
"2017-06-12",41.169998
"2017-06-13",41.25
"2017-06-14",41.57
"2017-06-15",41.669998
"2017-06-16",42.18
"2017-06-19",41.860001
"2017-06-20",41.84
"2017-06-21",41.799999
"2017-06-22",41.59
"2017-06-23",41.450001
"2017-06-26",41.689999
"2017-06-27",41.119999
"2017-06-28",40.869999
"2017-06-29",40.450001
"2017-06-30",40.169998
"2017-07-03",39.889999
"2017-07-05",39.759998
"2017-07-06",39.669998
"2017-07-07",39.709999
"2017-07-10",39.560001
"2017-07-11",39.59
"2017-07-12",39.880001
"2017-07-13",39.73
"2017-07-14",39.970001
"2017-07-17",40.130001
"2017-07-18",40.279999
"2017-07-19",40.5
"2017-07-20",41.009998
"2017-07-21",41.380001
"2017-07-24",40.84
"2017-07-25",40.549999
"2017-07-26",40.869999
"2017-07-27",40.73
"2017-07-28",40.470001
"2017-07-31",40.529999
"2017-08-01",40.830002
"2017-08-02",40.950001
"2017-08-03",41.09
"2017-08-04",41.09
"2017-08-07",41.279999
"2017-08-08",41.57
"2017-08-09",41.509998
"2017-08-10",41.630001
"2017-08-11",41.369999
"2017-08-14",41.669998
"2017-08-15",41.91
"2017-08-16",42.080002
"2017-08-17",41.77
"2017-08-18",42.240002
"2017-08-21",42.400002
"2017-08-22",42.720001
"2017-08-23",43.009998
"2017-08-24",42.860001
"2017-08-25",42.869999
"2017-08-28",43.080002
"2017-08-29",43.060001
"2017-08-30",42.77
"2017-08-31",42.740002
"2017-09-01",42.57
"2017-09-05",42.91
"2017-09-06",42.599998
"2017-09-07",42.950001
"2017-09-08",43.189999
"2017-09-11",43.599998
"2017-09-12",42.75
"2017-09-13",42.450001
"2017-09-14",42.919998
"2017-09-15",42.900002
"2017-09-18",42.490002
"2017-09-19",42.529999
"2017-09-20",42.150002
"2017-09-21",42.060001
"2017-09-22",41.73
"2017-09-25",42.25
"2017-09-26",42.25
"2017-09-27",41.580002
"2017-09-28",41.700001
"2017-09-29",41.57
"2017-10-02",41.599998
"2017-10-03",41.380001
"2017-10-04",41.950001
"2017-10-05",41.900002
"2017-10-06",41.919998
"2017-10-09",41.990002
"2017-10-10",42.34
"2017-10-11",42.66
"2017-10-12",43.009998
"2017-10-13",43.049999
"2017-10-16",43.119999
"2017-10-17",43.439999
"2017-10-18",43.380001
"2017-10-19",43.849998
"2017-10-20",43.869999
"2017-10-23",43.77
"2017-10-24",43.48
"2017-10-25",43.25
"2017-10-26",43.380001
"2017-10-27",43.75
"2017-10-30",43.18
"2017-10-31",43.259998
"2017-11-01",43.07
"2017-11-02",43.060001
"2017-11-03",43.830002
"2017-11-06",43.59
"2017-11-07",44.169998
"2017-11-08",44.07
"2017-11-09",44.099998
"2017-11-10",43.68
"2017-11-13",44.299999
"2017-11-14",45.18
"2017-11-15",44.709999
"2017-11-16",44.630001
"2017-11-17",44.400002
"2017-11-20",44.259998
"2017-11-21",44.150002
"2017-11-22",44.189999
"2017-11-24",44.220001
"2017-11-27",44.610001
"2017-11-28",44.779999
"2017-11-29",44.900002
"2017-11-30",45.110001
"2017-12-01",44.830002
"2017-12-04",44.689999
"2017-12-05",44.34
"2017-12-06",44.540001
"2017-12-07",44.639999
"2017-12-08",44.939999
"2017-12-11",45.080002
"2017-12-12",44.009998
"2017-12-13",44.290001
"2017-12-14",43.950001
"2017-12-15",44.43
"2017-12-18",43.599998
"2017-12-19",42.77
"2017-12-20",42.509998
"2017-12-21",42.32
"2017-12-22",42.5
"2017-12-26",42.189999
"2017-12-27",42.419998
"2017-12-28",42.66
"2017-12-29",42.610001
"2018-01-02",42.110001
"2018-01-03",41.740002
"2018-01-04",41.25
"2018-01-05",41.080002
"2018-01-08",41.540001
"2018-01-09",40.91
"2018-01-10",40.189999
"2018-01-11",39.84
"2018-01-12",39.529999
"2018-01-16",39.560001
"2018-01-17",40.060001
"2018-01-18",39.68
"2018-01-19",39.41
"2018-01-22",39.549999
"2018-01-23",40.16
"2018-01-24",39.849998
"2018-01-25",40.389999
"2018-01-26",40.299999
"2018-01-29",39.610001
"2018-01-30",39.259998
"2018-01-31",39.75
"2018-02-01",39.080002
"2018-02-02",38.91
"2018-02-05",38.220001
"2018-02-06",37.509998
"2018-02-07",37.5
"2018-02-08",37.139999
"2018-02-09",38.419998
"2018-02-12",38.48
"2018-02-13",38.630001
"2018-02-14",38.110001
"2018-02-15",39.049999
"2018-02-16",39.75
"2018-02-20",39.139999
"2018-02-21",38.619999
"2018-02-22",38.599998
"2018-02-23",39.419998
"2018-02-26",39.529999
"2018-02-27",38.799999
"2018-02-28",38.650002
"2018-03-01",38.490002
"2018-03-02",38.220001
"2018-03-05",38.93
"2018-03-06",38.169998
"2018-03-07",38.060001
"2018-03-08",38.32
"2018-03-09",38.709999
"2018-03-12",39.209999
"2018-03-13",39.299999
"2018-03-14",39.540001
"2018-03-15",39.66
"2018-03-16",40.130001
"2018-03-19",39.830002
"2018-03-20",39.68
"2018-03-21",39.66
"2018-03-22",39.830002
"2018-03-23",39.450001
"2018-03-26",39.84
"2018-03-27",40.529999
"2018-03-28",40.619999
"2018-03-29",40.860001
"2018-04-02",40.790001
"2018-04-03",40.82
"2018-04-04",40.919998
"2018-04-05",41.330002
"2018-04-06",41.02
"2018-04-09",41.049999
"2018-04-10",40.75
"2018-04-11",41.02
"2018-04-12",40.52
"2018-04-13",41.110001
"2018-04-16",41.59
"2018-04-17",41.849998
"2018-04-18",41.599998
"2018-04-19",41.529999
"2018-04-20",41.540001
"2018-04-23",41.689999
"2018-04-24",42.099998
"2018-04-25",42.23
"2018-04-26",42.860001
"2018-04-27",43.060001
"2018-04-30",42.950001
"2018-05-01",42.82
"2018-05-02",42.869999
"2018-05-03",43.23
"2018-05-04",43.27
"2018-05-07",42.939999
"2018-05-08",41.720001
"2018-05-09",41.259998
"2018-05-10",41.740002
"2018-05-11",41.66
"2018-05-14",41.41
"2018-05-15",41.049999
"2018-05-16",40.889999
"2018-05-17",40.639999
"2018-05-18",40.57
"2018-05-21",40.279999
"2018-05-22",40.279999
"2018-05-23",40.490002
"2018-05-24",40.75
"2018-05-25",40.790001
"2018-05-29",41.
"2018-05-30",41.439999
"2018-05-31",41.419998
"2018-06-01",40.630001
"2018-06-04",40.23
"2018-06-05",39.75
"2018-06-06",39.130001
"2018-06-07",39.189999
"2018-06-08",39.23
"2018-06-11",38.380001
"2018-06-12",39.049999
"2018-06-13",39.169998
"2018-06-14",39.619999
"2018-06-15",39.959999
"2018-06-18",40.330002
"2018-06-19",41.080002
"2018-06-20",41.049999
"2018-06-21",40.970001
"2018-06-22",41.09
"2018-06-25",42.259998
"2018-06-26",42.279999
"2018-06-27",42.41
"2018-06-28",42.360001
"2018-06-29",42.32
"2018-07-02",42.709999
"2018-07-03",42.990002
"2018-07-05",43.41
"2018-07-06",43.84
"2018-07-09",42.18
"2018-07-10",42.549999
"2018-07-11",43.110001
"2018-07-12",43.139999
"2018-07-13",42.93
"2018-07-16",42.779999
"2018-07-17",42.880001
"2018-07-18",42.689999
"2018-07-19",42.959999
"2018-07-20",42.540001
"2018-07-23",42.18
"2018-07-24",42.189999
"2018-07-25",42.119999
"2018-07-26",43.060001
"2018-07-27",42.939999
"2018-07-30",42.310001
"2018-07-31",42.970001
"2018-08-01",42.369999
"2018-08-02",42.470001
"2018-08-03",42.759998
"2018-08-06",42.91
"2018-08-07",42.59
"2018-08-08",42.470001
"2018-08-09",42.779999
"2018-08-10",42.720001
"2018-08-13",42.720001
"2018-08-14",42.73
"2018-08-15",43.02
"2018-08-16",43.439999
"2018-08-17",43.59
"2018-08-20",43.470001
"2018-08-21",43.200001
"2018-08-22",42.849998
"2018-08-23",43.040001
"2018-08-24",43.18
"2018-08-27",42.790001
"2018-08-28",42.599998
"2018-08-29",42.919998
"2018-08-30",42.990002
"2018-08-31",42.84
"2018-09-04",43.09
"2018-09-05",43.73
"2018-09-06",43.860001
"2018-09-07",43.27
"2018-09-10",43.779999
"2018-09-11",43.599998
"2018-09-12",43.59
"2018-09-13",43.900002
"2018-09-14",43.830002
"2018-09-17",43.990002
"2018-09-18",43.84
"2018-09-19",42.84
"2018-09-20",43.119999
"2018-09-21",43.23
"2018-09-24",42.919998
"2018-09-25",42.240002
"2018-09-26",41.779999
"2018-09-27",42.060001
"2018-09-28",42.57
"2018-10-01",42.41
"2018-10-02",43.119999
"2018-10-03",42.560001
"2018-10-04",42.77
"2018-10-05",43.610001
"2018-10-08",44.110001
"2018-10-09",44.099998
"2018-10-10",43.91
"2018-10-11",42.619999
"2018-10-12",42.459999
"2018-10-15",42.560001
"2018-10-16",43.080002
"2018-10-17",43.23
"2018-10-18",43.32
"2018-10-19",44.049999
"2018-10-22",43.669998
"2018-10-23",43.599998
"2018-10-24",44.34
"2018-10-25",43.52
"2018-10-26",42.860001
"2018-10-29",43.630001
"2018-10-30",43.509998
"2018-10-31",42.98
"2018-11-01",42.860001
"2018-11-02",42.470001
"2018-11-05",42.950001
"2018-11-06",43.360001
"2018-11-07",43.830002
"2018-11-08",43.830002
"2018-11-09",44.610001
"2018-11-12",45.189999
"2018-11-13",45.119999
