"1",103.
"2",102.41395221030254
"3",102.75529708404643
"4",101.26779273567433
"5",99.80645212209434
"6",100.50546750959005
"7",98.19579231151961
"8",97.93465518513752
"9",98.32653170211256
"10",98.3890267402225
"11",99.5444483645695
"12",100.68725738650836
"13",99.9876026220481
"14",99.79560620003585
"15",99.09629268694731
"16",98.33518013019393
"17",96.07944750018339
"18",94.46370079285889
"19",95.53580530332168
"20",95.4492469621833
"21",94.39547824112024
"22",95.97976287866639
"23",97.24840848605184
"24",96.89215526328651
"25",97.75997951948109
"26",97.6026995089828
"27",98.02835509716694
"28",98.51802987018277
"29",98.40328267247243
"30",98.63760508054341
"31",98.471093874765
"32",97.60621023732115
"33",98.97666652897908
"34",97.83293247089938
"35",99.62840921722265
"36",100.584121259895
"37",102.3409001411951
"38",102.87125557948949
"39",103.48386912324979
"40",104.02741643759674
"41",105.17719130698154
"42",104.02142031242447
"43",104.17080841201556
"44",105.3502425520445
"45",106.17303844765594
"46",105.89104541436042
"47",105.953599552557
"48",105.3363720654888
"49",106.94054803158875
"50",106.58755915595472
"51",107.44566336705677
"52",106.46739893609076
"53",106.4165401549588
"54",107.04636141862757
"55",106.430372639753
"56",105.24081666354604
"57",103.92359263201539
"58",106.27692715750314
"59",108.2106525276292
"60",108.44728024327478
"61",107.55079544362661
"62",105.82716921537452
"63",106.40877409525783
"64",107.53350962993005
"65",109.72059117046753
"66",111.28272095527439
"67",111.20490525909474
"68",112.12693328855406
"69",111.25706666725407
"70",112.0735666037868
"71",112.50582364068286
"72",110.9604095782964
"73",112.07479102398565
"74",113.65423838529496
"75",114.8482983676817
"76",115.5711189736264
"77",116.10353147038307
"78",115.69751804330296
"79",117.9664418595571
"80",118.09097822305421
"81",116.85735791713911
"82",117.19071641722124
"83",118.35684953874214
"84",118.59553505033188
"85",117.38707601019894
"86",118.13220463555695
"87",117.08179239879149
"88",117.76486441104154
"89",118.94509476309764
"90",117.86034030555022
"91",117.06051999462196
"92",118.73958591812611
"93",118.8913141161822
"94",120.60372717970564
"95",119.6631423688414
"96",121.4316894202035
"97",122.20486234427183
"98",121.80790037499524
"99",122.39504408186694
"100",121.71810661932437
"101",120.99054632100328
"102",120.8433448947595
"103",119.06312788913026
"104",118.8373346268352
"105",117.68685042264231
"106",117.24315319470546
"107",116.39011130139882
"108",116.20817304413718
"109",116.78122875931035
"110",117.14060021762121
"111",116.92210794001394
"112",115.48834240890626
"113",115.32094143122507
"114",117.44296316513497
"115",118.42397886326621
"116",118.87524864070761
"117",119.18265729891341
"118",119.48822255423624
"119",117.84475834153
"120",116.48620179160574
"121",115.07185952337805
"122",114.61918102246251
"123",114.11165689456922
"124",115.00912068677181
"125",114.84874984032503
"126",114.2758637947034
"127",114.81833275267815
"128",114.00915225152674
"129",114.14741447995146
"130",112.59203345967832
"131",114.0415067620658
"132",114.8275530923233
"133",114.05147747941695
"134",113.88329031891337
"135",114.54312496000935
"136",115.29076172773607
"137",115.3946189195924
"138",115.29359038931503
"139",114.74458405256601
"140",115.31840646423318
"141",115.1266813400234
"142",116.13770382437836
"143",114.39392458044244
"144",114.81259749508
"145",114.58089236754856
"146",114.18017723404124
"147",114.44677718888818
"148",115.2652951275914
"149",115.35815078379326
"150",116.63574580649558
"151",116.23000627984743
"152",115.89282013543391
"153",114.49007364417251
"154",114.02536939915575
"155",113.79784218859332
"156",112.20551337668319
"157",113.4872937191121
"158",113.62186947296733
"159",114.45427525976798
"160",114.50358975124311
"161",115.68468739905346
"162",115.95302203546247
"163",118.22315448943662
"164",118.12872798489414
"165",118.46476149556169
"166",117.58566313416813
"167",119.40428086181737
"168",119.35110196774995
"169",120.29229598309088
"170",121.3499276128517
"171",122.44679613295186
"172",121.86360090557491
"173",122.02302584467549
"174",122.62385693290184
"175",122.64642732530285
"176",121.83501953978606
"177",121.9869702554586
"178",122.13641762437985
"179",122.62732304618928
"180",121.22556671607953
"181",121.05446311185742
"182",121.59694336039861
"183",121.3675108353052
"184",122.19446161495947
"185",120.5801004415723
"186",120.55035460263827
"187",121.61775794733578
"188",123.41580613191607
"189",121.43375997760432
"190",121.5931518553543
"191",121.0712967950788
"192",122.56936350195744
"193",123.63527603062352
"194",124.42751808890179
"195",124.18656474317598
"196",122.97719812701419
"197",123.98882720662657
"198",123.93387684127636
"199",125.1310249303582
"200",125.30532484505498
"201",124.4076805891194
"202",124.14345379320515
"203",123.4014451125891
"204",122.61099126579762
"205",123.85962641407977
"206",122.6972296718848
"207",122.15481398442557
"208",122.76148916553056
"209",123.1973311107096
"210",122.35211247359487
"211",123.56660783387456
"212",122.50961357227649
"213",124.74619631166173
"214",124.9393388442347
"215",124.06101272687731
"216",124.88806855554591
"217",123.5664057378493
"218",125.20313295288386
"219",125.73606138194798
"220",124.57145182869981
"221",123.4782545209717
"222",121.42324851891858
"223",119.89987021797107
"224",120.56932743546426
"225",121.71705420176352
"226",119.96355837851799
"227",121.67834854318751
"228",120.56644441310024
"229",118.70559407738901
"230",117.82875319756273
"231",117.19188141172461
"232",117.02419590619881
"233",115.9344108490558
"234",116.37052840947922
"235",116.84328078668297
"236",116.96437463309347
"237",115.39974348365826
"238",114.19070883298724
"239",113.18359870740892
"240",113.0891175533972
"241",109.9429589814798
"242",107.61729873474
"243",108.04621823237181
"244",108.74202984763396
"245",108.30387309765952
"246",107.67219843193992
"247",108.28289182987794
"248",108.02141293491597
"249",108.11066740041996
"250",107.96355741913216
"251",107.67297403515738
"252",108.82561653780746
"253",108.6806346567235
"254",107.82914579542458
"255",109.46433594221669
"256",109.86895707828783
"257",110.13722203891467
"258",109.69373470118389
"259",109.11996775359252
"260",109.0292906276506
"261",107.96424913550452
"262",110.15631921628326
"263",109.9075779074164
"264",110.06465542585164
"265",110.56240510941565
"266",111.06483395502421
"267",108.98753443469994
"268",109.67011640722981
"269",109.6413344325086
"270",110.63417794894198
"271",110.98590131134229
"272",111.88814322422228
"273",111.65119819383598
"274",110.8549478250714
"275",110.88592267116789
"276",110.44195336373221
"277",111.49918241623922
"278",111.19462218308989
"279",110.70092304290198
"280",111.84385669016712
"281",111.54776822234909
"282",111.84639262600832
"283",111.32584887791128
"284",112.45282892794442
"285",110.12782391320185
"286",110.1114831826657
"287",110.86042632478276
"288",109.92999552772382
"289",111.42398503363239
"290",110.8316299661849
"291",110.72397702473815
"292",112.40236420296513
"293",112.44121806194973
"294",112.29852795487547
"295",111.3561651008391
"296",112.05099162877427
"297",112.73872277147262
"298",113.49129393489477
"299",112.71248281790943
"300",111.01301158190685
"301",112.3209419697385
"302",112.27359504634315
"303",111.36956496886549
"304",110.82168226412777
"305",110.34463268776705
"306",109.83567913376173
"307",110.4335512629873
"308",111.04908001192304
"309",109.42841939351642
"310",109.82234252472395
"311",109.90286634755894
"312",108.98798333198297
"313",109.00363176385788
"314",110.3238772393105
"315",110.01616438196274
"316",109.94188853026694
"317",109.45023230559276
"318",108.72151399074453
"319",108.1549805498683
"320",107.49931103398258
"321",107.58248631825911
"322",108.09575449602426
"323",107.8467695252106
"324",107.73638285810043
"325",105.70181503831158
"326",105.82283290936213
"327",107.67080674534743
"328",108.00817452132287
"329",107.7090428070512
"330",106.98252501253904
"331",108.24608713362052
"332",107.09273937381258
"333",107.95913570622264
"334",108.87250200667933
"335",108.29760406826648
"336",107.08039614726552
"337",106.50603130966991
"338",106.23483592411888
"339",106.7598328238728
"340",106.52687319537738
"341",106.55210230112625
"342",106.84761975252839
"343",108.12459016693684
"344",107.39769255191695
"345",108.13020841006659
"346",107.95860687970882
"347",106.00536184276913
"348",106.03835555738928
"349",104.08256910807343
"350",103.45161778690678
"351",103.1240855521505
"352",101.97169813225649
"353",103.6845025580909
"354",103.41539261926495
"355",104.14443773900511
"356",104.22904810329798
"357",103.8270218029194
"358",103.78127263053791
"359",104.17849947723418
"360",103.61094701486668
"361",103.33309836256016
"362",102.41063662583677
"363",101.90320984462663
"364",101.97666227918752
"365",100.44117462571172
"366",101.6857466528813
"367",100.99950215387616
"368",100.54591546737367
"369",101.6229690380632
"370",99.9558735363469
"371",99.11711182069656
"372",98.93279411062198
"373",98.74222142552165
"374",97.21685610203792
"375",96.43589942294922
"376",96.13783416554918
"377",95.32626157958003
"378",93.71933165602805
"379",93.31590087515839
"380",93.41797465267139
"381",92.79008812331026
"382",91.39000348274105
"383",91.23763318470935
"384",91.91652003821736
"385",91.62586406399556
"386",91.47557600811875
"387",89.54663747479775
"388",90.047671724707
"389",90.7899313298461
"390",91.29550394620588
"391",88.74973496291832
"392",89.0902036569709
"393",88.23037273075047
"394",86.92226608274368
"395",88.288356404872
"396",89.20635224569334
"397",90.00062239838597
"398",89.45490053455553
"399",88.24781801965987
"400",85.83294162643475
"401",87.02571501587884
"402",86.58584327180203
"403",86.40495608609531
"404",86.32407531411286
"405",87.88352953829603
"406",87.25285909499374
"407",85.99559170768622
"408",85.6419791489613
"409",85.73770183986032
"410",85.44653831735381
"411",86.21537963519151
"412",85.25872442218264
"413",85.47184159167031
"414",85.87008138569419
"415",88.08510632329994
"416",87.34163253685449
"417",86.36324295670065
"418",86.30659438779938
"419",86.20776029069603
"420",86.44149981486396
"421",86.23718999493006
"422",86.12926177271001
"423",85.21871435884567
"424",85.2020682186618
"425",85.07501615913199
"426",84.71745833433661
"427",85.49865769618599
"428",84.23723700654385
"429",84.87840749388515
"430",84.71638936624366
"431",82.96899429648646
"432",82.14934405553231
"433",82.12639171296033
"434",81.6880748600158
"435",81.51804377491058
"436",81.73379462355705
"437",81.93193787227099
"438",82.28236660821331
"439",81.036472558875
"440",80.65316596247604
"441",80.17196067020468
"442",79.28651723169682
"443",80.57571194569377
"444",81.20737451729305
"445",81.08929205937952
"446",81.24062779666751
"447",80.4186260390837
"448",81.827008661937
"449",82.22597432672566
"450",81.25763529201335
"451",81.3710524581736
"452",79.0335866384756
"453",77.51807883879329
"454",78.28938703726195
"455",79.27037434481461
"456",80.22809289717982
"457",80.95433830152798
"458",81.01164252847587
"459",81.65826249816018
"460",82.10936212294247
"461",82.68423953533278
"462",81.58541816249874
"463",82.3343237096549
"464",82.42715787009945
"465",82.60827971166486
"466",83.48693107145547
"467",84.85761564458555
"468",85.09194463653745
"469",85.21947494732127
"470",85.36868245282318
"471",85.47226552141572
"472",85.24880796937417
"473",83.29106336786644
"474",82.8726304836869
"475",83.08447394935051
"476",83.08154952557506
"477",84.06838364018728
"478",84.66688129024053
"479",84.5420032272166
"480",85.38326237519954
"481",85.44186762170054
"482",84.98836899108444
"483",84.92603661730945
"484",82.76103215609615
"485",82.25865617253491
"486",80.95870868859237
"487",81.87206095724173
"488",80.38924577032051
"489",78.51366625769796
"490",80.17652613314591
"491",81.55843398519224
"492",83.06827768419505
"493",84.55615987613263
"494",84.04920619038904
"495",83.67744939084733
"496",83.66225452652456
"497",84.5773269724341
"498",86.66350833261764
"499",86.40717430358755
"500",88.16060085289854
"501",89.66790606257244
"502",89.85586931403807
"503",88.66539238655153
"504",91.11451552878013
"505",90.58791137583297
"506",89.96643782437748
"507",89.94251779419766
"508",90.57104858344783
"509",90.19811754780059
"510",89.80723763052207
"511",90.61509665569386
"512",89.89947527330578
"513",89.52296178454428
"514",88.46601371212667
"515",88.75722964557642
"516",85.3920430098181
"517",84.93904534192212
"518",84.3549580076303
"519",84.4904931264157
"520",82.13165226000119
"521",82.78717846156987
"522",83.04354086908538
"523",83.53158935956273
"524",84.02577676385786
"525",83.42910733420572
"526",83.80935187149393
"527",82.7683970249452
"528",83.38744522416334
"529",84.03893563621438
"530",84.59980821272646
"531",83.78715156780163
"532",82.39031848202951
"533",82.39702239766719
"534",82.56272025694706
"535",83.56284195491196
"536",83.18405590031728
"537",84.49335784023252
"538",82.39677570196966
"539",83.5023209889232
"540",84.1867111646768
"541",82.61039759808924
"542",81.28953121257706
"543",81.73231475450976
"544",81.21504104805017
"545",81.1212459179627
"546",81.34375778026609
"547",80.33940436631339
"548",80.04883465952435
"549",80.05148140808721
"550",78.6942114137546
"551",78.84574061541684
"552",78.59878083670328
"553",79.43160624806605
"554",79.27939667659669
"555",79.18201044451997
"556",79.71731015601554
"557",79.53934606476057
"558",78.03243991027779
"559",77.76848313430988
"560",77.67518320857208
"561",74.77471534036452
"562",74.02008830756691
"563",74.02388972563247
"564",74.61246323558676
"565",74.00330454618069
"566",73.83309806321314
"567",72.12431330797406
"568",71.74029086430659
"569",72.28898477687568
"570",73.16568128216998
"571",73.26033921780524
"572",72.9434473707392
"573",72.22413915031838
"574",70.0726913590455
"575",70.28559040351296
"576",71.28018739608623
"577",72.06456092354361
"578",73.02740780879601
"579",72.29830102365186
"580",70.5731183607894
"581",72.18209804830842
"582",72.15173289784684
"583",73.28571904051248
"584",73.30552383015481
"585",72.17282698739398
"586",71.80633880157792
"587",71.72984703050606
"588",72.89453004962176
"589",73.33914115776243
"590",73.04182782455105
"591",71.65244113672543
"592",72.09630726485588
"593",71.50507355001129
"594",69.76025606410212
"595",70.22873382077982
"596",69.25809705236829
"597",71.74707686707947
"598",71.95702828768779
"599",72.98996504302237
"600",72.5732622610659
"601",71.31332433325754
"602",70.44697946832972
"603",70.36078191815325
"604",71.07591725165098
"605",70.80403287272134
"606",70.1275490014969
"607",68.92726619753469
"608",69.76526395264891
"609",69.28066271007941
"610",69.6580677740246
"611",69.48534307336814
"612",69.96500454884445
"613",69.2806769888824
"614",68.14385250425042
"615",66.82296373352125
"616",67.42525493622391
"617",67.43114954043585
"618",65.74171627079458
"619",63.929243922766844
"620",64.60521006861771
"621",63.91569187242794
"622",63.17005586587649
"623",63.48350391846732
"624",63.17619516641414
"625",64.36728232377408
"626",63.17205139003301
"627",62.079952329099825
"628",62.09682412203009
"629",61.459000297822385
"630",62.343574824096265
"631",62.4929784054728
"632",63.38206155843008
"633",63.52849105117415
"634",64.03693362859386
"635",64.61192997772045
"636",63.453524444971706
"637",63.228772803006855
"638",62.015024113830776
"639",61.27046176933736
"640",62.85098720987307
"641",61.55787198249245
"642",61.94741596904624
"643",62.20603522852099
"644",62.58522460817869
"645",61.8920431797883
"646",61.728131555966456
"647",61.87301736159978
"648",61.75168230451254
"649",61.55844939403812
"650",61.49752315201272
"651",61.64849710810614
"652",61.72216531401956
"653",63.15155317562391
"654",63.21087430087819
"655",62.552773527189906
"656",61.5008776792561
"657",60.00312316672388
"658",59.35686452035755
"659",58.42071652511496
"660",57.71044896867954
"661",58.1089739384117
"662",59.83263772762141
"663",60.21959092435192
"664",61.964358229687235
"665",61.14588795483094
"666",60.43961465332585
"667",59.85186133844821
"668",60.63046930733982
"669",62.17382607959033
"670",63.01259827018732
"671",63.69090548118482
"672",63.88601342954655
"673",63.062996948313305
"674",64.51295001645911
"675",64.2887485293786
"676",63.43032355864154
"677",63.6749135673494
"678",65.06302887899741
"679",63.36778561344652
"680",64.43224018246654
"681",64.9203205358838
"682",63.392167070431974
"683",63.13229787156018
"684",62.264833247644255
"685",62.71168043643387
"686",60.850204194853575
"687",63.50513340867773
"688",63.98674270990358
"689",64.03915920019742
"690",65.97419359340637
"691",67.5453779372531
"692",68.86294022945995
"693",68.16032806483668
"694",67.45378390109683
"695",67.82072013220383
"696",68.991756077061
"697",68.44096076545631
"698",68.56762651274958
"699",67.53276293713847
"700",68.6872687740287
"701",68.97143050595328
"702",68.5374841606638
"703",69.87832946811531
"704",70.84906216744139
"705",71.14282571988133
"706",70.60976702872894
"707",71.20426215306009
"708",71.17611303193547
"709",70.71671977674409
"710",67.43160209851895
"711",67.56764224860406
"712",69.05515121754759
"713",68.53229465389754
"714",68.80701240106394
"715",68.55259602909095
"716",69.49204644383285
"717",69.23882081462631
"718",70.54113624152446
"719",69.52078778081771
"720",69.67805402949615
"721",68.83653293810218
"722",68.85900970114888
"723",67.94802880022439
"724",67.71319633163341
"725",69.4502415167341
"726",68.48935595813086
"727",69.68120851390361
"728",70.10538914603777
"729",70.21309292704811
"730",70.43681297678384
"731",71.37087510521015
"732",70.32466465303406
"733",69.54699724496817
"734",70.13088060492677
"735",70.41718975654828
"736",71.8905194898244
"737",70.78034692101069
"738",70.60926217787672
"739",69.72776370541486
"740",69.53824034313229
"741",71.30294025154869
"742",71.93423747693512
"743",73.24164050169072
"744",73.32331831714886
"745",73.19068302880713
"746",71.05343856330317
"747",70.871483173829
"748",69.77024457413609
"749",71.44840507218524
"750",72.21890974218601
"751",70.80063978998334
"752",69.31962031482372
"753",69.60330357360958
"754",70.66025174532436
"755",70.72757920512356
"756",69.76514776764147
"757",68.07483607411218
"758",65.8130971877511
"759",67.40716043720968
"760",66.44602801376698
"761",62.71991211483285
"762",63.49510416976863
"763",61.48894213164353
"764",63.93084543437827
"765",64.35185974883873
"766",64.35080905235179
"767",62.79893935763252
"768",61.57090334222463
"769",61.18049553095078
"770",62.92617535138216
"771",65.12539708766889
"772",64.79010071123281
"773",64.29501450146073
"774",63.325568524683916
"775",65.01430630290672
"776",65.45824867234347
"777",65.2006566031735
"778",64.54902258183904
"779",62.96008692248822
"780",64.80454916389695
"781",65.95040831440267
"782",65.87457317370769
"783",64.82921363372243
"784",63.04578695646842
"785",60.97669104722494
"786",62.38640440007557
"787",63.38705893120351
"788",63.922535133252794
"789",64.05645941537469
"790",59.76994173429822
"791",59.089084006380105
"792",58.16536497757096
"793",57.5555558525625
"794",57.667249739014466
"795",57.07462281695743
"796",58.13519420601033
"797",58.07594210206274
"798",56.33033866537745
"799",55.955666552860784
"800",56.4053109864131
"801",55.867201090541265
"802",56.669273835775265
"803",55.17621500190499
"804",54.1765370440577
"805",55.273254260339655
"806",54.95218380162699
"807",57.59574481270569
"808",58.37888458047652
"809",56.74424242738945
"810",57.08698352079155
"811",57.65570930475268
"812",57.93620584197849
"813",57.73596789598224
"814",58.43570593327095
"815",55.50365610172521
"816",54.32228679013155
"817",54.85644080695726
"818",55.85806993130967
"819",56.53040661182134
"820",58.29110728564525
"821",57.2889174319184
"822",57.68033097501144
"823",59.704537733561224
"824",59.47230114645474
"825",59.670406816701906
"826",59.77607680415732
"827",59.09051686024821
"828",61.088156011193064
"829",63.392153617792985
"830",63.91169826462963
"831",64.00106735546387
"832",64.93589929686944
"833",65.51243499662101
"834",66.69707534804495
"835",67.94710677305312
"836",66.438690409253
"837",67.32008516681599
"838",67.58947633296935
"839",66.36203279847058
"840",63.440406844481686
"841",64.16314118264268
"842",65.0961566191635
"843",66.53099504458835
"844",65.7145448130573
"845",65.33089242444963
"846",65.07109457863024
"847",63.32748220689612
"848",63.256478129560236
"849",63.292087576485855
"850",62.316475958900206
"851",62.65985564240736
"852",61.090440669911224
"853",60.99784556555933
"854",60.87321074005038
"855",61.62148497353561
"856",59.88657692114576
"857",59.16974773211732
"858",58.11770841850442
"859",57.036206853352816
"860",57.4399063832988
"861",58.03683029303023
"862",57.927716265775324
"863",58.949188998764434
"864",59.48649186532282
"865",57.8683885574529
"866",56.27745195650336
"867",56.068629878935354
"868",55.95587224615982
"869",57.829873756405334
"870",58.358173188315334
"871",57.59657406451732
"872",56.69532454105271
"873",55.89500506126656
"874",56.5606380754017
"875",58.327000040800044
"876",59.73935817345731
"877",60.65053908741407
"878",60.823979748306826
"879",60.05965731475609
"880",61.79477798885985
"881",61.72422050885776
"882",61.15104727106278
"883",60.23859355020218
"884",60.02929173074943
"885",59.71512653442746
"886",59.576746444894866
"887",58.18155153182388
"888",60.58117286446317
"889",59.939178782179816
"890",61.92402205279769
"891",62.726686646596654
"892",64.27564924037084
"893",64.71644614126231
"894",64.68810161801004
"895",65.65405688999921
"896",65.16457736439968
"897",66.58822235970064
"898",65.56654007581899
"899",65.34206458020542
"900",64.88737337688862
"901",65.73530287991541
"902",64.87115578219225
"903",65.69056173760247
"904",65.09024014289172
"905",65.4119128349689
"906",65.25428815105158
"907",67.5108424919226
"908",70.0732638393511
"909",69.77541198039627
"910",67.89029967695177
"911",67.51827259839935
"912",67.29650672626006
"913",68.09528411031776
"914",68.52154842363824
"915",67.4837443761839
"916",67.88833687672935
"917",67.60373386311907
"918",67.19588217220021
"919",66.84100383059193
"920",66.41458955386905
"921",65.9179468701181
"922",65.1587713267795
"923",65.10908334667926
"924",65.74146851095264
"925",65.71029642890187
"926",67.15478139503871
"927",66.17344548357674
"928",64.64036073417707
"929",63.90584045817062
"930",65.35001568622259
"931",65.86308622794463
"932",66.41128760288646
"933",66.04157802587324
"934",67.64328014666226
"935",68.2083214043623
"936",67.77122127084357
"937",67.91545201166105
"938",66.8417021668047
"939",66.81344129740108
"940",66.95907733303561
"941",66.28510161653163
"942",66.69046142193291
"943",65.89865150716903
"944",66.47731978391414
"945",66.9186127021753
"946",66.7172934315513
"947",65.73368393963126
"948",65.7719506622912
"949",66.6765832768071
"950",67.99435366941935
"951",68.35888194609059
"952",68.30997321952346
"953",69.3059729947571
"954",69.34619596095007
"955",70.35117915639935
"956",70.15513690005821
"957",71.0717690567379
"958",71.44928735529287
"959",71.29241651506489
"960",71.18825291243505
"961",70.56876427698472
"962",70.15635612961367
"963",68.63430144076594
"964",67.60065140351088
"965",67.74129970428021
"966",68.30994675391726
"967",68.08753045876067
"968",67.4437200751222
"969",67.57143940873283
"970",67.1010782978544
"971",69.46418617598077
"972",70.08681931872857
"973",68.75594465209802
"974",68.64029046351268
"975",69.74540190605998
"976",68.77598768590694
"977",70.09215681242092
"978",70.09765001989736
"979",70.76841289200814
"980",70.67565494816974
"981",72.4072036815743
"982",74.38406448875106
"983",72.50205584117066
"984",71.45329426766729
"985",71.52247620831146
"986",70.19562354252363
"987",69.50511519058148
"988",68.89426076803808
"989",67.58500309242903
"990",67.60941463648265
"991",66.52236617085991
"992",66.3501921518792
"993",65.56768618370982
"994",63.56563375472124
"995",62.70988984573699
"996",62.783161598217404
"997",64.28933052918063
"998",65.38788072905552
"999",66.02240521949129
"1000",64.61629111638923
"1001",64.26359479780608
"1002",64.74631979757928
"1003",63.77316069513032
"1004",66.149371753066
"1005",67.2660960881531
"1006",65.75289469046596
"1007",65.68647853367249
"1008",65.57529929883162
"1009",65.7997567934328
"1010",65.58729671317137
"1011",66.37922745909549
"1012",66.24991583803416
"1013",66.31057060631115
"1014",67.06254759479583
"1015",66.29220671441094
"1016",67.827162579756
"1017",68.32219474360481
"1018",69.14271666590356
"1019",67.56694522130688
"1020",66.8633558333465
"1021",67.44888964380752
"1022",67.43517072410837
"1023",67.6217097438963
"1024",67.67903209761131
"1025",69.72448136180591
"1026",70.76264716330778
"1027",69.57885270335736
"1028",69.9989300098141
"1029",69.94358369123326
"1030",69.31202905561594
"1031",71.44881998547204
"1032",71.50564468017582
"1033",70.70230096530324
"1034",68.67190400286289
"1035",67.53838164417252
"1036",66.40999578752508
"1037",67.28550772489264
"1038",67.61643475611461
"1039",69.4382569471278
"1040",70.53378725349422
"1041",72.87937556331156
"1042",72.1332650797104
"1043",72.44994216305479
"1044",71.95064473293752
"1045",73.73738991035052
"1046",74.43261327149625
"1047",76.1160053378845
"1048",75.97552794223783
"1049",75.46852785889136
"1050",76.5233713452078
"1051",77.73895622654415
"1052",77.4524426173285
"1053",76.19210178538886
"1054",75.20984011134543
"1055",76.21796440066208
"1056",76.50862822325297
"1057",76.0813318793596
"1058",77.13042531430838
"1059",76.78487496341626
"1060",77.77646665635882
"1061",79.39093275242718
"1062",79.31003673907514
"1063",80.39285278344052
"1064",81.02461340947362
"1065",81.14984863277276
"1066",81.69201127967375
"1067",81.96941088335568
"1068",82.08139403513273
"1069",82.83618617824742
"1070",82.87651952740563
"1071",82.78625813764695
"1072",82.7019178963121
"1073",84.23472545201685
"1074",83.16958291652492
"1075",82.45540930434439
"1076",81.67878269162364
"1077",81.12596121687871
"1078",79.87581086799936
"1079",79.80176818181091
"1080",80.25450752640984
"1081",80.81767627607479
"1082",80.92499802098975
"1083",80.78873332130995
"1084",80.47430917541129
"1085",79.34060146291905
"1086",78.7458522072085
"1087",78.60816856895
"1088",78.56886219663375
"1089",79.08589791070625
"1090",80.25095560178488
"1091",80.96410180538354
"1092",78.84711329026015
"1093",78.60930708555132
"1094",78.32620983613005
"1095",78.32904307557594
"1096",78.75751660665775
"1097",76.54667853221733
"1098",77.3643502088951
"1099",78.40111631674544
"1100",77.8876534661056
"1101",77.32390764297564
"1102",78.59846282362838
"1103",76.65523460295188
"1104",75.59259277092255
"1105",75.66744812721355
"1106",73.70941155330368
"1107",72.04212968329591
"1108",72.42129663585749
"1109",72.09101691491936
"1110",71.99220158840532
"1111",71.54718264819861
"1112",71.46838146421942
"1113",70.38859919569785
"1114",71.47887423158505
"1115",69.81982689260312
"1116",70.70336567358844
"1117",70.25165305730765
"1118",70.5161093569708
"1119",72.29328203166467
"1120",72.67123622485023
"1121",70.90131260417381
"1122",70.8482360905933
"1123",71.51363110321061
"1124",70.18939156560714
"1125",68.44410580456108
"1126",68.0264106601404
"1127",67.68187681271307
"1128",68.22807301348274
"1129",67.90600802123845
"1130",68.99880851343177
"1131",70.33219858102149
"1132",68.75662375651066
"1133",69.89802773161415
"1134",69.22408322687338
"1135",67.72305228915768
"1136",68.2737819787718
"1137",67.05320420087783
"1138",66.3648388154703
"1139",65.16160573918683
"1140",63.522225375918396
"1141",62.656568657413615
"1142",62.03185364633807
"1143",62.90932273163984
"1144",63.24271590109945
"1145",63.669622511955
"1146",61.90477975127442
"1147",62.7075411733364
"1148",62.96055012853473
"1149",61.802707339082936
"1150",61.15904897757256
"1151",61.82462264514289
"1152",61.19747635134683
"1153",58.67936418299328
"1154",58.98201439519459
"1155",59.987947215342885
"1156",57.330215817933464
"1157",59.53742100130469
"1158",59.21778613980781
"1159",61.22802767780185
"1160",61.936803946334194
"1161",61.025446654655155
"1162",61.51532798416042
"1163",61.22090140242424
"1164",62.12569648578545
"1165",62.902519644805096
"1166",62.771079001253796
"1167",63.79824027928607
"1168",62.21213351906347
"1169",64.0731237999765
"1170",63.65329654419408
"1171",63.88540620627995
"1172",65.57685165741348
"1173",63.83000414984342
"1174",64.02647285400083
"1175",62.86436363039745
"1176",62.56345549270269
"1177",60.94637803226639
"1178",61.46641221043333
"1179",62.7729418026491
"1180",62.41368242427584
"1181",63.41087583015761
"1182",64.3550988027429
"1183",62.29655076334704
"1184",62.3169120825101
"1185",63.94736448547751
"1186",64.1525118713194
"1187",63.0507530432446
"1188",63.27140057163176
"1189",63.08979882859334
"1190",61.74309709589342
"1191",61.72995113327495
"1192",61.09303328327858
"1193",62.75418296439871
"1194",63.7225267284786
"1195",62.97189672438114
"1196",61.80371948927751
"1197",63.443053803621304
"1198",62.33209055395724
"1199",62.44678305133663
"1200",63.2809897683661
"1201",63.411496161990726
"1202",64.47060386519742
"1203",65.75136350701175
"1204",64.60959670519186
"1205",65.13767709343982
"1206",65.80533822178046
"1207",67.11134806657084
"1208",67.98812090202965
"1209",67.07487256876023
"1210",67.55684170782659
"1211",66.5093672685635
"1212",65.84361719378495
"1213",67.01742140169264
"1214",66.0426999281564
"1215",65.30041846566189
"1216",65.75982824684499
"1217",65.22872262484859
"1218",64.33419016342467
"1219",65.78335370900342
"1220",64.49579041544466
"1221",64.48977496803077
"1222",65.84753704378474
"1223",66.90472609479276
"1224",69.08771002595918
"1225",69.2395701878889
"1226",69.24306786466431
"1227",69.52276656618733
"1228",69.95671868522177
"1229",70.40601609594059
"1230",71.23137741146982
"1231",72.13758621403481
"1232",72.99544548915004
"1233",72.35717816950987
"1234",73.7517278044859
"1235",73.8284417306432
"1236",72.64082314752372
"1237",73.6434272590169
"1238",72.53989243187159
"1239",71.64875962482088
"1240",71.31491644466601
"1241",70.10208891328266
"1242",70.24631026141564
"1243",68.93715608513581
"1244",68.48070008945753
"1245",68.99251291853696
"1246",68.3129886784603
"1247",68.45204539471271
"1248",66.44500753472636
"1249",64.64754483895048
"1250",64.09804755839755
"1251",65.09098973230367
"1252",65.288590693091
"1253",63.44936950258474
"1254",63.808929262611976
"1255",64.2258872597718
"1256",64.73420702935074
"1257",63.276232502907085
"1258",63.070079590230556
"1259",63.6369331378618
"1260",63.22872802943604
"1261",64.68355652249154
"1262",65.31021043528303
"1263",65.34534875134032
"1264",65.79272286502109
"1265",65.84494394534454
"1266",65.90198243985061
"1267",65.28555868515683
"1268",65.91503576368329
"1269",64.92979169286164
"1270",64.90144545444132
"1271",65.41372631999451
"1272",64.49715421315409
"1273",65.52076112908937
"1274",67.68452325683769
"1275",66.2838612066206
"1276",68.45811892457557
"1277",67.72357888800268
"1278",66.95484826388102
"1279",67.72822365515017
"1280",65.90283339114181
"1281",66.91878831868951
"1282",66.95922412628288
"1283",67.32355179653686
"1284",66.7223645610037
"1285",66.46820501980875
"1286",64.6190984880957
"1287",63.82555912207755
"1288",61.13701984721182
"1289",58.9734019783642
"1290",58.17253894131738
"1291",58.50441368007577
"1292",60.3478080881938
"1293",59.936697341430985
"1294",59.41764416384373
"1295",60.05583161844678
"1296",59.77605877928305
"1297",60.356150284941954
"1298",60.48550373313337
"1299",60.03558594176802
"1300",59.71055960771128
"1301",58.79243332034447
"1302",57.60085255285545
"1303",57.62945902709507
"1304",57.50402313925532
"1305",58.3824921984014
"1306",59.336203172723664
"1307",59.952458412650024
"1308",59.567616880560344
"1309",59.951102937267024
"1310",59.07017242574648
"1311",57.96338912683272
"1312",57.988906839506306
"1313",58.94381758933681
"1314",57.40803357628646
"1315",57.772837068346796
"1316",57.635111726522425
"1317",57.011793579852785
"1318",57.74023830232693
"1319",59.01372551126411
"1320",59.25106996815047
"1321",60.05831922319686
"1322",59.72749850369019
"1323",59.82448590945365
"1324",61.75307420694492
"1325",62.59900160764875
"1326",64.60932221478511
"1327",66.70791562124273
"1328",66.59643615686225
"1329",67.4200332841992
"1330",68.2289907400845
"1331",68.82764949306285
"1332",69.2835124927328
"1333",67.11826412641973
"1334",65.86860194190359
"1335",64.48776266642665
"1336",64.1787898211428
"1337",64.24211398817289
"1338",64.18409361796665
"1339",62.40581259698336
"1340",62.255177893886966
"1341",61.8057177625046
"1342",62.11720227842678
"1343",62.68770396313552
"1344",61.560520549920206
"1345",61.082420475602
"1346",59.87507849421541
"1347",60.25209447595231
"1348",60.817662656044504
"1349",61.94637890124134
"1350",61.45865939042414
"1351",61.135838594141596
"1352",60.8034525714477
"1353",60.673891091318396
"1354",63.295039019358704
"1355",62.89830441059331
"1356",63.68767837635981
"1357",64.57996031319857
"1358",64.53062592630319
"1359",65.12083284576521
"1360",65.2362825949588
"1361",66.0715245447703
"1362",64.31546378357376
"1363",64.66389654196145
"1364",65.38202098615848
"1365",65.5589601586438
"1366",66.25850848878001
"1367",63.991469821473856
"1368",65.5958203924476
"1369",66.31500203798528
"1370",67.00182388867563
"1371",67.27772591536157
"1372",67.98656817544209
"1373",69.5582517901574
"1374",70.36062908144116
"1375",72.21852000376613
"1376",71.60329891477438
"1377",72.84206748573256
"1378",73.09755519788285
"1379",72.99648319380212
"1380",72.28928831762452
"1381",72.2130683266684
"1382",72.70408160792196
"1383",72.1887901813704
"1384",71.96309814729666
"1385",71.78004822093881
"1386",69.9234922453899
"1387",68.83529861966976
"1388",68.9616869919204
"1389",67.64072994443455
"1390",67.73669347693448
"1391",68.24784041466799
"1392",69.47362801213683
"1393",69.34112600611756
"1394",71.84713979910636
"1395",70.44617706311016
"1396",70.06222666932511
"1397",68.34627168396926
"1398",69.73853746280203
"1399",70.47188590538823
"1400",70.43269518079319
"1401",70.05249066817356
"1402",69.251260806283
"1403",68.08653500525996
"1404",67.36957959692816
"1405",67.2241659623016
"1406",66.70604936316535
"1407",66.37832519311519
"1408",66.3315205647749
"1409",67.80764998617676
"1410",67.81639839683305
"1411",67.22961510917638
"1412",65.04715892414168
"1413",65.0876155034762
"1414",64.40222257326589
"1415",64.74363294927622
"1416",66.38654764881066
"1417",67.53507289998824
"1418",66.74092084173489
"1419",68.39437498469432
"1420",67.44705498396705
"1421",67.1958460332614
"1422",67.17454855849132
"1423",67.90302536878914
"1424",67.6454801337796
"1425",67.95394475690976
"1426",67.8481003222481
"1427",69.10516759843944
"1428",68.97763359617302
"1429",69.92641058815713
"1430",67.25878355825867
"1431",67.15917974036024
"1432",67.77935540392603
"1433",67.54035559852566
"1434",68.01283368351224
"1435",66.87762958060215
"1436",66.84688078800752
"1437",66.27665749442966
"1438",65.50508090497186
"1439",67.33423675173934
"1440",68.9026949173226
"1441",68.4835379394528
"1442",69.38980425599506
"1443",68.0576348666706
"1444",66.88835168146245
"1445",65.46132005201368
"1446",65.91616138447434
"1447",67.02107857589179
"1448",66.8698153534774
"1449",65.97366861747099
"1450",65.77954577389106
"1451",64.66877806656407
"1452",64.98642276797892
"1453",67.00764590014467
"1454",66.88810837895127
"1455",67.97680479243812
"1456",67.44712798382454
"1457",68.1689769029609
"1458",68.53246665498598
"1459",70.29459917291246
"1460",69.18362051518667
"1461",69.93792984567754
"1462",69.83854575468044
"1463",68.8554313791198
"1464",67.55725497764998
"1465",66.59722304255547
"1466",65.41973614674768
"1467",65.32125472989111
"1468",64.91170305908416
"1469",65.11638391310343
"1470",66.44819815308942
"1471",67.0483985784728
"1472",67.45554359066023
"1473",67.06540117338105
"1474",67.58579789367504
"1475",67.20937393451854
"1476",67.2007894465511
"1477",65.78388066059381
"1478",63.381937300248595
"1479",63.65541590633002
"1480",64.14010284391021
"1481",63.431824118768304
"1482",63.63078126608629
"1483",62.38739387857056
"1484",62.063164710747564
"1485",62.75749763866337
"1486",61.00532938121052
"1487",62.321626798968346
"1488",61.5115136290592
"1489",61.58665328208923
"1490",63.12242560575323
"1491",64.30627641981701
"1492",64.40891507021983
"1493",65.11152687706384
"1494",64.53358947068347
"1495",65.2622082204337
"1496",67.28450749135918
"1497",68.19861515381119
"1498",67.9707109533188
"1499",68.89048072206698
"1500",68.44090845545531
"1501",68.01165361090683
"1502",67.15039211672678
"1503",68.59661450744531
"1504",67.94961316621944
"1505",67.755145222405
"1506",68.30654685102424
"1507",69.60852905051945
"1508",70.51069166895803
"1509",69.57664818763101
"1510",70.02685645183716
"1511",70.72344218343159
"1512",71.49510570410857
"1513",72.2150270513793
"1514",71.78728144892025
"1515",71.59773485485775
"1516",73.90197045365544
"1517",73.903487439055
"1518",73.76457897733462
"1519",74.47934965145436
"1520",73.45563810534993
"1521",75.02543893544683
"1522",75.01410603291907
"1523",74.8670529491524
"1524",75.42949746175489
"1525",76.52861232798422
"1526",74.22763583505692
"1527",75.60473231685762
"1528",75.57652104135899
"1529",75.73007963603973
"1530",78.31266256314296
"1531",79.37481052037246
"1532",79.76388329925237
"1533",78.09121900103207
"1534",78.99942776653475
"1535",79.37106087140602
"1536",78.7966097819754
"1537",78.9434263100273
"1538",77.3665336909152
"1539",78.95200606332165
"1540",79.94826748118253
"1541",81.63917715590374
"1542",82.1027356487252
"1543",81.84699174409042
"1544",80.31348881341196
"1545",79.92001629253988
"1546",80.4543503245826
"1547",79.44970923863713
"1548",77.40375004123729
"1549",78.67841942831038
"1550",80.02882681055539
"1551",79.24313762368497
"1552",79.07425198394155
"1553",80.16570545807467
"1554",81.56064844286459
"1555",79.95892312478723
"1556",79.95389345779702
"1557",80.987850670205
"1558",80.06264483748069
"1559",81.16122828713446
"1560",80.23151792387836
"1561",80.67460667503681
"1562",81.51353264488412
"1563",83.10685626037508
"1564",81.54549541236696
"1565",82.1726107177037
"1566",80.24008579769098
"1567",80.29668598893296
"1568",80.35125576500421
"1569",79.5686260978276
"1570",78.63943356003875
"1571",81.58483345046164
"1572",82.81187845581547
"1573",84.11356620279525
"1574",83.4609611799403
"1575",82.75134090498403
"1576",82.75996305264695
"1577",83.57563271644871
"1578",83.00528598436526
"1579",83.11047965719114
"1580",82.70953870689723
"1581",82.56083583518185
"1582",83.37792289332816
"1583",83.42888908869013
"1584",84.36268791827753
"1585",84.20567444348625
"1586",84.16896779264452
"1587",85.55448254760664
"1588",85.7652556508152
"1589",84.96384820774922
"1590",85.40960327822214
"1591",84.63136424953227
"1592",84.62832804330385
"1593",85.59309131945786
"1594",86.25007083232504
"1595",84.52631172873437
"1596",86.9011859110385
"1597",88.22070371408817
"1598",88.29088253865838
"1599",86.73019563661498
"1600",86.39057639705523
"1601",84.03392718877647
"1602",83.76413476401959
"1603",85.23008838405339
"1604",84.68745318292763
"1605",86.24552379280185
"1606",86.51438979587152
"1607",88.20819346165639
"1608",88.97648825510923
"1609",91.95217561186466
"1610",92.55056361616025
"1611",91.4261722873533
"1612",91.97914960849573
"1613",91.55293072352039
"1614",92.49269006239338
"1615",92.72277944625907
"1616",93.48644270461344
"1617",93.3457092159462
"1618",94.3646544381181
"1619",92.92620069515309
"1620",91.83938289869123
"1621",93.48948451977199
"1622",94.69521346992693
"1623",93.77958507735362
"1624",93.5708064617051
"1625",94.8864306982778
"1626",94.33719647745062
"1627",93.77618270326408
"1628",94.08090456223215
"1629",93.6912340463658
"1630",94.33868322933839
"1631",95.93104281529835
"1632",96.17419613011737
"1633",95.46014701817901
"1634",95.0694521736542
"1635",96.95506536286925
"1636",97.27797015058614
"1637",97.46445045214678
"1638",96.87988872406254
"1639",97.9677870887357
"1640",99.32293462603513
"1641",98.79994860130385
"1642",99.1357681260625
"1643",98.03358307088772
"1644",99.17593578758235
"1645",99.31161546906456
"1646",99.8386906000968
"1647",99.21611223502882
"1648",98.8137797885833
"1649",98.36035290801735
"1650",99.33564812766464
"1651",98.0784848235553
"1652",98.56420326959318
"1653",98.69434428261049
"1654",98.60207306590488
"1655",98.3172863365581
"1656",97.87970645963816
"1657",99.44171122576932
"1658",99.92255027219733
"1659",98.750616987494
"1660",97.82042149720989
"1661",97.47745456467587
"1662",99.71692752848351
"1663",98.65015473879893
"1664",100.67432467441957
"1665",100.18977702526325
"1666",99.70439522090516
"1667",99.71131021446494
"1668",99.39704028070621
"1669",98.16079251379469
"1670",98.8238909839465
"1671",100.7470195917561
"1672",101.40638838575882
"1673",101.59846458015835
"1674",100.57955707276858
"1675",100.32389685949163
"1676",100.82007825961661
"1677",101.88551164151832
"1678",103.63409120465725
"1679",102.75884466031663
"1680",102.5172924467459
"1681",102.1353194340687
"1682",102.03211403219042
"1683",102.27451061520838
"1684",103.52137332418577
"1685",103.39919312712023
"1686",103.32431898592228
"1687",104.16424778769222
"1688",103.74857049744911
"1689",102.15524044852158
"1690",102.34221351731716
"1691",101.27933800506935
"1692",101.69817397809017
"1693",100.85095532204069
"1694",101.79059599862298
"1695",101.60817562273287
"1696",102.70115212125972
"1697",104.6748049626651
"1698",103.15901554298001
"1699",104.09809751725695
"1700",103.17521073984493
"1701",102.26781729657674
"1702",103.68330930147067
"1703",102.94353461358556
"1704",102.75484053906665
"1705",102.17920614603135
"1706",101.57669876996076
"1707",101.87708435031708
"1708",102.96383160539632
"1709",101.75751293263026
"1710",101.57706290648422
"1711",101.96834480123589
"1712",100.57689165710515
"1713",100.10177549788777
"1714",99.85957371091129
"1715",98.80353571309158
"1716",99.68472521655829
"1717",99.33019183759437
"1718",97.94404779664484
"1719",99.34251345398378
"1720",99.83701078459418
"1721",101.2377735854842
"1722",100.82205257271374
"1723",100.21655500461702
"1724",99.79483291792826
"1725",101.2088076457938
"1726",101.7299823948693
"1727",103.30230064173821
"1728",104.13450633417678
"1729",103.62929837890641
"1730",104.36219893867144
"1731",105.37252729059685
"1732",104.86543292050946
"1733",106.06942109345758
"1734",106.61985160548814
"1735",105.57554478783446
"1736",106.71411717327211
"1737",105.85181169264037
"1738",106.60311574656886
"1739",107.26962943097475
"1740",107.45031710676263
"1741",107.36588194445072
"1742",106.61481419334547
"1743",105.28312318422611
"1744",104.96461906056314
"1745",104.69094180069936
"1746",104.13594404441666
"1747",105.05462159310764
"1748",105.65118682779034
"1749",103.65098358674976
"1750",103.67388826618546
"1751",105.02056702697615
"1752",104.65107344010752
"1753",103.10958281229925
"1754",102.2422951502179
"1755",102.23842081508052
"1756",101.25598198358063
"1757",100.84562210892044
"1758",101.016822926789
"1759",100.54556173654392
"1760",98.67108787658532
"1761",97.97544994623483
"1762",97.41475142381377
"1763",98.43100983367667
"1764",98.25988881601438
"1765",96.38280980138764
"1766",97.85953722651503
"1767",98.97458706171778
"1768",98.23372900992888
"1769",98.50239354070402
"1770",100.30441394187446
"1771",98.11205746887904
"1772",96.8492207214248
"1773",95.09066433428589
"1774",96.19571256897088
"1775",96.60598570701126
"1776",96.49623904691929
"1777",98.49711602324342
"1778",99.64486781646116
"1779",99.29350358508385
"1780",99.47745210294707
"1781",101.76016478523648
"1782",100.89177331476216
"1783",99.83654011934
"1784",99.46776921064335
"1785",100.42811805045594
"1786",100.8969702457851
"1787",101.34030801162305
"1788",100.93757247059811
"1789",99.68171568047237
"1790",99.34710057181539
"1791",98.52999465954143
"1792",98.69412993189331
"1793",99.5475410665281
"1794",100.24283006252897
"1795",99.11292657734448
"1796",98.93294361274108
"1797",99.22404905940968
"1798",97.773344456119
"1799",96.28468661860143
"1800",96.29722474428483
"1801",96.89764714668203
"1802",97.00737122848616
"1803",96.39040352221386
"1804",95.90467638966136
"1805",94.92732551369868
"1806",94.32964190331136
"1807",95.25673729493894
"1808",95.12923869594255
"1809",95.86129022712461
"1810",97.6588308964338
"1811",97.65798018630646
"1812",98.25232683170921
"1813",97.27958844700143
"1814",97.76102617825767
"1815",98.42624338172035
"1816",98.84800688437566
"1817",97.60287121261531
"1818",97.95281061764985
"1819",97.02985201810077
"1820",98.23359041430602
"1821",96.64141507879444
"1822",96.9602037215807
"1823",96.88566302075667
"1824",96.34402109223602
"1825",96.08805358267266
"1826",95.59577846771826
"1827",94.62881412313303
"1828",93.00039909983606
"1829",92.98818878402321
"1830",95.18410139263362
"1831",94.72147933292608
"1832",94.79601279418135
"1833",95.5187793050085
"1834",95.91858739472514
"1835",94.82231729527315
"1836",95.65926094338049
"1837",93.89958969787497
"1838",93.85768996136521
"1839",93.4693308049016
"1840",93.72241340698774
"1841",93.44421192942
"1842",93.74395350482926
"1843",92.91480378476669
"1844",92.79733060083183
"1845",92.68951624688647
"1846",93.15510886844613
"1847",93.90405892978374
"1848",94.77903701014384
"1849",95.23802521422658
"1850",95.74414650263721
"1851",96.36574972618246
"1852",96.12425632323114
"1853",97.21315435569791
"1854",97.25141473302317
"1855",97.27064262517412
"1856",97.45291115110246
"1857",96.11835783360206
"1858",97.08097125597789
"1859",97.12073872335506
"1860",97.7047445855618
"1861",98.20583903165867
"1862",97.69467218257161
"1863",98.36830801145479
"1864",97.55940408762245
"1865",98.92182957956226
"1866",98.57785487191423
"1867",97.17997422618379
"1868",98.41744881704122
"1869",97.52333489872217
"1870",98.2455518436749
"1871",98.29004775392433
"1872",98.27131863339508
"1873",97.99419780864143
"1874",96.51102210750221
"1875",96.79144936498912
"1876",97.80939411022565
"1877",96.8470806881965
"1878",97.70156498770288
"1879",96.89473656572622
"1880",96.03485009110967
"1881",95.38473691216772
"1882",96.76486314095331
"1883",97.5321943259274
"1884",98.55910982467104
"1885",97.84927142025244
"1886",97.14288982588026
"1887",97.49930751736791
"1888",97.22427959879897
"1889",98.71375462165973
"1890",98.44125495881899
"1891",97.53189644871495
"1892",96.76790452348786
"1893",95.96175807111794
"1894",95.9805388964384
"1895",96.28938933918657
"1896",96.57141529242334
"1897",98.11086822207535
"1898",96.6473318864988
"1899",96.25299164450372
"1900",94.60693713580356
"1901",93.51391007347733
"1902",94.32619608799881
"1903",94.42271853791846
"1904",94.10776398064168
"1905",94.5543127690101
"1906",93.54198911621806
"1907",93.49570563305592
"1908",92.79956170618425
"1909",92.19506295724504
"1910",91.96857360625901
"1911",92.2425319715056
"1912",91.48714780788663
"1913",92.12670954891409
"1914",91.56613399259614
"1915",90.60500180613612
"1916",89.69116493655855
"1917",90.20912963037169
"1918",89.20006038320113
"1919",90.55254972030087
"1920",92.18680298421697
"1921",92.43433139516247
"1922",92.57013685313515
"1923",93.19292438200878
"1924",94.1205725494139
"1925",92.81786206856326
"1926",92.5642821780249
"1927",92.51947296684898
"1928",91.27404668195985
"1929",91.8433235165923
"1930",91.81887475809047
"1931",91.0257803327655
"1932",92.45801289573485
"1933",90.82895956926727
"1934",91.12208379823477
"1935",90.73264016291597
"1936",90.18102204771866
"1937",90.19103370263315
"1938",90.4109013747331
"1939",90.14948376584489
"1940",90.33811751523835
"1941",91.18739858286197
"1942",92.07084717461596
"1943",90.68744105587395
"1944",90.98348722118442
"1945",89.86888171205817
"1946",90.46153529032215
"1947",89.7871330301496
"1948",87.73570386970256
"1949",87.0258506952975
"1950",87.99024137436746
"1951",87.68860470330782
"1952",87.73496045785802
"1953",85.30834746322635
"1954",85.54408952210224
"1955",84.91519123214647
"1956",84.33226714305012
"1957",83.58393597635144
"1958",83.12096482810674
"1959",84.3757465200081
"1960",86.1561853487057
"1961",86.5166719286252
"1962",85.73098494428115
"1963",85.93127871361607
"1964",86.75028057006031
"1965",87.55124556080325
"1966",87.56781608021745
"1967",88.83640130878746
"1968",87.74475538276577
"1969",87.13799947692554
"1970",86.33274435257017
"1971",86.95203912895295
"1972",86.1901940398397
"1973",86.22938187241463
"1974",85.5886226579597
"1975",85.42610561544744
"1976",85.78533470066576
"1977",86.44558824663419
"1978",86.95149034855207
"1979",84.95045240379258
"1980",85.24815001383679
"1981",86.08041576520054
"1982",85.96303940934078
"1983",85.99167170178079
"1984",87.09759895819303
"1985",86.62615374426734
"1986",83.99618444766634
"1987",83.19942321958504
"1988",84.62085104409279
"1989",85.08972383916586
"1990",85.4264536691633
"1991",83.57781282116899
"1992",83.77992901384991
"1993",82.62557035474813
"1994",83.16266411927855
"1995",84.99603453446719
"1996",85.3115913448292
"1997",85.46957676965732
"1998",85.20797039814414
"1999",85.62311611698208
"2000",86.22355734290088
"2001",85.20188214784794
"2002",84.33280280990908
"2003",83.7528128919302
"2004",82.68076969652125
"2005",80.55398825104963
"2006",79.83639033707625
"2007",80.30013681147034
"2008",81.55267519455536
"2009",83.42739475801487
"2010",83.5467503923283
"2011",83.37817600711784
"2012",84.7476474137406
"2013",87.44973653761518
"2014",86.00337893393372
"2015",85.53940442937675
"2016",85.18696120791354
"2017",83.3234516779971
"2018",83.27739603190416
"2019",83.04522277364083
"2020",83.10428946525377
"2021",82.31613343790437
"2022",82.66413026802114
"2023",84.62383151470976
"2024",84.97225631248499
"2025",84.79351476420435
"2026",84.44514764984825
"2027",83.74817201219172
"2028",83.24542390150887
"2029",83.70426797742665
"2030",82.71701659983317
"2031",82.28729795253918
"2032",80.85363578281346
"2033",81.05306728781393
"2034",79.50768679975873
"2035",80.2869372081157
"2036",80.0553947216469
"2037",79.66645413636986
"2038",79.35844017266936
"2039",78.82552822528906
"2040",78.61371848751716
"2041",79.70046678237377
"2042",80.53528422623457
"2043",81.06405263893458
"2044",81.42308208791759
"2045",79.9238532371142
"2046",79.07344162341688
"2047",81.29989797098762
"2048",78.91376150882688
"2049",78.69617081441407
"2050",78.23405221602916
"2051",79.02131788833755
"2052",80.20655114715379
"2053",79.35825041781447
"2054",78.91537123639824
"2055",79.44559335954567
"2056",79.54242309457454
"2057",78.64983726851874
"2058",77.72603428746694
"2059",78.40205464805281
"2060",77.733702310472
"2061",76.99254173830404
"2062",76.93249731261926
"2063",79.34355046260094
"2064",78.13181004703901
"2065",77.12371472084094
"2066",76.80249645454707
"2067",77.22796804620626
"2068",77.07596218736676
"2069",77.77785045611813
"2070",77.65194449460495
"2071",79.63074173014805
"2072",80.5497501230561
"2073",78.42032830603029
"2074",78.79771354156337
"2075",79.1582627469773
"2076",78.5181346783809
"2077",77.55509422635097
"2078",77.59933414094222
"2079",77.16388596076557
"2080",78.07022772009304
"2081",79.71279003106224
"2082",80.16436483228044
"2083",81.16403291656042
"2084",80.3845400280548
"2085",79.95823705309431
"2086",80.51534460363413
"2087",80.33475799740333
"2088",79.83316951561868
"2089",79.34498658569252
"2090",80.42246497519771
"2091",81.20226652716406
"2092",81.00054261701825
"2093",82.20673830141057
"2094",83.4621429762693
"2095",85.5404467658532
"2096",85.46626915257076
"2097",86.10577499475295
"2098",88.44006506048103
"2099",86.93644559348107
"2100",85.06926846782213
"2101",84.57023810384808
"2102",84.85055113371149
"2103",84.33823154761834
"2104",84.59021017422477
"2105",84.28833343191386
"2106",85.14463049004878
"2107",84.06035824939008
"2108",82.27542974481302
"2109",80.46154092760302
"2110",81.18869642314496
"2111",81.60011897395808
"2112",81.72415809856953
"2113",82.30172142374364
"2114",82.78959688944018
"2115",81.91253484599324
"2116",82.03020235116571
"2117",81.89496939731444
"2118",82.22757319275969
"2119",81.09861016542935
"2120",80.873287450042
"2121",82.05538932654068
"2122",82.42955742130718
"2123",82.38237729478334
"2124",83.06930197664421
"2125",81.9048617127785
"2126",83.06897775932623
"2127",84.18150972153693
"2128",83.31624095559644
"2129",82.96316355621146
"2130",80.8993158008309
"2131",80.53481010180131
"2132",79.08183502319095
"2133",78.82281209672767
"2134",78.70193387438648
"2135",77.85969373563297
"2136",76.67341344439998
"2137",75.83975919642025
"2138",76.97050458441602
"2139",76.14168642946287
"2140",75.60696249695323
"2141",76.39847407753797
"2142",77.71548365037314
"2143",75.79624740833829
"2144",74.44946185367327
"2145",74.51921032149869
"2146",73.30050473097442
"2147",72.77288310851412
"2148",74.59240410043323
"2149",73.51313052484245
"2150",73.5563806473723
"2151",75.12181880697307
"2152",74.45943238073292
"2153",74.11554483546294
"2154",75.11450536376448
"2155",75.96356808467075
"2156",76.284528049217
"2157",73.25500308191711
"2158",73.34796751503644
"2159",74.12459759557773
"2160",75.19639789231947
"2161",75.61411951553005
"2162",75.7595483013044
"2163",73.68541334126849
"2164",73.52229535995097
"2165",74.18027495696691
"2166",73.42217775396358
"2167",73.64732070958205
"2168",74.6694699286986
"2169",75.42682143454323
"2170",73.51036924108867
"2171",72.57027946426746
"2172",71.71038998290739
"2173",71.66265991719186
"2174",70.8869459690617
"2175",69.62044007797272
"2176",70.096433190901
"2177",71.07759447204103
"2178",71.05781499803273
"2179",70.99586851587438
"2180",70.51997822734032
"2181",70.37131186911111
"2182",70.96276622157191
"2183",68.73232584207508
"2184",68.92225848245552
"2185",69.57772463596663
"2186",68.25395440987269
"2187",68.51584879677482
"2188",69.81064437444562
"2189",70.26030745523813
"2190",71.49364333815262
"2191",71.12567726503126
"2192",70.76764731533478
"2193",70.18403090450948
"2194",69.8027922012443
"2195",69.36188006266691
"2196",69.59711925403165
"2197",68.57786438606344
"2198",69.45606152850483
"2199",69.62885692385873
"2200",69.46504471009044
"2201",68.76862305708649
"2202",69.35169582833664
"2203",69.44726611244454
"2204",67.90282165539432
"2205",68.70711844571973
"2206",68.19489229399461
"2207",67.24303160440253
"2208",68.89357489163086
"2209",69.41146922962464
"2210",70.87953998790806
"2211",69.75417768403189
"2212",70.63836179858885
"2213",71.31064312742014
"2214",71.65751098383782
"2215",71.59956393567225
"2216",73.34251293739761
"2217",73.37517849890075
"2218",71.99785337232782
"2219",72.84864092941733
"2220",71.78100172161857
"2221",70.19124296168955
"2222",70.08930327940638
"2223",69.68399147547116
"2224",69.70146492860943
"2225",71.43965093333584
"2226",71.48331279456984
"2227",73.83018902668877
"2228",72.99507244553187
"2229",73.1254130434564
"2230",72.16146413202812
"2231",72.38535670498226
"2232",73.95732440711184
"2233",76.78369464105438
"2234",76.43590352934993
"2235",75.16038446808813
"2236",73.73271490278044
"2237",74.08217708717655
"2238",74.58072665431682
"2239",73.44316918010428
"2240",74.25298574630648
"2241",73.2348845301742
"2242",73.83596688089928
"2243",72.12380008597839
"2244",73.18262656232125
"2245",72.78070786161327
"2246",71.42455910851092
"2247",71.73425688227607
"2248",71.17001533542246
"2249",71.82807867285953
"2250",73.07164226973254
"2251",75.14892978973823
"2252",74.91536383070564
"2253",75.56144629752423
"2254",74.58994576843905
"2255",74.89412155183672
"2256",75.39443268972738
"2257",76.1252839612616
"2258",75.55952374359987
"2259",76.53405074919982
"2260",77.86834440774425
"2261",74.47065632301705
"2262",76.72286282916536
"2263",75.85305241311877
"2264",75.35995173728408
"2265",74.65592153707063
"2266",75.24566954185957
"2267",77.26700285799127
"2268",76.45501207705111
"2269",75.4760375709246
"2270",74.32116968401542
"2271",74.21392547648794
"2272",73.73766267192555
"2273",74.87019475251513
"2274",73.0670632322611
"2275",72.40982678751
"2276",71.0041268372348
"2277",71.26477643563597
"2278",71.8111155516047
"2279",72.76513003694049
"2280",72.56070300129686
"2281",74.10380851981175
"2282",73.22300724185796
"2283",73.32694753088127
"2284",74.57307720077377
"2285",74.5537288803079
"2286",74.80672294317219
"2287",75.10640626941839
"2288",75.54221121400869
"2289",74.96627937492617
"2290",75.83441812237913
"2291",74.53564886600462
"2292",75.35784432084515
"2293",75.07934913044423
"2294",74.51892588873719
"2295",73.13381019591473
"2296",72.8636826298179
"2297",73.60202547826512
"2298",72.30804984486802
"2299",71.4664454247201
"2300",71.38058147628907
"2301",70.11340034232201
"2302",69.82524608438361
"2303",70.38280139028895
"2304",69.98698815165841
"2305",67.61522848097336
"2306",67.59016198422496
"2307",67.66984125826966
"2308",70.7351866163221
"2309",70.07181144740078
"2310",68.96373950063177
"2311",70.46598611994298
"2312",71.05184485194074
"2313",72.72017893119566
"2314",72.44751841408161
"2315",70.89434327408622
"2316",69.54641789051254
"2317",69.49152615547429
"2318",71.07768475978416
"2319",70.75832502185175
"2320",69.46311832713104
"2321",69.80619470874932
"2322",69.10232493064613
"2323",68.16937585104147
"2324",68.57585749006806
"2325",68.72092678504399
"2326",69.4119785869115
"2327",70.03994705127951
"2328",69.50757066672068
"2329",68.55929772872811
"2330",70.01287422155197
"2331",69.00220898693713
"2332",68.23179427863177
"2333",67.02064620192893
"2334",65.96671929391171
"2335",66.66382337327164
"2336",65.14274982381062
"2337",67.55254132662533
"2338",68.3442623874695
"2339",66.8483889938314
"2340",67.37197804455454
"2341",67.2471828821976
"2342",67.78474569113716
"2343",65.68280959195863
"2344",65.89811313793396
"2345",66.24648528799852
"2346",66.53733971270782
"2347",63.62382024878126
"2348",63.06808776809613
"2349",64.43920050339747
"2350",62.52525206184888
"2351",60.94597706050275
"2352",61.551141529405584
"2353",61.64450425598976
"2354",64.8507079856386
"2355",63.65770582454073
"2356",62.988553162638055
"2357",62.59074859325546
"2358",61.38935238133696
"2359",61.170283113678245
"2360",60.78096370366419
"2361",58.768859252101564
"2362",58.6959460609156
"2363",60.712598968964194
"2364",61.25273870724923
"2365",60.11269301880704
"2366",58.82532432661928
"2367",58.60174838664844
"2368",57.54791876129252
"2369",56.45498737954282
"2370",55.12190001540845
"2371",53.61026529290945
"2372",54.14596772316888
"2373",55.53619889154385
"2374",55.414393007659974
"2375",55.095213055869515
"2376",54.25691315144272
"2377",54.33787975980524
"2378",56.30722304335529
"2379",55.296873793614644
"2380",57.147554580678985
"2381",57.69068842092685
"2382",57.510678923978524
"2383",57.068266795346815
"2384",56.665804808443795
"2385",56.89615466231052
"2386",57.94963881735448
"2387",59.79978460721075
"2388",59.40769993792848
"2389",58.168895443277435
"2390",58.000439273508825
"2391",59.14544122938957
"2392",58.98157195122062
"2393",58.62334737438197
"2394",59.9376543749578
"2395",59.930904932405994
"2396",58.508086402880366
"2397",57.91300849802119
"2398",58.71591345275625
"2399",58.34262101087874
"2400",60.08464425744628
"2401",60.47840124366272
"2402",60.18719701603138
"2403",59.94388870661112
"2404",59.611346502219625
"2405",57.618399454155565
"2406",57.73923122822633
"2407",59.32276948446999
"2408",60.233886938108554
"2409",60.66330797176602
"2410",59.74078796030501
"2411",59.30217113004878
"2412",61.092109734157475
"2413",61.05302238821849
"2414",59.18748744292779
"2415",59.513913596122464
"2416",59.01338148837006
"2417",60.647693936563876
"2418",60.912585775373266
"2419",61.873412773076005
"2420",60.704631496270515
"2421",60.51056721248854
"2422",59.90610725658428
"2423",60.802376686384044
"2424",60.90565234251331
"2425",61.06761308662156
"2426",61.59752087638289
"2427",61.70742715933791
"2428",60.44456359935803
"2429",59.076530534610534
"2430",58.86464161180575
"2431",59.461644038047076
"2432",59.48782945119492
"2433",59.66118647883943
"2434",59.33151434382877
"2435",57.61847783203748
"2436",57.21898540571996
"2437",56.6546810508047
"2438",56.691858117433654
"2439",56.01262618719072
"2440",57.215501156280254
"2441",56.180941485056394
"2442",57.28860938853807
"2443",57.329421326053996
"2444",56.89757522352212
"2445",57.3100019890187
"2446",55.87498068317403
"2447",55.998200914491214
"2448",53.46344078042144
"2449",53.17945016448599
"2450",50.79318888473971
"2451",50.883911060207815
"2452",52.18585700022178
"2453",52.07505984409028
"2454",50.42992182827576
"2455",50.55210380678743
"2456",50.414101228336484
"2457",48.96738155002407
"2458",48.906959990447135
"2459",51.46048350030477
"2460",52.8221634518756
"2461",53.64278677988664
"2462",54.05076617753623
"2463",53.96588121677761
"2464",53.43535109324985
"2465",54.25845681468953
"2466",53.24318761218403
"2467",53.789306362215854
"2468",51.72817488299252
"2469",50.67486207080327
"2470",51.48433308898367
"2471",51.593741627059366
"2472",51.9126292453151
"2473",51.04951733889604
"2474",51.38707490295682
"2475",52.351666691967154
"2476",52.21104675494506
"2477",53.023352245309525
"2478",52.77509099248919
"2479",53.170766196943894
"2480",51.86460773015635
"2481",52.053319904299144
"2482",50.951945645973446
"2483",50.670159701389956
"2484",49.56347871402891
"2485",48.771215027975956
"2486",49.102335939003495
"2487",48.08778948552764
"2488",47.89519653157461
"2489",48.80153665857879
"2490",48.99803732081217
"2491",48.529014661148494
"2492",48.81296497499905
"2493",50.28663632018138
"2494",49.055369814587095
"2495",50.078799045858965
"2496",50.103728813607916
"2497",48.94178997919349
"2498",48.64752210175325
"2499",49.945219665922
"2500",50.847673237708335
"2501",50.55868948734894
"2502",50.840209276220214
"2503",50.99208790632018
"2504",49.34544679706158
"2505",49.7179365787109
"2506",48.82980761358772
"2507",50.287472596783616
"2508",49.98495575340127
"2509",50.99261732046941
"2510",50.832699710374726
"2511",48.98848605312244
"2512",50.7456646174137
"2513",52.32638903716713
"2514",52.7717812567734
"2515",51.59824670348408
"2516",51.38218600196446
"2517",51.768865277396614
"2518",50.512762718657086
"2519",49.52977960438894
"2520",49.958745840648575
"2521",48.99630828966749
"2522",49.572685571438846
"2523",48.394821326888994
"2524",47.68718747126758
"2525",48.14972608232721
"2526",49.68953160979786
"2527",49.879777500740445
"2528",49.14490332288943
"2529",48.74235021296108
"2530",49.39088029301649
"2531",49.233893786600184
"2532",48.60747942822589
"2533",47.42239517400941
"2534",47.39151866511209
"2535",47.36253288007527
"2536",46.98964574702907
"2537",47.78345519100922
"2538",48.35846011402437
"2539",48.43031251106965
"2540",47.83400999911782
"2541",46.9244973063434
"2542",46.171108114835484
"2543",44.27329569788289
"2544",44.87753272935436
"2545",46.34614835341041
"2546",46.68470450378149
"2547",47.42729394647393
"2548",46.44721889298376
"2549",46.278821565669276
"2550",46.47524263361342
"2551",47.59424750130569
"2552",48.702306459212835
"2553",47.01837387231624
"2554",46.44037348117474
"2555",47.05956160750785
"2556",47.48102361335768
"2557",47.60723397802151
"2558",47.297436800041446
"2559",48.442912131613284
"2560",49.17021844188962
"2561",49.9349099689472
"2562",49.190514590922184
"2563",49.23713486060558
"2564",48.660116661400245
"2565",50.661517149032846
"2566",52.21322695934269
"2567",50.99824190020895
"2568",52.41437163863005
"2569",51.9655475782751
"2570",52.27509329917351
"2571",50.69063459271109
"2572",50.27103749127485
"2573",50.455584801661196
"2574",48.931042952053005
"2575",48.7098217267923
"2576",48.792396557590955
"2577",48.92399836236769
"2578",48.566873483469436
"2579",46.5611647967435
"2580",47.54658411940137
"2581",45.86922021689059
"2582",43.5009708695032
"2583",44.36003798190225
"2584",43.38322671010923
"2585",42.666752430662726
"2586",42.70913695552161
"2587",40.48059435888395
"2588",39.82893138873869
"2589",40.588271852717014
"2590",39.898525205066065
"2591",39.387213314012385
"2592",38.739261318163074
"2593",37.93477727001263
"2594",36.810694461924015
"2595",35.54767182261989
"2596",36.78944382175539
"2597",38.043507567558564
"2598",37.9614051646194
"2599",39.2355675375824
"2600",38.62564232868705
"2601",38.8509062466695
"2602",37.908928942649545
"2603",38.182040688896144
"2604",38.611346051126404
"2605",38.597131187376945
"2606",39.40390854156473
"2607",39.6232582568729
"2608",40.81128889395775
"2609",41.566724587751445
"2610",41.00948237269604
"2611",40.537382634368925
"2612",41.616902566699245
"2613",40.26970931941756
"2614",40.34291447894253
"2615",40.58366619560851
"2616",39.693771966185615
"2617",38.88880885546629
"2618",38.56969491939584
"2619",39.143412049749614
"2620",40.03325597736182
"2621",39.85262867789914
"2622",40.626389107087164
"2623",40.4395934397346
"2624",43.19083774007094
"2625",42.79794442740595
"2626",42.99422350098979
"2627",40.21426492801484
"2628",39.1793085367123
"2629",41.29108882974879
"2630",41.28733250394451
"2631",41.497109127352886
"2632",41.33749461859958
"2633",39.750132461975014
"2634",38.83409920352642
"2635",40.75485326127877
"2636",40.55732069825659
"2637",38.74101515662562
"2638",37.641257157807935
"2639",38.793215560756714
"2640",40.92686313088495
"2641",40.83051842521242
"2642",39.80903506961854
"2643",39.37620901611602
"2644",38.20633191699593
"2645",39.115384138582975
"2646",38.02306444010164
"2647",38.69668072261842
"2648",38.92651873022934
"2649",38.472772927763806
"2650",40.37087763378091
"2651",41.7020920157873
"2652",41.16481636594108
"2653",41.02167670190539
"2654",38.75425611964111
"2655",38.489885858969124
"2656",37.76951667888467
"2657",38.15003827852768
"2658",37.07740890198306
"2659",38.69156429088885
"2660",38.52928846951372
"2661",38.99871832954553
"2662",38.659158397517785
"2663",38.172732380413166
"2664",37.089551446463815
"2665",37.379300732576446
"2666",36.512384524964084
"2667",35.303313209851524
"2668",35.569593987906124
"2669",34.728905487821635
"2670",33.281927183195215
"2671",32.46385748109212
"2672",30.27054213140057
"2673",29.920332564601033
"2674",29.602301920884464
"2675",28.78517160966169
"2676",28.182385622031727
"2677",27.835823112919265
"2678",27.58060145965884
"2679",27.707175975816313
"2680",26.563296241273505
"2681",27.76733036286922
"2682",29.17174279433236
"2683",29.783171398896105
"2684",28.719883969929878
"2685",28.748479993628443
"2686",29.530534001441037
"2687",29.423397805965422
"2688",29.81404113043377
"2689",29.839236129371685
"2690",30.495717433157473
"2691",29.215706347930517
"2692",29.208870525192452
"2693",30.115987159977646
"2694",30.237770622002582
"2695",29.627948985777394
"2696",29.74315928491929
"2697",28.16859493866473
"2698",27.92978323163792
"2699",27.651553115772224
"2700",29.175780474163744
"2701",29.07737662009221
"2702",29.87712981030329
"2703",29.03774336289924
"2704",28.492665047240152
"2705",27.32528485728177
"2706",28.248602920257763
"2707",26.860545177475892
"2708",27.27889085652937
"2709",26.248366502983842
"2710",28.870263953983528
"2711",28.808056461863774
"2712",28.10874184552082
"2713",28.835070659759445
"2714",28.283283176726954
"2715",29.430035744357532
"2716",28.161503509183902
"2717",25.310273549561884
"2718",25.64631640937549
"2719",25.146443625229505
"2720",25.04868148913443
"2721",27.713056263520393
"2722",27.594393288606117
"2723",26.647707379932694
"2724",27.746508552363778
"2725",27.645043502102368
"2726",27.461982392899387
"2727",26.80127213605985
"2728",25.551031362916994
"2729",26.005783970281055
"2730",26.54713828844103
"2731",27.212857551639505
"2732",26.42599977384367
"2733",26.401170983281503
"2734",27.592386278418715
"2735",29.092865491151564
"2736",30.10793573913161
"2737",29.695228780021893
"2738",29.424991693788204
"2739",29.726065416969362
"2740",29.511441700993917
"2741",29.829147040844102
"2742",29.998781893670582
"2743",29.354198303644246
"2744",30.608386238782042
"2745",31.315507852013912
"2746",30.038869852981158
"2747",30.66837096632587
"2748",30.26274997086139
"2749",29.906871168845242
"2750",30.980874701751674
"2751",31.082393682875807
"2752",30.635630559548794
"2753",31.789157912901345
"2754",31.59285733124549
"2755",32.2805285042037
"2756",31.3002430875035
"2757",33.93325734256019
"2758",33.316757746600736
"2759",34.55622926084196
"2760",35.576763547817954
"2761",34.16493944367992
"2762",35.17042619742217
"2763",36.369795643723016
"2764",37.06878059741522
"2765",37.217809489783356
"2766",36.989795531658324
"2767",38.35883733326192
"2768",38.316481634146456
"2769",37.67544311745334
"2770",38.36127902763877
"2771",38.775028014055096
"2772",41.33571007395896
"2773",38.92164342103395
"2774",41.30689801202662
"2775",41.875515549259
"2776",41.82659001770864
"2777",41.79317003094419
"2778",42.401312138672964
"2779",41.37989890616927
"2780",42.140262544254
"2781",43.10669759402997
"2782",44.17689730191639
"2783",43.132957486664544
"2784",43.208713092520334
"2785",41.57995403307142
"2786",40.39838579550545
"2787",40.7254761727309
"2788",41.33736672642772
"2789",40.72592679996659
"2790",41.87035622306065
"2791",42.97983281180777
"2792",43.67675536844384
"2793",43.605812604998114
"2794",42.629652758262445
"2795",41.511145675258966
"2796",41.0904094860214
"2797",40.96660775191657
"2798",41.23508539568627
"2799",40.67355749150007
"2800",42.65650023237577
"2801",42.13967732795548
"2802",41.336558683199065
"2803",39.16526339769538
"2804",39.1541532859122
"2805",42.251187243614616
"2806",43.58493345926328
"2807",42.164091285446595
"2808",41.139981470384825
"2809",41.02585081537423
"2810",41.169111000041696
"2811",40.66283986064248
"2812",40.19682817103965
"2813",40.27144184327389
"2814",41.098138261687524
"2815",41.24772371628582
"2816",40.86461591949974
"2817",41.86678494538781
"2818",40.91007110366818
"2819",41.03206778389618
"2820",41.502760288125664
"2821",41.420827461347244
"2822",40.512024764563606
"2823",40.382629854484485
"2824",39.739947115283876
"2825",38.678418822052976
"2826",39.78232629499052
"2827",41.33212951365944
"2828",40.41650611439873
"2829",42.47835277699569
"2830",42.99743734210845
"2831",42.10488153691576
"2832",41.40737355238491
"2833",43.039593481933345
"2834",43.37907801335788
"2835",42.46264578195107
"2836",43.528415057779576
"2837",44.25163264063456
"2838",45.38078620636609
"2839",46.38521968094886
"2840",45.7232847057159
"2841",46.006312541817216
"2842",44.629229791666084
"2843",44.42440179830922
"2844",43.84546474147217
"2845",43.73086697569986
"2846",44.24446464932403
"2847",45.731224228651804
"2848",42.255615635184
"2849",41.86655321011903
"2850",41.547425018981144
"2851",41.659404817651875
"2852",41.86121779615256
"2853",40.23689131444333
"2854",39.82014020676401
"2855",38.87616886023691
"2856",39.39655795412988
"2857",40.992404667481885
"2858",42.63214853758803
"2859",42.87349091032326
"2860",42.19971879219372
"2861",43.7788586086102
"2862",46.28690279004724
"2863",46.13561777268957
"2864",45.87569453138309
"2865",45.9327678074679
"2866",45.993035224233545
"2867",45.679181480364115
"2868",47.2723579922383
"2869",46.1941647311997
"2870",44.63855600163005
"2871",43.926936242494826
"2872",43.510539676331035
"2873",42.43667477162233
"2874",41.57877201514441
"2875",41.26127583425493
"2876",40.50098980089351
"2877",39.66759640003295
"2878",41.13261946650884
"2879",41.550394513792014
"2880",40.9047393385554
"2881",42.07694974409548
"2882",42.83339967437742
"2883",43.897423009193744
"2884",44.224540807499366
"2885",45.219700781838796
"2886",45.995399844162435
"2887",46.58775974028306
"2888",46.484827349094886
"2889",47.347388089700644
"2890",47.2014123319029
"2891",46.80496618435501
"2892",45.96996029091785
"2893",46.822029707706314
"2894",46.762550852698276
"2895",45.85336458243564
"2896",45.2092752696039
"2897",44.505069553709966
"2898",46.14425117785595
"2899",45.13867427526345
"2900",44.72947768712555
"2901",45.21344006902889
"2902",44.80008020370051
"2903",45.64680178205996
"2904",45.25021298841028
"2905",44.98053220550139
"2906",46.133405054682704
"2907",45.29243078660273
"2908",44.48658593809783
"2909",44.851648864300856
"2910",43.697534797077125
"2911",44.2966712270493
"2912",46.67821674803002
"2913",48.73413448181073
"2914",49.61336716091987
"2915",48.36201245044956
"2916",47.29824301083058
"2917",47.54560128808447
"2918",48.213653165931575
"2919",50.00337143573494
"2920",49.45546990816716
"2921",49.674931320531904
"2922",49.425826220809306
"2923",50.31973962153876
"2924",49.836619268383
"2925",49.31085709998313
"2926",48.93605998881903
"2927",47.893577962611694
"2928",46.85265644628016
"2929",47.06031584779958
"2930",49.43132148539721
"2931",49.1403839516116
"2932",50.287129915320484
"2933",48.47007932078835
"2934",48.102035513120875
"2935",49.1663808671697
"2936",47.928240244663975
"2937",47.358809883688494
"2938",48.98578940207412
"2939",49.191111936529154
"2940",49.24565040994608
"2941",49.983045276132984
"2942",48.6883186606946
"2943",49.33565053974693
"2944",49.43356090863909
"2945",49.55558439258205
"2946",49.22707131920358
"2947",47.78294078540498
"2948",47.84245795703469
"2949",49.20295360252708
"2950",50.628091250565
"2951",51.158959702486946
"2952",50.20201887291677
"2953",49.267159642648664
"2954",49.35622851936859
"2955",49.59581248844089
"2956",47.80557367920286
"2957",47.54409355095561
"2958",49.141597958736675
"2959",50.10935973425077
"2960",50.49268409186381
"2961",50.60496249781179
"2962",50.857961761247964
"2963",51.760578725126514
"2964",48.8674747642325
"2965",49.72333286357197
"2966",49.89051675170895
"2967",50.30909785539236
"2968",51.377705567402046
"2969",52.19460742676111
"2970",52.522158923132494
"2971",53.76478766507697
"2972",54.25270739182848
"2973",54.933950550934235
"2974",53.97828743353824
"2975",55.50331523479687
"2976",54.73164780054427
"2977",56.4371384395699
"2978",54.59733530873203
"2979",54.02447302631824
"2980",53.20377380302068
"2981",53.616341919462876
"2982",54.731289723427615
"2983",55.84957158903605
"2984",57.621012764715424
"2985",56.987968534882825
"2986",57.69250590678555
"2987",58.651750963809164
"2988",58.226048699826585
"2989",55.783009608097174
"2990",56.48923213781467
"2991",56.28994698422933
"2992",55.64452595998469
"2993",54.10307215567667
"2994",52.373338912029965
"2995",52.50203752126674
"2996",51.454795611928596
"2997",50.33544084812738
"2998",50.62535194913499
"2999",49.9322716113027
"3000",48.73292767455674
"3001",50.0873026181382
