"2003-01-31",17.47
"2003-02-03",17.39
"2003-02-04",17.04
"2003-02-05",17.03
"2003-02-06",14.45
"2003-02-07",14.07
"2003-02-10",13.61
"2003-02-11",13.8
"2003-02-12",12.95
"2003-02-13",12.69
"2003-02-14",12.9
"2003-02-18",13.28
"2003-02-19",13.17
"2003-02-20",12.96
"2003-02-21",12.95
"2003-02-24",12.76
"2003-02-25",12.78
"2003-02-26",12.65
"2003-02-27",12.83
"2003-02-28",13.
"2003-03-03",12.82
"2003-03-04",12.66
"2003-03-05",12.6
"2003-03-06",12.5
"2003-03-07",12.61
"2003-03-10",8.
"2003-03-11",5.97
"2003-03-12",6.52
"2003-03-13",6.93
"2003-03-14",7.56
"2003-03-17",9.01
"2003-03-18",8.96
"2003-03-19",8.8
"2003-03-20",8.35
"2003-03-21",8.88
"2003-03-24",8.33
"2003-03-25",9.91
"2003-03-26",10.1
"2003-03-27",9.78
"2003-03-28",9.55
"2003-03-31",9.8
"2003-04-01",9.54
"2003-04-02",9.85
"2003-04-03",9.95
"2003-04-04",9.6
"2003-04-07",9.81
"2003-04-08",9.7
"2003-04-09",9.86
"2003-04-10",9.75
"2003-04-11",9.76
"2003-04-14",10.25
"2003-04-15",10.93
"2003-04-16",10.94
"2003-04-17",11.39
"2003-04-21",11.46
"2003-04-22",12.
"2003-04-23",12.34
"2003-04-24",12.45
"2003-04-25",9.12
"2003-04-28",9.94
"2003-04-29",10.5
"2003-04-30",11.5
"2003-05-01",11.28
"2003-05-02",11.13
"2003-05-05",11.3
"2003-05-06",11.32
"2003-05-07",11.16
"2003-05-08",11.11
"2003-05-09",11.08
"2003-05-12",11.3
"2003-05-13",11.39
"2003-05-14",11.8
"2003-05-15",11.93
"2003-05-16",12.17
"2003-05-19",11.7
"2003-05-20",11.84
"2003-05-21",11.73
"2003-05-22",11.87
"2003-05-23",11.86
"2003-05-27",12.09
"2003-05-28",12.26
"2003-05-29",12.35
"2003-05-30",12.9
"2003-06-02",12.7
"2003-06-03",12.97
"2003-06-04",13.53
"2003-06-05",13.75
"2003-06-06",13.55
"2003-06-09",13.07
"2003-06-10",13.64
"2003-06-11",14.
"2003-06-12",13.95
"2003-06-13",13.96
"2003-06-16",14.16
"2003-06-17",13.9
"2003-06-18",13.78
"2003-06-19",13.22
"2003-06-20",13.34
"2003-06-23",13.12
"2003-06-24",13.27
"2003-06-25",13.07
"2003-06-26",13.46
"2003-06-27",13.37
"2003-06-30",13.41
"2003-07-01",13.49
"2003-07-02",13.47
"2003-07-03",13.3
"2003-07-07",13.22
"2003-07-08",13.59
"2003-07-09",13.54
"2003-07-10",13.14
"2003-07-11",13.35
"2003-07-14",13.39
"2003-07-15",13.49
"2003-07-16",13.35
"2003-07-17",13.09
"2003-07-18",13.36
"2003-07-21",13.27
"2003-07-22",13.05
"2003-07-23",12.9
"2003-07-24",13.22
"2003-07-25",13.65
"2003-07-28",13.72
"2003-07-29",13.3
"2003-07-30",13.5
"2003-07-31",13.58
"2003-08-01",13.32
"2003-08-04",12.91
"2003-08-05",12.71
"2003-08-06",13.75
"2003-08-07",14.09
"2003-08-08",13.91
"2003-08-11",13.83
"2003-08-12",14.19
"2003-08-13",14.02
"2003-08-14",14.25
"2003-08-15",14.22
"2003-08-18",14.49
"2003-08-19",14.29
"2003-08-20",14.48
"2003-08-21",14.35
"2003-08-22",14.12
"2003-08-25",14.08
"2003-08-26",14.3
"2003-08-27",14.1
"2003-08-28",14.09
"2003-08-29",14.1
"2003-09-02",14.37
"2003-09-03",14.77
"2003-09-04",14.29
"2003-09-05",14.8
"2003-09-08",15.04
"2003-09-09",14.9
"2003-09-10",14.97
"2003-09-11",15.
"2003-09-12",15.06
"2003-09-15",15.12
"2003-09-16",15.55
"2003-09-17",15.62
"2003-09-18",15.22
"2003-09-19",15.16
"2003-09-22",15.07
"2003-09-23",15.16
"2003-09-24",15.1
"2003-09-25",15.05
"2003-09-26",14.74
"2003-09-29",15.04
"2003-09-30",14.77
"2003-10-01",15.26
"2003-10-02",15.46
"2003-10-03",15.58
"2003-10-06",15.5
"2003-10-07",15.61
"2003-10-08",15.63
"2003-10-09",15.65
"2003-10-10",15.62
"2003-10-13",15.49
"2003-10-14",15.87
"2003-10-15",15.8
"2003-10-16",15.85
"2003-10-17",15.75
"2003-10-20",15.7
"2003-10-21",15.65
"2003-10-22",15.25
"2003-10-23",15.53
"2003-10-24",15.41
"2003-10-27",15.65
"2003-10-28",15.73
"2003-10-29",15.95
"2003-10-30",16.18
"2003-10-31",16.37
"2003-11-03",16.66
"2003-11-04",16.75
"2003-11-05",16.49
"2003-11-06",15.38
"2003-11-07",14.9
"2003-11-10",14.82
"2003-11-11",14.75
"2003-11-12",14.86
"2003-11-13",14.63
"2003-11-14",14.44
"2003-11-17",14.16
"2003-11-18",14.63
"2003-11-19",14.16
"2003-11-20",14.31
"2003-11-21",14.33
"2003-11-24",14.75
"2003-11-25",14.56
"2003-11-26",14.8
"2003-11-28",14.93
"2003-12-01",15.17
"2003-12-02",14.71
"2003-12-03",14.91
"2003-12-04",14.93
"2003-12-05",15.
"2003-12-08",14.83
"2003-12-09",14.86
"2003-12-10",14.67
"2003-12-11",14.75
"2003-12-12",14.82
"2003-12-15",14.69
"2003-12-16",14.7
"2003-12-17",14.96
"2003-12-18",15.15
"2003-12-19",15.
"2003-12-22",15.11
"2003-12-23",15.32
"2003-12-24",15.3
"2003-12-26",15.4
"2003-12-29",15.7
"2003-12-30",15.79
"2003-12-31",15.77
"2004-01-02",16.1
"2004-01-05",15.93
"2004-01-06",15.57
"2004-01-07",15.64
"2004-01-08",15.65
"2004-01-09",15.66
"2004-01-12",15.75
"2004-01-13",15.43
"2004-01-14",15.7
"2004-01-15",15.17
"2004-01-16",15.13
"2004-01-20",15.3
"2004-01-21",15.69
"2004-01-22",15.83
"2004-01-23",15.63
"2004-01-26",15.65
"2004-01-27",15.85
"2004-01-28",15.73
"2004-01-29",15.56
"2004-01-30",15.63
"2004-02-02",16.
"2004-02-03",15.91
"2004-02-04",15.61
"2004-02-05",14.76
"2004-02-06",14.63
"2004-02-09",14.55
"2004-02-10",14.44
"2004-02-11",14.84
"2004-02-12",14.91
"2004-02-13",14.71
"2004-02-17",15.12
"2004-02-18",15.17
"2004-02-19",15.2
"2004-02-20",15.03
"2004-02-23",15.
"2004-02-24",14.86
"2004-02-25",14.89
"2004-02-26",14.84
"2004-02-27",14.82
"2004-03-01",14.91
"2004-03-02",14.85
"2004-03-03",14.9
"2004-03-04",15.21
"2004-03-05",15.07
"2004-03-08",15.24
"2004-03-09",15.18
"2004-03-10",14.9
"2004-03-11",14.4
"2004-03-12",14.45
"2004-03-15",14.01
"2004-03-16",14.23
"2004-03-17",14.18
"2004-03-18",14.5
"2004-03-19",14.23
"2004-03-22",14.05
"2004-03-23",14.26
"2004-03-24",14.01
"2004-03-25",14.23
"2004-03-26",14.03
"2004-03-29",14.37
"2004-03-30",14.5
"2004-03-31",14.63
"2004-04-01",14.76
"2004-04-02",15.06
"2004-04-05",15.55
"2004-04-06",15.44
"2004-04-07",15.23
"2004-04-08",15.3
"2004-04-12",15.57
"2004-04-13",15.3
"2004-04-14",15.13
"2004-04-15",15.5
"2004-04-16",15.35
"2004-04-19",15.3
"2004-04-20",15.
"2004-04-21",15.2
"2004-04-22",15.21
"2004-04-23",15.19
"2004-04-26",15.08
"2004-04-27",15.32
"2004-04-28",15.1
"2004-04-29",15.06
"2004-04-30",15.55
"2004-05-03",15.79
"2004-05-04",15.66
"2004-05-05",15.93
"2004-05-06",14.74
"2004-05-07",14.42
"2004-05-10",14.07
"2004-05-11",14.19
"2004-05-12",14.
"2004-05-13",14.16
"2004-05-14",13.95
"2004-05-17",13.69
"2004-05-18",13.76
"2004-05-19",13.65
"2004-05-20",13.62
"2004-05-21",13.82
"2004-05-24",13.89
"2004-05-25",13.96
"2004-05-26",14.17
"2004-05-27",14.41
"2004-05-28",14.56
"2004-06-01",14.61
"2004-06-02",14.68
"2004-06-03",14.7
"2004-06-04",14.92
"2004-06-07",15.28
"2004-06-08",15.34
"2004-06-09",15.22
"2004-06-10",15.39
"2004-06-14",15.11
"2004-06-15",15.29
"2004-06-16",15.35
"2004-06-17",15.2
"2004-06-18",15.07
"2004-06-21",15.25
"2004-06-22",15.38
"2004-06-23",15.53
"2004-06-24",15.6
"2004-06-25",15.6
"2004-06-28",15.57
"2004-06-29",15.7
"2004-06-30",15.9
"2004-07-01",15.65
"2004-07-02",15.63
"2004-07-06",15.38
"2004-07-07",15.14
"2004-07-08",15.15
"2004-07-09",15.23
"2004-07-12",15.55
"2004-07-13",15.51
"2004-07-14",15.57
"2004-07-15",15.6
"2004-07-16",15.63
"2004-07-19",15.55
"2004-07-20",15.6
"2004-07-21",15.65
"2004-07-22",15.5
"2004-07-23",15.51
"2004-07-26",15.47
"2004-07-27",15.5
"2004-07-28",15.47
"2004-07-29",15.71
"2004-07-30",15.95
"2004-08-02",15.56
"2004-08-03",15.57
"2004-08-04",15.66
"2004-08-05",16.26
"2004-08-06",15.82
"2004-08-09",15.74
"2004-08-10",15.78
"2004-08-11",15.71
"2004-08-12",15.54
"2004-08-13",15.31
"2004-08-16",15.57
"2004-08-17",15.63
"2004-08-18",15.98
"2004-08-19",15.99
"2004-08-20",16.01
"2004-08-23",16.04
"2004-08-24",16.05
"2004-08-25",16.1
"2004-08-26",16.
"2004-08-27",16.09
"2004-08-30",16.25
"2004-08-31",16.18
"2004-09-01",16.15
"2004-09-02",16.3
"2004-09-03",16.39
"2004-09-07",16.8
"2004-09-08",16.37
"2004-09-09",16.1
"2004-09-10",16.09
"2004-09-13",16.06
"2004-09-14",15.93
"2004-09-15",15.85
"2004-09-16",15.99
"2004-09-17",16.03
"2004-09-20",15.97
"2004-09-21",15.95
"2004-09-22",15.51
"2004-09-23",15.18
"2004-09-24",15.24
"2004-09-27",15.26
"2004-09-28",15.35
"2004-09-29",15.45
"2004-09-30",15.69
"2004-10-01",15.8
"2004-10-04",15.65
"2004-10-05",15.32
"2004-10-06",15.4
"2004-10-07",15.28
"2004-10-08",15.25
"2004-10-11",15.1
"2004-10-12",15.14
"2004-10-13",14.95
"2004-10-14",14.48
"2004-10-15",13.64
"2004-10-18",13.52
"2004-10-19",12.19
"2004-10-20",13.55
"2004-10-21",12.97
"2004-10-22",13.15
"2004-10-25",12.96
"2004-10-26",13.53
"2004-10-27",13.58
"2004-10-28",13.87
"2004-10-29",13.66
"2004-11-01",13.71
"2004-11-02",14.
"2004-11-03",14.22
"2004-11-04",14.83
"2004-11-05",14.91
"2004-11-08",14.91
"2004-11-09",14.42
"2004-11-10",14.25
"2004-11-11",14.2
"2004-11-12",13.45
"2004-11-15",14.02
"2004-11-16",14.
"2004-11-17",14.09
"2004-11-18",13.73
"2004-11-19",15.35
"2004-11-22",15.84
"2004-11-23",15.47
"2004-11-24",15.41
"2004-11-26",15.41
"2004-11-29",15.65
"2004-11-30",15.57
"2004-12-01",15.66
"2004-12-02",15.85
"2004-12-03",15.52
"2004-12-06",15.3
"2004-12-07",15.31
"2004-12-08",15.36
"2004-12-09",15.45
"2004-12-10",15.65
"2004-12-13",16.08
"2004-12-14",16.3
"2004-12-15",16.68
"2004-12-16",16.9
"2004-12-17",17.18
"2004-12-20",17.26
"2004-12-21",17.45
"2004-12-22",17.44
"2004-12-23",17.65
"2004-12-27",17.52
"2004-12-28",17.69
"2004-12-29",18.
"2004-12-30",18.14
"2004-12-31",17.94
"2005-01-03",17.52
"2005-01-04",17.5
"2005-01-05",17.22
"2005-01-06",17.22
"2005-01-07",17.05
"2005-01-10",17.15
"2005-01-11",17.2
"2005-01-12",17.29
"2005-01-13",16.93
"2005-01-14",17.
"2005-01-18",17.08
"2005-01-19",16.88
"2005-01-20",16.61
"2005-01-21",16.71
"2005-01-24",16.71
"2005-01-25",16.54
"2005-01-26",17.06
"2005-01-27",16.96
"2005-01-28",17.02
"2005-01-31",17.17
"2005-02-01",17.15
"2005-02-02",17.14
"2005-02-03",17.23
"2005-02-04",17.3
"2005-02-07",17.15
"2005-02-08",16.99
"2005-02-09",16.89
"2005-02-10",16.96
"2005-02-11",17.15
"2005-02-14",17.25
"2005-02-15",17.39
"2005-02-16",17.4
"2005-02-17",17.35
"2005-02-18",17.36
"2005-02-22",16.93
"2005-02-23",16.96
"2005-02-24",17.04
"2005-02-25",17.43
"2005-02-28",16.92
"2005-03-01",17.35
"2005-03-02",17.28
"2005-03-03",17.35
"2005-03-04",17.31
"2005-03-07",17.39
"2005-03-08",17.68
"2005-03-09",17.65
"2005-03-10",17.61
"2005-03-11",17.78
"2005-03-14",17.88
"2005-03-15",17.54
"2005-03-16",17.24
"2005-03-17",17.81
"2005-03-18",17.74
"2005-03-21",17.81
"2005-03-22",17.2
"2005-03-23",17.17
"2005-03-24",17.18
"2005-03-28",17.2
"2005-03-29",17.03
"2005-03-30",17.17
"2005-03-31",17.02
"2005-04-01",16.68
"2005-04-04",16.66
"2005-04-05",16.85
"2005-04-06",16.97
"2005-04-07",17.
"2005-04-08",17.13
"2005-04-11",16.96
"2005-04-12",17.08
"2005-04-13",16.65
"2005-04-14",16.51
"2005-04-15",16.
"2005-04-18",16.24
"2005-04-19",16.44
"2005-04-20",16.12
"2005-04-21",16.
"2005-04-22",15.98
"2005-04-25",16.21
"2005-04-26",16.33
"2005-04-27",16.33
"2005-04-28",16.11
"2005-04-29",16.72
"2005-05-02",16.71
"2005-05-03",16.84
"2005-05-04",17.15
"2005-05-05",17.18
"2005-05-06",17.49
"2005-05-09",17.19
"2005-05-10",17.28
"2005-05-11",17.26
"2005-05-12",17.11
"2005-05-13",17.06
"2005-05-16",17.2
"2005-05-17",17.71
"2005-05-18",17.99
"2005-05-19",17.95
"2005-05-20",17.9
"2005-05-23",17.85
"2005-05-24",17.99
"2005-05-25",17.84
"2005-05-26",18.08
"2005-05-27",18.25
"2005-05-31",18.36
"2005-06-01",18.28
"2005-06-02",18.3
"2005-06-03",17.95
"2005-06-06",18.21
"2005-06-07",18.13
"2005-06-08",18.18
"2005-06-09",18.01
"2005-06-10",17.99
"2005-06-13",18.
"2005-06-14",18.3
"2005-06-15",18.25
"2005-06-16",18.23
"2005-06-17",18.4
"2005-06-20",18.35
"2005-06-21",18.72
"2005-06-22",18.61
"2005-06-23",18.5
"2005-06-24",18.35
"2005-06-27",18.2
"2005-06-28",18.22
"2005-06-29",18.24
"2005-06-30",18.32
"2005-07-01",18.61
"2005-07-05",19.14
"2005-07-06",19.25
"2005-07-07",19.09
"2005-07-08",18.99
"2005-07-11",19.3
"2005-07-12",19.3
"2005-07-13",19.35
"2005-07-14",19.32
"2005-07-15",19.25
"2005-07-18",19.27
"2005-07-19",19.44
"2005-07-20",19.58
"2005-07-21",19.53
"2005-07-22",19.4
"2005-07-25",19.25
"2005-07-26",19.16
"2005-07-27",19.11
"2005-07-28",19.44
"2005-07-29",19.15
"2005-08-01",18.54
"2005-08-02",18.36
"2005-08-03",20.17
"2005-08-04",19.8
"2005-08-05",19.48
"2005-08-08",19.4
"2005-08-09",19.69
"2005-08-10",19.58
"2005-08-11",19.7
"2005-08-12",19.58
"2005-08-15",19.79
"2005-08-16",19.61
"2005-08-17",19.73
"2005-08-18",19.6
"2005-08-19",19.62
"2005-08-22",19.7
"2005-08-23",19.38
"2005-08-24",19.31
"2005-08-25",19.77
"2005-08-26",19.6
"2005-08-29",19.54
"2005-08-30",19.23
"2005-08-31",19.32
"2005-09-01",19.4
"2005-09-02",19.24
"2005-09-06",19.52
"2005-09-07",19.52
"2005-09-08",19.44
"2005-09-09",19.62
"2005-09-12",19.72
"2005-09-13",19.2
"2005-09-14",19.67
"2005-09-15",20.06
"2005-09-16",20.17
"2005-09-19",20.13
"2005-09-20",20.37
"2005-09-21",19.81
"2005-09-22",19.77
"2005-09-23",19.79
"2005-09-26",19.83
"2005-09-27",19.77
"2005-09-28",20.
"2005-09-29",20.15
"2005-09-30",20.5
"2005-10-03",20.6
"2005-10-04",19.75
"2005-10-05",20.03
"2005-10-06",19.83
"2005-10-07",19.83
"2005-10-10",19.55
"2005-10-11",19.52
"2005-10-12",19.52
"2005-10-13",19.33
"2005-10-14",19.47
"2005-10-17",19.49
"2005-10-18",19.68
"2005-10-19",19.91
"2005-10-20",19.74
"2005-10-21",19.84
"2005-10-24",19.9
"2005-10-25",19.6
"2005-10-26",19.41
"2005-10-27",19.63
"2005-10-28",19.76
"2005-10-31",20.29
"2005-11-01",20.32
"2005-11-02",21.85
"2005-11-03",21.83
"2005-11-04",21.69
"2005-11-07",21.61
"2005-11-08",21.55
"2005-11-09",21.45
"2005-11-10",21.43
"2005-11-11",21.57
"2005-11-14",21.75
"2005-11-15",21.82
"2005-11-16",21.71
"2005-11-17",22.2
"2005-11-18",22.3
"2005-11-21",22.22
"2005-11-22",22.38
"2005-11-23",22.46
"2005-11-25",22.22
"2005-11-28",22.35
"2005-11-29",22.6
"2005-11-30",22.
"2005-12-01",22.26
"2005-12-02",22.4
"2005-12-05",22.45
"2005-12-06",21.99
"2005-12-07",21.94
"2005-12-08",21.92
"2005-12-09",21.96
"2005-12-12",21.96
"2005-12-13",22.
"2005-12-14",22.04
"2005-12-15",21.82
"2005-12-16",21.87
"2005-12-19",21.59
"2005-12-20",22.
"2005-12-21",22.34
"2005-12-22",22.57
"2005-12-23",22.56
"2005-12-27",22.55
"2005-12-28",22.65
"2005-12-29",22.76
"2005-12-30",22.75
"2006-01-03",23.15
"2006-01-04",23.38
"2006-01-05",23.36
"2006-01-06",23.02
"2006-01-09",22.99
"2006-01-10",22.95
"2006-01-11",23.08
"2006-01-12",23.14
"2006-01-13",23.08
"2006-01-17",22.92
"2006-01-18",22.6
"2006-01-19",22.58
"2006-01-20",22.21
"2006-01-23",22.28
"2006-01-24",22.5
"2006-01-25",22.7
"2006-01-26",23.73
"2006-01-27",24.05
"2006-01-30",24.03
"2006-01-31",20.33
"2006-02-01",20.89
"2006-02-02",21.
"2006-02-03",20.87
"2006-02-06",21.13
"2006-02-07",20.98
"2006-02-08",20.94
"2006-02-09",20.95
"2006-02-10",21.
"2006-02-13",20.88
"2006-02-14",21.07
"2006-02-15",21.12
"2006-02-16",21.24
"2006-02-17",21.2
"2006-02-21",21.
"2006-02-22",21.16
"2006-02-23",21.01
"2006-02-24",21.06
"2006-02-27",21.1
"2006-02-28",20.69
"2006-03-01",20.77
"2006-03-02",20.6
"2006-03-03",20.48
"2006-03-06",20.55
"2006-03-07",20.62
"2006-03-08",20.65
"2006-03-09",20.47
"2006-03-10",20.66
"2006-03-13",20.55
"2006-03-14",20.91
"2006-03-15",21.08
"2006-03-16",20.86
"2006-03-17",21.09
"2006-03-20",21.04
"2006-03-21",20.73
"2006-03-22",20.64
"2006-03-23",20.68
"2006-03-24",20.66
"2006-03-27",20.53
"2006-03-28",20.45
"2006-03-29",20.74
"2006-03-30",20.68
"2006-03-31",20.48
"2006-04-03",20.62
"2006-04-04",20.65
"2006-04-05",20.7
"2006-04-06",19.7
"2006-04-07",19.22
"2006-04-10",19.48
"2006-04-11",19.28
"2006-04-12",19.21
"2006-04-13",19.01
"2006-04-17",19.06
"2006-04-18",19.05
"2006-04-19",19.42
"2006-04-20",19.1
"2006-04-21",19.35
"2006-04-24",19.5
"2006-04-25",19.82
"2006-04-26",20.12
"2006-04-27",20.35
"2006-04-28",20.31
"2006-05-01",19.79
"2006-05-02",20.21
"2006-05-03",20.
"2006-05-04",18.59
"2006-05-05",18.79
"2006-05-08",18.13
"2006-05-09",18.29
"2006-05-10",18.36
"2006-05-11",18.12
"2006-05-12",17.83
"2006-05-15",17.8
"2006-05-16",17.97
"2006-05-17",17.39
"2006-05-18",17.44
"2006-05-19",17.25
"2006-05-22",17.42
"2006-05-23",17.41
"2006-05-24",17.44
"2006-05-25",17.44
"2006-05-26",17.87
"2006-05-30",17.7
"2006-05-31",17.96
"2006-06-01",18.18
"2006-06-02",18.18
"2006-06-05",17.79
"2006-06-06",17.8
"2006-06-07",18.1
"2006-06-08",18.24
"2006-06-09",18.17
"2006-06-12",18.14
"2006-06-13",17.98
"2006-06-14",17.73
"2006-06-15",18.33
"2006-06-16",18.16
"2006-06-19",17.94
"2006-06-20",18.17
"2006-06-21",18.05
"2006-06-22",17.85
"2006-06-23",17.92
"2006-06-26",18.04
"2006-06-27",17.73
"2006-06-28",17.76
"2006-06-29",18.09
"2006-06-30",18.13
"2006-07-03",18.14
"2006-07-05",17.68
"2006-07-06",17.36
"2006-07-07",17.2
"2006-07-10",17.08
"2006-07-11",17.
"2006-07-12",16.65
"2006-07-13",16.49
"2006-07-14",16.46
"2006-07-17",16.41
"2006-07-18",16.4
"2006-07-19",16.89
"2006-07-20",16.87
"2006-07-21",16.78
"2006-07-24",16.68
"2006-07-25",16.61
"2006-07-26",16.75
"2006-07-27",16.35
"2006-07-28",16.28
"2006-07-31",16.23
"2006-08-01",16.58
"2006-08-02",16.6
"2006-08-03",16.67
"2006-08-04",16.45
"2006-08-07",16.29
"2006-08-08",16.33
"2006-08-09",16.9
"2006-08-10",17.16
"2006-08-11",17.04
"2006-08-14",16.93
"2006-08-15",17.56
"2006-08-16",17.93
"2006-08-17",18.23
"2006-08-18",18.18
"2006-08-21",18.18
"2006-08-22",18.28
"2006-08-23",18.37
"2006-08-24",18.51
"2006-08-25",18.56
"2006-08-28",18.75
"2006-08-29",18.87
"2006-08-30",18.87
"2006-08-31",18.95
"2006-09-01",19.02
"2006-09-05",18.99
"2006-09-06",18.76
"2006-09-07",18.79
"2006-09-08",18.91
"2006-09-11",18.89
"2006-09-12",19.2
"2006-09-13",19.07
"2006-09-14",19.
"2006-09-15",19.3
"2006-09-18",19.03
"2006-09-19",19.
"2006-09-20",19.31
"2006-09-21",19.2
"2006-09-22",19.18
"2006-09-25",19.38
"2006-09-26",19.76
"2006-09-27",19.48
"2006-09-28",19.6
"2006-09-29",19.39
"2006-10-02",19.35
"2006-10-03",19.46
"2006-10-04",19.89
"2006-10-05",19.85
"2006-10-06",20.01
"2006-10-09",20.04
"2006-10-10",19.65
"2006-10-11",19.9
"2006-10-12",19.88
"2006-10-13",21.72
"2006-10-16",21.13
"2006-10-17",20.84
"2006-10-18",20.83
"2006-10-19",20.65
"2006-10-20",20.62
"2006-10-23",20.8
"2006-10-24",20.31
"2006-10-25",20.3
"2006-10-26",20.48
"2006-10-27",20.08
"2006-10-30",20.21
"2006-10-31",19.78
"2006-11-01",19.96
"2006-11-02",20.63
"2006-11-03",20.25
"2006-11-06",20.77
"2006-11-07",20.5
"2006-11-08",20.69
"2006-11-09",20.45
"2006-11-10",20.5
"2006-11-13",20.53
"2006-11-14",20.53
"2006-11-15",20.73
"2006-11-16",21.
"2006-11-17",20.98
"2006-11-20",20.88
"2006-11-21",20.66
"2006-11-22",20.57
"2006-11-24",20.48
"2006-11-27",19.97
"2006-11-28",19.98
"2006-11-29",20.2
"2006-11-30",20.48
"2006-12-01",20.16
"2006-12-04",20.39
"2006-12-05",20.48
"2006-12-06",20.46
"2006-12-07",20.45
"2006-12-08",20.51
"2006-12-11",20.56
"2006-12-12",20.52
"2006-12-13",20.41
"2006-12-14",20.11
"2006-12-15",20.1
"2006-12-18",20.18
"2006-12-19",20.33
"2006-12-20",20.42
"2006-12-21",20.48
"2006-12-22",20.49
"2006-12-26",20.69
"2006-12-27",20.86
"2006-12-28",20.86
"2006-12-29",20.78
"2007-01-02",20.78
"2007-01-03",20.79
"2007-01-04",20.9
"2007-01-05",20.62
"2007-01-08",20.65
"2007-01-09",20.5
"2007-01-10",20.34
"2007-01-11",20.48
"2007-01-12",20.46
"2007-01-16",20.47
"2007-01-17",20.25
"2007-01-18",20.26
"2007-01-19",20.22
"2007-01-22",20.1
"2007-01-23",20.22
"2007-01-24",20.41
"2007-01-25",20.08
"2007-01-26",19.94
"2007-01-29",19.93
"2007-01-30",22.02
"2007-01-31",22.
"2007-02-01",22.03
"2007-02-02",22.01
"2007-02-05",21.97
"2007-02-06",22.35
"2007-02-07",22.62
"2007-02-08",22.02
"2007-02-09",21.76
"2007-02-12",21.84
"2007-02-13",22.06
"2007-02-14",22.13
"2007-02-15",21.94
"2007-02-16",21.93
"2007-02-20",21.86
"2007-02-21",21.78
"2007-02-22",21.75
"2007-02-23",21.71
"2007-02-26",21.63
"2007-02-27",20.97
"2007-02-28",21.41
"2007-03-01",21.39
"2007-03-02",21.2
"2007-03-05",21.1
"2007-03-06",21.42
"2007-03-07",21.51
"2007-03-08",21.83
"2007-03-09",21.93
"2007-03-12",22.35
"2007-03-13",21.82
"2007-03-14",21.84
"2007-03-15",22.27
"2007-03-16",22.13
"2007-03-19",22.5
"2007-03-20",22.68
"2007-03-21",23.18
"2007-03-22",23.13
"2007-03-23",23.27
"2007-03-26",23.27
"2007-03-27",22.97
"2007-03-28",22.53
"2007-03-29",22.93
"2007-03-30",23.03
"2007-04-02",23.39
"2007-04-03",24.08
"2007-04-04",24.08
"2007-04-05",23.75
"2007-04-09",23.98
"2007-04-10",23.98
"2007-04-11",24.02
"2007-04-12",24.11
"2007-04-13",24.26
"2007-04-16",24.5
"2007-04-17",24.85
"2007-04-18",24.9
"2007-04-19",24.77
"2007-04-20",25.26
"2007-04-23",24.97
"2007-04-24",24.86
"2007-04-25",25.44
"2007-04-26",24.9
"2007-04-27",24.94
"2007-04-30",24.88
"2007-05-01",24.73
"2007-05-02",24.92
"2007-05-03",27.33
"2007-05-04",27.57
"2007-05-07",27.36
"2007-05-08",27.17
"2007-05-09",27.02
"2007-05-10",26.41
"2007-05-11",26.87
"2007-05-14",26.74
"2007-05-15",26.69
"2007-05-16",27.11
"2007-05-17",27.35
"2007-05-18",27.18
"2007-05-21",27.32
"2007-05-22",27.3
"2007-05-23",26.89
"2007-05-24",26.66
"2007-05-25",26.49
"2007-05-29",26.01
"2007-05-30",26.45
"2007-05-31",26.54
"2007-06-01",26.64
"2007-06-04",26.61
"2007-06-05",26.36
"2007-06-06",25.85
"2007-06-07",25.41
"2007-06-08",25.85
"2007-06-11",26.03
"2007-06-12",25.73
"2007-06-13",26.09
"2007-06-14",26.19
"2007-06-15",26.33
"2007-06-18",26.25
"2007-06-19",26.49
"2007-06-20",26.22
"2007-06-21",26.17
"2007-06-22",25.82
"2007-06-25",25.77
"2007-06-26",25.84
"2007-06-27",25.92
"2007-06-28",26.26
"2007-06-29",26.11
"2007-07-02",26.29
"2007-07-03",26.52
"2007-07-05",26.25
"2007-07-06",26.23
"2007-07-09",26.39
"2007-07-10",25.55
"2007-07-11",25.62
"2007-07-12",26.37
"2007-07-13",26.35
"2007-07-16",26.02
"2007-07-17",25.99
"2007-07-18",25.8
"2007-07-19",26.1
"2007-07-20",25.57
"2007-07-23",25.84
"2007-07-24",24.81
"2007-07-25",25.18
"2007-07-26",24.34
"2007-07-27",23.54
"2007-07-30",23.82
"2007-07-31",24.3
"2007-08-01",23.99
"2007-08-02",25.49
"2007-08-03",23.69
"2007-08-06",25.61
"2007-08-07",24.95
"2007-08-08",24.22
"2007-08-09",23.28
"2007-08-10",23.87
"2007-08-13",24.
"2007-08-14",23.92
"2007-08-15",23.83
"2007-08-16",23.94
"2007-08-17",24.85
"2007-08-20",24.73
"2007-08-21",24.83
"2007-08-22",25.04
"2007-08-23",24.96
"2007-08-24",25.29
"2007-08-27",24.92
"2007-08-28",23.73
"2007-08-29",24.73
"2007-08-30",24.39
"2007-08-31",24.47
"2007-09-04",24.95
"2007-09-05",24.79
"2007-09-06",24.42
"2007-09-07",24.05
"2007-09-10",24.06
"2007-09-11",24.15
"2007-09-12",23.91
"2007-09-13",23.91
"2007-09-14",23.84
"2007-09-17",23.67
"2007-09-18",24.53
"2007-09-19",24.79
"2007-09-20",24.33
"2007-09-21",24.49
"2007-09-24",24.18
"2007-09-25",24.16
"2007-09-26",24.23
"2007-09-27",24.46
"2007-09-28",24.47
"2007-10-01",25.
"2007-10-02",25.27
"2007-10-03",25.
"2007-10-04",25.13
"2007-10-05",25.66
"2007-10-08",25.6
"2007-10-09",25.9
"2007-10-10",25.36
"2007-10-11",25.27
"2007-10-12",25.33
"2007-10-15",24.76
"2007-10-16",24.31
"2007-10-17",24.55
"2007-10-18",24.13
"2007-10-19",23.14
"2007-10-22",23.61
"2007-10-23",23.68
"2007-10-24",23.15
"2007-10-25",22.86
"2007-10-26",23.57
"2007-10-29",22.99
"2007-10-30",22.8
"2007-10-31",23.34
"2007-11-01",25.32
"2007-11-02",25.11
"2007-11-05",24.98
"2007-11-06",25.27
"2007-11-07",24.3
"2007-11-08",24.15
"2007-11-09",23.84
"2007-11-12",24.53
"2007-11-13",25.
"2007-11-14",24.87
"2007-11-15",24.08
"2007-11-16",24.08
"2007-11-19",23.95
"2007-11-20",23.78
"2007-11-21",22.86
"2007-11-23",23.43
"2007-11-26",22.9
"2007-11-27",23.77
"2007-11-28",24.9
"2007-11-29",24.77
"2007-11-30",24.84
"2007-12-03",24.58
"2007-12-04",24.69
"2007-12-05",25.11
"2007-12-06",25.54
"2007-12-07",25.65
"2007-12-10",25.76
"2007-12-11",24.23
"2007-12-12",24.19
"2007-12-13",24.38
"2007-12-14",23.38
"2007-12-17",23.49
"2007-12-18",23.37
"2007-12-19",23.52
"2007-12-20",23.36
"2007-12-21",23.78
"2007-12-24",24.37
"2007-12-26",24.
"2007-12-27",23.83
"2007-12-28",23.88
"2007-12-31",23.79
"2008-01-02",23.38
"2008-01-03",23.48
"2008-01-04",22.33
"2008-01-07",22.31
"2008-01-08",21.67
"2008-01-09",22.05
"2008-01-10",22.61
"2008-01-11",22.41
"2008-01-14",22.61
"2008-01-15",21.91
"2008-01-16",22.26
"2008-01-17",21.14
"2008-01-18",20.62
"2008-01-22",20.76
"2008-01-23",20.19
"2008-01-24",20.78
"2008-01-25",20.58
"2008-01-28",20.85
"2008-01-29",22.07
"2008-01-30",22.18
"2008-01-31",22.62
"2008-02-01",23.38
"2008-02-04",23.43
"2008-02-05",22.6
"2008-02-06",22.77
"2008-02-07",23.18
"2008-02-08",22.69
"2008-02-11",22.21
"2008-02-12",23.12
"2008-02-13",23.5
"2008-02-14",23.06
"2008-02-15",23.46
"2008-02-19",23.81
"2008-02-20",24.14
"2008-02-21",23.74
"2008-02-22",24.09
"2008-02-25",24.05
"2008-02-26",24.04
"2008-02-27",24.23
"2008-02-28",23.49
"2008-02-29",22.91
"2008-03-03",22.8
"2008-03-04",22.65
"2008-03-05",22.38
"2008-03-06",21.83
"2008-03-07",21.76
"2008-03-10",21.6
"2008-03-11",21.96
"2008-03-12",21.53
"2008-03-13",21.5
"2008-03-14",21.09
"2008-03-17",20.98
"2008-03-18",21.61
"2008-03-19",21.4
"2008-03-20",21.77
"2008-03-24",21.87
"2008-03-25",21.88
"2008-03-26",21.93
"2008-03-27",21.75
"2008-03-28",21.76
"2008-03-31",22.01
"2008-04-01",22.67
"2008-04-02",22.77
"2008-04-03",23.16
"2008-04-04",23.02
"2008-04-07",23.13
"2008-04-08",23.2
"2008-04-09",22.88
"2008-04-10",22.9
"2008-04-11",22.5
"2008-04-14",22.41
"2008-04-15",22.58
"2008-04-16",23.51
"2008-04-17",23.53
"2008-04-18",23.5
"2008-04-21",23.15
"2008-04-22",22.96
"2008-04-23",22.93
"2008-04-24",23.21
"2008-04-25",23.78
"2008-04-28",23.74
"2008-04-29",23.68
"2008-04-30",23.21
"2008-05-01",24.24
"2008-05-02",24.83
"2008-05-05",24.71
"2008-05-06",24.72
"2008-05-07",23.91
"2008-05-08",23.82
"2008-05-09",23.65
"2008-05-12",24.09
"2008-05-13",23.99
"2008-05-14",24.37
"2008-05-15",24.68
"2008-05-16",24.53
"2008-05-19",24.67
"2008-05-20",24.28
"2008-05-21",23.79
"2008-05-22",24.36
"2008-05-23",24.18
"2008-05-27",24.25
"2008-05-28",24.34
"2008-05-29",24.64
"2008-05-30",24.08
"2008-06-02",23.56
"2008-06-03",23.61
"2008-06-04",23.34
"2008-06-05",23.65
"2008-06-06",22.75
"2008-06-09",23.06
"2008-06-10",23.44
"2008-06-11",22.8
"2008-06-12",23.23
"2008-06-13",23.29
"2008-06-16",23.58
"2008-06-17",22.95
"2008-06-18",22.74
"2008-06-19",22.8
"2008-06-20",22.1
"2008-06-23",21.75
"2008-06-24",21.54
"2008-06-25",21.66
"2008-06-26",21.04
"2008-06-27",21.01
"2008-06-30",20.45
"2008-07-01",21.05
"2008-07-02",21.
"2008-07-03",20.93
"2008-07-07",20.42
"2008-07-08",21.31
"2008-07-09",20.71
"2008-07-10",20.85
"2008-07-11",20.68
"2008-07-14",20.08
"2008-07-15",19.73
"2008-07-16",20.92
"2008-07-17",21.93
"2008-07-18",22.32
"2008-07-21",22.18
"2008-07-22",23.01
"2008-07-23",23.01
"2008-07-24",22.02
"2008-07-25",21.92
"2008-07-28",21.41
"2008-07-29",22.13
"2008-07-30",22.44
"2008-07-31",24.16
"2008-08-01",23.41
"2008-08-04",23.01
"2008-08-05",24.
"2008-08-06",23.58
"2008-08-07",23.23
"2008-08-08",24.21
"2008-08-11",24.61
"2008-08-12",24.27
"2008-08-13",23.93
"2008-08-14",24.36
"2008-08-15",24.79
"2008-08-18",24.2
"2008-08-19",23.98
"2008-08-20",24.16
"2008-08-21",24.09
"2008-08-22",24.5
"2008-08-25",24.13
"2008-08-26",24.33
"2008-08-27",24.52
"2008-08-28",25.33
"2008-08-29",25.41
"2008-09-02",25.71
"2008-09-03",25.75
"2008-09-04",25.2
"2008-09-05",25.47
"2008-09-08",26.14
"2008-09-09",25.26
"2008-09-10",25.69
"2008-09-11",25.73
"2008-09-12",25.71
"2008-09-15",24.8
"2008-09-16",25.08
"2008-09-17",23.12
"2008-09-18",24.95
"2008-09-19",26.
"2008-09-22",24.59
"2008-09-23",25.74
"2008-09-24",25.69
"2008-09-25",25.54
"2008-09-26",26.07
"2008-09-29",24.1
"2008-09-30",25.1
"2008-10-01",24.58
"2008-10-02",23.9
"2008-10-03",23.5
"2008-10-06",21.89
"2008-10-07",21.29
"2008-10-08",20.99
"2008-10-09",14.77
"2008-10-10",16.47
"2008-10-13",19.99
"2008-10-14",19.77
"2008-10-15",17.67
"2008-10-16",16.2
"2008-10-17",15.88
"2008-10-20",18.46
"2008-10-21",18.11
"2008-10-22",16.67
"2008-10-23",15.01
"2008-10-24",15.1
"2008-10-27",14.1
"2008-10-28",15.19
"2008-10-29",15.17
"2008-10-30",14.66
"2008-10-31",15.75
"2008-11-03",16.85
"2008-11-04",18.35
"2008-11-05",17.36
"2008-11-06",16.35
"2008-11-07",16.81
"2008-11-10",15.83
"2008-11-11",15.42
"2008-11-12",13.83
"2008-11-13",15.87
"2008-11-14",15.04
"2008-11-17",13.56
"2008-11-18",14.08
"2008-11-19",12.5
"2008-11-20",9.48
"2008-11-21",11.58
"2008-11-24",13.46
"2008-11-25",14.18
"2008-11-26",13.94
"2008-11-28",14.9
"2008-12-01",13.69
"2008-12-02",14.6
"2008-12-03",15.03
"2008-12-04",14.67
"2008-12-05",17.3
"2008-12-08",16.19
"2008-12-09",15.76
"2008-12-10",16.1
"2008-12-11",14.76
"2008-12-12",15.62
"2008-12-15",14.91
"2008-12-16",17.72
"2008-12-17",17.49
"2008-12-18",17.01
"2008-12-19",18.14
"2008-12-22",16.91
"2008-12-23",16.98
"2008-12-24",16.92
"2008-12-26",17.07
"2008-12-29",16.76
"2008-12-30",17.98
"2008-12-31",18.6
"2009-01-02",18.43
"2009-01-05",19.45
"2009-01-06",19.97
"2009-01-07",17.43
"2009-01-08",18.19
"2009-01-09",17.25
"2009-01-12",16.12
"2009-01-13",16.56
"2009-01-14",15.26
"2009-01-15",15.54
"2009-01-16",16.21
"2009-01-20",14.
"2009-01-21",16.27
"2009-01-22",14.5
"2009-01-23",15.31
"2009-01-26",14.59
"2009-01-27",15.28
"2009-01-28",16.43
"2009-01-29",14.78
"2009-01-30",14.16
"2009-02-02",14.67
"2009-02-03",14.24
"2009-02-04",14.19
"2009-02-05",14.77
"2009-02-06",14.99
"2009-02-09",14.7
"2009-02-10",12.69
"2009-02-11",12.98
"2009-02-12",13.17
"2009-02-13",12.82
"2009-02-17",11.32
"2009-02-18",11.68
"2009-02-19",10.24
"2009-02-20",10.59
"2009-02-23",9.83
"2009-02-24",11.37
"2009-02-25",10.58
"2009-02-26",11.
"2009-02-27",10.18
"2009-03-02",9.34
"2009-03-03",8.67
"2009-03-04",9.28
"2009-03-05",7.99
"2009-03-06",8.11
"2009-03-09",8.17
"2009-03-10",9.44
"2009-03-11",9.93
"2009-03-12",10.84
"2009-03-13",11.02
"2009-03-16",10.47
"2009-03-17",11.48
"2009-03-18",12.8
"2009-03-19",12.09
"2009-03-20",11.41
"2009-03-23",13.35
"2009-03-24",12.69
"2009-03-25",12.93
"2009-03-26",13.4
"2009-03-27",13.11
"2009-03-30",11.76
"2009-03-31",12.5
"2009-04-01",13.11
"2009-04-02",13.6
"2009-04-03",13.92
"2009-04-06",13.64
"2009-04-07",13.04
"2009-04-08",13.46
"2009-04-09",14.67
"2009-04-13",14.96
"2009-04-14",13.64
"2009-04-15",14.77
"2009-04-16",14.57
"2009-04-17",15.03
"2009-04-20",14.02
"2009-04-21",15.42
"2009-04-22",14.46
"2009-04-23",15.1
"2009-04-24",15.04
"2009-04-27",15.24
"2009-04-28",15.3
"2009-04-29",16.11
"2009-04-30",16.34
"2009-05-01",16.66
"2009-05-04",17.72
"2009-05-05",17.75
"2009-05-06",18.03
"2009-05-07",17.4
"2009-05-08",18.94
"2009-05-11",17.02
"2009-05-12",16.91
"2009-05-13",16.13
"2009-05-14",16.74
"2009-05-15",16.27
"2009-05-18",17.5
"2009-05-19",17.13
"2009-05-20",16.64
"2009-05-21",16.53
"2009-05-22",16.59
"2009-05-26",17.48
"2009-05-27",16.23
"2009-05-28",16.85
"2009-05-29",17.11
"2009-06-01",17.24
"2009-06-02",17.6
"2009-06-03",16.94
"2009-06-04",17.41
"2009-06-05",17.19
"2009-06-08",17.27
"2009-06-09",16.95
"2009-06-10",16.79
"2009-06-11",17.01
"2009-06-12",16.86
"2009-06-15",16.68
"2009-06-16",15.96
"2009-06-17",15.52
"2009-06-18",15.77
"2009-06-19",16.12
"2009-06-22",15.14
"2009-06-23",15.39
"2009-06-24",15.7
"2009-06-25",15.92
"2009-06-26",15.94
"2009-06-29",15.95
"2009-06-30",15.86
"2009-07-01",16.
"2009-07-02",15.04
"2009-07-06",15.09
"2009-07-07",14.86
"2009-07-08",14.8
"2009-07-09",15.16
"2009-07-10",14.85
"2009-07-13",16.03
"2009-07-14",15.89
"2009-07-15",16.39
"2009-07-16",16.22
"2009-07-17",16.36
"2009-07-20",17.13
"2009-07-21",17.22
"2009-07-22",17.36
"2009-07-23",18.02
"2009-07-24",18.56
"2009-07-27",18.52
"2009-07-28",18.32
"2009-07-29",18.11
"2009-07-30",18.58
"2009-07-31",18.77
"2009-08-03",19.04
"2009-08-04",19.9
"2009-08-05",19.75
"2009-08-06",20.07
"2009-08-07",20.61
"2009-08-10",20.12
"2009-08-11",20.25
"2009-08-12",21.16
"2009-08-13",21.73
"2009-08-14",21.34
"2009-08-17",20.49
"2009-08-18",21.08
"2009-08-19",21.23
"2009-08-20",21.48
"2009-08-21",22.15
"2009-08-24",21.98
"2009-08-25",22.78
"2009-08-26",22.63
"2009-08-27",22.49
"2009-08-28",22.65
"2009-08-31",22.53
"2009-09-01",21.
"2009-09-02",21.02
"2009-09-03",21.63
"2009-09-04",21.52
"2009-09-08",21.51
"2009-09-09",21.89
"2009-09-10",21.89
"2009-09-11",21.92
"2009-09-14",21.92
"2009-09-15",21.98
"2009-09-16",22.89
"2009-09-17",22.49
"2009-09-18",22.46
"2009-09-21",22.15
"2009-09-22",22.46
"2009-09-23",21.56
"2009-09-24",21.17
"2009-09-25",20.83
"2009-09-28",21.44
"2009-09-29",21.69
"2009-09-30",21.44
"2009-10-01",20.41
"2009-10-02",20.35
"2009-10-05",21.11
"2009-10-06",21.53
"2009-10-07",21.65
"2009-10-08",21.67
"2009-10-09",21.6
"2009-10-12",21.92
"2009-10-13",21.84
"2009-10-14",22.74
"2009-10-15",22.49
"2009-10-16",21.78
"2009-10-19",22.42
"2009-10-20",21.99
"2009-10-21",21.31
"2009-10-22",21.9
"2009-10-23",21.34
"2009-10-26",20.75
"2009-10-27",20.5
"2009-10-28",19.87
"2009-10-29",21.19
"2009-10-30",19.95
"2009-11-02",20.23
"2009-11-03",20.19
"2009-11-04",19.18
"2009-11-05",19.2
"2009-11-06",19.53
"2009-11-09",20.36
"2009-11-10",20.23
"2009-11-11",20.23
"2009-11-12",19.5
"2009-11-13",19.5
"2009-11-16",20.06
"2009-11-17",20.06
"2009-11-18",19.55
"2009-11-19",19.13
"2009-11-20",19.08
"2009-11-23",19.31
"2009-11-24",19.37
"2009-11-25",19.66
"2009-11-27",19.66
"2009-11-30",19.04
"2009-12-01",19.02
"2009-12-02",19.37
"2009-12-03",18.76
"2009-12-04",19.09
"2009-12-07",19.09
"2009-12-08",18.63
"2009-12-09",18.64
"2009-12-10",18.92
"2009-12-11",19.04
"2009-12-14",19.04
"2009-12-15",19.04
"2009-12-16",19.26
"2009-12-17",19.28
"2009-12-18",19.15
"2009-12-21",19.44
"2009-12-22",19.67
"2009-12-23",19.83
"2009-12-24",20.04
"2009-12-28",20.08
"2009-12-29",20.1
"2009-12-30",19.9
"2009-12-31",19.52
"2010-01-04",19.94
"2010-01-05",20.23
"2010-01-06",20.41
"2010-01-07",20.86
"2010-01-08",20.58
"2010-01-11",20.96
"2010-01-12",20.91
"2010-01-13",21.05
"2010-01-14",21.45
"2010-01-15",21.39
"2010-01-19",21.64
"2010-01-20",21.53
"2010-01-21",20.98
"2010-01-22",20.19
"2010-01-25",20.33
"2010-01-26",19.8
"2010-01-27",19.99
"2010-01-28",19.61
"2010-01-29",19.57
"2010-02-01",20.1
"2010-02-02",20.67
"2010-02-03",19.95
"2010-02-04",18.9
"2010-02-05",18.9
"2010-02-08",18.73
"2010-02-09",19.01
"2010-02-10",19.14
"2010-02-11",19.42
"2010-02-12",19.52
"2010-02-16",20.08
"2010-02-17",20.53
"2010-02-18",20.92
"2010-02-19",21.01
"2010-02-22",21.01
"2010-02-23",20.64
"2010-02-24",20.93
"2010-02-25",20.78
"2010-02-26",20.81
"2010-03-01",21.31
"2010-03-02",21.3
"2010-03-03",21.35
"2010-03-04",21.68
"2010-03-05",22.2
"2010-03-08",22.42
"2010-03-09",22.48
"2010-03-10",22.77
"2010-03-11",22.77
"2010-03-12",23.4
"2010-03-15",23.84
"2010-03-16",24.17
"2010-03-17",24.43
"2010-03-18",24.33
"2010-03-19",23.93
"2010-03-22",23.89
"2010-03-23",24.19
"2010-03-24",24.18
"2010-03-25",24.39
"2010-03-26",24.65
"2010-03-29",24.87
"2010-03-30",24.73
"2010-03-31",24.77
"2010-04-01",25.17
"2010-04-05",25.34
"2010-04-06",25.6
"2010-04-07",25.36
"2010-04-08",25.43
"2010-04-09",25.53
"2010-04-12",25.54
"2010-04-13",25.59
"2010-04-14",26.41
"2010-04-15",26.07
"2010-04-16",25.32
"2010-04-19",25.48
"2010-04-20",25.89
"2010-04-21",25.65
"2010-04-22",25.51
"2010-04-23",25.91
"2010-04-26",25.64
"2010-04-27",24.27
"2010-04-28",24.28
"2010-04-29",24.71
"2010-04-30",24.47
"2010-05-03",24.36
"2010-05-04",23.57
"2010-05-05",23.58
"2010-05-06",22.66
"2010-05-07",22.44
"2010-05-10",24.32
"2010-05-11",24.05
"2010-05-12",24.31
"2010-05-13",23.57
"2010-05-14",22.71
"2010-05-17",22.59
"2010-05-18",22.07
"2010-05-19",22.05
"2010-05-20",21.51
"2010-05-21",22.46
"2010-05-24",22.08
"2010-05-25",22.19
"2010-05-26",22.4
"2010-05-27",23.52
"2010-05-28",23.1
"2010-06-01",22.62
"2010-06-02",23.4
"2010-06-03",23.26
"2010-06-04",22.28
"2010-06-07",21.73
"2010-06-08",22.28
"2010-06-09",22.14
"2010-06-10",23.06
"2010-06-11",23.29
"2010-06-14",23.35
"2010-06-15",23.82
"2010-06-16",23.43
"2010-06-17",23.36
"2010-06-18",23.58
"2010-06-21",23.44
"2010-06-22",22.96
"2010-06-23",22.74
"2010-06-24",22.33
"2010-06-25",22.69
"2010-06-28",22.79
"2010-06-29",21.91
"2010-06-30",21.7
"2010-07-01",21.34
"2010-07-02",21.26
"2010-07-06",21.3
"2010-07-07",21.95
"2010-07-08",22.4
"2010-07-09",22.66
"2010-07-12",22.51
"2010-07-13",22.89
"2010-07-14",22.44
"2010-07-15",22.46
"2010-07-16",21.73
"2010-07-19",21.72
"2010-07-20",22.15
"2010-07-21",21.8
"2010-07-22",21.81
"2010-07-23",22.46
"2010-07-26",22.32
"2010-07-27",22.88
"2010-07-28",22.39
"2010-07-29",22.74
"2010-07-30",22.82
"2010-08-02",23.24
"2010-08-03",22.73
"2010-08-04",21.83
"2010-08-05",21.88
"2010-08-06",21.81
"2010-08-09",22.31
"2010-08-10",21.92
"2010-08-11",20.92
"2010-08-12",20.78
"2010-08-13",20.81
"2010-08-16",20.72
"2010-08-17",21.03
"2010-08-18",21.01
"2010-08-19",20.43
"2010-08-20",20.33
"2010-08-23",20.41
"2010-08-24",19.81
"2010-08-25",19.58
"2010-08-26",19.45
"2010-08-27",20.21
"2010-08-30",19.6
"2010-08-31",20.05
"2010-09-01",20.93
"2010-09-02",21.45
"2010-09-03",22.27
"2010-09-07",21.29
"2010-09-08",21.39
"2010-09-09",21.67
"2010-09-10",21.87
"2010-09-13",22.24
"2010-09-14",22.17
"2010-09-15",22.15
"2010-09-16",22.12
"2010-09-17",22.2
"2010-09-20",22.64
"2010-09-21",22.52
"2010-09-22",22.2
"2010-09-23",21.9
"2010-09-24",22.4
"2010-09-27",22.15
"2010-09-28",22.35
"2010-09-29",22.25
"2010-09-30",22.15
"2010-10-01",22.04
"2010-10-04",21.8
"2010-10-05",22.5
"2010-10-06",22.45
"2010-10-07",22.34
"2010-10-08",22.37
"2010-10-11",22.3
"2010-10-12",22.25
"2010-10-13",22.55
"2010-10-14",22.52
"2010-10-15",22.52
"2010-10-18",22.84
"2010-10-19",22.27
"2010-10-20",22.27
"2010-10-21",22.45
"2010-10-22",22.42
"2010-10-25",22.35
"2010-10-26",22.42
"2010-10-27",22.84
"2010-10-28",22.77
"2010-10-29",22.42
"2010-11-01",22.47
"2010-11-02",22.82
"2010-11-03",22.07
"2010-11-04",22.92
"2010-11-05",22.88
"2010-11-08",22.35
"2010-11-09",21.74
"2010-11-10",22.11
"2010-11-11",22.08
"2010-11-12",21.83
"2010-11-15",21.99
"2010-11-16",21.59
"2010-11-17",21.82
"2010-11-18",22.21
"2010-11-19",22.17
"2010-11-22",22.02
"2010-11-23",21.48
"2010-11-24",22.
"2010-11-26",21.69
"2010-11-29",21.73
"2010-11-30",21.49
"2010-12-01",22.2
"2010-12-02",22.68
"2010-12-03",22.5
"2010-12-06",22.4
"2010-12-07",22.66
"2010-12-08",23.26
"2010-12-09",23.37
"2010-12-10",23.71
"2010-12-13",23.95
"2010-12-14",23.92
"2010-12-15",23.75
"2010-12-16",23.65
"2010-12-17",23.83
"2010-12-20",23.99
"2010-12-21",24.34
"2010-12-22",24.58
"2010-12-23",24.37
"2010-12-27",24.51
"2010-12-28",24.41
"2010-12-29",24.27
"2010-12-30",24.19
"2010-12-31",24.22
"2011-01-03",24.83
"2011-01-04",24.79
"2011-01-05",25.06
"2011-01-06",25.02
"2011-01-07",24.91
"2011-01-10",24.83
"2011-01-11",24.93
"2011-01-12",25.14
"2011-01-13",24.9
"2011-01-14",25.09
"2011-01-18",25.1
"2011-01-19",24.76
"2011-01-20",24.83
"2011-01-21",25.12
"2011-01-24",25.19
"2011-01-25",25.41
"2011-01-26",25.63
"2011-01-27",25.62
"2011-01-28",24.93
"2011-01-31",24.94
"2011-02-01",25.64
"2011-02-02",25.14
"2011-02-03",25.23
"2011-02-04",25.78
"2011-02-07",26.14
"2011-02-08",26.26
"2011-02-09",26.29
"2011-02-10",26.23
"2011-02-11",26.56
"2011-02-14",26.43
"2011-02-15",26.43
"2011-02-16",26.75
"2011-02-17",26.78
"2011-02-18",26.87
"2011-02-22",26.29
"2011-02-23",26.1
"2011-02-24",26.23
"2011-02-25",26.6
"2011-02-28",26.53
"2011-03-01",26.14
"2011-03-02",25.56
"2011-03-03",26.15
"2011-03-04",26.02
"2011-03-07",25.81
"2011-03-08",26.44
"2011-03-09",26.49
"2011-03-10",26.05
"2011-03-11",26.32
"2011-03-14",25.88
"2011-03-15",25.7
"2011-03-16",25.26
"2011-03-17",25.44
"2011-03-18",25.67
"2011-03-21",26.25
"2011-03-22",26.01
"2011-03-23",25.89
"2011-03-24",25.91
"2011-03-25",26.15
"2011-03-28",26.21
"2011-03-29",26.29
"2011-03-30",26.61
"2011-03-31",26.25
"2011-04-01",26.58
"2011-04-04",26.52
"2011-04-05",26.43
"2011-04-06",26.7
"2011-04-07",26.69
"2011-04-08",26.31
"2011-04-11",26.4
"2011-04-12",26.28
"2011-04-13",25.98
"2011-04-14",25.8
"2011-04-15",25.69
"2011-04-18",25.35
"2011-04-19",25.52
"2011-04-20",25.63
"2011-04-21",25.8
"2011-04-25",25.6
"2011-04-26",25.89
"2011-04-27",26.09
"2011-04-28",26.42
"2011-04-29",26.48
"2011-05-02",26.38
"2011-05-03",26.15
"2011-05-04",26.53
"2011-05-05",26.01
"2011-05-06",26.23
"2011-05-09",26.36
"2011-05-10",26.64
"2011-05-11",26.44
"2011-05-12",26.68
"2011-05-13",26.22
"2011-05-16",26.33
"2011-05-17",26.23
"2011-05-18",26.36
"2011-05-19",26.9
"2011-05-20",26.72
"2011-05-23",26.18
"2011-05-24",25.85
"2011-05-25",25.9
"2011-05-26",26.08
"2011-05-27",26.1
"2011-05-31",26.31
"2011-06-01",25.44
"2011-06-02",25.56
"2011-06-03",25.27
"2011-06-06",25.03
"2011-06-07",25.02
"2011-06-08",24.88
"2011-06-09",25.13
"2011-06-10",24.8
"2011-06-13",24.93
"2011-06-14",25.42
"2011-06-15",24.47
"2011-06-16",24.61
"2011-06-17",25.04
"2011-06-20",25.14
"2011-06-21",25.42
"2011-06-22",24.96
"2011-06-23",24.77
"2011-06-24",24.52
"2011-06-27",24.67
"2011-06-28",24.96
"2011-06-29",25.23
"2011-06-30",25.48
"2011-07-01",25.94
"2011-07-05",25.8
"2011-07-06",26.03
"2011-07-07",26.36
"2011-07-08",26.05
"2011-07-11",25.5
"2011-07-12",25.51
"2011-07-13",25.77
"2011-07-14",25.49
"2011-07-15",25.31
"2011-07-18",24.86
"2011-07-19",25.28
"2011-07-20",25.33
"2011-07-21",25.82
"2011-07-22",25.55
"2011-07-25",25.3
"2011-07-26",25.11
"2011-07-27",24.36
"2011-07-28",24.55
"2011-07-29",24.39
"2011-08-01",24.22
"2011-08-02",23.59
"2011-08-03",24.37
"2011-08-04",23.1
"2011-08-05",22.79
"2011-08-08",20.39
"2011-08-09",22.45
"2011-08-10",21.31
"2011-08-11",22.79
"2011-08-12",22.48
"2011-08-15",23.36
"2011-08-16",23.02
"2011-08-17",23.07
"2011-08-18",21.79
"2011-08-19",21.69
"2011-08-22",21.75
"2011-08-23",22.86
"2011-08-24",23.23
"2011-08-25",22.6
"2011-08-26",22.75
"2011-08-29",23.59
"2011-08-30",23.45
"2011-08-31",23.54
"2011-09-01",23.2
"2011-09-02",22.4
"2011-09-06",22.08
"2011-09-07",22.92
"2011-09-08",22.56
"2011-09-09",22.07
"2011-09-12",22.31
"2011-09-13",22.49
"2011-09-14",22.42
"2011-09-15",23.12
"2011-09-16",23.16
"2011-09-19",22.42
"2011-09-20",22.11
"2011-09-21",21.
"2011-09-22",20.79
"2011-09-23",20.75
"2011-09-26",21.5
"2011-09-27",21.62
"2011-09-28",20.84
"2011-09-29",21.57
"2011-09-30",20.96
"2011-10-03",20.01
"2011-10-04",20.94
"2011-10-05",21.67
"2011-10-06",22.39
"2011-10-07",22.
"2011-10-10",22.81
"2011-10-11",22.89
"2011-10-12",23.56
"2011-10-13",23.24
"2011-10-14",23.9
"2011-10-17",22.96
"2011-10-18",24.02
"2011-10-19",23.24
"2011-10-20",23.84
"2011-10-21",24.35
"2011-10-24",24.45
"2011-10-25",23.58
"2011-10-26",24.09
"2011-10-27",24.74
"2011-10-28",24.24
"2011-10-31",23.84
"2011-11-01",22.82
"2011-11-02",22.08
"2011-11-03",21.94
"2011-11-04",21.86
"2011-11-07",22.01
"2011-11-08",22.46
"2011-11-09",21.66
"2011-11-10",21.8
"2011-11-11",22.34
"2011-11-14",22.09
"2011-11-15",22.39
"2011-11-16",21.88
"2011-11-17",21.49
"2011-11-18",21.72
"2011-11-21",21.3
"2011-11-22",21.37
"2011-11-23",20.73
"2011-11-25",20.7
"2011-11-28",21.36
"2011-11-29",21.35
"2011-11-30",22.51
"2011-12-01",22.19
"2011-12-02",22.06
"2011-12-05",22.32
"2011-12-06",22.07
"2011-12-07",22.33
"2011-12-08",21.37
"2011-12-09",21.47
"2011-12-12",20.96
"2011-12-13",20.51
"2011-12-14",20.26
"2011-12-15",20.48
"2011-12-16",20.58
"2011-12-19",19.91
"2011-12-20",20.41
"2011-12-21",20.87
"2011-12-22",21.1
"2011-12-23",21.3
"2011-12-27",21.21
"2011-12-28",20.96
"2011-12-29",21.2
"2011-12-30",21.07
"2012-01-03",21.52
"2012-01-04",21.59
"2012-01-05",21.75
"2012-01-06",21.46
"2012-01-09",21.08
"2012-01-10",21.84
"2012-01-11",21.88
"2012-01-12",22.33
"2012-01-13",22.24
"2012-01-17",22.36
"2012-01-18",22.51
"2012-01-19",22.74
"2012-01-20",22.77
"2012-01-23",23.07
"2012-01-24",23.32
"2012-01-25",23.23
"2012-01-26",22.82
"2012-01-27",22.92
"2012-01-30",22.82
"2012-01-31",22.83
"2012-02-01",23.11
"2012-02-02",23.08
"2012-02-03",23.79
"2012-02-06",23.65
"2012-02-07",22.76
"2012-02-08",23.01
"2012-02-09",22.5
"2012-02-10",22.44
"2012-02-13",22.56
"2012-02-14",22.53
"2012-02-15",22.68
"2012-02-16",22.84
"2012-02-17",23.08
"2012-02-21",23.35
"2012-02-22",23.28
"2012-02-23",23.24
"2012-02-24",23.18
"2012-02-27",23.2
"2012-02-28",23.26
"2012-02-29",23.05
"2012-03-01",23.17
"2012-03-02",23.22
"2012-03-05",23.5
"2012-03-06",23.02
"2012-03-07",23.22
"2012-03-08",23.49
"2012-03-09",23.76
"2012-03-12",23.7
"2012-03-13",24.2
"2012-03-14",24.15
"2012-03-15",24.64
"2012-03-16",24.44
"2012-03-19",24.2
"2012-03-20",24.31
"2012-03-21",24.18
"2012-03-22",23.84
"2012-03-23",23.95
"2012-03-26",24.34
"2012-03-27",24.45
"2012-03-28",24.68
"2012-03-29",24.44
"2012-03-30",24.48
"2012-04-02",24.58
"2012-04-03",24.43
"2012-04-04",24.19
"2012-04-05",24.1
"2012-04-09",23.49
"2012-04-10",23.07
"2012-04-11",23.27
"2012-04-12",23.69
"2012-04-13",23.27
"2012-04-16",23.54
"2012-04-17",23.82
"2012-04-18",23.52
"2012-04-19",23.55
"2012-04-20",23.36
"2012-04-23",23.13
"2012-04-24",23.44
"2012-04-25",23.86
"2012-04-26",23.75
"2012-04-27",23.9
"2012-04-30",23.74
"2012-05-01",23.73
"2012-05-02",22.88
"2012-05-03",22.47
"2012-05-04",22.03
"2012-05-07",22.04
"2012-05-08",21.93
"2012-05-09",21.78
"2012-05-10",21.76
"2012-05-11",21.67
"2012-05-14",21.33
"2012-05-15",21.05
"2012-05-16",20.54
"2012-05-17",20.
"2012-05-18",19.9
"2012-05-21",20.21
"2012-05-22",20.23
"2012-05-23",20.13
"2012-05-24",20.19
"2012-05-25",20.13
"2012-05-29",20.26
"2012-05-30",19.85
"2012-05-31",19.95
"2012-06-01",19.3
"2012-06-04",19.05
"2012-06-05",19.15
"2012-06-06",19.86
"2012-06-07",19.78
"2012-06-08",19.79
"2012-06-11",19.49
"2012-06-12",19.44
"2012-06-13",19.16
"2012-06-14",19.09
"2012-06-15",19.51
"2012-06-18",19.26
"2012-06-19",19.4
"2012-06-20",19.8
"2012-06-21",19.17
"2012-06-22",19.26
"2012-06-25",18.52
"2012-06-26",18.73
"2012-06-27",18.8
"2012-06-28",18.9
"2012-06-29",19.13
"2012-07-02",19.38
"2012-07-03",19.58
"2012-07-05",19.43
"2012-07-06",19.2
"2012-07-09",19.08
"2012-07-10",18.95
"2012-07-11",19.17
"2012-07-12",18.9
"2012-07-13",19.42
"2012-07-16",19.18
"2012-07-17",18.92
"2012-07-18",19.44
"2012-07-19",19.38
"2012-07-20",18.95
"2012-07-23",18.75
"2012-07-24",18.36
"2012-07-25",18.52
"2012-07-26",18.58
"2012-07-27",18.95
"2012-07-30",19.
"2012-07-31",18.89
"2012-08-01",18.6
"2012-08-02",18.7
"2012-08-03",19.18
"2012-08-06",18.96
"2012-08-07",19.17
"2012-08-08",19.12
"2012-08-09",19.36
"2012-08-10",19.44
"2012-08-13",19.39
"2012-08-14",19.4
"2012-08-15",19.44
"2012-08-16",19.64
"2012-08-17",19.4
"2012-08-20",19.6
"2012-08-21",19.6
"2012-08-22",19.32
"2012-08-23",19.32
"2012-08-24",19.21
"2012-08-27",19.11
"2012-08-28",19.04
"2012-08-29",19.32
"2012-08-30",19.27
"2012-08-31",19.51
"2012-09-04",19.5
"2012-09-05",19.4
"2012-09-06",19.93
"2012-09-07",20.12
"2012-09-10",19.95
"2012-09-11",20.16
"2012-09-12",20.08
"2012-09-13",20.37
"2012-09-14",20.92
"2012-09-17",20.55
"2012-09-18",20.36
"2012-09-19",20.28
"2012-09-20",20.05
"2012-09-21",19.89
"2012-09-24",19.82
"2012-09-25",19.31
"2012-09-26",19.25
"2012-09-27",19.43
"2012-09-28",19.22
"2012-10-01",19.49
"2012-10-02",19.54
"2012-10-03",19.48
"2012-10-04",19.87
"2012-10-05",19.98
"2012-10-08",19.86
"2012-10-09",19.78
"2012-10-10",19.55
"2012-10-11",19.93
"2012-10-12",19.75
"2012-10-15",19.82
"2012-10-16",20.31
"2012-10-17",20.67
"2012-10-18",20.81
"2012-10-19",20.48
"2012-10-22",20.58
"2012-10-23",20.46
"2012-10-24",20.43
"2012-10-25",20.52
"2012-10-26",20.42
"2012-10-31",20.28
"2012-11-01",20.52
"2012-11-02",20.65
"2012-11-05",20.58
"2012-11-06",20.91
"2012-11-07",20.05
"2012-11-08",19.58
"2012-11-09",19.66
"2012-11-12",19.53
"2012-11-13",19.42
"2012-11-14",19.18
"2012-11-15",19.34
"2012-11-16",19.48
"2012-11-19",19.78
"2012-11-20",19.81
"2012-11-21",19.88
"2012-11-23",20.23
"2012-11-26",20.33
"2012-11-27",20.16
"2012-11-28",20.32
"2012-11-29",20.39
"2012-11-30",20.39
"2012-12-03",20.44
"2012-12-04",20.43
"2012-12-05",20.68
"2012-12-06",20.66
"2012-12-07",20.83
"2012-12-10",20.97
"2012-12-11",20.86
"2012-12-12",21.09
"2012-12-13",20.86
"2012-12-14",20.83
"2012-12-17",20.89
"2012-12-18",21.26
"2012-12-19",20.97
"2012-12-20",21.15
"2012-12-21",20.87
"2012-12-24",20.83
"2012-12-26",20.77
"2012-12-27",20.71
"2012-12-28",20.55
"2012-12-31",20.82
"2013-01-02",21.46
"2013-01-03",21.65
"2013-01-04",21.89
"2013-01-07",21.77
"2013-01-08",21.61
"2013-01-09",21.76
"2013-01-10",22.12
"2013-01-11",22.21
"2013-01-14",22.24
"2013-01-15",22.21
"2013-01-16",22.13
"2013-01-17",22.51
"2013-01-18",22.5
"2013-01-22",22.86
"2013-01-23",23.15
"2013-01-24",23.13
"2013-01-25",23.29
"2013-01-28",23.16
"2013-01-29",23.34
"2013-01-30",23.02
"2013-01-31",23.31
"2013-02-01",23.38
"2013-02-04",22.94
"2013-02-05",23.5
"2013-02-06",23.86
"2013-02-07",23.63
"2013-02-08",24.06
"2013-02-11",24.17
"2013-02-12",24.17
"2013-02-13",24.49
"2013-02-14",24.4
"2013-02-15",24.46
"2013-02-19",24.8
"2013-02-20",24.25
"2013-02-21",23.97
"2013-02-22",24.25
"2013-02-25",23.71
"2013-02-26",23.77
"2013-02-27",24.39
"2013-02-28",24.47
"2013-03-01",24.61
"2013-03-04",25.22
"2013-03-05",25.65
"2013-03-06",26.06
"2013-03-07",26.13
"2013-03-08",26.51
"2013-03-11",27.07
"2013-03-12",26.99
"2013-03-13",27.44
"2013-03-14",27.81
"2013-03-15",27.73
"2013-03-18",27.36
"2013-03-19",27.44
"2013-03-20",27.59
"2013-03-21",27.29
"2013-03-22",27.49
"2013-03-25",27.59
"2013-03-26",28.07
"2013-03-27",28.07
"2013-03-28",28.25
"2013-04-01",28.05
"2013-04-02",27.98
"2013-04-03",27.14
"2013-04-04",26.98
"2013-04-05",26.26
"2013-04-08",26.45
"2013-04-09",26.71
"2013-04-10",27.41
"2013-04-11",27.46
"2013-04-12",27.46
"2013-04-15",26.4
"2013-04-16",26.8
"2013-04-17",26.14
"2013-04-18",25.87
"2013-04-19",26.37
"2013-04-22",26.45
"2013-04-23",27.06
"2013-04-24",27.31
"2013-04-25",27.58
"2013-04-26",27.23
"2013-04-29",27.53
"2013-04-30",27.89
"2013-05-01",27.17
"2013-05-02",27.52
"2013-05-03",27.43
"2013-05-06",27.58
"2013-05-07",27.97
"2013-05-08",28.16
"2013-05-09",28.04
"2013-05-10",28.09
"2013-05-13",28.31
"2013-05-14",28.71
"2013-05-15",28.95
"2013-05-16",28.19
"2013-05-17",28.45
"2013-05-20",28.16
"2013-05-21",27.96
"2013-05-22",27.59
"2013-05-23",27.56
"2013-05-24",27.19
"2013-05-28",27.77
"2013-05-29",28.26
"2013-05-30",28.87
"2013-05-31",28.48
"2013-06-03",28.51
"2013-06-04",28.18
"2013-06-05",27.49
"2013-06-06",28.07
"2013-06-07",28.75
"2013-06-10",28.62
"2013-06-11",28.21
"2013-06-12",28.01
"2013-06-13",28.39
"2013-06-14",27.76
"2013-06-17",28.36
"2013-06-18",28.7
"2013-06-19",28.34
"2013-06-20",28.9
"2013-06-21",29.22
"2013-06-24",28.51
"2013-06-25",28.75
"2013-06-26",29.25
"2013-06-27",29.8
"2013-06-28",29.37
"2013-07-01",29.74
"2013-07-02",29.84
"2013-07-03",29.67
"2013-07-05",30.48
"2013-07-08",30.73
"2013-07-09",31.42
"2013-07-10",31.47
"2013-07-11",31.39
"2013-07-12",31.57
"2013-07-15",31.42
"2013-07-16",31.25
"2013-07-17",31.15
"2013-07-18",31.72
"2013-07-19",31.46
"2013-07-22",31.75
"2013-07-23",31.77
"2013-07-24",31.58
"2013-07-25",31.56
"2013-07-26",31.58
"2013-07-29",31.43
"2013-07-30",31.38
"2013-07-31",31.64
"2013-08-01",32.9
"2013-08-02",32.54
"2013-08-05",32.35
"2013-08-06",30.92
"2013-08-07",30.44
"2013-08-08",30.56
"2013-08-09",30.32
"2013-08-12",29.63
"2013-08-13",29.99
"2013-08-14",29.83
"2013-08-15",29.39
"2013-08-16",29.61
"2013-08-19",29.42
"2013-08-20",29.55
"2013-08-21",29.5
"2013-08-22",30.3
"2013-08-23",30.14
"2013-08-26",30.07
"2013-08-27",29.23
"2013-08-28",29.5
"2013-08-29",29.75
"2013-08-30",29.53
"2013-09-03",29.74
"2013-09-04",30.4
"2013-09-05",30.49
"2013-09-06",30.26
"2013-09-09",30.65
"2013-09-10",31.03
"2013-09-11",31.46
"2013-09-12",31.02
"2013-09-13",30.99
"2013-09-16",31.28
"2013-09-17",31.41
"2013-09-18",31.29
"2013-09-19",30.42
"2013-09-20",30.26
"2013-09-23",30.33
"2013-09-24",30.48
"2013-09-25",30.8
"2013-09-26",30.95
"2013-09-27",30.62
"2013-09-30",30.44
"2013-10-01",30.83
"2013-10-02",30.44
"2013-10-03",30.15
"2013-10-04",30.73
"2013-10-07",30.28
"2013-10-08",29.79
"2013-10-09",29.52
"2013-10-10",30.3
"2013-10-11",30.84
"2013-10-14",31.28
"2013-10-15",31.11
"2013-10-16",31.86
"2013-10-17",31.91
"2013-10-18",31.92
"2013-10-21",31.85
"2013-10-22",31.69
"2013-10-23",31.16
"2013-10-24",31.3
"2013-10-25",31.35
"2013-10-28",31.39
"2013-10-29",31.85
"2013-10-30",31.76
"2013-10-31",31.74
"2013-11-01",31.51
"2013-11-04",31.76
"2013-11-05",32.58
"2013-11-06",32.35
"2013-11-07",31.95
"2013-11-08",33.16
"2013-11-11",32.95
"2013-11-12",32.75
"2013-11-13",32.8
"2013-11-14",33.22
"2013-11-15",33.31
"2013-11-18",33.31
"2013-11-19",33.21
"2013-11-20",33.16
"2013-11-21",33.64
"2013-11-22",33.93
"2013-11-25",33.89
"2013-11-26",33.76
"2013-11-27",33.7
"2013-11-29",33.57
"2013-12-02",33.52
"2013-12-03",33.35
"2013-12-04",33.91
"2013-12-05",33.36
"2013-12-06",34.31
"2013-12-09",34.3
"2013-12-10",34.3
"2013-12-11",34.1
"2013-12-12",33.78
"2013-12-13",33.91
"2013-12-16",34.13
"2013-12-17",34.04
"2013-12-18",34.62
"2013-12-19",34.29
"2013-12-20",34.38
"2013-12-23",34.76
"2013-12-24",34.86
"2013-12-26",35.16
"2013-12-27",35.08
"2013-12-30",34.95
"2013-12-31",35.08
"2014-01-02",34.33
"2014-01-03",34.34
"2014-01-06",34.29
"2014-01-07",34.52
"2014-01-08",34.74
"2014-01-09",35.07
"2014-01-10",34.73
"2014-01-13",33.96
"2014-01-14",34.2
"2014-01-15",34.77
"2014-01-16",34.56
"2014-01-17",34.35
"2014-01-21",34.36
"2014-01-22",34.29
"2014-01-23",33.28
"2014-01-24",32.16
"2014-01-27",32.14
"2014-01-28",32.31
"2014-01-29",31.85
"2014-01-30",32.67
"2014-01-31",32.2
"2014-02-03",30.71
"2014-02-04",31.3
"2014-02-05",31.83
"2014-02-06",32.66
"2014-02-07",32.97
"2014-02-10",32.9
"2014-02-11",33.19
"2014-02-12",33.65
"2014-02-13",33.5
"2014-02-14",33.54
"2014-02-18",33.88
"2014-02-19",33.49
"2014-02-20",33.57
"2014-02-21",33.55
"2014-02-24",33.9
"2014-02-25",33.86
"2014-02-26",34.
"2014-02-27",34.37
"2014-02-28",34.78
"2014-03-03",34.68
"2014-03-04",35.37
"2014-03-05",35.39
"2014-03-06",35.66
"2014-03-07",35.92
"2014-03-10",36.
"2014-03-11",35.6
"2014-03-12",35.67
"2014-03-13",35.13
"2014-03-14",34.88
"2014-03-17",35.08
"2014-03-18",35.26
"2014-03-19",35.32
"2014-03-20",35.59
"2014-03-21",35.65
"2014-03-24",35.68
"2014-03-25",35.42
"2014-03-26",35.
"2014-03-27",34.34
"2014-03-28",34.44
"2014-03-31",35.31
"2014-04-01",35.43
"2014-04-02",35.45
"2014-04-03",35.4
"2014-04-04",34.79
"2014-04-07",34.05
"2014-04-08",34.09
"2014-04-09",34.45
"2014-04-10",33.57
"2014-04-11",33.09
"2014-04-14",33.17
"2014-04-15",33.3
"2014-04-16",33.94
"2014-04-17",33.92
"2014-04-21",33.68
"2014-04-22",34.06
"2014-04-23",34.02
"2014-04-24",33.53
"2014-04-25",32.87
"2014-04-28",32.41
"2014-04-29",32.87
"2014-04-30",33.22
"2014-05-01",33.46
"2014-05-02",33.62
"2014-05-05",33.48
"2014-05-06",33.1
"2014-05-07",33.62
"2014-05-08",34.03
"2014-05-09",33.33
"2014-05-12",34.22
"2014-05-13",34.07
"2014-05-14",33.36
"2014-05-15",32.66
"2014-05-16",32.63
"2014-05-19",32.9
"2014-05-20",32.89
"2014-05-21",33.24
"2014-05-22",33.27
"2014-05-23",33.46
"2014-05-27",33.87
"2014-05-28",33.63
"2014-05-29",33.77
"2014-05-30",33.91
"2014-06-02",34.36
"2014-06-03",34.56
"2014-06-04",35.15
"2014-06-05",35.06
"2014-06-06",35.26
"2014-06-09",35.56
"2014-06-10",35.71
"2014-06-11",35.2
"2014-06-12",34.89
"2014-06-13",34.88
"2014-06-16",34.83
"2014-06-17",35.59
"2014-06-18",35.4
"2014-06-19",35.24
"2014-06-20",35.5
"2014-06-23",35.25
"2014-06-24",35.05
"2014-06-25",34.88
"2014-06-26",35.03
"2014-06-27",35.005
"2014-06-30",34.76
"2014-07-01",35.14
"2014-07-02",34.89
"2014-07-03",35.47
"2014-07-07",35.22
"2014-07-08",34.82
"2014-07-09",34.97
"2014-07-10",34.7
"2014-07-11",34.75
"2014-07-14",34.93
"2014-07-15",35.09
"2014-07-16",34.84
"2014-07-17",34.44
"2014-07-18",34.78
"2014-07-21",34.64
"2014-07-22",34.8
"2014-07-23",35.
"2014-07-24",35.11
"2014-07-25",34.99
"2014-07-28",35.03
"2014-07-29",34.61
"2014-07-30",34.45
"2014-07-31",34.33
"2014-08-01",33.8
"2014-08-04",34.29
"2014-08-05",34.17
"2014-08-06",34.4
"2014-08-07",34.02
"2014-08-08",34.22
"2014-08-11",34.4
"2014-08-12",34.68
"2014-08-13",34.7
"2014-08-14",35.13
"2014-08-15",34.84
"2014-08-18",35.2
"2014-08-19",35.08
"2014-08-20",35.17
"2014-08-21",35.19
"2014-08-22",35.1
"2014-08-25",35.53
"2014-08-26",35.8
"2014-08-27",36.35
"2014-08-28",36.16
"2014-08-29",36.27
"2014-09-02",36.81
"2014-09-03",36.61
"2014-09-04",35.96
"2014-09-05",35.62
"2014-09-08",35.66
"2014-09-09",35.63
"2014-09-10",35.82
"2014-09-11",35.78
"2014-09-12",35.92
"2014-09-15",35.8
"2014-09-16",36.02
"2014-09-17",36.02
"2014-09-18",36.41
"2014-09-19",36.09
"2014-09-22",35.51
"2014-09-23",34.96
"2014-09-24",35.18
"2014-09-25",34.59
"2014-09-26",34.79
"2014-09-29",34.77
"2014-09-30",34.38
"2014-10-01",33.81
"2014-10-02",33.74
"2014-10-03",34.12
"2014-10-06",34.
"2014-10-07",33.4
"2014-10-08",33.78
"2014-10-09",33.34
"2014-10-10",33.16
"2014-10-13",32.79
"2014-10-14",32.83
"2014-10-15",31.92
"2014-10-16",32.16
"2014-10-17",32.74
"2014-10-20",32.9
"2014-10-21",33.73
"2014-10-22",33.37
"2014-10-23",33.65
"2014-10-24",33.92
"2014-10-27",34.13
"2014-10-28",34.61
"2014-10-29",34.54
"2014-10-30",33.46
"2014-10-31",33.46
"2014-11-03",33.75
"2014-11-04",33.8
"2014-11-05",34.31
"2014-11-06",33.39
"2014-11-07",33.6
"2014-11-10",34.
"2014-11-11",34.33
"2014-11-12",34.53
"2014-11-13",34.93
"2014-11-14",34.2
"2014-11-17",33.9
"2014-11-18",33.78
"2014-11-19",33.86
"2014-11-20",33.69
"2014-11-21",33.74
"2014-11-24",34.01
"2014-11-25",33.86
"2014-11-26",33.65
"2014-11-28",33.22
"2014-12-01",32.93
"2014-12-02",33.28
"2014-12-03",33.14
"2014-12-04",32.91
"2014-12-05",33.66
"2014-12-08",33.81
"2014-12-09",33.78
"2014-12-10",33.07
"2014-12-11",33.49
"2014-12-12",32.04
"2014-12-15",32.28
"2014-12-16",32.68
"2014-12-17",33.26
"2014-12-18",34.24
"2014-12-19",35.16
"2014-12-22",35.03
"2014-12-23",35.42
"2014-12-24",35.3
"2014-12-26",35.36
"2014-12-29",35.47
"2014-12-30",35.54
"2014-12-31",34.88
"2015-01-02",34.74
"2015-01-05",33.64
"2015-01-06",32.92
"2015-01-07",33.23
"2015-01-08",33.77
"2015-01-09",33.01
"2015-01-12",32.65
"2015-01-13",32.27
"2015-01-14",31.89
"2015-01-15",31.35
"2015-01-16",31.75
"2015-01-20",31.49
"2015-01-21",31.66
"2015-01-22",32.54
"2015-01-23",32.12
"2015-01-26",32.28
"2015-01-27",31.84
"2015-01-28",31.05
"2015-01-29",31.43
"2015-01-30",31.06
"2015-02-02",31.96
"2015-02-03",32.9
"2015-02-04",32.4
"2015-02-05",32.89
"2015-02-06",33.56
"2015-02-09",33.43
"2015-02-10",33.56
"2015-02-11",34.02
"2015-02-12",34.25
"2015-02-13",34.76
"2015-02-17",34.52
"2015-02-18",33.89
"2015-02-19",34.02
"2015-02-20",33.99
"2015-02-23",33.56
"2015-02-24",34.08
"2015-02-25",33.88
"2015-02-26",33.61
"2015-02-27",33.56
"2015-03-02",33.86
"2015-03-03",33.69
"2015-03-04",33.47
"2015-03-05",33.55
"2015-03-06",33.96
"2015-03-09",33.67
"2015-03-10",32.77
"2015-03-11",32.95
"2015-03-12",33.48
"2015-03-13",33.27
"2015-03-16",33.92
"2015-03-17",33.81
"2015-03-18",33.77
"2015-03-19",33.43
"2015-03-20",34.02
"2015-03-23",33.92
"2015-03-24",33.37
"2015-03-25",33.27
"2015-03-26",33.35
"2015-03-27",33.19
"2015-03-30",33.64
"2015-03-31",33.73
"2015-04-01",33.38
"2015-04-02",33.67
"2015-04-06",33.54
"2015-04-07",33.2
"2015-04-08",33.29
"2015-04-09",33.78
"2015-04-10",33.88
"2015-04-13",33.94
"2015-04-14",33.75
"2015-04-15",34.16
"2015-04-16",34.03
"2015-04-17",33.49
"2015-04-20",33.53
"2015-04-21",33.29
"2015-04-22",33.68
"2015-04-23",33.7
"2015-04-24",33.68
"2015-04-27",33.42
"2015-04-28",33.79
"2015-04-29",34.06
"2015-04-30",34.16
"2015-05-01",34.35
"2015-05-04",34.78
"2015-05-05",34.69
"2015-05-06",34.6
"2015-05-07",34.63
"2015-05-08",34.65
"2015-05-11",34.85
"2015-05-12",34.56
"2015-05-13",34.74
"2015-05-14",34.87
"2015-05-15",34.51
"2015-05-18",35.
"2015-05-19",34.99
"2015-05-20",34.96
"2015-05-21",34.95
"2015-05-22",34.94
"2015-05-26",34.55
"2015-05-27",35.22
"2015-05-28",35.24
"2015-05-29",34.96
"2015-06-01",34.97
"2015-06-02",35.56
"2015-06-03",36.01
"2015-06-04",35.72
"2015-06-05",36.09
"2015-06-08",35.92
"2015-06-09",36.07
"2015-06-10",36.79
"2015-06-11",36.91
"2015-06-12",36.92
"2015-06-15",36.64
"2015-06-16",36.85
"2015-06-17",36.57
"2015-06-18",36.75
"2015-06-19",36.54
"2015-06-22",36.9
"2015-06-23",37.15
"2015-06-24",36.77
"2015-06-25",36.39
"2015-06-26",36.77
"2015-06-29",35.63
"2015-06-30",35.75
"2015-07-01",36.09
"2015-07-02",36.02
"2015-07-06",35.82
"2015-07-07",35.94
"2015-07-08",34.91
"2015-07-09",35.38
"2015-07-10",35.86
"2015-07-13",36.22
"2015-07-14",36.2
"2015-07-15",36.35
"2015-07-16",36.62
"2015-07-17",36.37
"2015-07-20",36.28
"2015-07-21",36.31
"2015-07-22",36.31
"2015-07-23",36.2
"2015-07-24",37.61
"2015-07-27",36.95
"2015-07-28",36.85
"2015-07-29",37.46
"2015-07-30",36.1
"2015-07-31",35.84
"2015-08-03",35.66
"2015-08-04",35.59
"2015-08-05",35.52
"2015-08-06",35.3
"2015-08-07",35.09
"2015-08-10",36.26
"2015-08-11",35.71
"2015-08-12",35.65
"2015-08-13",36.01
"2015-08-14",36.15
"2015-08-17",36.18
"2015-08-18",36.22
"2015-08-19",35.55
"2015-08-20",34.67
"2015-08-21",33.49
"2015-08-24",31.85
"2015-08-25",31.82
"2015-08-26",32.85
"2015-08-27",33.81
"2015-08-28",33.58
"2015-08-31",33.54
"2015-09-01",32.32
"2015-09-02",32.72
"2015-09-03",32.91
"2015-09-04",32.25
"2015-09-08",33.16
"2015-09-09",32.68
"2015-09-10",32.78
"2015-09-11",32.79
"2015-09-14",32.46
"2015-09-15",32.99
"2015-09-16",32.97
"2015-09-17",32.19
"2015-09-18",31.63
"2015-09-21",31.86
"2015-09-22",31.41
"2015-09-23",31.43
"2015-09-24",31.42
"2015-09-25",32.01
"2015-09-28",31.28
"2015-09-29",31.53
"2015-09-30",32.08
"2015-10-01",32.41
"2015-10-02",31.95
"2015-10-05",32.73
"2015-10-06",32.59
"2015-10-07",33.02
"2015-10-08",33.13
"2015-10-09",32.97
"2015-10-12",33.11
"2015-10-13",32.77
"2015-10-14",32.42
"2015-10-15",32.97
"2015-10-16",33.06
"2015-10-19",32.78
"2015-10-20",33.21
"2015-10-21",32.88
"2015-10-22",33.24
"2015-10-23",33.54
"2015-10-26",33.34
"2015-10-27",32.96
"2015-10-28",34.13
"2015-10-29",34.61
"2015-10-30",34.65
"2015-11-02",35.26
"2015-11-03",34.9
"2015-11-04",34.58
"2015-11-05",34.49
"2015-11-06",36.09
"2015-11-09",35.95
"2015-11-10",36.7
"2015-11-11",36.59
"2015-11-12",35.95
"2015-11-13",35.84
"2015-11-16",36.59
"2015-11-17",36.49
"2015-11-18",36.76
"2015-11-19",36.67
"2015-11-20",37.12
"2015-11-23",36.78
"2015-11-24",36.69
"2015-11-25",36.66
"2015-11-27",36.89
"2015-11-30",36.68
"2015-12-01",37.13
"2015-12-02",36.76
"2015-12-03",36.15
"2015-12-04",36.81
"2015-12-07",36.31
"2015-12-08",35.76
"2015-12-09",35.14
"2015-12-10",35.12
"2015-12-11",33.95
"2015-12-14",33.3
"2015-12-15",33.89
"2015-12-16",33.82
"2015-12-17",33.07
"2015-12-18",32.1
"2015-12-21",32.28
"2015-12-22",32.67
"2015-12-23",33.4
"2015-12-24",33.43
"2015-12-28",33.42
"2015-12-29",33.71
"2015-12-30",33.52
"2015-12-31",33.29
"2016-01-04",32.75
"2016-01-05",32.58
"2016-01-06",31.69
"2016-01-07",30.81
"2016-01-08",30.42
"2016-01-11",30.24
"2016-01-12",30.19
"2016-01-13",29.27
"2016-01-14",29.48
"2016-01-15",28.42
"2016-01-19",28.17
"2016-01-20",27.4
"2016-01-21",27.73
"2016-01-22",28.02
"2016-01-25",27.37
"2016-01-26",27.81
"2016-01-27",27.75
"2016-01-28",28.31
"2016-01-29",28.64
"2016-02-01",28.49
"2016-02-02",27.44
"2016-02-03",26.86
"2016-02-04",27.63
"2016-02-05",27.68
"2016-02-08",26.24
"2016-02-09",26.17
"2016-02-10",25.83
"2016-02-11",24.07
"2016-02-12",25.14
"2016-02-16",26.58
"2016-02-17",27.51
"2016-02-18",27.38
"2016-02-19",27.52
"2016-02-22",28.03
"2016-02-23",27.85
"2016-02-24",27.77
"2016-02-25",28.33
"2016-02-26",28.92
"2016-02-29",28.53
"2016-03-01",30.14
"2016-03-02",30.45
"2016-03-03",30.92
"2016-03-04",31.1
"2016-03-07",31.46
"2016-03-08",30.46
"2016-03-09",30.58
"2016-03-10",30.58
"2016-03-11",31.68
"2016-03-14",31.95
"2016-03-15",31.53
"2016-03-16",31.92
"2016-03-17",32.14
"2016-03-18",32.38
"2016-03-21",32.32
"2016-03-22",32.08
"2016-03-23",31.59
"2016-03-24",30.8
"2016-03-28",31.23
"2016-03-29",31.03
"2016-03-30",31.29
"2016-03-31",30.92
"2016-04-01",31.36
"2016-04-04",31.12
"2016-04-05",30.67
"2016-04-06",30.9
"2016-04-07",30.19
"2016-04-08",30.6
"2016-04-11",30.97
"2016-04-12",31.62
"2016-04-13",32.38
"2016-04-14",32.43
"2016-04-15",32.31
"2016-04-18",32.7
"2016-04-19",33.12
"2016-04-20",33.73
"2016-04-21",33.6
"2016-04-22",33.92
"2016-04-25",33.61
"2016-04-26",34.02
"2016-04-27",34.15
"2016-04-28",34.35
"2016-04-29",34.21
"2016-05-02",34.23
"2016-05-03",33.62
"2016-05-04",33.33
"2016-05-05",33.46
"2016-05-06",33.66
"2016-05-09",33.49
"2016-05-10",34.
"2016-05-11",33.81
"2016-05-12",33.85
"2016-05-13",33.62
"2016-05-16",34.02
"2016-05-17",34.3
"2016-05-18",35.28
"2016-05-19",35.1
"2016-05-20",35.46
"2016-05-23",35.36
"2016-05-24",36.14
"2016-05-25",36.52
"2016-05-26",36.36
"2016-05-27",36.86
"2016-05-31",36.92
"2016-06-01",36.75
"2016-06-02",36.85
"2016-06-03",35.69
"2016-06-06",36.33
"2016-06-07",36.47
"2016-06-08",36.53
"2016-06-09",35.69
"2016-06-10",34.74
"2016-06-13",34.32
"2016-06-14",33.9
"2016-06-15",33.81
"2016-06-16",33.75
"2016-06-17",33.73
"2016-06-20",34.16
"2016-06-21",34.4
"2016-06-22",34.5
"2016-06-23",35.52
"2016-06-24",32.06
"2016-06-27",29.99
"2016-06-28",30.68
"2016-06-29",31.16
"2016-06-30",31.79
"2016-07-01",31.67
"2016-07-05",30.44
"2016-07-06",30.63
"2016-07-07",30.48
"2016-07-08",31.2
"2016-07-11",31.3
"2016-07-12",32.02
"2016-07-13",31.89
"2016-07-14",32.75
"2016-07-15",32.4
"2016-07-18",32.44
"2016-07-19",32.16
"2016-07-20",32.3
"2016-07-21",32.2
"2016-07-22",32.41
"2016-07-25",32.34
"2016-07-26",32.68
"2016-07-27",32.31
"2016-07-28",33.57
"2016-07-29",33.41
"2016-08-01",33.01
"2016-08-02",32.86
"2016-08-03",33.57
"2016-08-04",32.95
"2016-08-05",34.18
"2016-08-08",34.35
"2016-08-09",34.34
"2016-08-10",33.73
"2016-08-11",33.81
"2016-08-12",33.48
"2016-08-15",34.14
"2016-08-16",34.14
"2016-08-17",34.11
"2016-08-18",34.02
"2016-08-19",34.49
"2016-08-22",34.38
"2016-08-23",34.44
"2016-08-24",34.16
"2016-08-25",34.6
"2016-08-26",34.74
"2016-08-29",35.11
"2016-08-30",35.64
"2016-08-31",35.61
"2016-09-01",35.27
"2016-09-02",35.42
"2016-09-06",35.1
"2016-09-07",35.01
"2016-09-08",35.1
"2016-09-09",35.25
"2016-09-12",35.47
"2016-09-13",35.26
"2016-09-14",35.14
"2016-09-15",35.7
"2016-09-16",35.
"2016-09-19",35.3
"2016-09-20",35.25
"2016-09-21",35.54
"2016-09-22",35.51
"2016-09-23",35.01
"2016-09-26",34.44
"2016-09-27",34.85
"2016-09-28",35.22
"2016-09-29",34.69
"2016-09-30",35.31
"2016-10-03",35.1
"2016-10-04",35.65
"2016-10-05",36.41
"2016-10-06",36.58
"2016-10-07",36.33
"2016-10-10",36.55
"2016-10-11",36.64
"2016-10-12",36.87
"2016-10-13",36.05
"2016-10-14",36.37
"2016-10-17",36.46
"2016-10-18",36.55
"2016-10-19",36.61
"2016-10-20",36.45
"2016-10-21",35.97
"2016-10-24",35.81
"2016-10-25",35.28
"2016-10-26",35.32
"2016-10-27",36.19
"2016-10-28",35.18
"2016-10-31",35.4
"2016-11-01",35.38
"2016-11-02",35.64
"2016-11-03",36.34
"2016-11-04",35.79
"2016-11-07",36.52
"2016-11-08",36.54
"2016-11-09",39.35
"2016-11-10",40.
"2016-11-11",40.39
"2016-11-14",41.43
"2016-11-15",42.25
"2016-11-16",41.47
"2016-11-17",42.54
"2016-11-18",42.55
"2016-11-21",42.56
"2016-11-22",42.6
"2016-11-23",43.04
"2016-11-25",42.89
"2016-11-28",42.11
"2016-11-29",42.02
"2016-11-30",42.27
"2016-12-01",43.07
"2016-12-02",42.72
"2016-12-05",42.87
"2016-12-06",42.85
"2016-12-07",43.44
"2016-12-08",44.09
"2016-12-09",43.56
"2016-12-12",43.3
"2016-12-13",43.59
"2016-12-14",43.59
"2016-12-15",44.49
"2016-12-16",43.55
"2016-12-19",43.74
"2016-12-20",44.48
"2016-12-21",44.6
"2016-12-22",44.53
"2016-12-23",44.47
"2016-12-27",44.55
"2016-12-28",43.96
"2016-12-29",43.81
"2016-12-30",43.93
"2017-01-03",44.28
"2017-01-04",44.92
"2017-01-05",44.46
"2017-01-06",44.88
"2017-01-09",44.39
"2017-01-10",44.6
"2017-01-11",44.83
"2017-01-12",44.59
"2017-01-13",44.79
"2017-01-17",43.91
"2017-01-18",44.49
"2017-01-19",44.43
"2017-01-20",45.02
"2017-01-23",44.83
"2017-01-24",45.24
"2017-01-25",46.01
"2017-01-26",46.19
"2017-01-27",45.95
"2017-01-30",45.63
"2017-01-31",45.43
"2017-02-01",45.77
"2017-02-02",45.89
"2017-02-03",46.86
"2017-02-06",46.98
"2017-02-07",47.04
"2017-02-08",46.82
"2017-02-09",47.42
"2017-02-10",47.39
"2017-02-13",48.21
"2017-02-14",48.5
"2017-02-15",49.14
"2017-02-16",49.1
"2017-02-17",48.51
"2017-02-21",48.56
"2017-02-22",48.31
"2017-02-23",48.65
"2017-02-24",48.48
"2017-02-27",48.8
"2017-02-28",48.83
"2017-03-01",49.86
"2017-03-02",48.63
"2017-03-03",49.05
"2017-03-06",48.87
"2017-03-07",48.71
"2017-03-08",48.77
"2017-03-09",48.82
"2017-03-10",48.81
"2017-03-13",48.53
"2017-03-14",48.41
"2017-03-15",48.17
"2017-03-16",48.32
"2017-03-17",47.77
"2017-03-20",47.79
"2017-03-21",45.94
"2017-03-22",45.82
"2017-03-23",46.07
"2017-03-24",45.79
"2017-03-27",45.43
"2017-03-28",46.14
"2017-03-29",46.06
"2017-03-30",46.82
"2017-03-31",46.89
"2017-04-03",46.6
"2017-04-04",46.48
"2017-04-05",46.06
"2017-04-06",46.52
"2017-04-07",46.36
"2017-04-10",46.27
"2017-04-11",46.15
"2017-04-12",45.21
"2017-04-13",44.66
"2017-04-17",45.52
"2017-04-18",44.96
"2017-04-19",45.04
"2017-04-20",45.76
"2017-04-21",45.52
"2017-04-24",46.77
"2017-04-25",47.14
"2017-04-26",46.93
"2017-04-27",46.85
"2017-04-28",46.33
"2017-05-01",46.61
"2017-05-02",46.43
"2017-05-03",46.52
"2017-05-04",46.67
"2017-05-05",46.58
"2017-05-08",46.76
"2017-05-09",46.39
"2017-05-10",46.38
"2017-05-11",46.2
"2017-05-12",45.78
"2017-05-15",46.31
"2017-05-16",46.57
"2017-05-17",44.91
"2017-05-18",45.26
"2017-05-19",45.49
"2017-05-22",45.34
"2017-05-23",45.7
"2017-05-24",45.39
"2017-05-25",45.4
"2017-05-26",45.05
"2017-05-30",45.01
"2017-05-31",44.98
"2017-06-01",45.6
"2017-06-02",45.22
"2017-06-05",44.79
"2017-06-06",43.8
"2017-06-07",44.08
"2017-06-08",45.1
"2017-06-09",46.49
"2017-06-12",46.81
"2017-06-13",47.16
"2017-06-14",47.1
"2017-06-15",47.25
"2017-06-16",47.5
"2017-06-19",47.9
"2017-06-20",47.02
"2017-06-21",45.83
"2017-06-22",45.35
"2017-06-23",45.11
"2017-06-26",45.37
"2017-06-27",45.57
"2017-06-28",46.44
"2017-06-29",46.57
"2017-06-30",46.63
"2017-07-03",47.23
"2017-07-05",47.11
"2017-07-06",47.32
"2017-07-07",47.54
"2017-07-10",47.64
"2017-07-11",47.46
"2017-07-12",47.41
"2017-07-13",48.15
"2017-07-14",47.66
"2017-07-17",47.8
"2017-07-18",47.66
"2017-07-19",48.14
"2017-07-20",47.74
"2017-07-21",47.8
"2017-07-24",48.16
"2017-07-25",48.66
"2017-07-26",48.23
"2017-07-27",48.44
"2017-07-28",49.8
"2017-07-31",50.13
"2017-08-01",50.32
"2017-08-02",50.23
"2017-08-03",50.18
"2017-08-04",50.8
"2017-08-07",50.6
"2017-08-08",50.75
"2017-08-09",50.76
"2017-08-10",49.94
"2017-08-11",49.7
"2017-08-14",49.86
"2017-08-15",50.06
"2017-08-16",49.5
"2017-08-17",48.16
"2017-08-18",47.93
"2017-08-21",47.33
"2017-08-22",47.84
"2017-08-23",47.94
"2017-08-24",48.38
"2017-08-25",48.55
"2017-08-28",48.27
"2017-08-29",47.93
"2017-08-30",48.15
"2017-08-31",48.18
"2017-09-01",48.6
"2017-09-05",47.58
"2017-09-06",47.77
"2017-09-07",46.43
"2017-09-08",47.11
"2017-09-11",48.04
"2017-09-12",48.53
"2017-09-13",48.47
"2017-09-14",48.06
"2017-09-15",48.43
"2017-09-18",48.97
"2017-09-19",49.26
"2017-09-20",49.68
"2017-09-21",50.03
"2017-09-22",50.12
"2017-09-25",50.39
"2017-09-26",50.52
"2017-09-27",51.33
"2017-09-28",51.09
"2017-09-29",51.13
"2017-10-02",51.61
"2017-10-03",51.53
"2017-10-04",51.64
"2017-10-05",52.3
"2017-10-06",52.54
"2017-10-09",52.29
"2017-10-10",52.43
"2017-10-11",52.23
"2017-10-12",52.01
"2017-10-13",51.97
"2017-10-16",52.42
"2017-10-17",52.
"2017-10-18",52.19
"2017-10-19",52.28
"2017-10-20",52.29
"2017-10-23",52.36
"2017-10-24",52.82
"2017-10-25",52.21
"2017-10-26",52.93
"2017-10-27",52.45
"2017-10-30",52.4
"2017-10-31",52.04
"2017-11-01",52.
"2017-11-02",52.91
"2017-11-03",52.46
"2017-11-06",53.07
"2017-11-07",52.7
"2017-11-08",52.64
"2017-11-09",52.53
"2017-11-10",52.42
"2017-11-13",52.82
"2017-11-14",52.81
"2017-11-15",52.89
"2017-11-16",53.25
"2017-11-17",53.46
"2017-11-20",53.88
"2017-11-21",53.87
"2017-11-22",53.9
"2017-11-24",54.09
"2017-11-27",53.94
"2017-11-28",55.23
"2017-11-29",56.42
"2017-11-30",56.62
"2017-12-01",56.48
"2017-12-04",57.02
"2017-12-05",56.52
"2017-12-06",56.34
"2017-12-07",56.79
"2017-12-08",57.49
"2017-12-11",56.65
"2017-12-12",56.4
"2017-12-13",54.94
"2017-12-14",54.26
"2017-12-15",54.03
"2017-12-18",53.95
"2017-12-19",54.21
"2017-12-20",54.8
"2017-12-21",54.83
"2017-12-22",54.79
"2017-12-26",54.75
"2017-12-27",54.75
"2017-12-28",55.14
"2017-12-29",54.89
"2018-01-02",54.86
"2018-01-03",55.26
"2018-01-04",55.75
"2018-01-05",55.99
"2018-01-08",56.47
"2018-01-09",56.96
"2018-01-10",57.52
"2018-01-11",58.22
"2018-01-12",58.59
"2018-01-16",55.54
"2018-01-17",56.35
"2018-01-18",56.14
"2018-01-19",55.99
"2018-01-22",56.1
"2018-01-23",56.2
"2018-01-24",55.96
"2018-01-25",55.03
"2018-01-26",55.74
"2018-01-29",55.26
"2018-01-30",53.67
"2018-01-31",53.19
"2018-02-01",53.28
"2018-02-02",52.71
"2018-02-05",50.43
"2018-02-06",50.64
"2018-02-07",50.58
"2018-02-08",47.87
"2018-02-09",49.21
"2018-02-12",50.48
"2018-02-13",50.82
"2018-02-14",52.45
"2018-02-15",52.15
"2018-02-16",52.45
"2018-02-20",52.34
"2018-02-21",51.98
"2018-02-22",51.26
"2018-02-23",51.73
"2018-02-26",52.41
"2018-02-27",51.94
"2018-02-28",50.96
"2018-03-01",49.31
"2018-03-02",49.15
"2018-03-05",49.96
"2018-03-06",49.96
"2018-03-07",49.94
"2018-03-08",49.63
"2018-03-09",51.19
"2018-03-12",50.69
"2018-03-13",50.32
"2018-03-14",49.51
"2018-03-15",49.81
"2018-03-16",50.28
"2018-03-19",49.87
"2018-03-20",50.27
"2018-03-21",50.63
"2018-03-22",48.62
"2018-03-23",46.98
"2018-03-26",48.24
"2018-03-27",47.47
"2018-03-28",47.29
"2018-03-29",47.61
"2018-04-02",46.68
"2018-04-03",47.17
"2018-04-04",47.68
"2018-04-05",47.95
"2018-04-06",46.59
"2018-04-09",46.45
"2018-04-10",47.63
"2018-04-11",46.81
"2018-04-12",47.99
"2018-04-13",47.51
"2018-04-16",47.95
"2018-04-17",47.56
"2018-04-18",48.03
"2018-04-19",48.73
"2018-04-20",48.88
"2018-04-23",48.79
"2018-04-24",48.24
"2018-04-25",48.46
"2018-04-26",48.4
"2018-04-27",48.92
"2018-04-30",48.38
"2018-05-01",47.9
"2018-05-02",39.78
"2018-05-03",39.05
"2018-05-04",39.86
"2018-05-07",39.61
"2018-05-08",38.25
"2018-05-09",37.76
"2018-05-10",38.01
"2018-05-11",37.95
"2018-05-14",37.88
"2018-05-15",38.11
"2018-05-16",38.47
"2018-05-17",38.86
"2018-05-18",38.63
"2018-05-21",38.79
"2018-05-22",39.07
"2018-05-23",38.51
"2018-05-24",38.54
"2018-05-25",38.69
"2018-05-29",37.19
"2018-05-30",38.15
"2018-05-31",38.81
"2018-06-01",39.12
"2018-06-04",38.91
"2018-06-05",38.63
"2018-06-06",38.97
"2018-06-07",39.25
"2018-06-08",39.35
"2018-06-11",39.37
"2018-06-12",39.13
"2018-06-13",38.92
"2018-06-14",38.83
"2018-06-15",39.14
"2018-06-18",38.61
"2018-06-19",38.53
"2018-06-20",38.03
"2018-06-21",37.88
"2018-06-22",37.99
"2018-06-25",38.11
"2018-06-26",37.88
"2018-06-27",36.64
"2018-06-28",36.94
"2018-06-29",36.99
"2018-07-02",37.59
"2018-07-03",37.55
"2018-07-05",37.77
"2018-07-06",38.12
"2018-07-09",39.42
"2018-07-10",38.82
"2018-07-11",37.5
"2018-07-12",37.7
"2018-07-13",37.66
"2018-07-16",38.14
"2018-07-17",38.17
"2018-07-18",38.24
"2018-07-19",37.49
"2018-07-20",37.53
"2018-07-23",38.2
"2018-07-24",38.4
"2018-07-25",37.97
"2018-07-26",38.76
"2018-07-27",38.8
"2018-07-30",39.33
"2018-07-31",39.73
"2018-08-01",38.9
"2018-08-02",35.88
"2018-08-03",36.44
"2018-08-06",36.04
"2018-08-07",36.25
"2018-08-08",36.28
"2018-08-09",36.02
"2018-08-10",35.18
"2018-08-13",35.01
"2018-08-14",35.34
"2018-08-15",35.18
"2018-08-16",36.01
"2018-08-17",36.
"2018-08-20",35.96
"2018-08-21",36.29
"2018-08-22",35.88
"2018-08-23",35.14
"2018-08-24",35.56
"2018-08-27",36.21
"2018-08-28",35.99
"2018-08-29",36.33
"2018-08-30",36.76
"2018-08-31",36.88
"2018-09-04",37.06
"2018-09-05",37.41
"2018-09-06",36.66
"2018-09-07",36.55
"2018-09-10",35.94
"2018-09-11",35.87
"2018-09-12",35.16
"2018-09-13",36.05
"2018-09-14",36.9
"2018-09-17",36.43
"2018-09-18",38.49
"2018-09-19",39.15
"2018-09-20",39.48
"2018-09-21",40.51
"2018-09-24",39.83
"2018-09-25",39.48
"2018-09-26",38.85
"2018-09-27",39.14
"2018-09-28",39.07
"2018-10-01",39.23
"2018-10-02",39.4
"2018-10-03",39.52
"2018-10-04",39.76
"2018-10-05",39.42
"2018-10-08",40.23
"2018-10-09",39.81
"2018-10-10",39.
"2018-10-11",36.91
"2018-10-12",37.32
"2018-10-15",37.03
"2018-10-16",37.65
"2018-10-17",37.99
"2018-10-18",37.19
"2018-10-19",37.65
"2018-10-22",37.08
"2018-10-23",36.23
"2018-10-24",34.
"2018-10-25",34.88
"2018-10-26",34.51
"2018-10-29",34.85
"2018-10-30",36.25
"2018-10-31",36.26
"2018-11-01",36.95
"2018-11-02",37.17
"2018-11-05",37.39
"2018-11-06",37.27
"2018-11-07",38.05
"2018-11-08",38.15
"2018-11-09",37.71
"2018-11-12",37.02
"2018-11-13",38.01
