"2003-01-31",10.28
"2003-02-03",10.17
"2003-02-04",10.1
"2003-02-05",9.74
"2003-02-06",9.88
"2003-02-07",10.02
"2003-02-10",9.69
"2003-02-11",9.63
"2003-02-12",9.41
"2003-02-13",9.29
"2003-02-14",9.47
"2003-02-18",9.55
"2003-02-19",7.27
"2003-02-20",7.4
"2003-02-21",8.
"2003-02-24",7.6
"2003-02-25",7.52
"2003-02-26",7.6
"2003-02-27",7.7
"2003-02-28",7.81
"2003-03-03",7.72
"2003-03-04",7.59
"2003-03-05",7.65
"2003-03-06",7.49
"2003-03-07",7.47
"2003-03-10",7.23
"2003-03-11",7.06
"2003-03-12",7.06
"2003-03-13",7.4
"2003-03-14",7.34
"2003-03-17",7.47
"2003-03-18",7.66
"2003-03-19",7.6
"2003-03-20",7.74
"2003-03-21",7.85
"2003-03-24",7.75
"2003-03-25",7.79
"2003-03-26",7.95
"2003-03-27",7.95
"2003-03-28",7.98
"2003-03-31",7.68
"2003-04-01",7.61
"2003-04-02",7.81
"2003-04-03",7.71
"2003-04-04",8.
"2003-04-07",8.18
"2003-04-08",8.19
"2003-04-09",8.29
"2003-04-10",8.23
"2003-04-11",8.02
"2003-04-14",8.43
"2003-04-15",8.14
"2003-04-16",7.81
"2003-04-17",7.99
"2003-04-21",8.
"2003-04-22",7.98
"2003-04-23",8.05
"2003-04-24",8.
"2003-04-25",7.9
"2003-04-28",8.
"2003-04-29",8.14
"2003-04-30",8.4
"2003-05-01",8.3
"2003-05-02",8.57
"2003-05-05",8.58
"2003-05-06",8.52
"2003-05-07",8.59
"2003-05-08",8.52
"2003-05-09",8.72
"2003-05-12",9.
"2003-05-13",8.85
"2003-05-14",9.05
"2003-05-15",9.14
"2003-05-16",8.88
"2003-05-19",8.67
"2003-05-20",8.61
"2003-05-21",8.63
"2003-05-22",9.
"2003-05-23",9.
"2003-05-27",9.
"2003-05-28",8.9
"2003-05-29",9.02
"2003-05-30",8.98
"2003-06-02",9.34
"2003-06-03",9.35
"2003-06-04",9.76
"2003-06-05",10.
"2003-06-06",9.87
"2003-06-09",9.86
"2003-06-10",9.97
"2003-06-11",9.99
"2003-06-12",9.92
"2003-06-13",9.96
"2003-06-16",10.45
"2003-06-17",10.4
"2003-06-18",10.
"2003-06-19",10.
"2003-06-20",9.98
"2003-06-23",9.81
"2003-06-24",9.81
"2003-06-25",9.76
"2003-06-26",9.66
"2003-06-27",9.77
"2003-06-30",9.58
"2003-07-01",9.3
"2003-07-02",9.26
"2003-07-03",9.2
"2003-07-07",9.66
"2003-07-08",9.75
"2003-07-09",9.71
"2003-07-10",9.72
"2003-07-11",9.77
"2003-07-14",9.75
"2003-07-15",9.8
"2003-07-16",9.76
"2003-07-17",9.49
"2003-07-18",9.53
"2003-07-21",9.3
"2003-07-22",9.4
"2003-07-23",9.36
"2003-07-24",9.31
"2003-07-25",9.35
"2003-07-28",9.24
"2003-07-29",9.1
"2003-07-30",9.22
"2003-07-31",9.38
"2003-08-01",8.92
"2003-08-04",8.81
"2003-08-05",8.64
"2003-08-06",8.63
"2003-08-07",8.65
"2003-08-08",8.55
"2003-08-11",8.43
"2003-08-12",8.93
"2003-08-13",8.86
"2003-08-14",8.9
"2003-08-15",8.79
"2003-08-18",8.74
"2003-08-19",8.8
"2003-08-20",9.03
"2003-08-21",9.43
"2003-08-22",9.27
"2003-08-25",9.55
"2003-08-26",9.53
"2003-08-27",9.78
"2003-08-28",9.99
"2003-08-29",10.05
"2003-09-02",10.35
"2003-09-03",10.4
"2003-09-04",10.28
"2003-09-05",10.27
"2003-09-08",10.64
"2003-09-09",10.39
"2003-09-10",10.35
"2003-09-11",10.38
"2003-09-12",10.48
"2003-09-15",10.4
"2003-09-16",10.58
"2003-09-17",10.6
"2003-09-18",11.05
"2003-09-19",11.02
"2003-09-22",10.97
"2003-09-23",11.06
"2003-09-24",10.98
"2003-09-25",10.98
"2003-09-26",10.63
"2003-09-29",10.99
"2003-09-30",10.86
"2003-10-01",11.41
"2003-10-02",11.45
"2003-10-03",11.59
"2003-10-06",11.36
"2003-10-07",11.4
"2003-10-08",11.02
"2003-10-09",11.13
"2003-10-10",11.82
"2003-10-13",13.27
"2003-10-14",12.61
"2003-10-15",12.24
"2003-10-16",12.07
"2003-10-17",12.09
"2003-10-20",12.55
"2003-10-21",12.17
"2003-10-22",11.76
"2003-10-23",11.89
"2003-10-24",12.
"2003-10-27",12.47
"2003-10-28",12.7
"2003-10-29",12.55
"2003-10-30",12.38
"2003-10-31",12.47
"2003-11-03",12.46
"2003-11-04",12.84
"2003-11-05",12.75
"2003-11-06",12.74
"2003-11-07",12.65
"2003-11-10",12.51
"2003-11-11",12.51
"2003-11-12",12.81
"2003-11-13",12.55
"2003-11-14",12.4
"2003-11-17",12.46
"2003-11-18",11.84
"2003-11-19",12.
"2003-11-20",12.
"2003-11-21",12.07
"2003-11-24",12.12
"2003-11-25",12.2
"2003-11-26",12.06
"2003-11-28",12.
"2003-12-01",11.99
"2003-12-02",11.68
"2003-12-03",12.21
"2003-12-04",13.01
"2003-12-05",14.23
"2003-12-08",14.3
"2003-12-09",14.78
"2003-12-10",14.86
"2003-12-11",15.48
"2003-12-12",15.65
"2003-12-15",15.33
"2003-12-16",15.37
"2003-12-17",15.17
"2003-12-18",15.7
"2003-12-19",15.77
"2003-12-22",16.23
"2003-12-23",16.71
"2003-12-24",16.55
"2003-12-26",16.68
"2003-12-29",16.88
"2003-12-30",16.76
"2003-12-31",16.6
"2004-01-02",16.8
"2004-01-05",16.72
"2004-01-06",17.16
"2004-01-07",17.25
"2004-01-08",17.55
"2004-01-09",17.65
"2004-01-12",17.85
"2004-01-13",17.69
"2004-01-14",17.62
"2004-01-15",17.84
"2004-01-16",18.03
"2004-01-20",18.36
"2004-01-21",18.26
"2004-01-22",18.
"2004-01-23",18.24
"2004-01-26",18.15
"2004-01-27",18.
"2004-01-28",17.57
"2004-01-29",17.23
"2004-01-30",16.85
"2004-02-02",16.7
"2004-02-03",16.83
"2004-02-04",16.24
"2004-02-05",16.45
"2004-02-06",16.92
"2004-02-09",16.76
"2004-02-10",17.5
"2004-02-11",17.65
"2004-02-12",17.51
"2004-02-13",17.18
"2004-02-17",17.75
"2004-02-18",17.04
"2004-02-19",16.65
"2004-02-20",16.61
"2004-02-23",16.55
"2004-02-24",16.36
"2004-02-25",18.95
"2004-02-26",19.19
"2004-02-27",19.64
"2004-03-01",19.86
"2004-03-02",19.11
"2004-03-03",19.21
"2004-03-04",19.86
"2004-03-05",20.59
"2004-03-08",20.27
"2004-03-09",20.34
"2004-03-10",19.73
"2004-03-11",19.45
"2004-03-12",20.04
"2004-03-15",19.31
"2004-03-16",19.33
"2004-03-17",19.64
"2004-03-18",19.64
"2004-03-19",19.55
"2004-03-22",19.24
"2004-03-23",19.56
"2004-03-24",19.59
"2004-03-25",20.49
"2004-03-26",20.65
"2004-03-29",21.02
"2004-03-30",21.68
"2004-03-31",21.73
"2004-04-01",21.86
"2004-04-02",22.06
"2004-04-05",22.3
"2004-04-06",21.72
"2004-04-07",21.49
"2004-04-08",21.33
"2004-04-12",21.5
"2004-04-13",20.45
"2004-04-14",20.05
"2004-04-15",20.19
"2004-04-16",20.7
"2004-04-19",20.58
"2004-04-20",19.98
"2004-04-21",20.84
"2004-04-22",21.53
"2004-04-23",21.33
"2004-04-26",21.46
"2004-04-27",20.75
"2004-04-28",20.43
"2004-04-29",19.48
"2004-04-30",18.95
"2004-05-03",18.98
"2004-05-04",19.55
"2004-05-05",19.53
"2004-05-06",19.11
"2004-05-07",18.37
"2004-05-10",17.83
"2004-05-11",18.44
"2004-05-12",18.2
"2004-05-13",18.15
"2004-05-14",17.74
"2004-05-17",17.27
"2004-05-18",17.48
"2004-05-19",17.65
"2004-05-20",18.36
"2004-05-21",18.67
"2004-05-24",19.09
"2004-05-25",19.65
"2004-05-26",23.14
"2004-05-27",24.09
"2004-05-28",24.5
"2004-06-01",24.51
"2004-06-02",24.1
"2004-06-03",23.28
"2004-06-04",23.76
"2004-06-07",24.31
"2004-06-08",24.85
"2004-06-09",24.07
"2004-06-10",23.97
"2004-06-14",23.59
"2004-06-15",24.51
"2004-06-16",24.65
"2004-06-17",24.62
"2004-06-18",24.34
"2004-06-21",24.48
"2004-06-22",24.78
"2004-06-23",25.13
"2004-06-24",25.33
"2004-06-25",25.36
"2004-06-28",25.84
"2004-06-29",26.73
"2004-06-30",26.7
"2004-07-01",25.94
"2004-07-02",26.16
"2004-07-06",25.53
"2004-07-07",25.17
"2004-07-08",24.79
"2004-07-09",25.11
"2004-07-12",24.56
"2004-07-13",24.97
"2004-07-14",25.03
"2004-07-15",24.87
"2004-07-16",24.76
"2004-07-19",24.43
"2004-07-20",24.92
"2004-07-21",24.1
"2004-07-22",22.17
"2004-07-23",22.22
"2004-07-26",21.69
"2004-07-27",22.15
"2004-07-28",21.8
"2004-07-29",22.4
"2004-07-30",22.25
"2004-08-02",23.3
"2004-08-03",22.24
"2004-08-04",21.78
"2004-08-05",20.96
"2004-08-06",20.48
"2004-08-09",20.73
"2004-08-10",21.19
"2004-08-11",21.27
"2004-08-12",20.86
"2004-08-13",20.35
"2004-08-16",20.89
"2004-08-17",20.96
"2004-08-18",22.03
"2004-08-19",21.41
"2004-08-20",22.
"2004-08-23",21.79
"2004-08-24",21.34
"2004-08-25",21.48
"2004-08-26",22.13
"2004-08-27",21.87
"2004-08-30",21.6
"2004-08-31",21.72
"2004-09-01",21.65
"2004-09-02",21.49
"2004-09-03",21.58
"2004-09-07",21.53
"2004-09-08",21.56
"2004-09-09",21.25
"2004-09-10",21.08
"2004-09-13",21.76
"2004-09-14",21.97
"2004-09-15",19.2
"2004-09-16",18.72
"2004-09-17",18.23
"2004-09-20",17.85
"2004-09-21",18.7
"2004-09-22",18.92
"2004-09-23",18.89
"2004-09-24",18.89
"2004-09-27",18.57
"2004-09-28",18.55
"2004-09-29",18.71
"2004-09-30",18.93
"2004-10-01",19.12
"2004-10-04",19.25
"2004-10-05",19.25
"2004-10-06",19.32
"2004-10-07",19.23
"2004-10-08",18.85
"2004-10-11",18.65
"2004-10-12",18.69
"2004-10-13",18.29
"2004-10-14",18.25
"2004-10-15",18.57
"2004-10-18",18.93
"2004-10-19",18.6
"2004-10-20",18.74
"2004-10-21",18.63
"2004-10-22",18.39
"2004-10-25",18.76
"2004-10-26",18.74
"2004-10-27",18.56
"2004-10-28",18.73
"2004-10-29",18.58
"2004-11-01",19.11
"2004-11-02",20.03
"2004-11-03",20.29
"2004-11-04",20.95
"2004-11-05",20.67
"2004-11-08",20.95
"2004-11-09",21.28
"2004-11-10",22.02
"2004-11-11",22.
"2004-11-12",23.08
"2004-11-15",23.01
"2004-11-16",22.48
"2004-11-17",22.41
"2004-11-18",22.28
"2004-11-19",21.66
"2004-11-22",22.17
"2004-11-23",22.45
"2004-11-24",22.61
"2004-11-26",22.64
"2004-11-29",22.44
"2004-11-30",21.6
"2004-12-01",25.25
"2004-12-02",25.67
"2004-12-03",25.98
"2004-12-06",25.68
"2004-12-07",25.22
"2004-12-08",25.57
"2004-12-09",25.44
"2004-12-10",25.27
"2004-12-13",25.79
"2004-12-14",26.88
"2004-12-15",26.64
"2004-12-16",26.37
"2004-12-17",26.15
"2004-12-20",25.63
"2004-12-21",26.25
"2004-12-22",26.22
"2004-12-23",26.21
"2004-12-27",26.02
"2004-12-28",26.74
"2004-12-29",26.35
"2004-12-30",26.31
"2004-12-31",26.32
"2005-01-03",25.06
"2005-01-04",24.14
"2005-01-05",23.62
"2005-01-06",23.57
"2005-01-07",23.05
"2005-01-10",23.16
"2005-01-11",23.45
"2005-01-12",23.45
"2005-01-13",23.48
"2005-01-14",23.46
"2005-01-18",23.89
"2005-01-19",23.75
"2005-01-20",23.7
"2005-01-21",23.19
"2005-01-24",22.52
"2005-01-25",22.37
"2005-01-26",22.4
"2005-01-27",22.89
"2005-01-28",22.61
"2005-01-31",22.98
"2005-02-01",22.85
"2005-02-02",23.32
"2005-02-03",23.28
"2005-02-04",24.06
"2005-02-07",23.98
"2005-02-08",23.74
"2005-02-09",22.74
"2005-02-10",22.78
"2005-02-11",22.9
"2005-02-14",23.04
"2005-02-15",23.08
"2005-02-16",23.12
"2005-02-17",23.01
"2005-02-18",23.11
"2005-02-22",22.39
"2005-02-23",22.73
"2005-02-24",22.4
"2005-02-25",22.79
"2005-02-28",23.3
"2005-03-01",24.62
"2005-03-02",25.75
"2005-03-03",24.79
"2005-03-04",25.02
"2005-03-07",25.07
"2005-03-08",25.43
"2005-03-09",24.78
"2005-03-10",24.71
"2005-03-11",24.17
"2005-03-14",24.75
"2005-03-15",24.33
"2005-03-16",24.19
"2005-03-17",24.35
"2005-03-18",24.15
"2005-03-21",24.05
"2005-03-22",23.96
"2005-03-23",23.77
"2005-03-24",23.81
"2005-03-28",23.71
"2005-03-29",23.2
"2005-03-30",23.1
"2005-03-31",23.56
"2005-04-01",23.21
"2005-04-04",23.35
"2005-04-05",23.64
"2005-04-06",23.85
"2005-04-07",23.85
"2005-04-08",23.82
"2005-04-11",23.71
"2005-04-12",23.59
"2005-04-13",23.09
"2005-04-14",22.95
"2005-04-15",22.37
"2005-04-18",22.35
"2005-04-19",22.64
"2005-04-20",22.25
"2005-04-21",22.73
"2005-04-22",22.1
"2005-04-25",22.34
"2005-04-26",22.02
"2005-04-27",22.02
"2005-04-28",21.39
"2005-04-29",21.68
"2005-05-02",22.26
"2005-05-03",22.04
"2005-05-04",22.94
"2005-05-05",23.04
"2005-05-06",23.3
"2005-05-09",23.22
"2005-05-10",23.44
"2005-05-11",23.73
"2005-05-12",23.22
"2005-05-13",23.57
"2005-05-16",23.65
"2005-05-17",23.89
"2005-05-18",24.55
"2005-05-19",24.68
"2005-05-20",25.41
"2005-05-23",25.28
"2005-05-24",25.18
"2005-05-25",25.24
"2005-05-26",25.35
"2005-05-27",25.53
"2005-05-31",24.79
"2005-06-01",25.29
"2005-06-02",25.79
"2005-06-03",25.54
"2005-06-06",25.9
"2005-06-07",25.84
"2005-06-08",25.39
"2005-06-09",25.4
"2005-06-10",24.96
"2005-06-13",24.73
"2005-06-14",24.55
"2005-06-15",24.58
"2005-06-16",24.69
"2005-06-17",24.75
"2005-06-20",24.75
"2005-06-21",24.63
"2005-06-22",24.63
"2005-06-23",24.31
"2005-06-24",24.02
"2005-06-27",24.01
"2005-06-28",24.4
"2005-06-29",24.04
"2005-06-30",23.82
"2005-07-01",24.03
"2005-07-05",24.52
"2005-07-06",24.33
"2005-07-07",24.16
"2005-07-08",24.77
"2005-07-11",25.16
"2005-07-12",24.94
"2005-07-13",25.13
"2005-07-14",24.88
"2005-07-15",24.83
"2005-07-18",24.63
"2005-07-19",25.03
"2005-07-20",25.41
"2005-07-21",25.23
"2005-07-22",24.94
"2005-07-25",24.66
"2005-07-26",24.69
"2005-07-27",24.59
"2005-07-28",24.78
"2005-07-29",24.46
"2005-08-01",24.45
"2005-08-02",24.79
"2005-08-03",25.21
"2005-08-04",24.85
"2005-08-05",24.15
"2005-08-08",23.99
"2005-08-09",24.12
"2005-08-10",23.94
"2005-08-11",23.77
"2005-08-12",23.73
"2005-08-15",23.93
"2005-08-16",22.58
"2005-08-17",22.56
"2005-08-18",22.48
"2005-08-19",22.44
"2005-08-22",22.44
"2005-08-23",22.45
"2005-08-24",22.54
"2005-08-25",22.65
"2005-08-26",22.6
"2005-08-29",23.16
"2005-08-30",22.98
"2005-08-31",24.69
"2005-09-01",24.14
"2005-09-02",23.88
"2005-09-06",24.26
"2005-09-07",24.1
"2005-09-08",23.84
"2005-09-09",24.28
"2005-09-12",23.96
"2005-09-13",23.92
"2005-09-14",23.42
"2005-09-15",23.18
"2005-09-16",23.42
"2005-09-19",23.17
"2005-09-20",23.23
"2005-09-21",22.66
"2005-09-22",22.71
"2005-09-23",22.55
"2005-09-26",23.07
"2005-09-27",23.2
"2005-09-28",22.95
"2005-09-29",23.73
"2005-09-30",23.87
"2005-10-03",23.98
"2005-10-04",24.03
"2005-10-05",23.84
"2005-10-06",23.36
"2005-10-07",23.7
"2005-10-10",23.27
"2005-10-11",23.38
"2005-10-12",22.98
"2005-10-13",22.99
"2005-10-14",23.27
"2005-10-17",23.24
"2005-10-18",22.74
"2005-10-19",22.98
"2005-10-20",22.62
"2005-10-21",22.61
"2005-10-24",23.18
"2005-10-25",22.99
"2005-10-26",23.01
"2005-10-27",22.73
"2005-10-28",23.08
"2005-10-31",23.36
"2005-11-01",23.05
"2005-11-02",23.42
"2005-11-03",23.57
"2005-11-04",23.61
"2005-11-07",24.
"2005-11-08",23.74
"2005-11-09",24.
"2005-11-10",24.19
"2005-11-11",24.64
"2005-11-14",24.61
"2005-11-15",24.56
"2005-11-16",24.56
"2005-11-17",24.81
"2005-11-18",25.05
"2005-11-21",25.19
"2005-11-22",25.38
"2005-11-23",25.3
"2005-11-25",25.46
"2005-11-28",25.19
"2005-11-29",25.54
"2005-11-30",25.18
"2005-12-01",25.6
"2005-12-02",25.51
"2005-12-05",24.32
"2005-12-06",24.18
"2005-12-07",23.84
"2005-12-08",23.46
"2005-12-09",23.42
"2005-12-12",23.46
"2005-12-13",23.42
"2005-12-14",23.37
"2005-12-15",23.2
"2005-12-16",23.14
"2005-12-19",22.85
"2005-12-20",22.72
"2005-12-21",22.6
"2005-12-22",22.72
"2005-12-23",22.84
"2005-12-27",22.85
"2005-12-28",22.88
"2005-12-29",23.09
"2005-12-30",23.06
"2006-01-03",23.02
"2006-01-04",23.75
"2006-01-05",23.81
"2006-01-06",24.56
"2006-01-09",24.59
"2006-01-10",25.09
"2006-01-11",24.84
"2006-01-12",24.36
"2006-01-13",24.3
"2006-01-17",24.46
"2006-01-18",24.77
"2006-01-19",24.75
"2006-01-20",24.43
"2006-01-23",24.46
"2006-01-24",25.
"2006-01-25",25.01
"2006-01-26",25.05
"2006-01-27",25.02
"2006-01-30",25.
"2006-01-31",25.19
"2006-02-01",25.4
"2006-02-02",25.1
"2006-02-03",24.96
"2006-02-06",24.89
"2006-02-07",24.83
"2006-02-08",25.22
"2006-02-09",25.22
"2006-02-10",25.13
"2006-02-13",25.06
"2006-02-14",25.29
"2006-02-15",25.32
"2006-02-16",25.5
"2006-02-17",25.56
"2006-02-21",25.51
"2006-02-22",25.64
"2006-02-23",26.06
"2006-02-24",27.21
"2006-02-27",26.28
"2006-02-28",25.84
"2006-03-01",26.87
"2006-03-02",26.35
"2006-03-03",26.85
"2006-03-06",26.25
"2006-03-07",25.88
"2006-03-08",26.88
"2006-03-09",26.12
"2006-03-10",26.65
"2006-03-13",26.71
"2006-03-14",26.77
"2006-03-15",26.82
"2006-03-16",26.91
"2006-03-17",26.86
"2006-03-20",27.03
"2006-03-21",27.42
"2006-03-22",27.7
"2006-03-23",27.71
"2006-03-24",27.49
"2006-03-27",27.34
"2006-03-28",27.03
"2006-03-29",27.31
"2006-03-30",27.05
"2006-03-31",27.45
"2006-04-03",27.28
"2006-04-04",27.45
"2006-04-05",27.15
"2006-04-06",26.75
"2006-04-07",26.92
"2006-04-10",26.76
"2006-04-11",26.58
"2006-04-12",26.51
"2006-04-13",26.27
"2006-04-17",26.07
"2006-04-18",26.33
"2006-04-19",26.65
"2006-04-20",26.81
"2006-04-21",26.9
"2006-04-24",26.6
"2006-04-25",26.63
"2006-04-26",26.4
"2006-04-27",26.77
"2006-04-28",26.85
"2006-05-01",26.23
"2006-05-02",26.64
"2006-05-03",26.51
"2006-05-04",26.63
"2006-05-05",26.64
"2006-05-08",27.21
"2006-05-09",27.15
"2006-05-10",26.84
"2006-05-11",25.89
"2006-05-12",25.5
"2006-05-15",25.63
"2006-05-16",25.45
"2006-05-17",25.19
"2006-05-18",25.11
"2006-05-19",25.07
"2006-05-22",25.13
"2006-05-23",25.05
"2006-05-24",24.99
"2006-05-25",25.02
"2006-05-26",25.25
"2006-05-30",26.71
"2006-05-31",27.44
"2006-06-01",25.79
"2006-06-02",25.99
"2006-06-05",25.18
"2006-06-06",25.
"2006-06-07",24.68
"2006-06-08",24.88
"2006-06-09",25.
"2006-06-12",24.09
"2006-06-13",24.11
"2006-06-14",24.28
"2006-06-15",24.82
"2006-06-16",24.62
"2006-06-19",24.23
"2006-06-20",23.73
"2006-06-21",23.91
"2006-06-22",24.03
"2006-06-23",23.95
"2006-06-26",24.14
"2006-06-27",24.08
"2006-06-28",23.87
"2006-06-29",24.53
"2006-06-30",24.56
"2006-07-03",24.61
"2006-07-05",24.41
"2006-07-06",24.35
"2006-07-07",24.67
"2006-07-10",25.15
"2006-07-11",25.59
"2006-07-12",25.64
"2006-07-13",25.6
"2006-07-14",25.53
"2006-07-17",25.81
"2006-07-18",26.2
"2006-07-19",27.36
"2006-07-20",26.96
"2006-07-21",26.59
"2006-07-24",26.94
"2006-07-25",26.97
"2006-07-26",26.67
"2006-07-27",26.5
"2006-07-28",26.74
"2006-07-31",26.64
"2006-08-01",26.6
"2006-08-02",26.8
"2006-08-03",27.01
"2006-08-04",27.04
"2006-08-07",26.99
"2006-08-08",26.74
"2006-08-09",26.68
"2006-08-10",27.04
"2006-08-11",26.91
"2006-08-14",27.07
"2006-08-15",27.8
"2006-08-16",28.07
"2006-08-17",28.08
"2006-08-18",28.11
"2006-08-21",27.49
"2006-08-22",27.46
"2006-08-23",27.3
"2006-08-24",27.41
"2006-08-25",27.48
"2006-08-28",27.5
"2006-08-29",27.58
"2006-08-30",27.86
"2006-08-31",28.07
"2006-09-01",28.03
"2006-09-05",27.94
"2006-09-06",27.63
"2006-09-07",27.48
"2006-09-08",27.41
"2006-09-11",27.7
"2006-09-12",28.87
"2006-09-13",28.89
"2006-09-14",28.56
"2006-09-15",28.72
"2006-09-18",28.5
"2006-09-19",28.77
"2006-09-20",29.13
"2006-09-21",28.79
"2006-09-22",28.66
"2006-09-25",28.47
"2006-09-26",28.25
"2006-09-27",28.41
"2006-09-28",28.31
"2006-09-29",28.19
"2006-10-02",28.93
"2006-10-03",28.88
"2006-10-04",27.54
"2006-10-05",29.97
"2006-10-06",28.89
"2006-10-09",29.
"2006-10-10",29.01
"2006-10-11",28.83
"2006-10-12",28.75
"2006-10-13",28.86
"2006-10-16",28.97
"2006-10-17",28.79
"2006-10-18",28.73
"2006-10-19",28.8
"2006-10-20",28.5
"2006-10-23",28.5
"2006-10-24",28.5
"2006-10-25",28.54
"2006-10-26",28.7
"2006-10-27",28.45
"2006-10-30",28.83
"2006-10-31",28.93
"2006-11-01",28.83
"2006-11-02",28.78
"2006-11-03",28.75
"2006-11-06",28.93
"2006-11-07",29.1
"2006-11-08",29.35
"2006-11-09",29.46
"2006-11-10",29.62
"2006-11-13",29.94
"2006-11-14",29.97
"2006-11-15",30.09
"2006-11-16",30.19
"2006-11-17",30.
"2006-11-20",29.79
"2006-11-21",29.59
"2006-11-22",29.85
"2006-11-24",29.76
"2006-11-27",29.86
"2006-11-28",29.73
"2006-11-29",30.05
"2006-11-30",30.21
"2006-12-01",29.8
"2006-12-04",30.26
"2006-12-05",30.48
"2006-12-06",29.66
"2006-12-07",30.02
"2006-12-08",30.71
"2006-12-11",30.49
"2006-12-12",30.51
"2006-12-13",30.58
"2006-12-14",30.53
"2006-12-15",30.19
"2006-12-18",29.71
"2006-12-19",29.74
"2006-12-20",29.89
"2006-12-21",29.71
"2006-12-22",29.55
"2006-12-26",29.7
"2006-12-27",30.17
"2006-12-28",30.27
"2006-12-29",30.
"2007-01-02",30.
"2007-01-03",30.53
"2007-01-04",31.03
"2007-01-05",30.71
"2007-01-08",30.68
"2007-01-09",30.89
"2007-01-10",30.98
"2007-01-11",30.64
"2007-01-12",30.86
"2007-01-16",30.92
"2007-01-17",30.27
"2007-01-18",29.95
"2007-01-19",30.17
"2007-01-22",29.72
"2007-01-23",29.83
"2007-01-24",29.68
"2007-01-25",29.41
"2007-01-26",29.32
"2007-01-29",29.43
"2007-01-30",29.67
"2007-01-31",29.44
"2007-02-01",29.72
"2007-02-02",29.61
"2007-02-05",29.6
"2007-02-06",29.54
"2007-02-07",29.61
"2007-02-08",29.62
"2007-02-09",29.68
"2007-02-12",29.61
"2007-02-13",30.
"2007-02-14",30.02
"2007-02-15",29.88
"2007-02-16",30.
"2007-02-20",30.
"2007-02-21",30.
"2007-02-22",30.
"2007-02-23",30.
"2007-02-26",29.89
"2007-02-27",29.22
"2007-02-28",29.45
"2007-03-01",29.56
"2007-03-02",29.07
"2007-03-05",28.88
"2007-03-06",29.01
"2007-03-07",27.55
"2007-03-08",28.02
"2007-03-09",27.93
"2007-03-12",27.99
"2007-03-13",27.75
"2007-03-14",27.82
"2007-03-15",27.84
"2007-03-16",27.5
"2007-03-19",27.65
"2007-03-20",27.86
"2007-03-21",28.35
"2007-03-22",28.36
"2007-03-23",28.26
"2007-03-26",28.09
"2007-03-27",27.8
"2007-03-28",27.75
"2007-03-29",27.72
"2007-03-30",28.01
"2007-04-02",27.9
"2007-04-03",27.84
"2007-04-04",27.51
"2007-04-05",27.57
"2007-04-09",27.91
"2007-04-10",28.02
"2007-04-11",27.66
"2007-04-12",27.82
"2007-04-13",27.64
"2007-04-16",28.2
"2007-04-17",28.64
"2007-04-18",28.86
"2007-04-19",29.
"2007-04-20",29.17
"2007-04-23",28.95
"2007-04-24",29.12
"2007-04-25",29.39
"2007-04-26",29.11
"2007-04-27",29.03
"2007-04-30",28.98
"2007-05-01",29.3
"2007-05-02",29.83
"2007-05-03",29.51
"2007-05-04",29.55
"2007-05-07",29.62
"2007-05-08",29.56
"2007-05-09",29.66
"2007-05-10",29.18
"2007-05-11",29.45
"2007-05-14",29.5
"2007-05-15",29.45
"2007-05-16",29.65
"2007-05-17",29.74
"2007-05-18",30.08
"2007-05-21",30.56
"2007-05-22",30.7
"2007-05-23",30.65
"2007-05-24",30.
"2007-05-25",30.07
"2007-05-29",30.22
"2007-05-30",30.35
"2007-05-31",31.19
"2007-06-01",31.37
"2007-06-04",31.22
"2007-06-05",30.68
"2007-06-06",29.65
"2007-06-07",28.76
"2007-06-08",29.08
"2007-06-11",28.91
"2007-06-12",28.64
"2007-06-13",28.59
"2007-06-14",28.8
"2007-06-15",29.07
"2007-06-18",29.28
"2007-06-19",29.22
"2007-06-20",29.32
"2007-06-21",29.71
"2007-06-22",29.44
"2007-06-25",29.68
"2007-06-26",29.63
"2007-06-27",30.48
"2007-06-28",30.39
"2007-06-29",30.59
"2007-07-02",30.77
"2007-07-03",30.64
"2007-07-05",30.5
"2007-07-06",31.04
"2007-07-09",31.17
"2007-07-10",30.61
"2007-07-11",30.87
"2007-07-12",30.84
"2007-07-13",30.73
"2007-07-16",30.55
"2007-07-17",30.33
"2007-07-18",29.93
"2007-07-19",29.89
"2007-07-20",29.52
"2007-07-23",29.52
"2007-07-24",29.01
"2007-07-25",29.16
"2007-07-26",28.76
"2007-07-27",28.46
"2007-07-30",28.42
"2007-07-31",28.14
"2007-08-01",28.23
"2007-08-02",28.62
"2007-08-03",28.59
"2007-08-06",29.26
"2007-08-07",29.49
"2007-08-08",30.05
"2007-08-09",29.26
"2007-08-10",28.6
"2007-08-13",28.98
"2007-08-14",28.41
"2007-08-15",28.69
"2007-08-16",28.93
"2007-08-17",29.85
"2007-08-20",29.35
"2007-08-21",29.25
"2007-08-22",29.51
"2007-08-23",29.05
"2007-08-24",29.03
"2007-08-27",28.81
"2007-08-28",28.54
"2007-08-29",29.09
"2007-08-30",28.95
"2007-08-31",29.34
"2007-09-04",29.37
"2007-09-05",29.36
"2007-09-06",29.24
"2007-09-07",28.74
"2007-09-10",29.
"2007-09-11",29.35
"2007-09-12",29.27
"2007-09-13",29.4
"2007-09-14",29.64
"2007-09-17",29.32
"2007-09-18",29.97
"2007-09-19",29.87
"2007-09-20",29.75
"2007-09-21",29.16
"2007-09-24",29.36
"2007-09-25",29.47
"2007-09-26",29.97
"2007-09-27",33.85
"2007-09-28",34.39
"2007-10-01",34.
"2007-10-02",33.99
"2007-10-03",34.44
"2007-10-04",35.2
"2007-10-05",36.01
"2007-10-08",35.4
"2007-10-09",36.25
"2007-10-10",35.9
"2007-10-11",35.68
"2007-10-12",36.22
"2007-10-15",36.1
"2007-10-16",36.81
"2007-10-17",37.25
"2007-10-18",37.91
"2007-10-19",37.78
"2007-10-22",37.5
"2007-10-23",37.75
"2007-10-24",37.5
"2007-10-25",37.65
"2007-10-26",38.12
"2007-10-29",37.78
"2007-10-30",37.52
"2007-10-31",38.38
"2007-11-01",37.46
"2007-11-02",37.13
"2007-11-05",37.12
"2007-11-06",37.22
"2007-11-07",35.79
"2007-11-08",36.26
"2007-11-09",35.21
"2007-11-12",35.13
"2007-11-13",36.09
"2007-11-14",35.24
"2007-11-15",35.39
"2007-11-16",35.53
"2007-11-19",35.32
"2007-11-20",34.
"2007-11-21",33.67
"2007-11-23",34.51
"2007-11-26",34.33
"2007-11-27",35.01
"2007-11-28",36.5
"2007-11-29",37.25
"2007-11-30",37.36
"2007-12-03",37.09
"2007-12-04",37.02
"2007-12-05",39.85
"2007-12-06",40.44
"2007-12-07",41.07
"2007-12-10",41.25
"2007-12-11",40.75
"2007-12-12",41.21
"2007-12-13",41.56
"2007-12-14",41.91
"2007-12-17",41.71
"2007-12-18",40.99
"2007-12-19",40.95
"2007-12-20",41.71
"2007-12-21",42.19
"2007-12-24",42.49
"2007-12-26",42.76
"2007-12-27",42.82
"2007-12-28",42.62
"2007-12-31",42.55
"2008-01-02",41.32
"2008-01-03",41.85
"2008-01-04",40.64
"2008-01-07",42.27
"2008-01-08",41.37
"2008-01-09",42.09
"2008-01-10",42.51
"2008-01-11",41.4
"2008-01-14",41.29
"2008-01-15",40.09
"2008-01-16",40.24
"2008-01-17",39.31
"2008-01-18",39.41
"2008-01-22",38.47
"2008-01-23",38.97
"2008-01-24",39.1
"2008-01-25",39.56
"2008-01-28",40.91
"2008-01-29",40.56
"2008-01-30",40.34
"2008-01-31",40.88
"2008-02-01",41.
"2008-02-04",40.68
"2008-02-05",39.34
"2008-02-06",38.36
"2008-02-07",39.01
"2008-02-08",38.58
"2008-02-11",38.48
"2008-02-12",39.37
"2008-02-13",40.29
"2008-02-14",39.56
"2008-02-15",38.98
"2008-02-19",38.34
"2008-02-20",39.26
"2008-02-21",38.68
"2008-02-22",38.87
"2008-02-25",39.55
"2008-02-26",39.95
"2008-02-27",41.45
"2008-02-28",42.56
"2008-02-29",41.66
"2008-03-03",42.28
"2008-03-04",41.7
"2008-03-05",41.83
"2008-03-06",39.43
"2008-03-07",35.41
"2008-03-10",37.15
"2008-03-11",37.53
"2008-03-12",37.31
"2008-03-13",38.12
"2008-03-14",38.2
"2008-03-17",38.12
"2008-03-18",38.
"2008-03-19",37.89
"2008-03-20",39.13
"2008-03-24",39.52
"2008-03-25",39.53
"2008-03-26",38.9
"2008-03-27",38.47
"2008-03-28",38.2
"2008-03-31",38.76
"2008-04-01",39.54
"2008-04-02",39.63
"2008-04-03",40.05
"2008-04-04",41.31
"2008-04-07",40.76
"2008-04-08",40.67
"2008-04-09",39.99
"2008-04-10",40.09
"2008-04-11",39.89
"2008-04-14",39.78
"2008-04-15",39.55
"2008-04-16",40.42
"2008-04-17",40.17
"2008-04-18",40.57
"2008-04-21",40.71
"2008-04-22",40.51
"2008-04-23",40.43
"2008-04-24",40.84
"2008-04-25",41.14
"2008-04-28",41.45
"2008-04-29",40.97
"2008-04-30",40.87
"2008-05-01",41.78
"2008-05-02",41.24
"2008-05-05",41.01
"2008-05-06",41.13
"2008-05-07",40.79
"2008-05-08",40.95
"2008-05-09",41.5
"2008-05-12",41.14
"2008-05-13",41.86
"2008-05-14",41.7
"2008-05-15",42.14
"2008-05-16",42.18
"2008-05-19",41.8
"2008-05-20",41.53
"2008-05-21",41.47
"2008-05-22",42.06
"2008-05-23",42.05
"2008-05-27",42.86
"2008-05-28",43.22
"2008-05-29",44.76
"2008-05-30",45.
"2008-06-02",44.12
"2008-06-03",44.38
"2008-06-04",46.02
"2008-06-05",47.8
"2008-06-06",47.01
"2008-06-09",48.07
"2008-06-10",47.2
"2008-06-11",46.55
"2008-06-12",47.23
"2008-06-13",47.
"2008-06-16",47.5
"2008-06-17",48.11
"2008-06-18",46.
"2008-06-19",48.21
"2008-06-20",47.75
"2008-06-23",48.44
"2008-06-24",48.09
"2008-06-25",46.45
"2008-06-26",45.66
"2008-06-27",44.9
"2008-06-30",42.82
"2008-07-01",42.35
"2008-07-02",40.54
"2008-07-03",40.49
"2008-07-07",40.12
"2008-07-08",42.05
"2008-07-09",43.04
"2008-07-10",43.
"2008-07-11",42.94
"2008-07-14",42.73
"2008-07-15",42.
"2008-07-16",42.71
"2008-07-17",44.02
"2008-07-18",43.32
"2008-07-21",43.68
"2008-07-22",44.65
"2008-07-23",44.44
"2008-07-24",43.88
"2008-07-25",43.49
"2008-07-28",43.64
"2008-07-29",44.33
"2008-07-30",44.07
"2008-07-31",43.86
"2008-08-01",43.64
"2008-08-04",43.55
"2008-08-05",44.46
"2008-08-06",44.01
"2008-08-07",43.57
"2008-08-08",44.29
"2008-08-11",44.98
"2008-08-12",44.19
"2008-08-13",44.03
"2008-08-14",44.84
"2008-08-15",44.57
"2008-08-18",44.4
"2008-08-19",43.43
"2008-08-20",43.44
"2008-08-21",43.42
"2008-08-22",44.26
"2008-08-25",43.15
"2008-08-26",43.29
"2008-08-27",43.88
"2008-08-28",44.29
"2008-08-29",44.01
"2008-09-02",44.81
"2008-09-03",44.5
"2008-09-04",43.77
"2008-09-05",43.82
"2008-09-08",44.46
"2008-09-09",44.
"2008-09-10",43.9
"2008-09-11",44.58
"2008-09-12",45.3
"2008-09-15",46.04
"2008-09-16",46.42
"2008-09-17",44.91
"2008-09-18",43.83
"2008-09-19",42.93
"2008-09-22",43.34
"2008-09-23",41.74
"2008-09-24",41.
"2008-09-25",41.
"2008-09-26",39.55
"2008-09-29",37.64
"2008-09-30",38.
"2008-10-01",37.93
"2008-10-02",37.77
"2008-10-03",37.64
"2008-10-06",35.1
"2008-10-07",33.74
"2008-10-08",33.02
"2008-10-09",32.75
"2008-10-10",34.49
"2008-10-13",36.43
"2008-10-14",35.04
"2008-10-15",32.78
"2008-10-16",32.54
"2008-10-17",32.09
"2008-10-20",34.75
"2008-10-21",34.22
"2008-10-22",33.62
"2008-10-23",33.08
"2008-10-24",32.6
"2008-10-27",31.46
"2008-10-28",33.19
"2008-10-29",33.81
"2008-10-30",33.94
"2008-10-31",34.9
"2008-11-03",35.11
"2008-11-04",35.9
"2008-11-05",34.45
"2008-11-06",33.84
"2008-11-07",32.
"2008-11-10",31.56
"2008-11-11",29.36
"2008-11-12",28.76
"2008-11-13",30.3
"2008-11-14",27.93
"2008-11-17",26.15
"2008-11-18",26.38
"2008-11-19",25.
"2008-11-20",24.98
"2008-11-21",26.59
"2008-11-24",26.37
"2008-11-25",26.29
"2008-11-26",26.29
"2008-11-28",26.67
"2008-12-01",23.9
"2008-12-02",23.28
"2008-12-03",23.4
"2008-12-04",26.91
"2008-12-05",25.63
"2008-12-08",25.7
"2008-12-09",24.65
"2008-12-10",25.47
"2008-12-11",26.15
"2008-12-12",25.67
"2008-12-15",25.64
"2008-12-16",26.77
"2008-12-17",27.49
"2008-12-18",26.92
"2008-12-19",26.93
"2008-12-22",26.16
"2008-12-23",26.68
"2008-12-24",26.51
"2008-12-26",26.58
"2008-12-29",26.12
"2008-12-30",26.47
"2008-12-31",27.19
"2009-01-02",28.03
"2009-01-05",27.9
"2009-01-06",28.18
"2009-01-07",27.27
"2009-01-08",27.64
"2009-01-09",27.21
"2009-01-12",26.47
"2009-01-13",26.4
"2009-01-14",26.04
"2009-01-15",26.31
"2009-01-16",26.27
"2009-01-20",24.82
"2009-01-21",25.83
"2009-01-22",25.37
"2009-01-23",24.62
"2009-01-26",24.75
"2009-01-27",24.98
"2009-01-28",25.68
"2009-01-29",25.25
"2009-01-30",24.09
"2009-02-02",24.6
"2009-02-03",24.5
"2009-02-04",24.71
"2009-02-05",25.63
"2009-02-06",26.64
"2009-02-09",26.89
"2009-02-10",26.2
"2009-02-11",26.13
"2009-02-12",26.13
"2009-02-13",26.35
"2009-02-17",25.36
"2009-02-18",26.04
"2009-02-19",27.7
"2009-02-20",27.17
"2009-02-23",26.52
"2009-02-24",27.21
"2009-02-25",26.93
"2009-02-26",26.75
"2009-02-27",27.02
"2009-03-02",25.91
"2009-03-03",25.78
"2009-03-04",25.25
"2009-03-05",26.4
"2009-03-06",26.98
"2009-03-09",26.32
"2009-03-10",27.71
"2009-03-11",28.19
"2009-03-12",29.51
"2009-03-13",29.51
"2009-03-16",28.41
"2009-03-17",28.5
"2009-03-18",29.37
"2009-03-19",30.
"2009-03-20",29.53
"2009-03-23",30.74
"2009-03-24",30.7
"2009-03-25",30.92
"2009-03-26",32.03
"2009-03-27",31.15
"2009-03-30",29.88
"2009-03-31",29.66
"2009-04-01",29.29
"2009-04-02",30.71
"2009-04-03",30.02
"2009-04-06",29.56
"2009-04-07",29.35
"2009-04-08",29.55
"2009-04-09",30.09
"2009-04-13",30.33
"2009-04-14",30.21
"2009-04-15",30.18
"2009-04-16",31.34
"2009-04-17",31.39
"2009-04-20",31.06
"2009-04-21",31.41
"2009-04-22",31.67
"2009-04-23",30.98
"2009-04-24",31.02
"2009-04-27",30.97
"2009-04-28",30.97
"2009-04-29",31.55
"2009-04-30",31.39
"2009-05-01",31.43
"2009-05-04",31.47
"2009-05-05",31.25
"2009-05-06",31.25
"2009-05-07",30.91
"2009-05-08",31.57
"2009-05-11",31.61
"2009-05-12",31.34
"2009-05-13",30.32
"2009-05-14",30.24
"2009-05-15",29.19
"2009-05-18",29.64
"2009-05-19",30.1
"2009-05-20",30.07
"2009-05-21",30.02
"2009-05-22",29.84
"2009-05-26",30.86
"2009-05-27",30.75
"2009-05-28",30.74
"2009-05-29",30.69
"2009-06-01",31.9
"2009-06-02",31.71
"2009-06-03",31.72
"2009-06-04",34.37
"2009-06-05",34.39
"2009-06-08",33.81
"2009-06-09",33.84
"2009-06-10",34.08
"2009-06-11",34.3
"2009-06-12",34.46
"2009-06-15",34.42
"2009-06-16",34.38
"2009-06-17",34.32
"2009-06-18",34.48
"2009-06-19",34.3
"2009-06-22",34.1
"2009-06-23",34.23
"2009-06-24",34.7
"2009-06-25",35.79
"2009-06-26",35.14
"2009-06-29",35.13
"2009-06-30",34.67
"2009-07-01",34.95
"2009-07-02",33.8
"2009-07-06",33.25
"2009-07-07",33.03
"2009-07-08",32.8
"2009-07-09",32.91
"2009-07-10",32.87
"2009-07-13",32.2
"2009-07-14",32.44
"2009-07-15",33.25
"2009-07-16",33.85
"2009-07-17",33.39
"2009-07-20",33.78
"2009-07-21",33.34
"2009-07-22",33.75
"2009-07-23",33.9
"2009-07-24",34.02
"2009-07-27",34.19
"2009-07-28",34.15
"2009-07-29",34.18
"2009-07-30",34.68
"2009-07-31",35.31
"2009-08-03",35.54
"2009-08-04",35.68
"2009-08-05",35.3
"2009-08-06",35.33
"2009-08-07",36.89
"2009-08-10",36.47
"2009-08-11",35.97
"2009-08-12",36.14
"2009-08-13",35.97
"2009-08-14",35.66
"2009-08-17",35.16
"2009-08-18",35.11
"2009-08-19",35.51
"2009-08-20",35.61
"2009-08-21",36.35
"2009-08-24",36.24
"2009-08-25",36.17
"2009-08-26",36.07
"2009-08-27",35.84
"2009-08-28",35.65
"2009-08-31",35.34
"2009-09-01",35.11
"2009-09-02",35.45
"2009-09-03",35.55
"2009-09-04",35.75
"2009-09-08",35.61
"2009-09-09",36.53
"2009-09-10",36.96
"2009-09-11",36.72
"2009-09-14",36.99
"2009-09-15",37.37
"2009-09-16",38.35
"2009-09-17",38.17
"2009-09-18",37.44
"2009-09-21",37.5
"2009-09-22",37.3
"2009-09-23",38.24
"2009-09-24",32.62
"2009-09-25",32.86
"2009-09-28",32.99
"2009-09-29",32.98
"2009-09-30",33.21
"2009-10-01",32.52
"2009-10-02",32.48
"2009-10-05",32.91
"2009-10-06",33.28
"2009-10-07",33.25
"2009-10-08",33.45
"2009-10-09",33.93
"2009-10-12",33.56
"2009-10-13",33.58
"2009-10-14",33.83
"2009-10-15",33.78
"2009-10-16",33.3
"2009-10-19",33.72
"2009-10-20",33.3
"2009-10-21",33.04
"2009-10-22",33.35
"2009-10-23",33.06
"2009-10-26",32.79
"2009-10-27",32.48
"2009-10-28",31.98
"2009-10-29",32.34
"2009-10-30",32.17
"2009-11-02",32.44
"2009-11-03",32.68
"2009-11-04",32.49
"2009-11-05",32.9
"2009-11-06",32.88
"2009-11-09",33.2
"2009-11-10",33.32
"2009-11-11",33.57
"2009-11-12",33.15
"2009-11-13",33.28
"2009-11-16",33.76
"2009-11-17",34.03
"2009-11-18",33.74
"2009-11-19",33.34
"2009-11-20",32.95
"2009-11-23",33.
"2009-11-24",32.69
"2009-11-25",32.67
"2009-11-27",32.2
"2009-11-30",32.42
"2009-12-01",33.01
"2009-12-02",35.91
"2009-12-03",35.24
"2009-12-04",35.94
"2009-12-07",35.92
"2009-12-08",35.48
"2009-12-09",35.13
"2009-12-10",34.81
"2009-12-11",35.64
"2009-12-14",35.9
"2009-12-15",35.93
"2009-12-16",36.13
"2009-12-17",35.18
"2009-12-18",35.36
"2009-12-21",35.45
"2009-12-22",36.22
"2009-12-23",36.43
"2009-12-24",36.59
"2009-12-28",36.77
"2009-12-29",36.82
"2009-12-30",36.83
"2009-12-31",36.62
"2010-01-04",36.41
"2010-01-05",36.4
"2010-01-06",36.25
"2010-01-07",36.04
"2010-01-08",36.15
"2010-01-11",36.01
"2010-01-12",35.75
"2010-01-13",35.47
"2010-01-14",35.74
"2010-01-15",35.17
"2010-01-19",35.54
"2010-01-20",35.29
"2010-01-21",34.81
"2010-01-22",34.29
"2010-01-25",34.7
"2010-01-26",34.63
"2010-01-27",34.66
"2010-01-28",34.15
"2010-01-29",33.76
"2010-02-01",34.02
"2010-02-02",34.4
"2010-02-03",34.18
"2010-02-04",33.17
"2010-02-05",33.21
"2010-02-08",33.1
"2010-02-09",33.21
"2010-02-10",33.06
"2010-02-11",33.39
"2010-02-12",33.7
"2010-02-16",35.26
"2010-02-17",35.44
"2010-02-18",35.93
"2010-02-19",36.1
"2010-02-22",36.2
"2010-02-23",35.51
"2010-02-24",35.77
"2010-02-25",35.8
"2010-02-26",35.68
"2010-03-01",36.27
"2010-03-02",37.01
"2010-03-03",35.03
"2010-03-04",34.64
"2010-03-05",35.39
"2010-03-08",35.51
"2010-03-09",34.95
"2010-03-10",35.14
"2010-03-11",35.24
"2010-03-12",35.38
"2010-03-15",35.52
"2010-03-16",35.49
"2010-03-17",35.46
"2010-03-18",35.44
"2010-03-19",35.27
"2010-03-22",36.03
"2010-03-23",36.3
"2010-03-24",35.67
"2010-03-25",35.36
"2010-03-26",35.25
"2010-03-29",35.89
"2010-03-30",35.62
"2010-03-31",35.6
"2010-04-01",35.6
"2010-04-05",35.92
"2010-04-06",36.01
"2010-04-07",35.94
"2010-04-08",35.59
"2010-04-09",35.16
"2010-04-12",35.38
"2010-04-13",35.28
"2010-04-14",35.5
"2010-04-15",35.55
"2010-04-16",34.92
"2010-04-19",34.4
"2010-04-20",35.
"2010-04-21",35.04
"2010-04-22",35.08
"2010-04-23",35.29
"2010-04-26",35.32
"2010-04-27",35.08
"2010-04-28",35.11
"2010-04-29",35.59
"2010-04-30",35.69
"2010-05-03",36.09
"2010-05-04",35.7
"2010-05-05",35.66
"2010-05-06",35.15
"2010-05-07",34.73
"2010-05-10",36.56
"2010-05-11",36.55
"2010-05-12",37.08
"2010-05-13",37.34
"2010-05-14",36.8
"2010-05-17",37.18
"2010-05-18",36.81
"2010-05-19",36.18
"2010-05-20",34.97
"2010-05-21",35.12
"2010-05-24",35.04
"2010-05-25",34.52
"2010-05-26",34.86
"2010-05-27",35.82
"2010-05-28",35.9
"2010-06-01",35.41
"2010-06-02",36.38
"2010-06-03",37.25
"2010-06-04",36.62
"2010-06-07",36.22
"2010-06-08",35.97
"2010-06-09",35.87
"2010-06-10",36.76
"2010-06-11",36.85
"2010-06-14",36.83
"2010-06-15",37.07
"2010-06-16",37.26
"2010-06-17",37.25
"2010-06-18",37.3
"2010-06-21",37.27
"2010-06-22",36.27
"2010-06-23",36.39
"2010-06-24",36.17
"2010-06-25",36.35
"2010-06-28",36.82
"2010-06-29",36.23
"2010-06-30",35.81
"2010-07-01",35.19
"2010-07-02",34.94
"2010-07-06",34.71
"2010-07-07",35.3
"2010-07-08",35.68
"2010-07-09",35.85
"2010-07-12",35.75
"2010-07-13",36.67
"2010-07-14",36.5
"2010-07-15",36.43
"2010-07-16",35.45
"2010-07-19",35.56
"2010-07-20",35.77
"2010-07-21",35.41
"2010-07-22",36.07
"2010-07-23",36.69
"2010-07-26",37.13
"2010-07-27",37.
"2010-07-28",36.55
"2010-07-29",36.44
"2010-07-30",36.44
"2010-08-02",36.42
"2010-08-03",36.13
"2010-08-04",36.24
"2010-08-05",36.05
"2010-08-06",35.33
"2010-08-09",35.94
"2010-08-10",35.26
"2010-08-11",34.69
"2010-08-12",34.51
"2010-08-13",34.05
"2010-08-16",34.
"2010-08-17",34.64
"2010-08-18",34.38
"2010-08-19",33.78
"2010-08-20",34.01
"2010-08-23",33.31
"2010-08-24",32.86
"2010-08-25",33.03
"2010-08-26",33.01
"2010-08-27",33.5
"2010-08-30",33.25
"2010-08-31",33.05
"2010-09-01",34.02
"2010-09-02",34.15
"2010-09-03",34.4
"2010-09-07",34.15
"2010-09-08",34.34
"2010-09-09",34.54
"2010-09-10",34.34
"2010-09-13",34.75
"2010-09-14",34.96
"2010-09-15",35.37
"2010-09-16",35.89
"2010-09-17",35.76
"2010-09-20",36.32
"2010-09-21",36.23
"2010-09-22",36.06
"2010-09-23",32.19
"2010-09-24",33.9
"2010-09-27",33.62
"2010-09-28",33.13
"2010-09-29",32.93
"2010-09-30",32.97
"2010-10-01",32.8
"2010-10-04",32.76
"2010-10-05",33.49
"2010-10-06",33.59
"2010-10-07",33.65
"2010-10-08",34.095
"2010-10-11",34.37
"2010-10-12",34.31
"2010-10-13",34.27
"2010-10-14",34.18
"2010-10-15",34.22
"2010-10-18",34.12
"2010-10-19",33.49
"2010-10-20",33.83
"2010-10-21",33.59
"2010-10-22",33.86
"2010-10-25",33.85
"2010-10-26",33.77
"2010-10-27",33.75
"2010-10-28",33.57
"2010-10-29",33.86
"2010-11-01",33.87
"2010-11-02",34.2
"2010-11-03",34.1
"2010-11-04",34.38
"2010-11-05",34.49
"2010-11-08",34.68
"2010-11-09",34.5
"2010-11-10",34.77
"2010-11-11",35.17
"2010-11-12",34.87
"2010-11-15",34.57
"2010-11-16",34.37
"2010-11-17",34.46
"2010-11-18",34.82
"2010-11-19",34.9
"2010-11-22",35.33
"2010-11-23",35.02
"2010-11-24",36.04
"2010-11-26",35.89
"2010-11-29",36.08
"2010-11-30",35.48
"2010-12-01",33.81
"2010-12-02",33.12
"2010-12-03",33.4
"2010-12-06",33.51
"2010-12-07",33.56
"2010-12-08",33.45
"2010-12-09",33.92
"2010-12-10",34.43
"2010-12-13",34.81
"2010-12-14",35.24
"2010-12-15",36.95
"2010-12-16",37.33
"2010-12-17",37.26
"2010-12-20",37.38
"2010-12-21",37.32
"2010-12-22",37.38
"2010-12-23",37.29
"2010-12-27",37.38
"2010-12-28",37.44
"2010-12-29",37.49
"2010-12-30",37.49
"2010-12-31",37.35
"2011-01-03",37.54
"2011-01-04",37.45
"2011-01-05",37.49
"2011-01-06",37.45
"2011-01-07",37.38
"2011-01-10",37.4
"2011-01-11",37.46
"2011-01-12",37.45
"2011-01-13",37.62
"2011-01-14",37.56
"2011-01-18",39.56
"2011-01-19",39.43
"2011-01-20",39.25
"2011-01-21",40.32
"2011-01-24",39.94
"2011-01-25",39.53
"2011-01-26",40.38
"2011-01-27",39.62
"2011-01-28",39.11
"2011-01-31",39.25
"2011-02-01",39.9
"2011-02-02",39.6
"2011-02-03",39.79
"2011-02-04",40.16
"2011-02-07",40.36
"2011-02-08",40.75
"2011-02-09",40.72
"2011-02-10",40.85
"2011-02-11",41.11
"2011-02-14",41.12
"2011-02-15",40.73
"2011-02-16",40.99
"2011-02-17",41.32
"2011-02-18",41.41
"2011-02-22",40.55
"2011-02-23",40.15
"2011-02-24",40.51
"2011-02-25",41.19
"2011-02-28",42.01
"2011-03-01",40.87
"2011-03-02",41.17
"2011-03-03",41.45
"2011-03-04",41.12
"2011-03-07",40.77
"2011-03-08",41.3
"2011-03-09",41.71
"2011-03-10",40.78
"2011-03-11",40.75
"2011-03-14",41.04
"2011-03-15",40.56
"2011-03-16",40.11
"2011-03-17",40.46
"2011-03-18",40.91
"2011-03-21",41.09
"2011-03-22",41.4
"2011-03-23",41.46
"2011-03-24",41.74
"2011-03-25",42.1
"2011-03-28",41.87
"2011-03-29",42.93
"2011-03-30",42.97
"2011-03-31",43.33
"2011-04-01",43.36
"2011-04-04",44.01
"2011-04-05",43.97
"2011-04-06",44.1
"2011-04-07",43.94
"2011-04-08",43.96
"2011-04-11",44.39
"2011-04-12",44.29
"2011-04-13",44.58
"2011-04-14",44.47
"2011-04-15",44.74
"2011-04-18",44.06
"2011-04-19",44.01
"2011-04-20",44.43
"2011-04-21",44.3
"2011-04-25",44.25
"2011-04-26",44.26
"2011-04-27",44.32
"2011-04-28",44.43
"2011-04-29",45.38
"2011-05-02",44.95
"2011-05-03",45.29
"2011-05-04",45.46
"2011-05-05",45.34
"2011-05-06",45.53
"2011-05-09",45.61
"2011-05-10",46.1
"2011-05-11",45.83
"2011-05-12",46.48
"2011-05-13",46.26
"2011-05-16",45.93
"2011-05-17",45.98
"2011-05-18",46.6
"2011-05-19",46.64
"2011-05-20",46.36
"2011-05-23",46.17
"2011-05-24",46.21
"2011-05-25",46.25
"2011-05-26",46.61
"2011-05-27",46.46
"2011-05-31",47.
"2011-06-01",46.19
"2011-06-02",44.41
"2011-06-03",43.89
"2011-06-06",43.65
"2011-06-07",44.1
"2011-06-08",43.92
"2011-06-09",44.43
"2011-06-10",43.62
"2011-06-13",43.84
"2011-06-14",44.45
"2011-06-15",44.3
"2011-06-16",44.65
"2011-06-17",44.67
"2011-06-20",44.43
"2011-06-21",45.05
"2011-06-22",45.56
"2011-06-23",45.5
"2011-06-24",44.96
"2011-06-27",45.43
"2011-06-28",45.96
"2011-06-29",46.13
"2011-06-30",46.6
"2011-07-01",47.19
"2011-07-05",47.12
"2011-07-06",47.27
"2011-07-07",47.8
"2011-07-08",47.58
"2011-07-11",46.79
"2011-07-12",46.41
"2011-07-13",45.95
"2011-07-14",45.61
"2011-07-15",45.53
"2011-07-18",45.05
"2011-07-19",45.43
"2011-07-20",45.29
"2011-07-21",45.56
"2011-07-22",45.79
"2011-07-25",45.39
"2011-07-26",44.79
"2011-07-27",43.98
"2011-07-28",43.78
"2011-07-29",43.45
"2011-08-01",43.39
"2011-08-02",42.33
"2011-08-03",42.43
"2011-08-04",41.
"2011-08-05",40.39
"2011-08-08",37.62
"2011-08-09",39.2
"2011-08-10",37.96
"2011-08-11",39.86
"2011-08-12",39.85
"2011-08-15",40.39
"2011-08-16",40.64
"2011-08-17",40.7
"2011-08-18",39.08
"2011-08-19",38.98
"2011-08-22",39.02
"2011-08-23",40.2
"2011-08-24",40.78
"2011-08-25",40.09
"2011-08-26",40.98
"2011-08-29",42.09
"2011-08-30",42.43
"2011-08-31",43.04
"2011-09-01",42.34
"2011-09-02",41.33
"2011-09-06",41.2
"2011-09-07",42.42
"2011-09-08",41.41
"2011-09-09",40.87
"2011-09-12",40.92
"2011-09-13",41.38
"2011-09-14",42.23
"2011-09-15",41.23
"2011-09-16",41.32
"2011-09-19",40.5
"2011-09-20",39.83
"2011-09-21",37.65
"2011-09-22",37.03
"2011-09-23",37.49
"2011-09-26",38.76
"2011-09-27",39.21
"2011-09-28",38.59
"2011-09-29",39.7
"2011-09-30",39.12
"2011-10-03",37.93
"2011-10-04",39.37
"2011-10-05",40.3
"2011-10-06",40.94
"2011-10-07",40.49
"2011-10-10",42.08
"2011-10-11",42.05
"2011-10-12",42.76
"2011-10-13",42.82
"2011-10-14",42.99
"2011-10-17",41.81
"2011-10-18",42.52
"2011-10-19",42.09
"2011-10-20",42.42
"2011-10-21",43.38
"2011-10-24",44.08
"2011-10-25",43.16
"2011-10-26",43.55
"2011-10-27",44.77
"2011-10-28",44.3
"2011-10-31",43.55
"2011-11-01",42.25
"2011-11-02",43.2
"2011-11-03",44.25
"2011-11-04",44.38
"2011-11-07",43.83
"2011-11-08",44.42
"2011-11-09",42.65
"2011-11-10",43.14
"2011-11-11",44.01
"2011-11-14",43.54
"2011-11-15",44.22
"2011-11-16",43.52
"2011-11-17",43.56
"2011-11-18",43.7
"2011-11-21",42.87
"2011-11-22",42.62
"2011-11-23",42.1
"2011-11-25",42.31
"2011-11-28",42.8
"2011-11-29",43.43
"2011-11-30",44.93
"2011-12-01",45.05
"2011-12-02",45.22
"2011-12-05",45.73
"2011-12-06",45.44
"2011-12-07",45.6
"2011-12-08",45.01
"2011-12-09",45.68
"2011-12-12",45.68
"2011-12-13",45.28
"2011-12-14",45.18
"2011-12-15",45.65
"2011-12-16",46.15
"2011-12-19",45.96
"2011-12-20",46.89
"2011-12-21",47.06
"2011-12-22",47.33
"2011-12-23",47.81
"2011-12-27",47.83
"2011-12-28",47.7
"2011-12-29",47.96
"2011-12-30",47.89
"2012-01-03",47.03
"2012-01-04",46.31
"2012-01-05",46.45
"2012-01-06",46.59
"2012-01-09",47.12
"2012-01-10",47.75
"2012-01-11",47.94
"2012-01-12",48.01
"2012-01-13",48.18
"2012-01-17",48.13
"2012-01-18",48.45
"2012-01-19",48.44
"2012-01-20",48.26
"2012-01-23",48.26
"2012-01-24",48.31
"2012-01-25",48.68
"2012-01-26",48.15
"2012-01-27",47.54
"2012-01-30",47.36
"2012-01-31",47.04
"2012-02-01",47.72
"2012-02-02",47.345
"2012-02-03",47.42
"2012-02-06",46.91
"2012-02-07",46.76
"2012-02-08",46.79
"2012-02-09",46.98
"2012-02-10",46.47
"2012-02-13",46.42
"2012-02-14",46.03
"2012-02-15",45.97
"2012-02-16",46.64
"2012-02-17",46.29
"2012-02-21",46.31
"2012-02-22",46.16
"2012-02-23",46.51
"2012-02-24",46.67
"2012-02-27",45.67
"2012-02-28",45.81
"2012-02-29",49.78
"2012-03-01",50.82
"2012-03-02",50.22
"2012-03-05",50.15
"2012-03-06",49.71
"2012-03-07",50.21
"2012-03-08",50.8
"2012-03-09",51.16
"2012-03-12",51.62
"2012-03-13",52.75
"2012-03-14",52.84
"2012-03-15",53.
"2012-03-16",52.94
"2012-03-19",52.82
"2012-03-20",52.61
"2012-03-21",52.75
"2012-03-22",52.74
"2012-03-23",52.86
"2012-03-26",53.5
"2012-03-27",53.09
"2012-03-28",52.84
"2012-03-29",26.24
"2012-03-30",26.07
"2012-04-02",26.07
"2012-04-03",26.08
"2012-04-04",25.67
"2012-04-05",25.47
"2012-04-09",25.305
"2012-04-10",24.62
"2012-04-11",25.15
"2012-04-12",25.64
"2012-04-13",25.64
"2012-04-16",26.06
"2012-04-17",26.3
"2012-04-18",26.6
"2012-04-19",26.37
"2012-04-20",26.56
"2012-04-23",26.22
"2012-04-24",26.22
"2012-04-25",26.45
"2012-04-26",26.53
"2012-04-27",26.63
"2012-04-30",26.41
"2012-05-01",26.44
"2012-05-02",26.58
"2012-05-03",26.38
"2012-05-04",26.21
"2012-05-07",26.29
"2012-05-08",26.48
"2012-05-09",26.3
"2012-05-10",26.3
"2012-05-11",26.47
"2012-05-14",25.88
"2012-05-15",26.19
"2012-05-16",26.3
"2012-05-17",26.1
"2012-05-18",25.71
"2012-05-21",26.26
"2012-05-22",26.76
"2012-05-23",27.
"2012-05-24",27.24
"2012-05-25",27.06
"2012-05-29",27.29
"2012-05-30",27.55
"2012-05-31",27.11
"2012-06-01",25.94
"2012-06-04",25.31
"2012-06-05",24.96
"2012-06-06",24.79
"2012-06-07",24.66
"2012-06-08",24.67
"2012-06-11",24.31
"2012-06-12",24.21
"2012-06-13",23.82
"2012-06-14",23.46
"2012-06-15",23.3
"2012-06-18",23.79
"2012-06-19",24.08
"2012-06-20",23.92
"2012-06-21",23.43
"2012-06-22",23.35
"2012-06-25",22.93
"2012-06-26",22.95
"2012-06-27",22.93
"2012-06-28",23.22
"2012-06-29",23.69
"2012-07-02",24.18
"2012-07-03",24.36
"2012-07-05",24.37
"2012-07-06",24.11
"2012-07-09",23.96
"2012-07-10",23.87
"2012-07-11",24.09
"2012-07-12",24.07
"2012-07-13",24.16
"2012-07-16",23.94
"2012-07-17",23.95
"2012-07-18",24.39
"2012-07-19",24.56
"2012-07-20",24.38
"2012-07-23",24.04
"2012-07-24",23.635
"2012-07-25",23.5
"2012-07-26",23.89
"2012-07-27",24.34
"2012-07-30",23.96
"2012-07-31",23.76
"2012-08-01",23.62
"2012-08-02",23.51
"2012-08-03",24.07
"2012-08-06",24.02
"2012-08-07",24.37
"2012-08-08",24.71
"2012-08-09",25.
"2012-08-10",25.07
"2012-08-13",25.23
"2012-08-14",25.15
"2012-08-15",25.42
"2012-08-16",26.05
"2012-08-17",26.01
"2012-08-20",25.975
"2012-08-21",25.9
"2012-08-22",26.08
"2012-08-23",26.18
"2012-08-24",26.03
"2012-08-27",26.06
"2012-08-28",26.41
"2012-08-29",26.58
"2012-08-30",26.48
"2012-08-31",26.71
"2012-09-04",27.64
"2012-09-05",27.52
"2012-09-06",27.69
"2012-09-07",27.25
"2012-09-10",27.31
"2012-09-11",27.81
"2012-09-12",27.95
"2012-09-13",27.9
"2012-09-14",27.75
"2012-09-17",27.74
"2012-09-18",27.71
"2012-09-19",27.35
"2012-09-20",27.6
"2012-09-21",27.56
"2012-09-24",27.47
"2012-09-25",27.4
"2012-09-26",27.825
"2012-09-27",27.77
"2012-09-28",27.725
"2012-10-01",27.45
"2012-10-02",27.39
"2012-10-03",27.37
"2012-10-04",27.51
"2012-10-05",27.46
"2012-10-08",27.37
"2012-10-09",27.14
"2012-10-10",26.89
"2012-10-11",26.87
"2012-10-12",26.72
"2012-10-15",26.74
"2012-10-16",26.79
"2012-10-17",27.275
"2012-10-18",27.35
"2012-10-19",27.17
"2012-10-22",26.96
"2012-10-23",26.86
"2012-10-24",27.02
"2012-10-25",27.34
"2012-10-26",27.3
"2012-10-31",28.79
"2012-11-01",29.685
"2012-11-02",28.99
"2012-11-05",28.75
"2012-11-06",29.09
"2012-11-07",28.8199
"2012-11-08",28.71
"2012-11-09",29.43
"2012-11-12",29.49
"2012-11-13",29.68
"2012-11-14",29.38
"2012-11-15",29.06
"2012-11-16",29.43
"2012-11-19",29.58
"2012-11-20",29.99
"2012-11-21",30.25
"2012-11-23",30.6
"2012-11-26",29.86
"2012-11-27",29.77
"2012-11-28",29.88
"2012-11-29",30.15
"2012-11-30",30.15
"2012-12-03",30.3
"2012-12-04",30.28
"2012-12-05",30.02
"2012-12-06",30.05
"2012-12-07",30.07
"2012-12-10",30.22
"2012-12-11",30.29
"2012-12-12",30.11
"2012-12-13",30.4
"2012-12-14",30.21
"2012-12-17",30.215
"2012-12-18",30.46
"2012-12-19",30.28
"2012-12-20",30.41
"2012-12-21",29.99
"2012-12-24",29.84
"2012-12-26",29.45
"2012-12-27",29.55
"2012-12-28",29.12
"2012-12-31",29.5
"2013-01-02",30.46
"2013-01-03",30.2417
"2013-01-04",30.48
"2013-01-07",30.83
"2013-01-08",30.44
"2013-01-09",30.86
"2013-01-10",31.04
"2013-01-11",31.67
"2013-01-14",31.88
"2013-01-15",31.82
"2013-01-16",31.54
"2013-01-17",31.69
"2013-01-18",31.79
"2013-01-22",31.985
"2013-01-23",32.25
"2013-01-24",32.35
"2013-01-25",33.
"2013-01-28",33.9
"2013-01-29",33.98
"2013-01-30",33.83
"2013-01-31",35.91
"2013-02-01",35.8
"2013-02-04",35.57
"2013-02-05",36.48
"2013-02-06",36.58
"2013-02-07",36.
"2013-02-08",36.
"2013-02-11",35.84
"2013-02-12",35.63
"2013-02-13",35.74
"2013-02-14",35.94
"2013-02-15",36.32
"2013-02-19",35.89
"2013-02-20",34.95
"2013-02-21",34.58
"2013-02-22",34.42
"2013-02-25",34.31
"2013-02-26",34.55
"2013-02-27",35.19
"2013-02-28",34.14
"2013-03-01",34.
"2013-03-04",33.49
"2013-03-05",33.36
"2013-03-06",33.51
"2013-03-07",32.15
"2013-03-08",31.85
"2013-03-11",32.34
"2013-03-12",32.21
"2013-03-13",33.89
"2013-03-14",34.12
"2013-03-15",34.25
"2013-03-18",34.37
"2013-03-19",34.71
"2013-03-20",34.51
"2013-03-21",33.83
"2013-03-22",34.08
"2013-03-25",34.13
"2013-03-26",34.31
"2013-03-27",34.19
"2013-03-28",34.27
"2013-04-01",33.85
"2013-04-02",33.59
"2013-04-03",33.1
"2013-04-04",33.39
"2013-04-05",33.3
"2013-04-08",33.39
"2013-04-09",33.39
"2013-04-10",34.1
"2013-04-11",34.03
"2013-04-12",33.77
"2013-04-15",32.72
"2013-04-16",33.29
"2013-04-17",32.47
"2013-04-18",32.09
"2013-04-19",32.82
"2013-04-22",33.23
"2013-04-23",34.13
"2013-04-24",34.11
"2013-04-25",34.54
"2013-04-26",34.59
"2013-04-29",34.93
"2013-04-30",35.25
"2013-05-01",35.34
"2013-05-02",35.34
"2013-05-03",35.39
"2013-05-06",35.4
"2013-05-07",35.415
"2013-05-08",35.17
"2013-05-09",35.46
"2013-05-10",35.98
"2013-05-13",36.39
"2013-05-14",36.91
"2013-05-15",37.
"2013-05-16",36.68
"2013-05-17",38.09
"2013-05-20",37.18
"2013-05-21",37.04
"2013-05-22",36.61
"2013-05-23",36.82
"2013-05-24",36.87
"2013-05-28",37.35
"2013-05-29",36.9
"2013-05-30",36.72
"2013-05-31",34.39
"2013-06-03",35.72
"2013-06-04",35.47
"2013-06-05",34.71
"2013-06-06",34.42
"2013-06-07",32.28
"2013-06-10",32.2
"2013-06-11",31.45
"2013-06-12",30.73
"2013-06-13",31.24
"2013-06-14",31.09
"2013-06-17",31.57
"2013-06-18",31.9
"2013-06-19",31.59
"2013-06-20",31.11
"2013-06-21",30.9
"2013-06-24",30.14
"2013-06-25",30.32
"2013-06-26",30.43
"2013-06-27",30.81
"2013-06-28",30.8
"2013-07-01",31.29
"2013-07-02",31.37
"2013-07-03",31.38
"2013-07-05",31.96
"2013-07-08",32.04
"2013-07-09",32.13
"2013-07-10",31.82
"2013-07-11",32.15
"2013-07-12",32.39
"2013-07-15",32.5
"2013-07-16",31.85
"2013-07-17",32.78
"2013-07-18",32.54
"2013-07-19",32.47
"2013-07-22",32.64
"2013-07-23",32.51
"2013-07-24",32.35
"2013-07-25",32.38
"2013-07-26",32.38
"2013-07-29",32.2
"2013-07-30",32.53
"2013-07-31",32.51
"2013-08-01",33.2
"2013-08-02",33.21
"2013-08-05",33.19
"2013-08-06",32.8
"2013-08-07",32.5
"2013-08-08",32.79
"2013-08-09",33.
"2013-08-12",33.18
"2013-08-13",33.29
"2013-08-14",33.12
"2013-08-15",32.56
"2013-08-16",32.45
"2013-08-19",32.43
"2013-08-20",32.72
"2013-08-21",32.54
"2013-08-22",32.97
"2013-08-23",32.71
"2013-08-26",32.75
"2013-08-27",32.15
"2013-08-28",32.17
"2013-08-29",32.2
"2013-08-30",31.77
"2013-09-03",31.83
"2013-09-04",32.085
"2013-09-05",31.96
"2013-09-06",32.33
"2013-09-09",32.93
"2013-09-10",33.42
"2013-09-11",33.29
"2013-09-12",33.38
"2013-09-13",33.37
"2013-09-16",33.28
"2013-09-17",33.65
"2013-09-18",33.49
"2013-09-19",34.01
"2013-09-20",33.75
"2013-09-23",34.34
"2013-09-24",34.09
"2013-09-25",31.06
"2013-09-26",30.99
"2013-09-27",30.99
"2013-09-30",31.79
"2013-10-01",32.81
"2013-10-02",33.16
"2013-10-03",33.1
"2013-10-04",33.07
"2013-10-07",32.52
"2013-10-08",32.03
"2013-10-09",31.99
"2013-10-10",32.39
"2013-10-11",32.58
"2013-10-14",32.87
"2013-10-15",32.39
"2013-10-16",32.49
"2013-10-17",32.64
"2013-10-18",32.54
"2013-10-21",32.85
"2013-10-22",32.69
"2013-10-23",32.34
"2013-10-24",32.45
"2013-10-25",32.67
"2013-10-28",32.69
"2013-10-29",32.8
"2013-10-30",32.33
"2013-10-31",32.23
"2013-11-01",32.01
"2013-11-04",32.17
"2013-11-05",31.61
"2013-11-06",31.84
"2013-11-07",31.16
"2013-11-08",31.23
"2013-11-11",31.49
"2013-11-12",31.56
"2013-11-13",31.6
"2013-11-14",32.02
"2013-11-15",32.54
"2013-11-18",32.99
"2013-11-19",32.52
"2013-11-20",32.58
"2013-11-21",32.86
"2013-11-22",32.84
"2013-11-25",32.5
"2013-11-26",33.89
"2013-11-27",34.51
"2013-11-29",34.43
"2013-12-02",34.73
"2013-12-03",35.23
"2013-12-04",35.46
"2013-12-05",35.27
"2013-12-06",35.76
"2013-12-09",35.65
"2013-12-10",35.36
"2013-12-11",35.19
"2013-12-12",35.14
"2013-12-13",35.26
"2013-12-16",35.62
"2013-12-17",35.52
"2013-12-18",36.02
"2013-12-19",35.63
"2013-12-20",35.69
"2013-12-23",35.99
"2013-12-24",36.05
"2013-12-26",36.06
"2013-12-27",36.28
"2013-12-30",36.58
"2013-12-31",36.65
"2014-01-02",36.61
"2014-01-03",36.31
"2014-01-06",36.32
"2014-01-07",36.374
"2014-01-08",36.24
"2014-01-09",36.06
"2014-01-10",36.31
"2014-01-13",35.8
"2014-01-14",36.11
"2014-01-15",35.98
"2014-01-16",35.76
"2014-01-17",35.74
"2014-01-21",35.9
"2014-01-22",36.27
"2014-01-23",35.74
"2014-01-24",34.71
"2014-01-27",34.56
"2014-01-28",34.55
"2014-01-29",34.25
"2014-01-30",34.54
"2014-01-31",34.28
"2014-02-03",32.64
"2014-02-04",33.4
"2014-02-05",33.09
"2014-02-06",33.46
"2014-02-07",33.91
"2014-02-10",33.94
"2014-02-11",34.58
"2014-02-12",34.73
"2014-02-13",34.78
"2014-02-14",34.28
"2014-02-18",33.81
"2014-02-19",34.27
"2014-02-20",34.33
"2014-02-21",34.68
"2014-02-24",35.36
"2014-02-25",35.21
"2014-02-26",35.49
"2014-02-27",36.36
"2014-02-28",36.43
"2014-03-03",36.16
"2014-03-04",36.63
"2014-03-05",36.78
"2014-03-06",36.82
"2014-03-07",36.82
"2014-03-10",36.84
"2014-03-11",36.37
"2014-03-12",36.34
"2014-03-13",35.62
"2014-03-14",35.6
"2014-03-17",35.9
"2014-03-18",36.24
"2014-03-19",36.2
"2014-03-20",36.18
"2014-03-21",36.67
"2014-03-24",36.11
"2014-03-25",36.31
"2014-03-26",35.44
"2014-03-27",35.43
"2014-03-28",35.92
"2014-03-31",36.39
"2014-04-01",36.55
"2014-04-02",36.89
"2014-04-03",37.04
"2014-04-04",36.87
"2014-04-07",36.25
"2014-04-08",36.87
"2014-04-09",37.16
"2014-04-10",36.76
"2014-04-11",35.48
"2014-04-14",35.44
"2014-04-15",35.5
"2014-04-16",36.08
"2014-04-17",36.49
"2014-04-21",36.41
"2014-04-22",36.44
"2014-04-23",35.89
"2014-04-24",35.862
"2014-04-25",35.61
"2014-04-28",35.81
"2014-04-29",35.9
"2014-04-30",36.27
"2014-05-01",36.33
"2014-05-02",36.77
"2014-05-05",36.74
"2014-05-06",36.2
"2014-05-07",36.19
"2014-05-08",36.11
"2014-05-09",36.32
"2014-05-12",36.83
"2014-05-13",36.61
"2014-05-14",35.93
"2014-05-15",35.74
"2014-05-16",35.91
"2014-05-19",36.52
"2014-05-20",35.94
"2014-05-21",36.14
"2014-05-22",36.36
"2014-05-23",36.48
"2014-05-27",36.94
"2014-05-28",36.29
"2014-05-29",35.18
"2014-05-30",35.57
"2014-06-02",35.65
"2014-06-03",35.29
"2014-06-04",35.71
"2014-06-05",36.34
"2014-06-06",36.33
"2014-06-09",36.39
"2014-06-10",36.16
"2014-06-11",35.76
"2014-06-12",35.55
"2014-06-13",35.52
"2014-06-16",35.63
"2014-06-17",36.01
"2014-06-18",36.06
"2014-06-19",35.81
"2014-06-20",35.08
"2014-06-23",34.96
"2014-06-24",35.04
"2014-06-25",35.23
"2014-06-26",35.2
"2014-06-27",35.35
"2014-06-30",35.96
"2014-07-01",36.26
"2014-07-02",35.89
"2014-07-03",36.06
"2014-07-07",35.85
"2014-07-08",35.97
"2014-07-09",36.09
"2014-07-10",35.49
"2014-07-11",35.42
"2014-07-14",35.67
"2014-07-15",35.48
"2014-07-16",35.03
"2014-07-17",34.63
"2014-07-18",35.08
"2014-07-21",34.8
"2014-07-22",34.82
"2014-07-23",35.
"2014-07-24",35.13
"2014-07-25",34.71
"2014-07-28",34.69
"2014-07-29",34.07
"2014-07-30",33.84
"2014-07-31",33.38
"2014-08-01",33.49
"2014-08-04",33.47
"2014-08-05",33.67
"2014-08-06",33.63
"2014-08-07",33.41
"2014-08-08",33.61
"2014-08-11",33.68
"2014-08-12",33.5
"2014-08-13",33.54
"2014-08-14",33.5
"2014-08-15",33.67
"2014-08-18",34.1
"2014-08-19",34.17
"2014-08-20",34.26
"2014-08-21",34.35
"2014-08-22",34.215
"2014-08-25",34.52
"2014-08-26",34.32
"2014-08-27",34.28
"2014-08-28",34.415
"2014-08-29",34.43
"2014-09-02",34.58
"2014-09-03",34.
"2014-09-04",33.71
"2014-09-05",33.805
"2014-09-08",33.53
"2014-09-09",33.55
"2014-09-10",33.85
"2014-09-11",33.82
"2014-09-12",33.46
"2014-09-15",33.76
"2014-09-16",33.88
"2014-09-17",34.25
"2014-09-18",34.14
"2014-09-19",33.72
"2014-09-22",33.45
"2014-09-23",32.95
"2014-09-24",31.49
"2014-09-25",31.27
"2014-09-26",31.25
"2014-09-29",31.505
"2014-09-30",31.315
"2014-10-01",31.18
"2014-10-02",31.45
"2014-10-03",31.65
"2014-10-06",31.63
"2014-10-07",31.09
"2014-10-08",31.48
"2014-10-09",31.15
"2014-10-10",31.19
"2014-10-13",30.25
"2014-10-14",30.72
"2014-10-15",30.6
"2014-10-16",31.09
"2014-10-17",31.15
"2014-10-20",31.68
"2014-10-21",32.14
"2014-10-22",32.26
"2014-10-23",32.88
"2014-10-24",32.83
"2014-10-27",32.37
"2014-10-28",33.16
"2014-10-29",32.99
"2014-10-30",33.49
"2014-10-31",33.44
"2014-11-03",33.4
"2014-11-04",33.25
"2014-11-05",33.56
"2014-11-06",34.01
"2014-11-07",34.18
"2014-11-10",34.04
"2014-11-11",34.39
"2014-11-12",34.31
"2014-11-13",34.19
"2014-11-14",34.18
"2014-11-17",34.11
"2014-11-18",34.29
"2014-11-19",34.11
"2014-11-20",34.25
"2014-11-21",34.35
"2014-11-24",34.55
"2014-11-25",36.26
"2014-11-26",36.46
"2014-11-28",36.34
"2014-12-01",36.31
"2014-12-02",36.24
"2014-12-03",36.45
"2014-12-04",37.2
"2014-12-05",37.76
"2014-12-08",37.6
"2014-12-09",37.63
"2014-12-10",36.97
"2014-12-11",36.76
"2014-12-12",36.46
"2014-12-15",36.09
"2014-12-16",35.925
"2014-12-17",36.46
"2014-12-18",36.73
"2014-12-19",36.74
"2014-12-22",36.66
"2014-12-23",36.79
"2014-12-24",36.85
"2014-12-26",36.7
"2014-12-29",36.97
"2014-12-30",36.9
"2014-12-31",36.49
"2015-01-02",36.58
"2015-01-05",36.22
"2015-01-06",35.81
"2015-01-07",35.92
"2015-01-08",36.29
"2015-01-09",36.12
"2015-01-12",35.63
"2015-01-13",35.52
"2015-01-14",35.33
"2015-01-15",35.01
"2015-01-16",35.01
"2015-01-20",35.
"2015-01-21",35.66
"2015-01-22",36.54
"2015-01-23",36.9
"2015-01-26",37.22
"2015-01-27",36.82
"2015-01-28",36.68
"2015-01-29",36.92
"2015-01-30",36.6
"2015-02-02",37.12
"2015-02-03",37.8
"2015-02-04",37.19
"2015-02-05",37.49
"2015-02-06",37.67
"2015-02-09",37.68
"2015-02-10",37.85
"2015-02-11",37.83
"2015-02-12",37.94
"2015-02-13",38.17
"2015-02-17",37.97
"2015-02-18",38.04
"2015-02-19",37.93
"2015-02-20",38.
"2015-02-23",37.52
"2015-02-24",37.6
"2015-02-25",38.36
"2015-02-26",37.92
"2015-02-27",37.42
"2015-03-02",38.09
"2015-03-03",37.87
"2015-03-04",37.27
"2015-03-05",37.27
"2015-03-06",37.22
"2015-03-09",37.22
"2015-03-10",36.68
"2015-03-11",36.81
"2015-03-12",37.32
"2015-03-13",37.28
"2015-03-16",37.73
"2015-03-17",37.41
"2015-03-18",37.35
"2015-03-19",37.37
"2015-03-20",37.8
"2015-03-23",37.53
"2015-03-24",37.46
"2015-03-25",36.61
"2015-03-26",36.75
"2015-03-27",37.19
"2015-03-30",37.5
"2015-03-31",37.57
"2015-04-01",37.55
"2015-04-02",37.68
"2015-04-06",38.12
"2015-04-07",37.82
"2015-04-08",38.08
"2015-04-09",37.87
"2015-04-10",37.86
"2015-04-13",37.68
"2015-04-14",37.6
"2015-04-15",37.81
"2015-04-16",37.58
"2015-04-17",37.
"2015-04-20",37.41
"2015-04-21",37.35
"2015-04-22",37.19
"2015-04-23",37.34
"2015-04-24",37.17
"2015-04-27",36.65
"2015-04-28",36.61
"2015-04-29",36.27
"2015-04-30",35.57
"2015-05-01",35.77
"2015-05-04",35.97
"2015-05-05",35.16
"2015-05-06",35.05
"2015-05-07",35.11
"2015-05-08",35.13
"2015-05-11",35.12
"2015-05-12",35.23
"2015-05-13",35.03
"2015-05-14",35.42
"2015-05-15",35.31
"2015-05-18",35.67
"2015-05-19",35.65
"2015-05-20",35.58
"2015-05-21",35.49
"2015-05-22",35.59
"2015-05-26",35.3
"2015-05-27",35.57
"2015-05-28",34.43
"2015-05-29",34.6
"2015-06-01",34.2
"2015-06-02",34.34
"2015-06-03",34.55
"2015-06-04",35.56
"2015-06-05",35.75
"2015-06-08",35.51
"2015-06-09",35.6
"2015-06-10",35.7
"2015-06-11",35.88
"2015-06-12",35.77
"2015-06-15",35.7
"2015-06-16",36.
"2015-06-17",35.68
"2015-06-18",35.95
"2015-06-19",35.83
"2015-06-22",35.87
"2015-06-23",35.9
"2015-06-24",35.66
"2015-06-25",35.67
"2015-06-26",35.72
"2015-06-29",35.36
"2015-06-30",35.48
"2015-07-01",35.64
"2015-07-02",35.53
"2015-07-06",35.77
"2015-07-07",36.04
"2015-07-08",35.28
"2015-07-09",35.27
"2015-07-10",35.45
"2015-07-13",35.89
"2015-07-14",36.13
"2015-07-15",36.42
"2015-07-16",36.63
"2015-07-17",36.62
"2015-07-20",36.61
"2015-07-21",35.91
"2015-07-22",36.08
"2015-07-23",35.9
"2015-07-24",35.42
"2015-07-27",35.25
"2015-07-28",35.72
"2015-07-29",36.
"2015-07-30",35.87
"2015-07-31",36.03
"2015-08-03",36.13
"2015-08-04",36.18
"2015-08-05",36.35
"2015-08-06",35.98
"2015-08-07",36.17
"2015-08-10",36.51
"2015-08-11",36.23
"2015-08-12",36.02
"2015-08-13",36.04
"2015-08-14",36.38
"2015-08-17",36.74
"2015-08-18",36.5
"2015-08-19",36.11
"2015-08-20",35.32
"2015-08-21",34.59
"2015-08-24",33.47
"2015-08-25",33.57
"2015-08-26",34.12
"2015-08-27",34.72
"2015-08-28",34.99
"2015-08-31",35.02
"2015-09-01",33.85
"2015-09-02",35.02
"2015-09-03",34.87
"2015-09-04",34.88
"2015-09-08",35.35
"2015-09-09",34.96
"2015-09-10",35.11
"2015-09-11",35.04
"2015-09-14",34.69
"2015-09-15",35.21
"2015-09-16",35.32
"2015-09-17",35.29
"2015-09-18",34.76
"2015-09-21",35.09
"2015-09-22",34.37
"2015-09-23",34.09
"2015-09-24",33.83
"2015-09-25",34.2
"2015-09-28",33.46
"2015-09-29",33.39
"2015-09-30",32.9
"2015-10-01",33.44
"2015-10-02",33.98
"2015-10-05",34.8
"2015-10-06",34.64
"2015-10-07",34.84
"2015-10-08",34.85
"2015-10-09",34.79
"2015-10-12",34.94
"2015-10-13",34.72
"2015-10-14",34.41
"2015-10-15",34.75
"2015-10-16",34.76
"2015-10-19",35.06
"2015-10-20",35.28
"2015-10-21",35.3
"2015-10-22",35.42
"2015-10-23",35.71
"2015-10-26",35.89
"2015-10-27",35.51
"2015-10-28",36.
"2015-10-29",36.07
"2015-10-30",36.21
"2015-11-02",36.73
"2015-11-03",36.61
"2015-11-04",36.65
"2015-11-05",37.07
"2015-11-06",37.1
"2015-11-09",37.04
"2015-11-10",36.91
"2015-11-11",36.53
"2015-11-12",35.82
"2015-11-13",35.68
"2015-11-16",35.81
"2015-11-17",35.92
"2015-11-18",36.4
"2015-11-19",36.6
"2015-11-20",36.7
"2015-11-23",37.2
"2015-11-24",39.13
"2015-11-25",39.58
"2015-11-27",39.67
"2015-11-30",39.47
"2015-12-01",39.36
"2015-12-02",39.25
"2015-12-03",38.84
"2015-12-04",39.04
"2015-12-07",38.99
"2015-12-08",38.96
"2015-12-09",38.81
"2015-12-10",38.86
"2015-12-11",38.28
"2015-12-14",38.32
"2015-12-15",38.71
"2015-12-16",38.69
"2015-12-17",38.38
"2015-12-18",38.11
"2015-12-21",38.56
"2015-12-22",38.79
"2015-12-23",38.9
"2015-12-24",38.29
"2015-12-28",38.37
"2015-12-29",38.82
"2015-12-30",38.12
"2015-12-31",38.01
"2016-01-04",37.67
"2016-01-05",37.74
"2016-01-06",37.05
"2016-01-07",35.66
"2016-01-08",35.09
"2016-01-11",35.13
"2016-01-12",35.17
"2016-01-13",34.51
"2016-01-14",34.78
"2016-01-15",33.71
"2016-01-19",33.3
"2016-01-20",33.15
"2016-01-21",33.01
"2016-01-22",34.07
"2016-01-25",33.47
"2016-01-26",34.17
"2016-01-27",33.13
"2016-01-28",33.23
"2016-01-29",33.51
"2016-02-01",33.54
"2016-02-02",33.11
"2016-02-03",33.34
"2016-02-04",34.11
"2016-02-05",33.18
"2016-02-08",33.53
"2016-02-09",34.11
"2016-02-10",34.28
"2016-02-11",34.3
"2016-02-12",34.89
"2016-02-16",35.53
"2016-02-17",35.93
"2016-02-18",35.75
"2016-02-19",35.99
"2016-02-22",36.21
"2016-02-23",35.97
"2016-02-24",36.77
"2016-02-25",38.09
"2016-02-26",38.51
"2016-02-29",37.75
"2016-03-01",39.39
"2016-03-02",39.51
"2016-03-03",39.89
"2016-03-04",39.64
"2016-03-07",39.91
"2016-03-08",39.71
"2016-03-09",40.14
"2016-03-10",40.09
"2016-03-11",40.4
"2016-03-14",40.5
"2016-03-15",40.48
"2016-03-16",40.95
"2016-03-17",40.74
"2016-03-18",41.66
"2016-03-21",41.38
"2016-03-22",41.12
"2016-03-23",40.68
"2016-03-24",40.67
"2016-03-28",40.42
"2016-03-29",41.3
"2016-03-30",41.61
"2016-03-31",40.77
"2016-04-01",41.19
"2016-04-04",40.69
"2016-04-05",40.52
"2016-04-06",40.91
"2016-04-07",40.46
"2016-04-08",40.54
"2016-04-11",40.92
"2016-04-12",41.61
"2016-04-13",42.11
"2016-04-14",42.17
"2016-04-15",42.17
"2016-04-18",42.19
"2016-04-19",42.47
"2016-04-20",42.84
"2016-04-21",42.16
"2016-04-22",42.29
"2016-04-25",42.23
"2016-04-26",42.4
"2016-04-27",42.75
"2016-04-28",42.82
"2016-04-29",42.84
"2016-05-02",43.01
"2016-05-03",42.49
"2016-05-04",42.69
"2016-05-05",43.
"2016-05-06",42.86
"2016-05-09",43.2
"2016-05-10",43.69
"2016-05-11",43.36
"2016-05-12",43.25
"2016-05-13",42.73
"2016-05-16",43.46
"2016-05-17",43.15
"2016-05-18",43.3
"2016-05-19",42.66
"2016-05-20",43.43
"2016-05-23",43.35
"2016-05-24",44.05
"2016-05-25",43.92
"2016-05-26",48.13
"2016-05-27",48.87
"2016-05-31",49.51
"2016-06-01",49.36
"2016-06-02",49.46
"2016-06-03",48.81
"2016-06-06",49.02
"2016-06-07",49.34
"2016-06-08",49.7
"2016-06-09",49.99
"2016-06-10",49.02
"2016-06-13",48.88
"2016-06-14",48.73
"2016-06-15",48.84
"2016-06-16",48.84
"2016-06-17",48.59
"2016-06-20",49.14
"2016-06-21",48.98
"2016-06-22",48.83
"2016-06-23",49.43
"2016-06-24",47.64
"2016-06-27",46.46
"2016-06-28",46.73
"2016-06-29",48.09
"2016-06-30",49.01
"2016-07-01",49.34
"2016-07-05",49.4
"2016-07-06",49.32
"2016-07-07",48.93
"2016-07-08",49.85
"2016-07-11",50.01
"2016-07-12",50.01
"2016-07-13",49.56
"2016-07-14",49.91
"2016-07-15",49.9
"2016-07-18",49.56
"2016-07-19",49.46
"2016-07-20",49.76
"2016-07-21",49.75
"2016-07-22",50.365
"2016-07-25",50.83
"2016-07-26",50.6
"2016-07-27",51.3
"2016-07-28",50.43
"2016-07-29",50.44
"2016-08-01",51.31
"2016-08-02",50.84
"2016-08-03",50.
"2016-08-04",50.23
"2016-08-05",51.
"2016-08-08",50.4
"2016-08-09",50.42
"2016-08-10",50.93
"2016-08-11",50.68
"2016-08-12",50.62
"2016-08-15",50.84
"2016-08-16",50.74
"2016-08-17",51.19
"2016-08-18",52.07
"2016-08-19",52.17
"2016-08-22",52.8
"2016-08-23",52.95
"2016-08-24",52.7
"2016-08-25",52.19
"2016-08-26",51.58
"2016-08-29",51.69
"2016-08-30",51.14
"2016-08-31",51.02
"2016-09-01",51.23
"2016-09-02",51.68
"2016-09-06",51.33
"2016-09-07",51.15
"2016-09-08",50.61
"2016-09-09",50.01
"2016-09-12",50.45
"2016-09-13",49.75
"2016-09-14",49.73
"2016-09-15",50.31
"2016-09-16",50.06
"2016-09-19",50.74
"2016-09-20",51.41
"2016-09-21",53.5
"2016-09-22",52.87
"2016-09-23",54.05
"2016-09-26",53.65
"2016-09-27",54.05
"2016-09-28",53.92
"2016-09-29",53.02
"2016-09-30",53.56
"2016-10-03",53.86
"2016-10-04",53.42
"2016-10-05",53.49
"2016-10-06",53.69
"2016-10-07",53.47
"2016-10-10",54.2
"2016-10-11",53.65
"2016-10-12",54.13
"2016-10-13",53.88
"2016-10-14",53.98
"2016-10-17",53.95
"2016-10-18",54.12
"2016-10-19",54.46
"2016-10-20",54.04
"2016-10-21",53.5
"2016-10-24",53.45
"2016-10-25",52.97
"2016-10-26",52.49
"2016-10-27",51.75
"2016-10-28",52.54
"2016-10-31",52.47
"2016-11-01",51.93
"2016-11-02",51.81
"2016-11-03",52.05
"2016-11-04",50.79
"2016-11-07",51.87
"2016-11-08",52.49
"2016-11-09",53.34
"2016-11-10",53.26
"2016-11-11",54.07
"2016-11-14",55.18
"2016-11-15",55.17
"2016-11-16",55.8
"2016-11-17",56.64
"2016-11-18",56.06
"2016-11-21",56.24
"2016-11-22",53.73
"2016-11-23",54.51
"2016-11-25",54.63
"2016-11-28",54.32
"2016-11-29",54.54
"2016-11-30",54.72
"2016-12-01",54.69
"2016-12-02",54.39
"2016-12-05",54.58
"2016-12-06",54.82
"2016-12-07",55.93
"2016-12-08",55.73
"2016-12-09",55.35
"2016-12-12",55.77
"2016-12-13",56.17
"2016-12-14",56.02
"2016-12-15",56.13
"2016-12-16",55.85
"2016-12-19",55.9
"2016-12-20",56.55
"2016-12-21",56.26
"2016-12-22",55.37
"2016-12-23",55.55
"2016-12-27",56.01
"2016-12-28",55.55
"2016-12-29",55.53
"2016-12-30",55.41
"2017-01-03",55.72
"2017-01-04",56.46
"2017-01-05",56.4
"2017-01-06",56.68
"2017-01-09",56.53
"2017-01-10",56.71
"2017-01-11",57.31
"2017-01-12",56.84
"2017-01-13",57.4
"2017-01-17",56.55
"2017-01-18",56.66
"2017-01-19",56.52
"2017-01-20",56.95
"2017-01-23",56.38
"2017-01-24",57.38
"2017-01-25",57.61
"2017-01-26",57.07
"2017-01-27",57.02
"2017-01-30",56.93
"2017-01-31",56.74
"2017-02-01",55.96
"2017-02-02",55.66
"2017-02-03",56.53
"2017-02-06",56.52
"2017-02-07",56.83
"2017-02-08",57.19
"2017-02-09",57.82
"2017-02-10",58.17
"2017-02-13",58.7
"2017-02-14",58.6
"2017-02-15",59.28
"2017-02-16",59.83
"2017-02-17",59.01
"2017-02-21",60.3
"2017-02-22",58.45
"2017-02-23",59.4
"2017-02-24",58.99
"2017-02-27",59.52
"2017-02-28",59.14
"2017-03-01",60.01
"2017-03-02",60.12
"2017-03-03",60.49
"2017-03-06",60.64
"2017-03-07",60.63
"2017-03-08",60.57
"2017-03-09",60.45
"2017-03-10",60.56
"2017-03-13",60.59
"2017-03-14",60.41
"2017-03-15",61.08
"2017-03-16",61.27
"2017-03-17",61.49
"2017-03-20",61.8
"2017-03-21",60.76
"2017-03-22",61.21
"2017-03-23",61.41
"2017-03-24",61.32
"2017-03-27",62.08
"2017-03-28",62.4
"2017-03-29",62.3
"2017-03-30",62.08
"2017-03-31",61.93
"2017-04-03",60.8
"2017-04-04",59.96
"2017-04-05",59.68
"2017-04-06",60.01
"2017-04-07",59.68
"2017-04-10",60.11
"2017-04-11",30.12
"2017-04-12",29.83
"2017-04-13",29.65
"2017-04-17",29.92
"2017-04-18",29.82
"2017-04-19",29.98
"2017-04-20",30.23
"2017-04-21",30.24
"2017-04-24",30.68
"2017-04-25",30.86
"2017-04-26",30.99
"2017-04-27",31.18
"2017-04-28",30.9
"2017-05-01",30.64
"2017-05-02",30.65
"2017-05-03",30.27
"2017-05-04",30.52
"2017-05-05",30.65
"2017-05-08",30.5
"2017-05-09",30.41
"2017-05-10",30.17
"2017-05-11",29.92
"2017-05-12",29.89
"2017-05-15",29.98
"2017-05-16",29.97
"2017-05-17",29.18
"2017-05-18",29.34
"2017-05-19",29.31
"2017-05-22",29.7
"2017-05-23",30.02
"2017-05-24",29.98
"2017-05-25",31.41
"2017-05-26",31.05
"2017-05-30",30.89
"2017-05-31",31.19
"2017-06-01",31.79
"2017-06-02",31.72
"2017-06-05",31.29
"2017-06-06",30.98
"2017-06-07",31.16
"2017-06-08",31.07
"2017-06-09",31.35
"2017-06-12",31.44
"2017-06-13",31.57
"2017-06-14",31.5
"2017-06-15",31.45
"2017-06-16",31.24
"2017-06-19",31.58
"2017-06-20",31.18
"2017-06-21",30.99
"2017-06-22",31.27
"2017-06-23",31.54
"2017-06-26",31.45
"2017-06-27",31.28
"2017-06-28",31.51
"2017-06-29",31.41
"2017-06-30",31.79
"2017-07-03",31.81
"2017-07-05",31.63
"2017-07-06",30.43
"2017-07-07",30.97
"2017-07-10",30.83
"2017-07-11",31.09
"2017-07-12",31.2
"2017-07-13",31.19
"2017-07-14",31.09
"2017-07-17",31.12
"2017-07-18",31.11
"2017-07-19",31.41
"2017-07-20",31.51
"2017-07-21",31.55
"2017-07-24",31.81
"2017-07-25",31.89
"2017-07-26",31.72
"2017-07-27",31.88
"2017-07-28",31.95
"2017-07-31",31.49
"2017-08-01",31.65
"2017-08-02",31.235
"2017-08-03",31.01
"2017-08-04",31.3
"2017-08-07",31.08
"2017-08-08",30.7
"2017-08-09",31.45
"2017-08-10",31.17
"2017-08-11",31.07
"2017-08-14",31.81
"2017-08-15",32.075
"2017-08-16",32.23
"2017-08-17",32.01
"2017-08-18",31.88
"2017-08-21",31.9
"2017-08-22",32.13
"2017-08-23",31.79
"2017-08-24",31.78
"2017-08-25",31.71
"2017-08-28",31.39
"2017-08-29",31.45
"2017-08-30",31.88
"2017-08-31",32.69
"2017-09-01",32.64
"2017-09-05",32.49
"2017-09-06",32.4
"2017-09-07",32.13
"2017-09-08",32.35
"2017-09-11",32.6
"2017-09-12",32.37
"2017-09-13",32.8
"2017-09-14",32.46
"2017-09-15",32.52
"2017-09-18",32.86
"2017-09-19",32.54
"2017-09-20",33.86
"2017-09-21",33.8
"2017-09-22",33.74
"2017-09-25",34.03
"2017-09-26",34.24
"2017-09-27",34.61
"2017-09-28",34.29
"2017-09-29",34.37
"2017-10-02",34.55
"2017-10-03",34.65
"2017-10-04",34.78
"2017-10-05",35.18
"2017-10-06",35.24
"2017-10-09",35.39
"2017-10-10",35.56
"2017-10-11",35.84
"2017-10-12",36.11
"2017-10-13",36.32
"2017-10-16",36.27
"2017-10-17",36.39
"2017-10-18",36.43
"2017-10-19",36.41
"2017-10-20",36.48
"2017-10-23",36.15
"2017-10-24",36.16
"2017-10-25",35.75
"2017-10-26",35.91
"2017-10-27",35.88
"2017-10-30",36.04
"2017-10-31",36.29
"2017-11-01",35.84
"2017-11-02",36.5
"2017-11-03",36.41
"2017-11-06",36.22
"2017-11-07",35.75
"2017-11-08",35.9
"2017-11-09",35.62
"2017-11-10",35.85
"2017-11-13",35.88
"2017-11-14",35.88
"2017-11-15",35.95
"2017-11-16",35.94
"2017-11-17",35.55
"2017-11-20",36.31
"2017-11-21",36.7
"2017-11-22",41.01
"2017-11-24",42.46
"2017-11-27",41.77
"2017-11-28",41.79
"2017-11-29",42.13
"2017-11-30",43.16
"2017-12-01",43.01
"2017-12-04",42.99
"2017-12-05",43.52
"2017-12-06",43.39
"2017-12-07",43.88
"2017-12-08",43.96
"2017-12-11",43.9
"2017-12-12",43.7
"2017-12-13",43.91
"2017-12-14",43.8
"2017-12-15",44.11
"2017-12-18",44.38
"2017-12-19",44.04
"2017-12-20",43.8
"2017-12-21",43.41
"2017-12-22",43.35
"2017-12-26",43.34
"2017-12-27",43.29
"2017-12-28",43.2
"2017-12-29",43.19
"2018-01-02",43.595
"2018-01-03",43.39
"2018-01-04",43.74
"2018-01-05",43.53
"2018-01-08",43.55
"2018-01-09",43.48
"2018-01-10",43.52
"2018-01-11",44.5
"2018-01-12",44.85
"2018-01-16",44.32
"2018-01-17",44.33
"2018-01-18",44.6
"2018-01-19",45.67
"2018-01-22",45.42
"2018-01-23",44.99
"2018-01-24",44.72
"2018-01-25",44.98
"2018-01-26",45.34
"2018-01-29",44.79
"2018-01-30",44.4
"2018-01-31",44.07
"2018-02-01",43.62
"2018-02-02",43.44
"2018-02-05",41.71
"2018-02-06",41.76
"2018-02-07",41.74
"2018-02-08",40.75
"2018-02-09",41.54
"2018-02-12",42.83
"2018-02-13",43.19
"2018-02-14",44.9
"2018-02-15",45.74
"2018-02-16",46.47
"2018-02-20",46.83
"2018-02-21",46.11
"2018-02-22",46.2
"2018-02-23",46.77
"2018-02-26",46.92
"2018-02-27",47.67
"2018-02-28",46.81
"2018-03-01",45.95
"2018-03-02",46.16
"2018-03-05",47.5
"2018-03-06",49.04
"2018-03-07",49.53
"2018-03-08",49.1
"2018-03-09",50.11
"2018-03-12",51.11
"2018-03-13",50.78
"2018-03-14",50.71
"2018-03-15",50.3
"2018-03-16",51.04
"2018-03-19",50.45
"2018-03-20",51.26
"2018-03-21",51.25
"2018-03-22",49.87
"2018-03-23",49.73
"2018-03-26",50.93
"2018-03-27",49.99
"2018-03-28",49.83
"2018-03-29",50.93
"2018-04-02",49.8
"2018-04-03",50.32
"2018-04-04",50.66
"2018-04-05",50.75
"2018-04-06",49.66
"2018-04-09",49.89
"2018-04-10",50.6
"2018-04-11",50.42
"2018-04-12",50.84
"2018-04-13",50.39
"2018-04-16",50.33
"2018-04-17",51.3
"2018-04-18",51.83
"2018-04-19",51.86
"2018-04-20",51.5
"2018-04-23",51.94
"2018-04-24",51.17
"2018-04-25",51.34
"2018-04-26",51.42
"2018-04-27",51.63
"2018-04-30",51.08
"2018-05-01",51.66
"2018-05-02",51.8
"2018-05-03",52.28
"2018-05-04",52.82
"2018-05-07",52.44
"2018-05-08",53.2
"2018-05-09",53.8
"2018-05-10",54.26
"2018-05-11",55.26
"2018-05-14",55.61
"2018-05-15",55.39
"2018-05-16",56.12
"2018-05-17",56.29
"2018-05-18",54.07
"2018-05-21",53.97
"2018-05-22",53.
"2018-05-23",52.96
"2018-05-24",52.71
"2018-05-25",54.25
"2018-05-29",55.42
"2018-05-30",56.16
"2018-05-31",54.83
"2018-06-01",55.57
"2018-06-04",56.11
"2018-06-05",57.29
"2018-06-06",57.15
"2018-06-07",57.07
"2018-06-08",57.63
"2018-06-11",57.57
"2018-06-12",57.61
"2018-06-13",57.7
"2018-06-14",58.08
"2018-06-15",58.22
"2018-06-18",58.82
"2018-06-19",59.43
"2018-06-20",60.2
"2018-06-21",59.57
"2018-06-22",59.91
"2018-06-25",58.3
"2018-06-26",56.28
"2018-06-27",55.17
"2018-06-28",56.01
"2018-06-29",56.56
"2018-07-02",56.84
"2018-07-03",57.34
"2018-07-05",57.16
"2018-07-06",58.01
"2018-07-09",58.75
"2018-07-10",58.71
"2018-07-11",58.32
"2018-07-12",58.88
"2018-07-13",59.31
"2018-07-16",58.43
"2018-07-17",59.16
"2018-07-18",59.32
"2018-07-19",59.13
"2018-07-20",58.98
"2018-07-23",58.26
"2018-07-24",57.37
"2018-07-25",58.33
"2018-07-26",58.12
"2018-07-27",56.94
"2018-07-30",56.21
"2018-07-31",57.39
"2018-08-01",57.57
"2018-08-02",57.8
"2018-08-03",57.43
"2018-08-06",58.51
"2018-08-07",59.16
"2018-08-08",59.37
"2018-08-09",60.
"2018-08-10",60.23
"2018-08-13",59.3
"2018-08-14",59.51
"2018-08-15",60.06
"2018-08-16",60.82
"2018-08-17",60.98
"2018-08-20",61.67
"2018-08-21",62.47
"2018-08-22",63.
"2018-08-23",62.99
"2018-08-24",62.73
"2018-08-27",63.79
"2018-08-28",64.07
"2018-08-29",64.12
"2018-08-30",64.39
"2018-08-31",64.31
"2018-09-04",64.9
"2018-09-05",64.68
"2018-09-06",65.1
"2018-09-07",65.53
"2018-09-10",65.91
"2018-09-11",66.45
"2018-09-12",66.24
"2018-09-13",66.03
"2018-09-14",64.83
"2018-09-17",63.73
"2018-09-18",64.17
"2018-09-19",55.58
"2018-09-20",56.13
"2018-09-21",52.58
"2018-09-24",51.42
"2018-09-25",51.52
"2018-09-26",51.65
"2018-09-27",51.12
"2018-09-28",51.53
"2018-10-01",52.63
"2018-10-02",51.23
"2018-10-03",52.76
"2018-10-04",51.74
"2018-10-05",51.89
"2018-10-08",51.26
"2018-10-09",51.46
"2018-10-10",49.96
"2018-10-11",49.05
"2018-10-12",50.38
"2018-10-15",50.22
"2018-10-16",51.08
"2018-10-17",50.99
"2018-10-18",49.76
"2018-10-19",49.28
"2018-10-22",50.48
"2018-10-23",49.85
"2018-10-24",46.33
"2018-10-25",48.41
"2018-10-26",47.26
"2018-10-29",47.04
"2018-10-30",48.5
"2018-10-31",48.91
"2018-11-01",50.16
"2018-11-02",50.29
"2018-11-05",50.36
"2018-11-06",50.03
"2018-11-07",50.8
"2018-11-08",50.44
"2018-11-09",50.27
"2018-11-12",49.27
"2018-11-13",48.82
