"2003-01-31",23.51
"2003-02-03",23.5
"2003-02-04",24.28
"2003-02-05",23.65
"2003-02-06",23.5
"2003-02-07",23.3
"2003-02-10",23.72
"2003-02-11",23.41
"2003-02-12",22.73
"2003-02-13",23.21
"2003-02-14",23.02
"2003-02-18",23.
"2003-02-19",23.15
"2003-02-20",23.6
"2003-02-21",24.18
"2003-02-24",24.73
"2003-02-25",24.7
"2003-02-26",24.57
"2003-02-27",24.13
"2003-02-28",24.07
"2003-03-03",24.4
"2003-03-04",24.55
"2003-03-05",24.44
"2003-03-06",24.8
"2003-03-07",24.35
"2003-03-10",24.75
"2003-03-11",24.71
"2003-03-12",24.25
"2003-03-13",24.2
"2003-03-14",23.87
"2003-03-17",23.76
"2003-03-18",23.87
"2003-03-19",24.
"2003-03-20",24.26
"2003-03-21",23.8
"2003-03-24",23.5
"2003-03-25",23.85
"2003-03-26",23.46
"2003-03-27",24.
"2003-03-28",24.42
"2003-03-31",24.12
"2003-04-01",24.2
"2003-04-02",24.27
"2003-04-03",23.78
"2003-04-04",24.1
"2003-04-07",23.91
"2003-04-08",23.93
"2003-04-09",24.06
"2003-04-10",24.28
"2003-04-11",24.31
"2003-04-14",25.
"2003-04-15",24.74
"2003-04-16",24.4
"2003-04-17",24.74
"2003-04-21",24.94
"2003-04-22",25.4
"2003-04-23",25.51
"2003-04-24",25.29
"2003-04-25",25.2
"2003-04-28",24.71
"2003-04-29",24.59
"2003-04-30",24.5
"2003-05-01",25.07
"2003-05-02",24.9
"2003-05-05",25.05
"2003-05-06",25.
"2003-05-07",24.95
"2003-05-08",25.02
"2003-05-09",25.28
"2003-05-12",25.19
"2003-05-13",25.
"2003-05-14",25.04
"2003-05-15",25.12
"2003-05-16",24.8
"2003-05-19",24.75
"2003-05-20",24.62
"2003-05-21",25.3
"2003-05-22",25.62
"2003-05-23",25.95
"2003-05-27",26.3
"2003-05-28",26.09
"2003-05-29",26.37
"2003-05-30",27.09
"2003-06-02",27.54
"2003-06-03",27.68
"2003-06-04",28.
"2003-06-05",28.42
"2003-06-06",28.82
"2003-06-09",28.54
"2003-06-10",29.41
"2003-06-11",30.12
"2003-06-12",29.46
"2003-06-13",29.04
"2003-06-16",28.66
"2003-06-17",28.35
"2003-06-18",28.03
"2003-06-19",28.3
"2003-06-20",27.7
"2003-06-23",27.95
"2003-06-24",27.87
"2003-06-25",27.8
"2003-06-26",27.75
"2003-06-27",27.9
"2003-06-30",27.61
"2003-07-01",27.71
"2003-07-02",27.75
"2003-07-03",27.67
"2003-07-07",27.34
"2003-07-08",27.11
"2003-07-09",27.64
"2003-07-10",27.16
"2003-07-11",27.09
"2003-07-14",26.95
"2003-07-15",26.6
"2003-07-16",26.15
"2003-07-17",26.15
"2003-07-18",26.69
"2003-07-21",26.2
"2003-07-22",26.35
"2003-07-23",25.87
"2003-07-24",25.8
"2003-07-25",26.01
"2003-07-28",26.1
"2003-07-29",25.49
"2003-07-30",24.99
"2003-07-31",25.05
"2003-08-01",24.75
"2003-08-04",24.31
"2003-08-05",24.32
"2003-08-06",25.01
"2003-08-07",25.07
"2003-08-08",24.8
"2003-08-11",25.63
"2003-08-12",26.22
"2003-08-13",26.47
"2003-08-14",26.4
"2003-08-15",26.61
"2003-08-18",26.75
"2003-08-19",26.89
"2003-08-20",27.
"2003-08-21",27.47
"2003-08-22",27.
"2003-08-25",26.7
"2003-08-26",26.68
"2003-08-27",26.86
"2003-08-28",26.9
"2003-08-29",26.95
"2003-09-02",27.15
"2003-09-03",26.64
"2003-09-04",26.75
"2003-09-05",26.71
"2003-09-08",27.25
"2003-09-09",26.26
"2003-09-10",26.21
"2003-09-11",26.03
"2003-09-12",25.86
"2003-09-15",25.68
"2003-09-16",26.05
"2003-09-17",25.86
"2003-09-18",25.82
"2003-09-19",25.98
"2003-09-22",25.8
"2003-09-23",26.16
"2003-09-24",26.5
"2003-09-25",25.85
"2003-09-26",25.95
"2003-09-29",25.97
"2003-09-30",26.
"2003-10-01",26.59
"2003-10-02",26.82
"2003-10-03",27.35
"2003-10-06",27.48
"2003-10-07",27.55
"2003-10-08",27.22
"2003-10-09",27.1
"2003-10-10",27.15
"2003-10-13",27.2
"2003-10-14",27.2
"2003-10-15",27.06
"2003-10-16",27.06
"2003-10-17",26.9
"2003-10-20",26.88
"2003-10-21",26.87
"2003-10-22",26.71
"2003-10-23",26.44
"2003-10-24",26.12
"2003-10-27",26.08
"2003-10-28",26.
"2003-10-29",26.26
"2003-10-30",25.35
"2003-10-31",25.55
"2003-11-03",26.27
"2003-11-04",26.15
"2003-11-05",26.15
"2003-11-06",26.4
"2003-11-07",26.5
"2003-11-10",26.86
"2003-11-11",25.93
"2003-11-12",26.53
"2003-11-13",26.6
"2003-11-14",26.68
"2003-11-17",26.6
"2003-11-18",26.5
"2003-11-19",26.25
"2003-11-20",25.95
"2003-11-21",26.19
"2003-11-24",26.25
"2003-11-25",26.39
"2003-11-26",26.45
"2003-11-28",26.56
"2003-12-01",27.05
"2003-12-02",27.3
"2003-12-03",27.39
"2003-12-04",28.48
"2003-12-05",28.4
"2003-12-08",29.01
"2003-12-09",28.85
"2003-12-10",29.06
"2003-12-11",29.37
"2003-12-12",29.4
"2003-12-15",29.
"2003-12-16",29.5
"2003-12-17",29.63
"2003-12-18",30.09
"2003-12-19",29.85
"2003-12-22",29.68
"2003-12-23",29.65
"2003-12-24",29.97
"2003-12-26",29.94
"2003-12-29",30.26
"2003-12-30",30.13
"2003-12-31",29.35
"2004-01-02",29.39
"2004-01-05",30.
"2004-01-06",29.95
"2004-01-07",29.95
"2004-01-08",29.99
"2004-01-09",31.25
"2004-01-12",31.48
"2004-01-13",31.56
"2004-01-14",31.73
"2004-01-15",31.
"2004-01-16",30.97
"2004-01-20",31.3
"2004-01-21",31.76
"2004-01-22",31.93
"2004-01-23",32.8
"2004-01-26",32.9
"2004-01-27",32.08
"2004-01-28",31.6
"2004-01-29",30.94
"2004-01-30",30.5
"2004-02-02",30.5
"2004-02-03",30.25
"2004-02-04",29.85
"2004-02-05",29.42
"2004-02-06",30.08
"2004-02-09",30.57
"2004-02-10",31.54
"2004-02-11",31.75
"2004-02-12",32.05
"2004-02-13",32.
"2004-02-17",32.23
"2004-02-18",31.65
"2004-02-19",29.94
"2004-02-20",29.87
"2004-02-23",29.75
"2004-02-24",29.35
"2004-02-25",30.25
"2004-02-26",30.2
"2004-02-27",30.37
"2004-03-01",30.65
"2004-03-02",31.01
"2004-03-03",30.83
"2004-03-04",31.
"2004-03-05",31.52
"2004-03-08",30.5
"2004-03-09",30.68
"2004-03-10",30.1
"2004-03-11",29.75
"2004-03-12",30.45
"2004-03-15",30.3
"2004-03-16",30.43
"2004-03-17",30.6
"2004-03-18",30.9
"2004-03-19",30.65
"2004-03-22",30.1
"2004-03-23",30.03
"2004-03-24",28.76
"2004-03-25",28.95
"2004-03-26",28.93
"2004-03-29",29.92
"2004-03-30",30.12
"2004-03-31",30.56
"2004-04-01",30.13
"2004-04-02",30.78
"2004-04-05",31.
"2004-04-06",30.85
"2004-04-07",31.35
"2004-04-08",32.01
"2004-04-12",32.7
"2004-04-13",32.55
"2004-04-14",32.55
"2004-04-15",34.22
"2004-04-16",34.82
"2004-04-19",35.17
"2004-04-20",34.6
"2004-04-21",34.44
"2004-04-22",35.55
"2004-04-23",35.26
"2004-04-26",36.05
"2004-04-27",36.8
"2004-04-28",35.81
"2004-04-29",34.25
"2004-04-30",35.7
"2004-05-03",36.71
"2004-05-04",36.45
"2004-05-05",36.19
"2004-05-06",36.61
"2004-05-07",36.23
"2004-05-10",34.7
"2004-05-11",35.55
"2004-05-12",36.04
"2004-05-13",35.99
"2004-05-14",36.25
"2004-05-17",35.76
"2004-05-18",35.88
"2004-05-19",35.78
"2004-05-20",36.16
"2004-05-21",35.83
"2004-05-24",36.69
"2004-05-25",38.11
"2004-05-26",37.32
"2004-05-27",36.5
"2004-05-28",36.8
"2004-06-01",38.13
"2004-06-02",37.66
"2004-06-03",37.52
"2004-06-04",37.82
"2004-06-07",38.95
"2004-06-08",38.01
"2004-06-09",37.33
"2004-06-10",38.22
"2004-06-14",38.17
"2004-06-15",39.91
"2004-06-16",40.28
"2004-06-17",40.05
"2004-06-18",40.35
"2004-06-21",40.34
"2004-06-22",40.89
"2004-06-23",42.15
"2004-06-24",41.66
"2004-06-25",41.75
"2004-06-28",41.23
"2004-06-29",41.44
"2004-06-30",42.3
"2004-07-01",42.5
"2004-07-02",42.31
"2004-07-06",42.67
"2004-07-07",42.65
"2004-07-08",42.3
"2004-07-09",41.77
"2004-07-12",41.57
"2004-07-13",42.03
"2004-07-14",42.6
"2004-07-15",42.7
"2004-07-16",42.51
"2004-07-19",43.41
"2004-07-20",42.75
"2004-07-21",41.34
"2004-07-22",41.
"2004-07-23",40.73
"2004-07-26",40.7
"2004-07-27",42.16
"2004-07-28",42.55
"2004-07-29",43.4
"2004-07-30",43.97
"2004-08-02",43.77
"2004-08-03",43.7
"2004-08-04",41.85
"2004-08-05",40.3
"2004-08-06",40.06
"2004-08-09",40.5
"2004-08-10",40.59
"2004-08-11",40.65
"2004-08-12",39.93
"2004-08-13",40.43
"2004-08-16",39.28
"2004-08-17",38.8
"2004-08-18",39.32
"2004-08-19",39.29
"2004-08-20",39.93
"2004-08-23",38.93
"2004-08-24",39.37
"2004-08-25",39.05
"2004-08-26",39.21
"2004-08-27",39.74
"2004-08-30",39.36
"2004-08-31",40.41
"2004-09-01",41.16
"2004-09-02",41.63
"2004-09-03",41.61
"2004-09-07",41.92
"2004-09-08",41.71
"2004-09-09",42.49
"2004-09-10",42.25
"2004-09-13",42.55
"2004-09-14",42.63
"2004-09-15",42.85
"2004-09-16",43.15
"2004-09-17",43.55
"2004-09-20",43.48
"2004-09-21",44.56
"2004-09-22",44.
"2004-09-23",44.36
"2004-09-24",45.07
"2004-09-27",44.1
"2004-09-28",45.08
"2004-09-29",44.58
"2004-09-30",44.9
"2004-10-01",45.23
"2004-10-04",45.55
"2004-10-05",46.5
"2004-10-06",46.98
"2004-10-07",46.56
"2004-10-08",46.39
"2004-10-11",45.65
"2004-10-12",44.99
"2004-10-13",42.41
"2004-10-14",42.95
"2004-10-15",42.95
"2004-10-18",42.15
"2004-10-19",41.99
"2004-10-20",43.21
"2004-10-21",43.29
"2004-10-22",43.49
"2004-10-25",43.09
"2004-10-26",43.36
"2004-10-27",43.03
"2004-10-28",42.12
"2004-10-29",42.31
"2004-11-01",41.9
"2004-11-02",40.9
"2004-11-03",42.75
"2004-11-04",43.32
"2004-11-05",43.3
"2004-11-08",42.87
"2004-11-09",42.8
"2004-11-10",43.76
"2004-11-11",43.6
"2004-11-12",43.9
"2004-11-15",42.87
"2004-11-16",42.13
"2004-11-17",43.12
"2004-11-18",43.24
"2004-11-19",43.87
"2004-11-22",44.82
"2004-11-23",46.43
"2004-11-24",47.2
"2004-11-26",47.81
"2004-11-29",47.92
"2004-11-30",48.38
"2004-12-01",47.46
"2004-12-02",44.65
"2004-12-03",46.1
"2004-12-06",45.6
"2004-12-07",43.51
"2004-12-08",44.49
"2004-12-09",44.15
"2004-12-10",43.5
"2004-12-13",44.61
"2004-12-14",45.52
"2004-12-15",45.63
"2004-12-16",44.79
"2004-12-17",45.6
"2004-12-20",45.33
"2004-12-21",45.55
"2004-12-22",44.55
"2004-12-23",44.45
"2004-12-27",43.46
"2004-12-28",44.1
"2004-12-29",44.09
"2004-12-30",43.68
"2004-12-31",44.25
"2005-01-03",42.91
"2005-01-04",42.27
"2005-01-05",41.75
"2005-01-06",42.34
"2005-01-07",41.67
"2005-01-10",42.05
"2005-01-11",42.16
"2005-01-12",42.76
"2005-01-13",42.75
"2005-01-14",43.21
"2005-01-18",44.48
"2005-01-19",43.6
"2005-01-20",43.69
"2005-01-21",44.54
"2005-01-24",45.
"2005-01-25",45.3
"2005-01-26",46.53
"2005-01-27",46.94
"2005-01-28",46.05
"2005-01-31",47.08
"2005-02-01",49.2
"2005-02-02",50.
"2005-02-03",49.64
"2005-02-04",50.05
"2005-02-07",49.25
"2005-02-08",49.26
"2005-02-09",49.79
"2005-02-10",51.4
"2005-02-11",52.23
"2005-02-14",52.5
"2005-02-15",52.01
"2005-02-16",52.85
"2005-02-17",51.69
"2005-02-18",53.05
"2005-02-22",53.26
"2005-02-23",54.14
"2005-02-24",54.04
"2005-02-25",55.78
"2005-02-28",55.99
"2005-03-01",55.6
"2005-03-02",55.74
"2005-03-03",56.3
"2005-03-04",57.06
"2005-03-07",56.41
"2005-03-08",56.7
"2005-03-09",55.83
"2005-03-10",52.97
"2005-03-11",53.66
"2005-03-14",53.
"2005-03-15",52.05
"2005-03-16",52.53
"2005-03-17",53.75
"2005-03-18",54.7
"2005-03-21",54.35
"2005-03-22",54.55
"2005-03-23",52.01
"2005-03-24",52.65
"2005-03-28",53.79
"2005-03-29",53.
"2005-03-30",53.2
"2005-03-31",55.15
"2005-04-01",37.58
"2005-04-04",37.78
"2005-04-05",37.5
"2005-04-06",38.13
"2005-04-07",37.58
"2005-04-08",36.38
"2005-04-11",36.27
"2005-04-12",34.89
"2005-04-13",33.1
"2005-04-14",33.36
"2005-04-15",32.22
"2005-04-18",32.43
"2005-04-19",33.33
"2005-04-20",32.35
"2005-04-21",33.58
"2005-04-22",33.27
"2005-04-25",33.5
"2005-04-26",32.65
"2005-04-27",32.12
"2005-04-28",30.92
"2005-04-29",29.44
"2005-05-02",29.6
"2005-05-03",29.67
"2005-05-04",30.02
"2005-05-05",30.18
"2005-05-06",30.44
"2005-05-09",30.99
"2005-05-10",30.2
"2005-05-11",30.39
"2005-05-12",28.53
"2005-05-13",28.29
"2005-05-16",28.35
"2005-05-17",30.53
"2005-05-18",29.93
"2005-05-19",30.73
"2005-05-20",29.83
"2005-05-23",30.53
"2005-05-24",30.7
"2005-05-25",30.78
"2005-05-26",30.87
"2005-05-27",31.4
"2005-05-31",31.35
"2005-06-01",33.32
"2005-06-02",33.5
"2005-06-03",33.82
"2005-06-06",33.48
"2005-06-07",33.
"2005-06-08",33.34
"2005-06-09",34.4
"2005-06-10",34.7
"2005-06-13",35.43
"2005-06-14",35.2
"2005-06-15",35.37
"2005-06-16",35.85
"2005-06-17",36.1
"2005-06-20",36.07
"2005-06-21",35.06
"2005-06-22",35.27
"2005-06-23",34.86
"2005-06-24",35.02
"2005-06-27",35.1
"2005-06-28",34.49
"2005-06-29",34.99
"2005-06-30",34.7
"2005-07-01",36.6
"2005-07-05",37.6
"2005-07-06",37.19
"2005-07-07",37.63
"2005-07-08",38.13
"2005-07-11",38.88
"2005-07-12",39.24
"2005-07-13",38.82
"2005-07-14",37.56
"2005-07-15",37.04
"2005-07-18",36.05
"2005-07-19",37.34
"2005-07-20",37.45
"2005-07-21",37.48
"2005-07-22",39.05
"2005-07-25",38.99
"2005-07-26",39.17
"2005-07-27",39.
"2005-07-28",39.06
"2005-07-29",40.52
"2005-08-01",40.87
"2005-08-02",42.55
"2005-08-03",42.05
"2005-08-04",42.66
"2005-08-05",42.25
"2005-08-08",42.58
"2005-08-09",41.91
"2005-08-10",43.23
"2005-08-11",43.8
"2005-08-12",43.48
"2005-08-15",42.73
"2005-08-16",41.31
"2005-08-17",39.81
"2005-08-18",39.51
"2005-08-19",40.73
"2005-08-22",41.44
"2005-08-23",41.39
"2005-08-24",41.93
"2005-08-25",41.78
"2005-08-26",40.88
"2005-08-29",41.41
"2005-08-30",42.36
"2005-08-31",43.19
"2005-09-01",44.03
"2005-09-02",42.77
"2005-09-06",43.94
"2005-09-07",43.57
"2005-09-08",45.09
"2005-09-09",45.8
"2005-09-12",46.08
"2005-09-13",45.53
"2005-09-14",45.46
"2005-09-15",45.78
"2005-09-16",46.08
"2005-09-19",47.35
"2005-09-20",46.77
"2005-09-21",47.16
"2005-09-22",47.16
"2005-09-23",46.16
"2005-09-26",47.63
"2005-09-27",47.44
"2005-09-28",48.82
"2005-09-29",50.81
"2005-09-30",50.51
"2005-10-03",51.54
"2005-10-04",50.14
"2005-10-05",47.18
"2005-10-06",44.36
"2005-10-07",45.4
"2005-10-10",44.42
"2005-10-11",47.5
"2005-10-12",45.7
"2005-10-13",43.92
"2005-10-14",46.23
"2005-10-17",47.12
"2005-10-18",44.9
"2005-10-19",46.1
"2005-10-20",43.02
"2005-10-21",43.4
"2005-10-24",46.36
"2005-10-25",48.4
"2005-10-26",47.96
"2005-10-27",46.
"2005-10-28",46.41
"2005-10-31",45.79
"2005-11-01",45.37
"2005-11-02",45.8
"2005-11-03",46.88
"2005-11-04",44.99
"2005-11-07",43.
"2005-11-08",43.
"2005-11-09",42.78
"2005-11-10",41.04
"2005-11-11",41.21
"2005-11-14",40.76
"2005-11-15",40.48
"2005-11-16",42.52
"2005-11-17",42.13
"2005-11-18",42.19
"2005-11-21",42.98
"2005-11-22",44.37
"2005-11-23",43.7
"2005-11-25",43.89
"2005-11-28",41.52
"2005-11-29",41.68
"2005-11-30",42.21
"2005-12-01",43.88
"2005-12-02",44.31
"2005-12-05",44.29
"2005-12-06",44.81
"2005-12-07",44.09
"2005-12-08",45.8
"2005-12-09",45.07
"2005-12-12",45.95
"2005-12-13",46.93
"2005-12-14",47.91
"2005-12-15",47.03
"2005-12-16",46.54
"2005-12-19",46.36
"2005-12-20",47.55
"2005-12-21",47.89
"2005-12-22",47.68
"2005-12-23",47.18
"2005-12-27",44.93
"2005-12-28",45.87
"2005-12-29",44.87
"2005-12-30",45.1
"2006-01-03",47.59
"2006-01-04",48.66
"2006-01-05",46.92
"2006-01-06",48.
"2006-01-09",48.74
"2006-01-10",49.41
"2006-01-11",50.41
"2006-01-12",49.65
"2006-01-13",49.92
"2006-01-17",50.56
"2006-01-18",49.94
"2006-01-19",52.01
"2006-01-20",51.88
"2006-01-23",51.56
"2006-01-24",51.45
"2006-01-25",49.1
"2006-01-26",49.34
"2006-01-27",49.84
"2006-01-30",50.5
"2006-01-31",51.57
"2006-02-01",50.07
"2006-02-02",48.7
"2006-02-03",48.58
"2006-02-06",49.66
"2006-02-07",47.46
"2006-02-08",46.94
"2006-02-09",44.25
"2006-02-10",44.4
"2006-02-13",43.18
"2006-02-14",44.55
"2006-02-15",45.07
"2006-02-16",46.47
"2006-02-17",46.5
"2006-02-21",47.09
"2006-02-22",46.41
"2006-02-23",46.91
"2006-02-24",47.62
"2006-02-27",46.19
"2006-02-28",45.26
"2006-03-01",46.86
"2006-03-02",48.63
"2006-03-03",49.66
"2006-03-06",46.66
"2006-03-07",45.61
"2006-03-08",45.14
"2006-03-09",44.17
"2006-03-10",44.47
"2006-03-13",45.56
"2006-03-14",46.87
"2006-03-15",47.25
"2006-03-16",48.11
"2006-03-17",47.5
"2006-03-20",45.6
"2006-03-21",45.27
"2006-03-22",46.37
"2006-03-23",47.5
"2006-03-24",47.92
"2006-03-27",48.06
"2006-03-28",48.76
"2006-03-29",49.63
"2006-03-30",49.56
"2006-03-31",47.93
"2006-04-03",49.19
"2006-04-04",48.7
"2006-04-05",48.87
"2006-04-06",50.58
"2006-04-07",49.27
"2006-04-10",50.75
"2006-04-11",49.46
"2006-04-12",49.02
"2006-04-13",49.42
"2006-04-17",50.75
"2006-04-18",52.66
"2006-04-19",53.17
"2006-04-20",51.08
"2006-04-21",52.97
"2006-04-24",51.05
"2006-04-25",50.26
"2006-04-26",49.13
"2006-04-27",48.49
"2006-04-28",49.26
"2006-05-01",49.96
"2006-05-02",51.42
"2006-05-03",51.21
"2006-05-04",51.18
"2006-05-05",52.72
"2006-05-08",53.17
"2006-05-09",54.01
"2006-05-10",54.44
"2006-05-11",52.61
"2006-05-12",49.98
"2006-05-15",48.17
"2006-05-16",48.24
"2006-05-17",46.76
"2006-05-18",45.41
"2006-05-19",45.95
"2006-05-22",44.16
"2006-05-23",43.18
"2006-05-24",42.11
"2006-05-25",43.54
"2006-05-26",44.25
"2006-05-30",42.85
"2006-05-31",43.87
"2006-06-01",44.29
"2006-06-02",45.21
"2006-06-05",43.47
"2006-06-06",43.13
"2006-06-07",41.5
"2006-06-08",41.74
"2006-06-09",40.04
"2006-06-12",39.1
"2006-06-13",38.42
"2006-06-14",39.72
"2006-06-15",41.53
"2006-06-16",42.31
"2006-06-19",40.26
"2006-06-20",40.25
"2006-06-21",41.61
"2006-06-22",41.56
"2006-06-23",44.
"2006-06-26",44.72
"2006-06-27",44.3
"2006-06-28",44.86
"2006-06-29",46.58
"2006-06-30",49.
"2006-07-03",49.14
"2006-07-05",48.65
"2006-07-06",48.
"2006-07-07",47.12
"2006-07-10",47.34
"2006-07-11",48.2
"2006-07-12",47.5
"2006-07-13",46.58
"2006-07-14",46.99
"2006-07-17",45.24
"2006-07-18",45.24
"2006-07-19",46.29
"2006-07-20",45.11
"2006-07-21",44.15
"2006-07-24",46.89
"2006-07-25",49.78
"2006-07-26",52.21
"2006-07-27",50.48
"2006-07-28",51.45
"2006-07-31",52.75
"2006-08-01",53.7
"2006-08-02",54.81
"2006-08-03",54.47
"2006-08-04",54.39
"2006-08-07",55.15
"2006-08-08",54.96
"2006-08-09",54.89
"2006-08-10",54.5
"2006-08-11",54.27
"2006-08-14",53.03
"2006-08-15",54.54
"2006-08-16",53.74
"2006-08-17",52.38
"2006-08-18",53.6
"2006-08-21",53.95
"2006-08-22",54.08
"2006-08-23",52.83
"2006-08-24",54.
"2006-08-25",54.87
"2006-08-28",54.14
"2006-08-29",53.5
"2006-08-30",51.3
"2006-08-31",51.06
"2006-09-01",52.18
"2006-09-05",51.48
"2006-09-06",49.74
"2006-09-07",50.03
"2006-09-08",47.88
"2006-09-11",46.17
"2006-09-12",45.4
"2006-09-13",45.92
"2006-09-14",44.67
"2006-09-15",45.06
"2006-09-18",47.12
"2006-09-19",46.62
"2006-09-20",45.02
"2006-09-21",45.8
"2006-09-22",45.
"2006-09-25",44.96
"2006-09-26",46.1
"2006-09-27",47.
"2006-09-28",47.56
"2006-09-29",47.93
"2006-10-02",46.67
"2006-10-03",44.53
"2006-10-04",44.38
"2006-10-05",45.7
"2006-10-06",46.13
"2006-10-09",46.37
"2006-10-10",47.45
"2006-10-11",47.6
"2006-10-12",48.8
"2006-10-13",49.69
"2006-10-16",51.32
"2006-10-17",50.5
"2006-10-18",49.9
"2006-10-19",51.37
"2006-10-20",51.02
"2006-10-23",51.09
"2006-10-24",53.16
"2006-10-25",52.95
"2006-10-26",52.4
"2006-10-27",52.88
"2006-10-30",52.1
"2006-10-31",52.91
"2006-11-01",51.39
"2006-11-02",51.81
"2006-11-03",54.07
"2006-11-06",54.57
"2006-11-07",53.67
"2006-11-08",54.68
"2006-11-09",54.89
"2006-11-10",54.07
"2006-11-13",55.59
"2006-11-14",56.01
"2006-11-15",57.45
"2006-11-16",57.1
"2006-11-17",58.9
"2006-11-20",59.82
"2006-11-21",60.05
"2006-11-22",60.07
"2006-11-24",59.88
"2006-11-27",58.95
"2006-11-28",59.36
"2006-11-29",61.73
"2006-11-30",62.13
"2006-12-01",62.86
"2006-12-04",62.09
"2006-12-05",62.25
"2006-12-06",62.05
"2006-12-07",64.64
"2006-12-08",64.07
"2006-12-11",64.84
"2006-12-12",64.98
"2006-12-13",65.14
"2006-12-14",65.71
"2006-12-15",64.96
"2006-12-18",63.12
"2006-12-19",64.92
"2006-12-20",64.29
"2006-12-21",62.88
"2006-12-22",61.93
"2006-12-26",61.33
"2006-12-27",61.35
"2006-12-28",61.27
"2006-12-29",60.65
"2007-01-02",60.65
"2007-01-03",57.58
"2007-01-04",56.61
"2007-01-05",57.18
"2007-01-08",58.08
"2007-01-09",57.36
"2007-01-10",56.11
"2007-01-11",56.17
"2007-01-12",58.87
"2007-01-16",58.05
"2007-01-17",58.69
"2007-01-18",58.08
"2007-01-19",59.85
"2007-01-22",60.21
"2007-01-23",62.67
"2007-01-24",63.24
"2007-01-25",61.31
"2007-01-26",62.34
"2007-01-29",62.25
"2007-01-30",63.84
"2007-01-31",64.86
"2007-02-01",65.29
"2007-02-02",64.85
"2007-02-05",65.99
"2007-02-06",65.36
"2007-02-07",64.65
"2007-02-08",65.99
"2007-02-09",65.86
"2007-02-12",64.19
"2007-02-13",65.99
"2007-02-14",65.6
"2007-02-15",65.7
"2007-02-16",67.17
"2007-02-20",67.7
"2007-02-21",69.7
"2007-02-22",70.53
"2007-02-23",70.57
"2007-02-26",70.
"2007-02-27",67.83
"2007-02-28",67.69
"2007-03-01",68.08
"2007-03-02",66.25
"2007-03-05",65.08
"2007-03-06",65.33
"2007-03-07",67.16
"2007-03-08",66.93
"2007-03-09",67.04
"2007-03-12",66.93
"2007-03-13",65.69
"2007-03-14",66.69
"2007-03-15",66.87
"2007-03-16",66.55
"2007-03-19",67.92
"2007-03-20",67.68
"2007-03-21",68.64
"2007-03-22",70.2
"2007-03-23",69.66
"2007-03-26",69.35
"2007-03-27",68.81
"2007-03-28",68.99
"2007-03-29",68.5
"2007-03-30",67.32
"2007-04-02",34.87
"2007-04-03",34.55
"2007-04-04",34.75
"2007-04-05",34.75
"2007-04-09",34.66
"2007-04-10",35.5
"2007-04-11",35.42
"2007-04-12",35.95
"2007-04-13",35.59
"2007-04-16",35.41
"2007-04-17",34.71
"2007-04-18",35.1
"2007-04-19",34.66
"2007-04-20",35.48
"2007-04-23",36.
"2007-04-24",35.92
"2007-04-25",36.7
"2007-04-26",36.79
"2007-04-27",36.88
"2007-04-30",36.42
"2007-05-01",36.94
"2007-05-02",37.61
"2007-05-03",37.57
"2007-05-04",37.6
"2007-05-07",37.59
"2007-05-08",37.62
"2007-05-09",37.
"2007-05-10",36.58
"2007-05-11",37.14
"2007-05-14",37.37
"2007-05-15",37.25
"2007-05-16",37.47
"2007-05-17",38.05
"2007-05-18",38.43
"2007-05-21",38.59
"2007-05-22",39.26
"2007-05-23",38.91
"2007-05-24",38.24
"2007-05-25",38.89
"2007-05-29",38.45
"2007-05-30",39.14
"2007-05-31",39.
"2007-06-01",38.55
"2007-06-04",39.49
"2007-06-05",39.78
"2007-06-06",38.85
"2007-06-07",37.83
"2007-06-08",37.75
"2007-06-11",37.54
"2007-06-12",38.91
"2007-06-13",40.89
"2007-06-14",41.75
"2007-06-15",41.84
"2007-06-18",41.88
"2007-06-19",41.31
"2007-06-20",39.99
"2007-06-21",41.29
"2007-06-22",40.15
"2007-06-25",38.94
"2007-06-26",37.44
"2007-06-27",37.74
"2007-06-28",36.65
"2007-06-29",36.88
"2007-07-02",37.27
"2007-07-03",37.62
"2007-07-05",37.76
"2007-07-06",37.48
"2007-07-09",37.98
"2007-07-10",37.58
"2007-07-11",38.
"2007-07-12",37.53
"2007-07-13",37.83
"2007-07-16",37.14
"2007-07-17",37.19
"2007-07-18",37.41
"2007-07-19",38.39
"2007-07-20",37.14
"2007-07-23",36.77
"2007-07-24",34.96
"2007-07-25",35.18
"2007-07-26",33.93
"2007-07-27",33.64
"2007-07-30",34.36
"2007-07-31",34.2
"2007-08-01",34.52
"2007-08-02",34.54
"2007-08-03",33.2
"2007-08-06",32.82
"2007-08-07",32.78
"2007-08-08",32.75
"2007-08-09",31.87
"2007-08-10",31.59
"2007-08-13",32.69
"2007-08-14",33.29
"2007-08-15",33.06
"2007-08-16",32.34
"2007-08-17",32.98
"2007-08-20",32.64
"2007-08-21",32.49
"2007-08-22",32.6
"2007-08-23",33.31
"2007-08-24",33.65
"2007-08-27",32.84
"2007-08-28",31.55
"2007-08-29",32.73
"2007-08-30",32.04
"2007-08-31",33.34
"2007-09-04",34.08
"2007-09-05",33.98
"2007-09-06",34.07
"2007-09-07",33.17
"2007-09-10",33.26
"2007-09-11",34.45
"2007-09-12",35.6
"2007-09-13",35.56
"2007-09-14",35.69
"2007-09-17",35.33
"2007-09-18",35.95
"2007-09-19",36.44
"2007-09-20",36.78
"2007-09-21",36.54
"2007-09-24",35.64
"2007-09-25",34.98
"2007-09-26",35.
"2007-09-27",34.94
"2007-09-28",35.16
"2007-10-01",35.88
"2007-10-02",36.23
"2007-10-03",35.58
"2007-10-04",36.15
"2007-10-05",37.23
"2007-10-08",36.31
"2007-10-09",37.03
"2007-10-10",36.59
"2007-10-11",36.98
"2007-10-12",37.22
"2007-10-15",38.25
"2007-10-16",37.87
"2007-10-17",38.29
"2007-10-18",39.16
"2007-10-19",37.5
"2007-10-22",36.7
"2007-10-23",36.74
"2007-10-24",37.
"2007-10-25",37.13
"2007-10-26",37.78
"2007-10-29",38.58
"2007-10-30",38.
"2007-10-31",39.69
"2007-11-01",39.3
"2007-11-02",39.54
"2007-11-05",39.21
"2007-11-06",39.14
"2007-11-07",37.82
"2007-11-08",37.92
"2007-11-09",36.84
"2007-11-12",34.75
"2007-11-13",35.23
"2007-11-14",35.14
"2007-11-15",35.14
"2007-11-16",35.27
"2007-11-19",34.16
"2007-11-20",35.05
"2007-11-21",34.
"2007-11-23",35.09
"2007-11-26",34.45
"2007-11-27",33.66
"2007-11-28",33.84
"2007-11-29",34.05
"2007-11-30",34.42
"2007-12-03",34.13
"2007-12-04",33.59
"2007-12-05",34.8
"2007-12-06",36.49
"2007-12-07",36.8
"2007-12-10",37.88
"2007-12-11",36.63
"2007-12-12",37.52
"2007-12-13",36.92
"2007-12-14",37.26
"2007-12-17",37.02
"2007-12-18",37.96
"2007-12-19",38.56
"2007-12-20",39.01
"2007-12-21",39.45
"2007-12-24",39.7
"2007-12-26",40.51
"2007-12-27",39.93
"2007-12-28",40.9
"2007-12-31",40.37
"2008-01-02",41.47
"2008-01-03",42.11
"2008-01-04",41.4
"2008-01-07",41.27
"2008-01-08",40.55
"2008-01-09",41.75
"2008-01-10",42.06
"2008-01-11",41.94
"2008-01-14",43.58
"2008-01-15",42.25
"2008-01-16",40.71
"2008-01-17",38.53
"2008-01-18",39.12
"2008-01-22",38.04
"2008-01-23",37.86
"2008-01-24",38.85
"2008-01-25",37.75
"2008-01-28",38.81
"2008-01-29",38.46
"2008-01-30",38.31
"2008-01-31",38.68
"2008-02-01",39.2
"2008-02-04",39.9
"2008-02-05",38.34
"2008-02-06",37.67
"2008-02-07",38.33
"2008-02-08",41.02
"2008-02-11",42.61
"2008-02-12",42.94
"2008-02-13",43.5
"2008-02-14",46.05
"2008-02-15",46.13
"2008-02-19",47.86
"2008-02-20",49.37
"2008-02-21",48.56
"2008-02-22",48.85
"2008-02-25",50.55
"2008-02-26",51.35
"2008-02-27",49.46
"2008-02-28",51.15
"2008-02-29",49.75
"2008-03-03",50.5
"2008-03-04",50.08
"2008-03-05",51.01
"2008-03-06",50.34
"2008-03-07",49.43
"2008-03-10",48.46
"2008-03-11",48.95
"2008-03-12",48.29
"2008-03-13",50.91
"2008-03-14",53.41
"2008-03-17",48.98
"2008-03-18",51.03
"2008-03-19",46.77
"2008-03-20",45.64
"2008-03-24",47.39
"2008-03-25",49.18
"2008-03-26",51.31
"2008-03-27",50.87
"2008-03-28",50.65
"2008-03-31",50.84
"2008-04-01",51.48
"2008-04-02",53.64
"2008-04-03",53.6
"2008-04-04",54.84
"2008-04-07",55.68
"2008-04-08",56.98
"2008-04-09",58.04
"2008-04-10",57.42
"2008-04-11",57.61
"2008-04-14",57.92
"2008-04-15",59.41
"2008-04-16",61.35
"2008-04-17",60.24
"2008-04-18",61.26
"2008-04-21",61.31
"2008-04-22",59.36
"2008-04-23",57.55
"2008-04-24",56.23
"2008-04-25",58.04
"2008-04-28",57.04
"2008-04-29",56.
"2008-04-30",56.97
"2008-05-01",55.26
"2008-05-02",57.82
"2008-05-05",58.48
"2008-05-06",60.29
"2008-05-07",61.07
"2008-05-08",62.32
"2008-05-09",61.31
"2008-05-12",60.55
"2008-05-13",62.37
"2008-05-14",62.35
"2008-05-15",61.99
"2008-05-16",62.77
"2008-05-19",61.96
"2008-05-20",63.54
"2008-05-21",61.57
"2008-05-22",61.14
"2008-05-23",60.16
"2008-05-27",59.24
"2008-05-28",59.24
"2008-05-29",57.98
"2008-05-30",60.25
"2008-06-02",60.63
"2008-06-03",61.35
"2008-06-04",59.07
"2008-06-05",66.57
"2008-06-06",68.03
"2008-06-09",70.98
"2008-06-10",67.31
"2008-06-11",69.
"2008-06-12",65.77
"2008-06-13",66.42
"2008-06-16",69.21
"2008-06-17",71.11
"2008-06-18",68.24
"2008-06-19",67.1
"2008-06-20",65.4
"2008-06-23",67.56
"2008-06-24",65.03
"2008-06-25",64.1
"2008-06-26",64.63
"2008-06-27",65.19
"2008-06-30",67.73
"2008-07-01",68.58
"2008-07-02",66.21
"2008-07-03",63.42
"2008-07-07",61.52
"2008-07-08",60.1
"2008-07-09",57.53
"2008-07-10",60.94
"2008-07-11",60.19
"2008-07-14",60.55
"2008-07-15",57.32
"2008-07-16",56.09
"2008-07-17",51.2
"2008-07-18",51.61
"2008-07-21",54.05
"2008-07-22",50.02
"2008-07-23",46.94
"2008-07-24",46.26
"2008-07-25",45.3
"2008-07-28",45.63
"2008-07-29",44.12
"2008-07-30",47.33
"2008-07-31",44.01
"2008-08-01",44.86
"2008-08-04",40.42
"2008-08-05",40.94
"2008-08-06",42.81
"2008-08-07",41.5
"2008-08-08",40.69
"2008-08-11",40.31
"2008-08-12",41.79
"2008-08-13",43.66
"2008-08-14",42.45
"2008-08-15",42.64
"2008-08-18",41.42
"2008-08-19",43.67
"2008-08-20",45.
"2008-08-21",45.43
"2008-08-22",42.66
"2008-08-25",42.35
"2008-08-26",44.35
"2008-08-27",45.63
"2008-08-28",44.47
"2008-08-29",44.44
"2008-09-02",40.83
"2008-09-03",39.31
"2008-09-04",38.36
"2008-09-05",39.2
"2008-09-08",38.56
"2008-09-09",34.64
"2008-09-10",36.7
"2008-09-11",37.49
"2008-09-12",38.59
"2008-09-15",35.
"2008-09-16",36.2
"2008-09-17",36.33
"2008-09-18",37.87
"2008-09-19",41.2
"2008-09-22",41.54
"2008-09-23",40.49
"2008-09-24",39.9
"2008-09-25",40.58
"2008-09-26",38.88
"2008-09-29",33.58
"2008-09-30",36.14
"2008-10-01",33.83
"2008-10-02",29.94
"2008-10-03",28.99
"2008-10-06",28.16
"2008-10-07",25.12
"2008-10-08",24.05
"2008-10-09",22.56
"2008-10-10",21.31
"2008-10-13",26.88
"2008-10-14",28.56
"2008-10-15",23.34
"2008-10-16",25.59
"2008-10-17",26.11
"2008-10-20",28.86
"2008-10-21",28.27
"2008-10-22",25.22
"2008-10-23",25.43
"2008-10-24",25.44
"2008-10-27",24.03
"2008-10-28",27.42
"2008-10-29",28.42
"2008-10-30",28.95
"2008-10-31",28.07
"2008-11-03",26.54
"2008-11-04",28.45
"2008-11-05",27.
"2008-11-06",26.57
"2008-11-07",28.91
"2008-11-10",29.2
"2008-11-11",28.15
"2008-11-12",25.46
"2008-11-13",28.61
"2008-11-14",26.54
"2008-11-17",26.37
"2008-11-18",26.71
"2008-11-19",25.64
"2008-11-20",21.63
"2008-11-21",24.33
"2008-11-24",27.04
"2008-11-25",27.63
"2008-11-26",30.74
"2008-11-28",29.97
"2008-12-01",26.38
"2008-12-02",26.25
"2008-12-03",26.1
"2008-12-04",22.14
"2008-12-05",22.29
"2008-12-08",25.37
"2008-12-09",25.82
"2008-12-10",27.84
"2008-12-11",26.63
"2008-12-12",26.78
"2008-12-15",26.45
"2008-12-16",27.52
"2008-12-17",26.9
"2008-12-18",25.34
"2008-12-19",25.9
"2008-12-22",23.77
"2008-12-23",23.57
"2008-12-24",23.29
"2008-12-26",23.93
"2008-12-29",24.9
"2008-12-30",25.67
"2008-12-31",26.
"2009-01-02",27.48
"2009-01-05",29.33
"2009-01-06",29.6
"2009-01-07",27.48
"2009-01-08",27.83
"2009-01-09",26.42
"2009-01-12",25.58
"2009-01-13",26.04
"2009-01-14",24.49
"2009-01-15",24.97
"2009-01-16",25.05
"2009-01-20",22.89
"2009-01-21",25.33
"2009-01-22",24.96
"2009-01-23",26.65
"2009-01-26",27.69
"2009-01-27",27.7
"2009-01-28",28.89
"2009-01-29",28.55
"2009-01-30",27.49
"2009-02-02",26.48
"2009-02-03",26.93
"2009-02-04",27.41
"2009-02-05",28.62
"2009-02-06",29.65
"2009-02-09",30.76
"2009-02-10",29.61
"2009-02-11",28.4
"2009-02-12",28.52
"2009-02-13",25.98
"2009-02-17",23.83
"2009-02-18",22.31
"2009-02-19",22.21
"2009-02-20",21.44
"2009-02-23",20.25
"2009-02-24",20.97
"2009-02-25",20.68
"2009-02-26",20.5
"2009-02-27",20.37
"2009-03-02",18.14
"2009-03-03",19.57
"2009-03-04",20.76
"2009-03-05",20.33
"2009-03-06",20.64
"2009-03-09",20.82
"2009-03-10",21.97
"2009-03-11",21.62
"2009-03-12",23.13
"2009-03-13",22.57
"2009-03-16",22.89
"2009-03-17",24.41
"2009-03-18",24.48
"2009-03-19",26.42
"2009-03-20",25.14
"2009-03-23",27.51
"2009-03-24",27.82
"2009-03-25",27.25
"2009-03-26",26.54
"2009-03-27",25.2
"2009-03-30",23.95
"2009-03-31",23.57
"2009-04-01",24.38
"2009-04-02",25.63
"2009-04-03",27.22
"2009-04-06",27.24
"2009-04-07",26.24
"2009-04-08",27.02
"2009-04-09",28.54
"2009-04-13",27.97
"2009-04-14",27.92
"2009-04-15",27.58
"2009-04-16",28.28
"2009-04-17",29.13
"2009-04-20",26.37
"2009-04-21",27.05
"2009-04-22",26.63
"2009-04-23",27.75
"2009-04-24",28.39
"2009-04-27",28.13
"2009-04-28",28.8
"2009-04-29",31.22
"2009-04-30",30.19
"2009-05-01",32.01
"2009-05-04",34.18
"2009-05-05",33.25
"2009-05-06",34.23
"2009-05-07",32.52
"2009-05-08",34.57
"2009-05-11",33.11
"2009-05-12",32.43
"2009-05-13",30.82
"2009-05-14",31.47
"2009-05-15",30.82
"2009-05-18",32.81
"2009-05-19",32.5
"2009-05-20",31.93
"2009-05-21",30.14
"2009-05-22",29.86
"2009-05-26",31.38
"2009-05-27",31.81
"2009-05-28",34.21
"2009-05-29",35.13
"2009-06-01",36.9
"2009-06-02",36.47
"2009-06-03",33.95
"2009-06-04",35.86
"2009-06-05",35.59
"2009-06-08",35.08
"2009-06-09",36.03
"2009-06-10",36.68
"2009-06-11",36.2
"2009-06-12",35.59
"2009-06-15",34.66
"2009-06-16",32.77
"2009-06-17",32.53
"2009-06-18",32.01
"2009-06-19",31.82
"2009-06-22",29.54
"2009-06-23",29.31
"2009-06-24",29.66
"2009-06-25",30.75
"2009-06-26",30.66
"2009-06-29",30.58
"2009-06-30",30.64
"2009-07-01",31.51
"2009-07-02",30.36
"2009-07-06",28.83
"2009-07-07",28.08
"2009-07-08",27.98
"2009-07-09",29.47
"2009-07-10",29.48
"2009-07-13",30.22
"2009-07-14",31.27
"2009-07-15",32.46
"2009-07-16",33.61
"2009-07-17",33.87
"2009-07-20",34.77
"2009-07-21",35.04
"2009-07-22",35.28
"2009-07-23",37.12
"2009-07-24",36.23
"2009-07-27",35.62
"2009-07-28",35.32
"2009-07-29",34.28
"2009-07-30",35.11
"2009-07-31",35.13
"2009-08-03",36.81
"2009-08-04",36.33
"2009-08-05",35.21
"2009-08-06",35.04
"2009-08-07",35.45
"2009-08-10",35.71
"2009-08-11",35.22
"2009-08-12",35.79
"2009-08-13",36.21
"2009-08-14",35.1
"2009-08-17",33.9
"2009-08-18",34.7
"2009-08-19",35.47
"2009-08-20",36.05
"2009-08-21",37.65
"2009-08-24",37.71
"2009-08-25",36.7
"2009-08-26",36.68
"2009-08-27",36.4
"2009-08-28",36.23
"2009-08-31",35.25
"2009-09-01",34.71
"2009-09-02",34.64
"2009-09-03",34.4
"2009-09-04",34.95
"2009-09-08",36.18
"2009-09-09",36.52
"2009-09-10",37.69
"2009-09-11",37.25
"2009-09-14",37.27
"2009-09-15",38.2
"2009-09-16",39.23
"2009-09-17",38.36
"2009-09-18",37.74
"2009-09-21",37.3
"2009-09-22",38.42
"2009-09-23",36.88
"2009-09-24",36.06
"2009-09-25",33.69
"2009-09-28",35.58
"2009-09-29",35.74
"2009-09-30",35.75
"2009-10-01",34.14
"2009-10-02",34.23
"2009-10-05",34.95
"2009-10-06",36.12
"2009-10-07",35.78
"2009-10-08",37.17
"2009-10-09",36.78
"2009-10-12",37.77
"2009-10-13",38.09
"2009-10-14",39.1
"2009-10-15",39.86
"2009-10-16",39.57
"2009-10-19",39.81
"2009-10-20",39.64
"2009-10-21",40.4
"2009-10-22",39.75
"2009-10-23",38.9
"2009-10-26",38.31
"2009-10-27",42.05
"2009-10-28",39.84
"2009-10-29",41.1
"2009-10-30",38.47
"2009-11-02",38.96
"2009-11-03",39.64
"2009-11-04",39.83
"2009-11-05",40.59
"2009-11-06",40.07
"2009-11-09",41.35
"2009-11-10",41.04
"2009-11-11",41.04
"2009-11-12",39.53
"2009-11-13",39.53
"2009-11-16",40.85
"2009-11-17",40.85
"2009-11-18",39.99
"2009-11-19",38.8
"2009-11-20",38.22
"2009-11-23",38.26
"2009-11-24",38.11
"2009-11-25",39.58
"2009-11-27",39.58
"2009-11-30",38.3
"2009-12-01",39.24
"2009-12-02",38.69
"2009-12-03",37.68
"2009-12-04",38.04
"2009-12-07",38.04
"2009-12-08",37.11
"2009-12-09",36.61
"2009-12-10",37.34
"2009-12-11",38.34
"2009-12-14",38.34
"2009-12-15",41.47
"2009-12-16",42.13
"2009-12-17",42.74
"2009-12-18",43.47
"2009-12-21",44.37
"2009-12-22",44.97
"2009-12-23",45.39
"2009-12-24",45.73
"2009-12-28",45.59
"2009-12-29",44.55
"2009-12-30",44.31
"2009-12-31",43.59
"2010-01-04",46.23
"2010-01-05",46.17
"2010-01-06",45.97
"2010-01-07",45.56
"2010-01-08",45.46
"2010-01-11",44.29
"2010-01-12",43.14
"2010-01-13",43.86
"2010-01-14",43.81
"2010-01-15",42.99
"2010-01-19",43.84
"2010-01-20",43.26
"2010-01-21",42.99
"2010-01-22",41.95
"2010-01-25",42.32
"2010-01-26",41.31
"2010-01-27",39.75
"2010-01-28",39.
"2010-01-29",38.27
"2010-02-01",39.94
"2010-02-02",40.98
"2010-02-03",40.45
"2010-02-04",38.43
"2010-02-05",38.43
"2010-02-08",37.66
"2010-02-09",38.38
"2010-02-10",38.32
"2010-02-11",39.04
"2010-02-12",39.5
"2010-02-16",40.83
"2010-02-17",40.39
"2010-02-18",40.94
"2010-02-19",41.32
"2010-02-22",41.13
"2010-02-23",39.72
"2010-02-24",40.16
"2010-02-25",40.43
"2010-02-26",40.14
"2010-03-01",40.77
"2010-03-02",40.77
"2010-03-03",40.86
"2010-03-04",40.24
"2010-03-05",41.37
"2010-03-08",41.39
"2010-03-09",40.92
"2010-03-10",41.73
"2010-03-11",41.73
"2010-03-12",41.86
"2010-03-15",40.83
"2010-03-16",41.16
"2010-03-17",41.62
"2010-03-18",39.52
"2010-03-19",38.14
"2010-03-22",37.55
"2010-03-23",38.24
"2010-03-24",38.17
"2010-03-25",36.95
"2010-03-26",36.4
"2010-03-29",37.13
"2010-03-30",36.64
"2010-03-31",36.8
"2010-04-01",37.74
"2010-04-05",38.85
"2010-04-06",38.99
"2010-04-07",38.18
"2010-04-08",38.39
"2010-04-09",39.96
"2010-04-12",39.63
"2010-04-13",40.44
"2010-04-14",40.51
"2010-04-15",40.39
"2010-04-16",38.95
"2010-04-19",38.58
"2010-04-20",39.
"2010-04-21",38.98
"2010-04-22",39.49
"2010-04-23",39.9
"2010-04-26",39.43
"2010-04-27",37.55
"2010-04-28",38.21
"2010-04-29",35.75
"2010-04-30",36.13
"2010-05-03",37.26
"2010-05-04",36.42
"2010-05-05",34.8
"2010-05-06",32.8
"2010-05-07",31.88
"2010-05-10",33.68
"2010-05-11",33.13
"2010-05-12",34.3
"2010-05-13",34.2
"2010-05-14",33.83
"2010-05-17",33.01
"2010-05-18",32.9
"2010-05-19",32.88
"2010-05-20",30.74
"2010-05-21",31.36
"2010-05-24",30.33
"2010-05-25",31.5
"2010-05-26",32.41
"2010-05-27",34.81
"2010-05-28",34.69
"2010-06-01",32.93
"2010-06-02",35.32
"2010-06-03",37.17
"2010-06-04",34.97
"2010-06-07",34.54
"2010-06-08",34.49
"2010-06-09",34.18
"2010-06-10",36.36
"2010-06-11",37.01
"2010-06-14",37.01
"2010-06-15",38.41
"2010-06-16",38.22
"2010-06-17",37.4
"2010-06-18",36.43
"2010-06-21",35.92
"2010-06-22",33.18
"2010-06-23",32.91
"2010-06-24",32.49
"2010-06-25",32.93
"2010-06-28",33.37
"2010-06-29",31.58
"2010-06-30",31.32
"2010-07-01",31.28
"2010-07-02",30.93
"2010-07-06",31.19
"2010-07-07",32.34
"2010-07-08",33.61
"2010-07-09",33.49
"2010-07-12",33.16
"2010-07-13",33.5
"2010-07-14",33.5
"2010-07-15",33.32
"2010-07-16",31.87
"2010-07-19",31.91
"2010-07-20",33.22
"2010-07-21",32.74
"2010-07-22",32.77
"2010-07-23",31.84
"2010-07-26",31.7
"2010-07-27",30.45
"2010-07-28",30.01
"2010-07-29",30.53
"2010-07-30",30.47
"2010-08-02",31.29
"2010-08-03",32.27
"2010-08-04",32.76
"2010-08-05",32.5
"2010-08-06",31.85
"2010-08-09",32.33
"2010-08-10",32.22
"2010-08-11",30.97
"2010-08-12",30.77
"2010-08-13",30.69
"2010-08-16",30.18
"2010-08-17",30.31
"2010-08-18",30.15
"2010-08-19",29.59
"2010-08-20",29.28
"2010-08-23",29.52
"2010-08-24",28.68
"2010-08-25",27.97
"2010-08-26",27.92
"2010-08-27",28.69
"2010-08-30",28.18
"2010-08-31",27.84
"2010-09-01",28.78
"2010-09-02",28.9
"2010-09-03",29.28
"2010-09-07",28.58
"2010-09-08",28.61
"2010-09-09",28.45
"2010-09-10",29.12
"2010-09-13",29.3
"2010-09-14",29.32
"2010-09-15",28.82
"2010-09-16",27.82
"2010-09-17",26.99
"2010-09-20",27.67
"2010-09-21",28.02
"2010-09-22",27.43
"2010-09-23",27.99
"2010-09-24",28.69
"2010-09-27",28.4
"2010-09-28",28.71
"2010-09-29",30.2
"2010-09-30",30.11
"2010-10-01",30.56
"2010-10-04",29.77
"2010-10-05",30.72
"2010-10-06",31.53
"2010-10-07",31.34
"2010-10-08",32.04
"2010-10-11",31.53
"2010-10-12",30.66
"2010-10-13",31.17
"2010-10-14",30.71
"2010-10-15",30.52
"2010-10-18",31.05
"2010-10-19",29.9
"2010-10-20",30.46
"2010-10-21",30.43
"2010-10-22",30.88
"2010-10-25",30.92
"2010-10-26",28.66
"2010-10-27",28.68
"2010-10-28",28.27
"2010-10-29",28.98
"2010-11-01",30.16
"2010-11-02",30.54
"2010-11-03",31.03
"2010-11-04",31.86
"2010-11-05",32.21
"2010-11-08",32.54
"2010-11-09",33.84
"2010-11-10",34.72
"2010-11-11",35.26
"2010-11-12",34.37
"2010-11-15",34.26
"2010-11-16",33.48
"2010-11-17",33.36
"2010-11-18",34.42
"2010-11-19",35.83
"2010-11-22",35.89
"2010-11-23",34.8
"2010-11-24",35.23
"2010-11-26",35.01
"2010-11-29",34.88
"2010-11-30",34.97
"2010-12-01",36.
"2010-12-02",36.94
"2010-12-03",37.69
"2010-12-06",37.37
"2010-12-07",37.25
"2010-12-08",36.11
"2010-12-09",35.9
"2010-12-10",35.36
"2010-12-13",36.95
"2010-12-14",36.22
"2010-12-15",36.14
"2010-12-16",36.
"2010-12-17",36.63
"2010-12-20",36.83
"2010-12-21",36.98
"2010-12-22",36.76
"2010-12-23",36.93
"2010-12-27",36.61
"2010-12-28",36.82
"2010-12-29",37.35
"2010-12-30",37.69
"2010-12-31",37.85
"2011-01-03",38.46
"2011-01-04",37.52
"2011-01-05",37.5
"2011-01-06",37.43
"2011-01-07",37.49
"2011-01-10",37.6
"2011-01-11",38.34
"2011-01-12",38.3
"2011-01-13",37.95
"2011-01-14",38.58
"2011-01-18",39.23
"2011-01-19",38.38
"2011-01-20",38.31
"2011-01-21",39.09
"2011-01-24",40.03
"2011-01-25",39.54
"2011-01-26",40.69
"2011-01-27",40.51
"2011-01-28",39.77
"2011-01-31",41.63
"2011-02-01",41.75
"2011-02-02",42.26
"2011-02-03",41.7
"2011-02-04",41.38
"2011-02-07",41.07
"2011-02-08",40.92
"2011-02-09",40.43
"2011-02-10",40.82
"2011-02-11",40.41
"2011-02-14",40.68
"2011-02-15",40.15
"2011-02-16",41.06
"2011-02-17",40.79
"2011-02-18",40.87
"2011-02-22",39.83
"2011-02-23",44.78
"2011-02-24",44.8
"2011-02-25",45.79
"2011-02-28",45.66
"2011-03-01",44.46
"2011-03-02",44.91
"2011-03-03",45.81
"2011-03-04",46.3
"2011-03-07",45.32
"2011-03-08",44.53
"2011-03-09",44.34
"2011-03-10",43.03
"2011-03-11",44.02
"2011-03-14",46.22
"2011-03-15",46.68
"2011-03-16",46.97
"2011-03-17",48.17
"2011-03-18",48.47
"2011-03-21",49.43
"2011-03-22",49.29
"2011-03-23",49.53
"2011-03-24",50.08
"2011-03-25",51.41
"2011-03-28",50.
"2011-03-29",50.72
"2011-03-30",53.39
"2011-03-31",52.97
"2011-04-01",54.03
"2011-04-04",53.87
"2011-04-05",53.79
"2011-04-06",53.22
"2011-04-07",53.36
"2011-04-08",53.13
"2011-04-11",52.37
"2011-04-12",50.94
"2011-04-13",51.88
"2011-04-14",52.56
"2011-04-15",53.5
"2011-04-18",52.26
"2011-04-19",51.79
"2011-04-20",53.26
"2011-04-21",54.67
"2011-04-25",54.58
"2011-04-26",55.55
"2011-04-27",55.69
"2011-04-28",55.66
"2011-04-29",56.28
"2011-05-02",56.19
"2011-05-03",54.41
"2011-05-04",52.65
"2011-05-05",52.02
"2011-05-06",52.29
"2011-05-09",55.18
"2011-05-10",56.13
"2011-05-11",52.91
"2011-05-12",53.24
"2011-05-13",52.94
"2011-05-16",52.8
"2011-05-17",53.49
"2011-05-18",55.25
"2011-05-19",54.07
"2011-05-20",54.66
"2011-05-23",53.04
"2011-05-24",53.47
"2011-05-25",57.25
"2011-05-26",58.08
"2011-05-27",58.12
"2011-05-31",58.75
"2011-06-01",56.1
"2011-06-02",56.25
"2011-06-03",56.56
"2011-06-06",55.02
"2011-06-07",55.91
"2011-06-08",58.31
"2011-06-09",59.33
"2011-06-10",57.83
"2011-06-13",55.82
"2011-06-14",58.94
"2011-06-15",58.23
"2011-06-16",60.43
"2011-06-17",60.34
"2011-06-20",60.47
"2011-06-21",61.86
"2011-06-22",62.31
"2011-06-23",61.49
"2011-06-24",61.45
"2011-06-27",62.61
"2011-06-28",65.75
"2011-06-29",65.92
"2011-06-30",66.31
"2011-07-01",67.21
"2011-07-05",67.16
"2011-07-06",66.49
"2011-07-07",66.59
"2011-07-08",66.48
"2011-07-11",63.4
"2011-07-12",63.32
"2011-07-13",64.43
"2011-07-14",62.6
"2011-07-15",68.43
"2011-07-18",68.58
"2011-07-19",71.08
"2011-07-20",70.27
"2011-07-21",71.36
"2011-07-22",71.93
"2011-07-25",72.31
"2011-07-26",73.03
"2011-07-27",70.96
"2011-07-28",75.83
"2011-07-29",74.08
"2011-08-01",75.26
"2011-08-02",73.49
"2011-08-03",73.14
"2011-08-04",67.51
"2011-08-05",66.87
"2011-08-08",59.3
"2011-08-09",65.64
"2011-08-10",66.7
"2011-08-11",71.2
"2011-08-12",72.22
"2011-08-15",74.
"2011-08-16",71.89
"2011-08-17",72.1
"2011-08-18",67.97
"2011-08-19",66.59
"2011-08-22",66.11
"2011-08-23",70.21
"2011-08-24",70.25
"2011-08-25",69.5
"2011-08-26",71.95
"2011-08-29",73.98
"2011-08-30",76.67
"2011-08-31",75.86
"2011-09-01",75.3
"2011-09-02",74.24
"2011-09-06",75.1
"2011-09-07",77.12
"2011-09-08",74.3
"2011-09-09",70.19
"2011-09-12",69.73
"2011-09-13",69.79
"2011-09-14",70.11
"2011-09-15",69.51
"2011-09-16",70.56
"2011-09-19",72.76
"2011-09-20",71.4
"2011-09-21",70.03
"2011-09-22",64.72
"2011-09-23",61.11
"2011-09-26",64.9
"2011-09-27",66.28
"2011-09-28",63.64
"2011-09-29",64.13
"2011-09-30",61.91
"2011-10-03",58.58
"2011-10-04",61.18
"2011-10-05",64.31
"2011-10-06",65.53
"2011-10-07",63.62
"2011-10-10",67.18
"2011-10-11",65.81
"2011-10-12",64.4
"2011-10-13",64.95
"2011-10-14",68.32
"2011-10-17",68.91
"2011-10-18",69.61
"2011-10-19",68.24
"2011-10-20",68.87
"2011-10-21",70.29
"2011-10-24",70.62
"2011-10-25",66.12
"2011-10-26",66.84
"2011-10-27",78.42
"2011-10-28",80.2
"2011-10-31",77.72
"2011-11-01",77.65
"2011-11-02",80.42
"2011-11-03",82.09
"2011-11-04",83.64
"2011-11-07",83.67
"2011-11-08",83.
"2011-11-09",80.34
"2011-11-10",86.55
"2011-11-11",88.06
"2011-11-14",86.31
"2011-11-15",85.8
"2011-11-16",85.19
"2011-11-17",80.9
"2011-11-18",82.14
"2011-11-21",80.24
"2011-11-22",80.09
"2011-11-23",75.28
"2011-11-25",76.69
"2011-11-28",80.02
"2011-11-29",83.09
"2011-11-30",88.59
"2011-12-01",85.78
"2011-12-02",86.41
"2011-12-05",85.89
"2011-12-06",85.8
"2011-12-07",81.49
"2011-12-08",80.62
"2011-12-09",81.18
"2011-12-12",77.63
"2011-12-13",76.1
"2011-12-14",73.28
"2011-12-15",72.1
"2011-12-16",74.17
"2011-12-19",72.05
"2011-12-20",77.12
"2011-12-21",77.35
"2011-12-22",77.89
"2011-12-23",77.99
"2011-12-27",77.93
"2011-12-28",76.21
"2011-12-29",76.95
"2011-12-30",75.9
"2012-01-03",76.8
"2012-01-04",82.32
"2012-01-05",82.71
"2012-01-06",80.65
"2012-01-09",79.66
"2012-01-10",78.37
"2012-01-11",69.62
"2012-01-12",67.15
"2012-01-13",67.13
"2012-01-17",66.36
"2012-01-18",67.45
"2012-01-19",63.09
"2012-01-20",61.12
"2012-01-23",65.08
"2012-01-24",64.04
"2012-01-25",66.62
"2012-01-26",32.44
"2012-01-27",32.88
"2012-01-30",32.46
"2012-01-31",31.9
"2012-02-01",32.58
"2012-02-02",32.17
"2012-02-03",32.45
"2012-02-06",33.54
"2012-02-07",34.05
"2012-02-08",33.05
"2012-02-09",32.55
"2012-02-10",33.57
"2012-02-13",34.04
"2012-02-14",35.01
"2012-02-15",34.67
"2012-02-16",35.48
"2012-02-17",36.64
"2012-02-21",36.01
"2012-02-22",35.04
"2012-02-23",35.43
"2012-02-24",35.69
"2012-02-27",35.5
"2012-02-28",35.44
"2012-02-29",34.88
"2012-03-01",35.97
"2012-03-02",34.46
"2012-03-05",34.35
"2012-03-06",33.84
"2012-03-07",34.49
"2012-03-08",35.05
"2012-03-09",34.91
"2012-03-12",33.74
"2012-03-13",33.92
"2012-03-14",33.38
"2012-03-15",33.04
"2012-03-16",33.42
"2012-03-19",34.01
"2012-03-20",33.16
"2012-03-21",33.56
"2012-03-22",31.52
"2012-03-23",32.52
"2012-03-26",32.65
"2012-03-27",32.05
"2012-03-28",31.79
"2012-03-29",30.25
"2012-03-30",31.17
"2012-04-02",32.04
"2012-04-03",31.51
"2012-04-04",31.26
"2012-04-05",31.94
"2012-04-09",31.38
"2012-04-10",30.63
"2012-04-11",29.81
"2012-04-12",30.68
"2012-04-13",30.6
"2012-04-16",29.54
"2012-04-17",30.57
"2012-04-18",30.52
"2012-04-19",30.98
"2012-04-20",30.14
"2012-04-23",29.96
"2012-04-24",29.6
"2012-04-25",30.78
"2012-04-26",33.
"2012-04-27",33.79
"2012-04-30",35.14
"2012-05-01",35.93
"2012-05-02",34.75
"2012-05-03",34.58
"2012-05-04",34.37
"2012-05-07",33.85
"2012-05-08",34.12
"2012-05-09",35.98
"2012-05-10",36.17
"2012-05-11",35.51
"2012-05-14",35.22
"2012-05-15",34.
"2012-05-16",34.7
"2012-05-17",33.69
"2012-05-18",34.27
"2012-05-21",35.57
"2012-05-22",35.84
"2012-05-23",36.34
"2012-05-24",35.07
"2012-05-25",34.77
"2012-05-29",34.65
"2012-05-30",32.82
"2012-05-31",32.54
"2012-06-01",31.15
"2012-06-04",31.13
"2012-06-05",32.
"2012-06-06",33.37
"2012-06-07",32.8
"2012-06-08",32.99
"2012-06-11",32.03
"2012-06-12",33.59
"2012-06-13",32.26
"2012-06-14",35.04
"2012-06-15",36.2
"2012-06-18",36.82
"2012-06-19",36.29
"2012-06-20",36.4
"2012-06-21",34.84
"2012-06-22",36.4
"2012-06-25",36.89
"2012-06-26",37.85
"2012-06-27",41.24
"2012-06-28",40.32
"2012-06-29",39.4
"2012-07-02",39.73
"2012-07-03",40.14
"2012-07-05",39.86
"2012-07-06",39.51
"2012-07-09",40.27
"2012-07-10",39.07
"2012-07-11",39.43
"2012-07-12",38.97
"2012-07-13",40.59
"2012-07-16",40.3
"2012-07-17",40.03
"2012-07-18",39.91
"2012-07-19",39.38
"2012-07-20",40.2
"2012-07-23",40.04
"2012-07-24",39.5
"2012-07-25",39.3
"2012-07-26",41.78
"2012-07-27",42.03
"2012-07-30",42.99
"2012-07-31",42.19
"2012-08-01",42.01
"2012-08-02",40.64
"2012-08-03",41.18
"2012-08-06",40.79
"2012-08-07",42.88
"2012-08-08",42.37
"2012-08-09",43.48
"2012-08-10",42.88
"2012-08-13",42.04
"2012-08-14",42.53
"2012-08-15",42.17
"2012-08-16",43.3
"2012-08-17",42.99
"2012-08-20",42.07
"2012-08-21",41.76
"2012-08-22",42.01
"2012-08-23",40.64
"2012-08-24",41.86
"2012-08-27",42.24
"2012-08-28",41.68
"2012-08-29",41.12
"2012-08-30",40.54
"2012-08-31",41.41
"2012-09-04",41.5
"2012-09-05",40.58
"2012-09-06",41.58
"2012-09-07",42.17
"2012-09-10",42.11
"2012-09-11",44.51
"2012-09-12",45.54
"2012-09-13",45.75
"2012-09-14",45.86
"2012-09-17",45.08
"2012-09-18",44.95
"2012-09-19",44.64
"2012-09-20",44.2
"2012-09-21",45.05
"2012-09-24",43.92
"2012-09-25",43.65
"2012-09-26",44.01
"2012-09-27",45.02
"2012-09-28",44.9
"2012-10-01",45.7
"2012-10-02",45.
"2012-10-03",43.82
"2012-10-04",44.26
"2012-10-05",44.28
"2012-10-08",43.9
"2012-10-09",44.15
"2012-10-10",43.97
"2012-10-11",44.35
"2012-10-12",43.86
"2012-10-15",44.29
"2012-10-16",45.6
"2012-10-17",45.76
"2012-10-18",45.05
"2012-10-19",44.48
"2012-10-22",43.84
"2012-10-23",43.73
"2012-10-24",42.94
"2012-10-25",43.15
"2012-10-26",47.46
"2012-10-31",46.98
"2012-11-01",48.01
"2012-11-02",47.55
"2012-11-05",48.06
"2012-11-06",48.79
"2012-11-07",48.13
"2012-11-08",47.6
"2012-11-09",47.55
"2012-11-12",47.82
"2012-11-13",48.35
"2012-11-14",47.99
"2012-11-15",47.64
"2012-11-16",47.97
"2012-11-19",49.09
"2012-11-20",49.25
"2012-11-21",49.46
"2012-11-23",49.88
"2012-11-26",48.09
"2012-11-27",47.8
"2012-11-28",47.9
"2012-11-29",47.75
"2012-11-30",47.1
"2012-12-03",48.1
"2012-12-04",47.57
"2012-12-05",47.64
"2012-12-06",48.79
"2012-12-07",48.84
"2012-12-10",48.03
"2012-12-11",48.07
"2012-12-12",48.59
"2012-12-13",47.02
"2012-12-14",46.79
"2012-12-17",47.75
"2012-12-18",48.72
"2012-12-19",49.62
"2012-12-20",51.07
"2012-12-21",50.83
"2012-12-24",49.95
"2012-12-26",49.44
"2012-12-27",49.75
"2012-12-28",48.83
"2012-12-31",49.74
"2013-01-02",49.23
"2013-01-03",49.89
"2013-01-04",50.11
"2013-01-07",49.71
"2013-01-08",48.96
"2013-01-09",47.53
"2013-01-10",47.76
"2013-01-11",48.1
"2013-01-14",48.64
"2013-01-15",49.44
"2013-01-16",49.59
"2013-01-17",50.16
"2013-01-18",51.38
"2013-01-22",52.57
"2013-01-23",51.93
"2013-01-24",52.63
"2013-01-25",52.85
"2013-01-28",51.8
"2013-01-29",52.75
"2013-01-30",52.5
"2013-01-31",52.78
"2013-02-01",53.18
"2013-02-04",52.55
"2013-02-05",53.48
"2013-02-06",54.4
"2013-02-07",54.27
"2013-02-08",54.9
"2013-02-11",54.66
"2013-02-12",54.7
"2013-02-13",55.46
"2013-02-14",54.96
"2013-02-15",54.31
"2013-02-19",55.52
"2013-02-20",53.69
"2013-02-21",53.86
"2013-02-22",59.81
"2013-02-25",58.5
"2013-02-26",60.76
"2013-02-27",62.57
"2013-02-28",61.97
"2013-03-01",63.4
"2013-03-04",63.11
"2013-03-05",63.09
"2013-03-06",62.22
"2013-03-07",64.67
"2013-03-08",64.6
"2013-03-11",65.97
"2013-03-12",65.2
"2013-03-13",65.76
"2013-03-14",68.26
"2013-03-15",67.06
"2013-03-18",67.84
"2013-03-19",68.07
"2013-03-20",67.86
"2013-03-21",67.6
"2013-03-22",67.68
"2013-03-25",67.42
"2013-03-26",67.75
"2013-03-27",68.01
"2013-03-28",67.61
"2013-04-01",66.77
"2013-04-02",66.65
"2013-04-03",64.75
"2013-04-04",64.64
"2013-04-05",67.96
"2013-04-08",68.64
"2013-04-09",70.33
"2013-04-10",69.55
"2013-04-11",69.8
"2013-04-12",67.7
"2013-04-15",63.53
"2013-04-16",64.79
"2013-04-17",63.96
"2013-04-18",65.72
"2013-04-19",64.6
"2013-04-22",65.8
"2013-04-23",65.9
"2013-04-24",66.92
"2013-04-25",68.2
"2013-04-26",67.33
"2013-04-29",68.18
"2013-04-30",68.05
"2013-05-01",66.19
"2013-05-02",66.17
"2013-05-03",67.31
"2013-05-06",68.07
"2013-05-07",67.82
"2013-05-08",68.12
"2013-05-09",67.66
"2013-05-10",66.84
"2013-05-13",66.66
"2013-05-14",68.5
"2013-05-15",68.53
"2013-05-16",67.73
"2013-05-17",70.28
"2013-05-20",72.28
"2013-05-21",71.11
"2013-05-22",70.57
"2013-05-23",72.3
"2013-05-24",70.96
"2013-05-28",72.49
"2013-05-29",72.19
"2013-05-30",72.17
"2013-05-31",70.36
"2013-06-03",70.94
"2013-06-04",70.42
"2013-06-05",70.24
"2013-06-06",70.58
"2013-06-07",72.31
"2013-06-10",71.64
"2013-06-11",70.52
"2013-06-12",69.45
"2013-06-13",70.57
"2013-06-14",69.54
"2013-06-17",71.31
"2013-06-18",72.17
"2013-06-19",71.47
"2013-06-20",68.94
"2013-06-21",68.
"2013-06-24",69.07
"2013-06-25",70.35
"2013-06-26",71.77
"2013-06-27",70.8
"2013-06-28",71.02
"2013-07-01",70.62
"2013-07-02",71.13
"2013-07-03",71.69
"2013-07-05",71.45
"2013-07-08",71.56
"2013-07-09",71.77
"2013-07-10",71.22
"2013-07-11",70.94
"2013-07-12",70.83
"2013-07-15",70.22
"2013-07-16",69.58
"2013-07-17",69.69
"2013-07-18",72.64
"2013-07-19",73.67
"2013-07-22",72.78
"2013-07-23",72.27
"2013-07-24",71.71
"2013-07-25",76.56
"2013-07-26",77.16
"2013-07-29",76.54
"2013-07-30",76.72
"2013-07-31",75.82
"2013-08-01",77.45
"2013-08-02",77.18
"2013-08-05",77.24
"2013-08-06",77.58
"2013-08-07",75.69
"2013-08-08",75.7
"2013-08-09",76.
"2013-08-12",75.5
"2013-08-13",75.23
"2013-08-14",74.78
"2013-08-15",37.73
"2013-08-16",37.13
"2013-08-19",36.72
"2013-08-20",37.56
"2013-08-21",37.42
"2013-08-22",38.88
"2013-08-23",38.85
"2013-08-26",38.84
"2013-08-27",38.75
"2013-08-28",39.46
"2013-08-29",39.4
"2013-08-30",39.13
"2013-09-03",39.93
"2013-09-04",39.43
"2013-09-05",38.45
"2013-09-06",38.74
"2013-09-09",39.
"2013-09-10",38.62
"2013-09-11",38.88
"2013-09-12",38.04
"2013-09-13",37.52
"2013-09-16",37.6
"2013-09-17",38.21
"2013-09-18",38.38
"2013-09-19",38.07
"2013-09-20",37.71
"2013-09-23",37.25
"2013-09-24",36.73
"2013-09-25",35.57
"2013-09-26",37.12
"2013-09-27",37.11
"2013-09-30",37.32
"2013-10-01",37.1
"2013-10-02",36.18
"2013-10-03",35.69
"2013-10-04",36.32
"2013-10-07",35.82
"2013-10-08",35.09
"2013-10-09",35.43
"2013-10-10",36.22
"2013-10-11",36.75
"2013-10-14",36.78
"2013-10-15",36.37
"2013-10-16",37.47
"2013-10-17",36.34
"2013-10-18",36.12
"2013-10-21",36.06
"2013-10-22",35.87
"2013-10-23",34.79
"2013-10-24",34.84
"2013-10-25",36.98
"2013-10-28",36.88
"2013-10-29",36.61
"2013-10-30",35.43
"2013-10-31",35.32
"2013-11-01",35.04
"2013-11-04",35.11
"2013-11-05",34.92
"2013-11-06",33.89
"2013-11-07",32.63
"2013-11-08",33.6
"2013-11-11",33.52
"2013-11-12",33.51
"2013-11-13",33.88
"2013-11-14",33.16
"2013-11-15",33.33
"2013-11-18",32.87
"2013-11-19",33.09
"2013-11-20",34.08
"2013-11-21",34.74
"2013-11-22",35.14
"2013-11-25",34.8
"2013-11-26",34.41
"2013-11-27",34.48
"2013-11-29",34.45
"2013-12-02",34.68
"2013-12-03",34.54
"2013-12-04",34.42
"2013-12-05",35.87
"2013-12-06",35.2
"2013-12-09",36.82
"2013-12-10",36.36
"2013-12-11",35.73
"2013-12-12",36.57
"2013-12-13",36.12
"2013-12-16",35.82
"2013-12-17",35.82
"2013-12-18",36.41
"2013-12-19",38.31
"2013-12-20",38.43
"2013-12-23",38.57
"2013-12-24",38.93
"2013-12-26",38.56
"2013-12-27",38.73
"2013-12-30",38.72
"2013-12-31",38.76
"2014-01-02",38.17
"2014-01-03",37.95
"2014-01-06",38.2
"2014-01-07",38.87
"2014-01-08",38.75
"2014-01-09",37.44
"2014-01-10",37.5
"2014-01-13",36.44
"2014-01-14",37.36
"2014-01-15",37.62
"2014-01-16",38.16
"2014-01-17",37.48
"2014-01-21",39.09
"2014-01-22",39.91
"2014-01-23",39.81
"2014-01-24",39.55
"2014-01-27",39.07
"2014-01-28",40.39
"2014-01-29",40.49
"2014-01-30",39.72
"2014-01-31",39.98
"2014-02-03",39.46
"2014-02-04",41.61
"2014-02-05",40.42
"2014-02-06",40.26
"2014-02-07",39.32
"2014-02-10",38.71
"2014-02-11",39.25
"2014-02-12",38.61
"2014-02-13",38.83
"2014-02-14",38.86
"2014-02-18",39.66
"2014-02-19",40.07
"2014-02-20",39.28
"2014-02-21",36.07
"2014-02-24",35.65
"2014-02-25",35.53
"2014-02-26",35.37
"2014-02-27",35.38
"2014-02-28",35.
"2014-03-03",34.74
"2014-03-04",34.81
"2014-03-05",34.55
"2014-03-06",34.97
"2014-03-07",35.11
"2014-03-10",35.25
"2014-03-11",35.26
"2014-03-12",35.1
"2014-03-13",34.66
"2014-03-14",33.96
"2014-03-17",33.39
"2014-03-18",33.57
"2014-03-19",33.46
"2014-03-20",33.16
"2014-03-21",32.96
"2014-03-24",32.65
"2014-03-25",32.62
"2014-03-26",32.24
"2014-03-27",33.45
"2014-03-28",33.84
"2014-03-31",33.88
"2014-04-01",34.28
"2014-04-02",34.93
"2014-04-03",35.49
"2014-04-04",34.57
"2014-04-07",34.02
"2014-04-08",34.57
"2014-04-09",34.09
"2014-04-10",32.5
"2014-04-11",32.41
"2014-04-14",32.76
"2014-04-15",32.97
"2014-04-16",34.05
"2014-04-17",34.92
"2014-04-21",35.12
"2014-04-22",35.65
"2014-04-23",36.14
"2014-04-24",37.97
"2014-04-25",38.18
"2014-04-28",38.84
"2014-04-29",39.13
"2014-04-30",39.28
"2014-05-01",39.4
"2014-05-02",38.78
"2014-05-05",38.61
"2014-05-06",38.55
"2014-05-07",38.05
"2014-05-08",37.25
"2014-05-09",36.91
"2014-05-12",37.19
"2014-05-13",37.5
"2014-05-14",37.12
"2014-05-15",37.21
"2014-05-16",36.51
"2014-05-19",36.72
"2014-05-20",36.32
"2014-05-21",36.73
"2014-05-22",36.07
"2014-05-23",35.77
"2014-05-27",36.39
"2014-05-28",35.96
"2014-05-29",36.54
"2014-05-30",36.24
"2014-06-02",35.92
"2014-06-03",36.17
"2014-06-04",35.99
"2014-06-05",36.25
"2014-06-06",36.09
"2014-06-09",35.83
"2014-06-10",35.01
"2014-06-11",34.96
"2014-06-12",35.26
"2014-06-13",34.67
"2014-06-16",34.69
"2014-06-17",34.78
"2014-06-18",34.97
"2014-06-19",34.96
"2014-06-20",34.75
"2014-06-23",35.06
"2014-06-24",33.81
"2014-06-25",34.3
"2014-06-26",34.09
"2014-06-27",34.2
"2014-06-30",34.14
"2014-07-01",34.34
"2014-07-02",35.2
"2014-07-03",34.93
"2014-07-07",34.19
"2014-07-08",34.61
"2014-07-09",34.89
"2014-07-10",34.73
"2014-07-11",33.88
"2014-07-14",34.49
"2014-07-15",34.09
"2014-07-16",34.68
"2014-07-17",33.4
"2014-07-18",33.4
"2014-07-21",33.28
"2014-07-22",33.
"2014-07-23",33.36
"2014-07-24",33.07
"2014-07-25",32.62
"2014-07-28",32.88
"2014-07-29",33.46
"2014-07-30",33.17
"2014-07-31",32.95
"2014-08-01",32.75
"2014-08-04",33.58
"2014-08-05",33.82
"2014-08-06",33.51
"2014-08-07",33.31
"2014-08-08",34.16
"2014-08-11",34.09
"2014-08-12",33.55
"2014-08-13",33.03
"2014-08-14",33.19
"2014-08-15",33.02
"2014-08-18",33.19
"2014-08-19",32.99
"2014-08-20",33.35
"2014-08-21",33.5
"2014-08-22",33.
"2014-08-25",33.49
"2014-08-26",33.28
"2014-08-27",32.91
"2014-08-28",33.37
"2014-08-29",33.54
"2014-09-02",33.35
"2014-09-03",33.76
"2014-09-04",33.81
"2014-09-05",34.05
"2014-09-08",33.45
"2014-09-09",33.75
"2014-09-10",33.84
"2014-09-11",33.45
"2014-09-12",33.01
"2014-09-15",33.22
"2014-09-16",33.75
"2014-09-17",33.76
"2014-09-18",33.2
"2014-09-19",32.97
"2014-09-22",32.51
"2014-09-23",31.59
"2014-09-24",32.1
"2014-09-25",31.43
"2014-09-26",32.15
"2014-09-29",33.01
"2014-09-30",32.69
"2014-10-01",31.81
"2014-10-02",31.52
"2014-10-03",31.28
"2014-10-06",31.24
"2014-10-07",31.13
"2014-10-08",31.32
"2014-10-09",29.84
"2014-10-10",29.34
"2014-10-13",28.53
"2014-10-14",28.48
"2014-10-15",30.3
"2014-10-16",31.18
"2014-10-17",30.95
"2014-10-20",30.82
"2014-10-21",31.48
"2014-10-22",30.49
"2014-10-23",31.44
"2014-10-24",31.23
"2014-10-27",30.55
"2014-10-28",31.63
"2014-10-29",31.6
"2014-10-30",30.39
"2014-10-31",31.1
"2014-11-03",30.81
"2014-11-04",30.73
"2014-11-05",31.73
"2014-11-06",32.7
"2014-11-07",33.62
"2014-11-10",33.2
"2014-11-11",33.59
"2014-11-12",33.47
"2014-11-13",32.7
"2014-11-14",33.62
"2014-11-17",33.53
"2014-11-18",33.27
"2014-11-19",34.04
"2014-11-20",34.71
"2014-11-21",34.44
"2014-11-24",34.62
"2014-11-25",34.2
"2014-11-26",33.42
"2014-11-28",33.04
"2014-12-01",33.2
"2014-12-02",31.42
"2014-12-03",31.36
"2014-12-04",31.1
"2014-12-05",30.81
"2014-12-08",30.15
"2014-12-09",30.36
"2014-12-10",29.51
"2014-12-11",29.53
"2014-12-12",30.09
"2014-12-15",29.8
"2014-12-16",30.22
"2014-12-17",31.66
"2014-12-18",32.44
"2014-12-19",31.78
"2014-12-22",30.53
"2014-12-23",30.6
"2014-12-24",30.21
"2014-12-26",29.88
"2014-12-29",29.86
"2014-12-30",29.77
"2014-12-31",29.61
"2015-01-02",30.1
"2015-01-05",28.45
"2015-01-06",28.05
"2015-01-07",28.29
"2015-01-08",28.86
"2015-01-09",30.05
"2015-01-12",29.36
"2015-01-13",29.66
"2015-01-14",29.51
"2015-01-15",28.78
"2015-01-16",29.04
"2015-01-20",28.82
"2015-01-21",29.02
"2015-01-22",28.58
"2015-01-23",28.48
"2015-01-26",28.71
"2015-01-27",28.48
"2015-01-28",27.07
"2015-01-29",26.58
"2015-01-30",26.5
"2015-02-02",27.36
"2015-02-03",27.51
"2015-02-04",26.63
"2015-02-05",26.66
"2015-02-06",26.83
"2015-02-09",27.22
"2015-02-10",28.16
"2015-02-11",28.09
"2015-02-12",27.92
"2015-02-13",28.1
"2015-02-17",28.08
"2015-02-18",27.52
"2015-02-19",27.71
"2015-02-20",28.06
"2015-02-23",27.58
"2015-02-24",28.4
"2015-02-25",29.91
"2015-02-26",28.9
"2015-02-27",29.
"2015-03-02",29.15
"2015-03-03",29.19
"2015-03-04",28.73
"2015-03-05",28.52
"2015-03-06",27.92
"2015-03-09",27.53
"2015-03-10",26.9
"2015-03-11",27.92
"2015-03-12",27.85
"2015-03-13",28.12
"2015-03-16",28.22
"2015-03-17",28.07
"2015-03-18",28.48
"2015-03-19",28.32
"2015-03-20",28.69
"2015-03-23",28.5
"2015-03-24",28.91
"2015-03-25",29.3
"2015-03-26",28.98
"2015-03-27",28.66
"2015-03-30",29.24
"2015-03-31",29.53
"2015-04-01",30.02
"2015-04-02",30.76
"2015-04-06",30.49
"2015-04-07",30.79
"2015-04-08",30.67
"2015-04-09",31.58
"2015-04-10",31.
"2015-04-13",30.75
"2015-04-14",31.5
"2015-04-15",32.78
"2015-04-16",33.03
"2015-04-17",32.87
"2015-04-20",32.9
"2015-04-21",32.76
"2015-04-22",32.75
"2015-04-23",32.98
"2015-04-24",33.03
"2015-04-27",32.72
"2015-04-28",33.58
"2015-04-29",33.67
"2015-04-30",33.82
"2015-05-01",33.93
"2015-05-04",34.33
"2015-05-05",33.96
"2015-05-06",34.12
"2015-05-07",34.25
"2015-05-08",35.06
"2015-05-11",34.97
"2015-05-12",35.13
"2015-05-13",35.12
"2015-05-14",35.32
"2015-05-15",35.4
"2015-05-18",35.15
"2015-05-19",35.
"2015-05-20",34.95
"2015-05-21",34.99
"2015-05-22",35.1
"2015-05-26",34.7
"2015-05-27",34.63
"2015-05-28",33.85
"2015-05-29",33.96
"2015-06-01",34.14
"2015-06-02",34.17
"2015-06-03",34.14
"2015-06-04",34.11
"2015-06-05",33.85
"2015-06-08",33.81
"2015-06-09",33.89
"2015-06-10",33.95
"2015-06-11",33.97
"2015-06-12",33.8
"2015-06-15",33.9
"2015-06-16",34.09
"2015-06-17",34.11
"2015-06-18",33.58
"2015-06-19",33.11
"2015-06-22",33.21
"2015-06-23",32.62
"2015-06-24",32.32
"2015-06-25",31.91
"2015-06-26",31.98
"2015-06-29",31.47
"2015-06-30",31.54
"2015-07-01",31.
"2015-07-02",31.03
"2015-07-06",30.6
"2015-07-07",30.51
"2015-07-08",29.59
"2015-07-09",29.58
"2015-07-10",29.3
"2015-07-13",29.73
"2015-07-14",29.9
"2015-07-15",29.41
"2015-07-16",29.51
"2015-07-17",29.01
"2015-07-20",28.69
"2015-07-21",28.44
"2015-07-22",27.91
"2015-07-23",27.6
"2015-07-24",26.5
"2015-07-27",26.44
"2015-07-28",26.8
"2015-07-29",26.4
"2015-07-30",26.02
"2015-07-31",26.16
"2015-08-03",25.54
"2015-08-04",25.5
"2015-08-05",25.32
"2015-08-06",25.41
"2015-08-07",24.9
"2015-08-10",25.84
"2015-08-11",26.07
"2015-08-12",27.02
"2015-08-13",26.97
"2015-08-14",26.98
"2015-08-17",26.78
"2015-08-18",26.62
"2015-08-19",25.82
"2015-08-20",24.86
"2015-08-21",24.39
"2015-08-24",22.
"2015-08-25",21.3
"2015-08-26",21.67
"2015-08-27",23.08
"2015-08-28",23.3
"2015-08-31",23.67
"2015-09-01",23.03
"2015-09-02",23.32
"2015-09-03",23.41
"2015-09-04",22.78
"2015-09-08",22.85
"2015-09-09",22.5
"2015-09-10",23.05
"2015-09-11",23.15
"2015-09-14",22.26
"2015-09-15",22.77
"2015-09-16",23.72
"2015-09-17",23.7
"2015-09-18",23.49
"2015-09-21",23.91
"2015-09-22",23.92
"2015-09-23",23.58
"2015-09-24",24.12
"2015-09-25",23.82
"2015-09-28",22.7
"2015-09-29",21.54
"2015-09-30",21.86
"2015-10-01",21.22
"2015-10-02",21.92
"2015-10-05",22.9
"2015-10-06",23.5
"2015-10-07",23.25
"2015-10-08",23.15
"2015-10-09",23.24
"2015-10-12",22.93
"2015-10-13",22.35
"2015-10-14",22.94
"2015-10-15",23.72
"2015-10-16",23.21
"2015-10-19",23.11
"2015-10-20",23.44
"2015-10-21",22.34
"2015-10-22",22.09
"2015-10-23",21.1
"2015-10-26",20.83
"2015-10-27",21.14
"2015-10-28",21.82
"2015-10-29",21.53
"2015-10-30",21.71
"2015-11-02",22.29
"2015-11-03",22.04
"2015-11-04",22.42
"2015-11-05",22.64
"2015-11-06",22.3
"2015-11-09",22.57
"2015-11-10",22.64
"2015-11-11",20.88
"2015-11-12",20.33
"2015-11-13",20.74
"2015-11-16",22.56
"2015-11-17",21.
"2015-11-18",20.87
"2015-11-19",20.5
"2015-11-20",19.88
"2015-11-23",19.38
"2015-11-24",19.2
"2015-11-25",19.34
"2015-11-27",19.08
"2015-11-30",18.83
"2015-12-01",18.6
"2015-12-02",17.93
"2015-12-03",17.13
"2015-12-04",17.22
"2015-12-07",16.8
"2015-12-08",17.56
"2015-12-09",17.37
"2015-12-10",17.68
"2015-12-11",16.1
"2015-12-14",15.65
"2015-12-15",15.03
"2015-12-16",15.39
"2015-12-17",15.35
"2015-12-18",15.49
"2015-12-21",16.24
"2015-12-22",16.52
"2015-12-23",17.64
"2015-12-24",17.7
"2015-12-28",17.24
"2015-12-29",17.7
"2015-12-30",17.01
"2015-12-31",17.69
"2016-01-04",17.59
"2016-01-05",17.57
"2016-01-06",16.02
"2016-01-07",16.58
"2016-01-08",17.2
"2016-01-11",16.
"2016-01-12",15.48
"2016-01-13",15.7
"2016-01-14",16.31
"2016-01-15",16.41
"2016-01-19",16.43
"2016-01-20",17.15
"2016-01-21",18.65
"2016-01-22",19.54
"2016-01-25",18.4
"2016-01-26",19.43
"2016-01-27",19.52
"2016-01-28",19.39
"2016-01-29",20.75
"2016-02-01",20.56
"2016-02-02",20.39
"2016-02-03",21.17
"2016-02-04",20.9
"2016-02-05",20.66
"2016-02-08",20.92
"2016-02-09",19.59
"2016-02-10",19.75
"2016-02-11",19.87
"2016-02-12",19.75
"2016-02-16",19.26
"2016-02-17",20.49
"2016-02-18",19.55
"2016-02-19",19.91
"2016-02-22",21.54
"2016-02-23",19.26
"2016-02-24",19.71
"2016-02-25",19.41
"2016-02-26",20.44
"2016-02-29",20.13
"2016-03-01",20.99
"2016-03-02",22.05
"2016-03-03",22.17
"2016-03-04",21.47
"2016-03-07",22.39
"2016-03-08",21.37
"2016-03-09",21.25
"2016-03-10",21.91
"2016-03-11",21.96
"2016-03-14",22.1
"2016-03-15",22.58
"2016-03-16",22.94
"2016-03-17",22.76
"2016-03-18",22.77
"2016-03-21",21.79
"2016-03-22",21.77
"2016-03-23",21.47
"2016-03-24",21.97
"2016-03-28",22.06
"2016-03-29",22.64
"2016-03-30",22.71
"2016-03-31",22.71
"2016-04-01",22.51
"2016-04-04",22.7
"2016-04-05",22.32
"2016-04-06",22.35
"2016-04-07",23.27
"2016-04-08",23.48
"2016-04-11",22.91
"2016-04-12",23.79
"2016-04-13",23.2
"2016-04-14",22.81
"2016-04-15",23.03
"2016-04-18",23.41
"2016-04-19",23.48
"2016-04-20",23.52
"2016-04-21",22.83
"2016-04-22",23.26
"2016-04-25",22.29
"2016-04-26",22.81
"2016-04-27",24.07
"2016-04-28",23.58
"2016-04-29",23.4
"2016-05-02",24.24
"2016-05-03",23.88
"2016-05-04",23.84
"2016-05-05",24.19
"2016-05-06",23.81
"2016-05-09",24.01
"2016-05-10",24.62
"2016-05-11",24.49
"2016-05-12",24.4
"2016-05-13",23.81
"2016-05-16",23.77
"2016-05-17",23.87
"2016-05-18",23.17
"2016-05-19",23.19
"2016-05-20",23.17
"2016-05-23",23.34
"2016-05-24",23.3
"2016-05-25",23.99
"2016-05-26",23.69
"2016-05-27",23.61
"2016-05-31",23.97
"2016-06-01",24.67
"2016-06-02",24.74
"2016-06-03",24.23
"2016-06-06",24.51
"2016-06-07",25.43
"2016-06-08",25.03
"2016-06-09",25.9
"2016-06-10",25.05
"2016-06-13",25.09
"2016-06-14",24.65
"2016-06-15",24.54
"2016-06-16",24.4
"2016-06-17",24.66
"2016-06-20",25.13
"2016-06-21",25.47
"2016-06-22",25.23
"2016-06-23",25.25
"2016-06-24",24.74
"2016-06-27",24.06
"2016-06-28",25.99
"2016-06-29",25.39
"2016-06-30",25.74
"2016-07-01",25.83
"2016-07-05",25.37
"2016-07-06",25.84
"2016-07-07",25.42
"2016-07-08",25.44
"2016-07-11",25.6
"2016-07-12",25.91
"2016-07-13",25.7
"2016-07-14",25.21
"2016-07-15",25.06
"2016-07-18",25.35
"2016-07-19",24.94
"2016-07-20",24.5
"2016-07-21",24.21
"2016-07-22",24.38
"2016-07-25",23.57
"2016-07-26",23.56
"2016-07-27",23.62
"2016-07-28",23.85
"2016-07-29",24.67
"2016-08-01",23.73
"2016-08-02",24.
"2016-08-03",24.42
"2016-08-04",24.42
"2016-08-05",24.56
"2016-08-08",25.
"2016-08-09",24.19
"2016-08-10",24.01
"2016-08-11",24.56
"2016-08-12",25.08
"2016-08-15",25.41
"2016-08-16",25.08
"2016-08-17",25.01
"2016-08-18",26.06
"2016-08-19",25.96
"2016-08-22",25.74
"2016-08-23",26.01
"2016-08-24",25.61
"2016-08-25",25.4
"2016-08-26",25.23
"2016-08-29",25.16
"2016-08-30",24.84
"2016-08-31",24.63
"2016-09-01",24.46
"2016-09-02",24.41
"2016-09-06",24.77
"2016-09-07",25.25
"2016-09-08",26.5
"2016-09-09",26.06
"2016-09-12",26.3
"2016-09-13",25.21
"2016-09-14",25.09
"2016-09-15",25.04
"2016-09-16",24.3
"2016-09-19",24.35
"2016-09-20",24.52
"2016-09-21",25.24
"2016-09-22",25.57
"2016-09-23",25.51
"2016-09-26",25.12
"2016-09-27",24.34
"2016-09-28",25.49
"2016-09-29",25.47
"2016-09-30",25.8
"2016-10-03",25.71
"2016-10-04",25.21
"2016-10-05",25.69
"2016-10-06",25.52
"2016-10-07",24.77
"2016-10-10",24.16
"2016-10-11",23.64
"2016-10-12",23.86
"2016-10-13",22.75
"2016-10-14",22.55
"2016-10-17",21.93
"2016-10-18",22.11
"2016-10-19",21.58
"2016-10-20",22.06
"2016-10-21",21.37
"2016-10-24",21.11
"2016-10-25",20.63
"2016-10-26",20.93
"2016-10-27",21.65
"2016-10-28",20.52
"2016-10-31",20.88
"2016-11-01",20.54
"2016-11-02",20.26
"2016-11-03",20.14
"2016-11-04",20.05
"2016-11-07",20.57
"2016-11-08",20.41
"2016-11-09",21.96
"2016-11-10",21.5
"2016-11-11",21.33
"2016-11-14",21.89
"2016-11-15",22.28
"2016-11-16",21.68
"2016-11-17",21.63
"2016-11-18",21.95
"2016-11-21",23.1
"2016-11-22",22.65
"2016-11-23",23.3
"2016-11-25",22.86
"2016-11-28",22.75
"2016-11-29",23.06
"2016-11-30",22.12
"2016-12-01",22.83
"2016-12-02",22.66
"2016-12-05",23.63
"2016-12-06",23.57
"2016-12-07",23.73
"2016-12-08",24.46
"2016-12-09",23.91
"2016-12-12",23.25
"2016-12-13",23.44
"2016-12-14",22.8
"2016-12-15",22.64
"2016-12-16",21.79
"2016-12-19",21.84
"2016-12-20",21.82
"2016-12-21",22.44
"2016-12-22",22.3
"2016-12-23",22.79
"2016-12-27",23.15
"2016-12-28",22.92
"2016-12-29",22.74
"2016-12-30",23.36
"2017-01-03",22.34
"2017-01-04",22.37
"2017-01-05",22.64
"2017-01-06",22.89
"2017-01-09",22.09
"2017-01-10",22.17
"2017-01-11",22.06
"2017-01-12",22.27
"2017-01-13",21.92
"2017-01-17",21.71
"2017-01-18",21.67
"2017-01-19",22.48
"2017-01-20",22.13
"2017-01-23",22.18
"2017-01-24",22.97
"2017-01-25",22.93
"2017-01-26",23.16
"2017-01-27",22.55
"2017-01-30",21.26
"2017-01-31",21.48
"2017-02-01",20.77
"2017-02-02",21.45
"2017-02-03",21.43
"2017-02-06",23.73
"2017-02-07",23.57
"2017-02-08",23.6
"2017-02-09",24.23
"2017-02-10",24.07
"2017-02-13",23.95
"2017-02-14",24.24
"2017-02-15",23.89
"2017-02-16",23.12
"2017-02-17",23.11
"2017-02-21",22.93
"2017-02-22",22.6
"2017-02-23",22.53
"2017-02-24",22.45
"2017-02-27",22.17
"2017-02-28",21.9
"2017-03-01",22.61
"2017-03-02",22.36
"2017-03-03",22.36
"2017-03-06",23.15
"2017-03-07",22.93
"2017-03-08",22.53
"2017-03-09",22.87
"2017-03-10",22.71
"2017-03-13",22.87
"2017-03-14",22.31
"2017-03-15",22.66
"2017-03-16",22.27
"2017-03-17",22.35
"2017-03-20",22.7
"2017-03-21",22.62
"2017-03-22",22.25
"2017-03-23",22.85
"2017-03-24",23.18
"2017-03-27",23.2
"2017-03-28",23.55
"2017-03-29",24.14
"2017-03-30",23.24
"2017-03-31",23.91
"2017-04-03",24.01
"2017-04-04",24.58
"2017-04-05",24.44
"2017-04-06",24.99
"2017-04-07",24.41
"2017-04-10",24.63
"2017-04-11",24.62
"2017-04-12",24.45
"2017-04-13",24.
"2017-04-17",24.2
"2017-04-18",24.11
"2017-04-19",23.99
"2017-04-20",24.47
"2017-04-21",24.08
"2017-04-24",23.73
"2017-04-25",24.41
"2017-04-26",24.31
"2017-04-27",24.12
"2017-04-28",23.24
"2017-05-01",23.8
"2017-05-02",24.13
"2017-05-03",24.25
"2017-05-04",23.48
"2017-05-05",24.17
"2017-05-08",23.71
"2017-05-09",23.82
"2017-05-10",24.88
"2017-05-11",24.81
"2017-05-12",24.34
"2017-05-15",24.26
"2017-05-16",23.82
"2017-05-17",23.22
"2017-05-18",23.07
"2017-05-19",23.48
"2017-05-22",23.48
"2017-05-23",23.55
"2017-05-24",22.82
"2017-05-25",22.85
"2017-05-26",22.96
"2017-05-30",22.46
"2017-05-31",22.19
"2017-06-01",22.15
"2017-06-02",21.59
"2017-06-05",21.5
"2017-06-06",22.
"2017-06-07",22.1
"2017-06-08",22.32
"2017-06-09",22.88
"2017-06-12",22.78
"2017-06-13",23.37
"2017-06-14",23.1
"2017-06-15",23.34
"2017-06-16",23.12
"2017-06-19",22.59
"2017-06-20",22.4
"2017-06-21",22.35
"2017-06-22",22.86
"2017-06-23",23.74
"2017-06-26",24.3
"2017-06-27",24.5
"2017-06-28",24.48
"2017-06-29",24.82
"2017-06-30",25.08
"2017-07-03",25.13
"2017-07-05",24.9
"2017-07-06",24.26
"2017-07-07",24.26
"2017-07-10",24.67
"2017-07-11",24.89
"2017-07-12",25.09
"2017-07-13",25.42
"2017-07-14",25.35
"2017-07-17",25.43
"2017-07-18",24.82
"2017-07-19",25.17
"2017-07-20",25.
"2017-07-21",24.98
"2017-07-24",24.78
"2017-07-25",25.12
"2017-07-26",25.16
"2017-07-27",25.18
"2017-07-28",25.5
"2017-07-31",24.87
"2017-08-01",25.36
"2017-08-02",24.57
"2017-08-03",24.57
"2017-08-04",24.71
"2017-08-07",24.37
"2017-08-08",24.57
"2017-08-09",24.83
"2017-08-10",24.58
"2017-08-11",24.61
"2017-08-14",24.45
"2017-08-15",24.59
"2017-08-16",24.54
"2017-08-17",24.53
"2017-08-18",24.39
"2017-08-21",24.5
"2017-08-22",24.98
"2017-08-23",24.9
"2017-08-24",24.98
"2017-08-25",24.85
"2017-08-28",24.76
"2017-08-29",24.87
"2017-08-30",24.79
"2017-08-31",25.55
"2017-09-01",26.87
"2017-09-05",26.96
"2017-09-06",26.92
"2017-09-07",26.64
"2017-09-08",25.97
"2017-09-11",26.03
"2017-09-12",26.33
"2017-09-13",26.41
"2017-09-14",26.74
"2017-09-15",26.81
"2017-09-18",26.52
"2017-09-19",26.21
"2017-09-20",26.29
"2017-09-21",26.41
"2017-09-22",26.58
"2017-09-25",26.8
"2017-09-26",26.87
"2017-09-27",26.83
"2017-09-28",26.82
"2017-09-29",26.75
"2017-10-02",26.77
"2017-10-03",26.58
"2017-10-04",26.43
"2017-10-05",26.39
"2017-10-06",25.71
"2017-10-09",25.44
"2017-10-10",25.36
"2017-10-11",25.51
"2017-10-12",26.
"2017-10-13",26.
"2017-10-16",25.69
"2017-10-17",25.88
"2017-10-18",25.62
"2017-10-19",25.48
"2017-10-20",25.53
"2017-10-23",25.23
"2017-10-24",24.92
"2017-10-25",24.42
"2017-10-26",24.65
"2017-10-27",26.75
"2017-10-30",27.19
"2017-10-31",27.7
"2017-11-01",27.91
"2017-11-02",28.26
"2017-11-03",28.23
"2017-11-06",28.78
"2017-11-07",27.84
"2017-11-08",27.82
"2017-11-09",28.56
"2017-11-10",28.99
"2017-11-13",29.06
"2017-11-14",28.46
"2017-11-15",28.45
"2017-11-16",28.74
"2017-11-17",29.39
"2017-11-20",29.01
"2017-11-21",29.07
"2017-11-22",29.44
"2017-11-24",29.25
"2017-11-27",29.14
"2017-11-28",29.1
"2017-11-29",29.17
"2017-11-30",28.95
"2017-12-01",28.68
"2017-12-04",28.57
"2017-12-05",28.33
"2017-12-06",28.05
"2017-12-07",27.78
"2017-12-08",27.75
"2017-12-11",28.33
"2017-12-12",27.6
"2017-12-13",27.76
"2017-12-14",27.26
"2017-12-15",26.64
"2017-12-18",27.09
"2017-12-19",26.82
"2017-12-20",26.97
"2017-12-21",27.72
"2017-12-22",27.59
"2017-12-26",28.1
"2017-12-27",28.13
"2017-12-28",28.54
"2017-12-29",28.6
"2018-01-02",28.9
"2018-01-03",29.03
"2018-01-04",28.91
"2018-01-05",28.76
"2018-01-08",28.91
"2018-01-09",29.12
"2018-01-10",27.96
"2018-01-11",28.4
"2018-01-12",28.88
"2018-01-16",28.03
"2018-01-17",27.98
"2018-01-18",27.57
"2018-01-19",27.51
"2018-01-22",28.11
"2018-01-23",28.36
"2018-01-24",28.11
"2018-01-25",27.62
"2018-01-26",27.83
"2018-01-29",27.06
"2018-01-30",26.69
"2018-01-31",26.35
"2018-02-01",26.2
"2018-02-02",25.19
"2018-02-05",24.08
"2018-02-06",24.6
"2018-02-07",23.37
"2018-02-08",23.01
"2018-02-09",23.64
"2018-02-12",23.84
"2018-02-13",23.73
"2018-02-14",24.
"2018-02-15",24.05
"2018-02-16",23.89
"2018-02-20",23.92
"2018-02-21",23.25
"2018-02-22",23.88
"2018-02-23",24.46
"2018-02-26",24.94
"2018-02-27",24.24
"2018-02-28",24.16
"2018-03-01",24.92
"2018-03-02",25.26
"2018-03-05",25.31
"2018-03-06",25.19
"2018-03-07",25.41
"2018-03-08",24.95
"2018-03-09",25.52
"2018-03-12",25.52
"2018-03-13",25.64
"2018-03-14",25.57
"2018-03-15",25.05
"2018-03-16",24.99
"2018-03-19",24.41
"2018-03-20",24.07
"2018-03-21",24.39
"2018-03-22",23.96
"2018-03-23",23.51
"2018-03-26",23.97
"2018-03-27",23.79
"2018-03-28",23.72
"2018-03-29",23.98
"2018-04-02",23.15
"2018-04-03",23.54
"2018-04-04",23.71
"2018-04-05",23.94
"2018-04-06",23.17
"2018-04-09",22.95
"2018-04-10",23.55
"2018-04-11",23.5
"2018-04-12",23.56
"2018-04-13",23.67
"2018-04-16",23.96
"2018-04-17",23.84
"2018-04-18",24.04
"2018-04-19",23.56
"2018-04-20",23.08
"2018-04-23",23.32
"2018-04-24",23.26
"2018-04-25",23.17
"2018-04-26",23.47
"2018-04-27",23.62
"2018-04-30",23.91
"2018-05-01",23.97
"2018-05-02",23.81
"2018-05-03",23.08
"2018-05-04",23.43
"2018-05-07",23.02
"2018-05-08",23.34
"2018-05-09",23.1
"2018-05-10",22.96
"2018-05-11",22.67
"2018-05-14",23.27
"2018-05-15",23.2
"2018-05-16",23.28
"2018-05-17",23.35
"2018-05-18",23.28
"2018-05-21",23.41
"2018-05-22",22.79
"2018-05-23",22.78
"2018-05-24",22.38
"2018-05-25",22.5
"2018-05-29",21.95
"2018-05-30",22.69
"2018-05-31",22.85
"2018-06-01",23.03
"2018-06-04",22.45
"2018-06-05",22.57
"2018-06-06",23.
"2018-06-07",23.39
"2018-06-08",23.54
"2018-06-11",23.54
"2018-06-12",23.59
"2018-06-13",23.85
"2018-06-14",23.61
"2018-06-15",23.5
"2018-06-18",23.72
"2018-06-19",23.95
"2018-06-20",24.16
"2018-06-21",24.16
"2018-06-22",23.11
"2018-06-25",23.22
"2018-06-26",23.51
"2018-06-27",23.39
"2018-06-28",23.66
"2018-06-29",23.8
"2018-07-02",23.52
"2018-07-03",23.39
"2018-07-05",23.44
"2018-07-06",23.58
"2018-07-09",23.72
"2018-07-10",23.65
"2018-07-11",23.65
"2018-07-12",23.27
"2018-07-13",23.45
"2018-07-16",23.7
"2018-07-17",23.66
"2018-07-18",23.94
"2018-07-19",24.42
"2018-07-20",24.24
"2018-07-23",24.3
"2018-07-24",24.27
"2018-07-25",24.97
"2018-07-26",24.72
"2018-07-27",22.81
"2018-07-30",22.73
"2018-07-31",23.5
"2018-08-01",23.29
"2018-08-02",23.08
"2018-08-03",23.45
"2018-08-06",23.54
"2018-08-07",23.78
"2018-08-08",23.4
"2018-08-09",23.54
"2018-08-10",23.64
"2018-08-13",23.36
"2018-08-14",23.72
"2018-08-15",22.98
"2018-08-16",23.5
"2018-08-17",23.6
"2018-08-20",23.99
"2018-08-21",24.5
"2018-08-22",24.46
"2018-08-23",24.25
"2018-08-24",24.15
"2018-08-27",23.98
"2018-08-28",23.98
"2018-08-29",24.12
"2018-08-30",24.15
"2018-08-31",23.83
"2018-09-04",23.01
"2018-09-05",22.48
"2018-09-06",21.91
"2018-09-07",21.84
"2018-09-10",21.86
"2018-09-11",21.94
"2018-09-12",22.06
"2018-09-13",22.07
"2018-09-14",21.92
"2018-09-17",21.57
"2018-09-18",21.71
"2018-09-19",22.26
"2018-09-20",22.9
"2018-09-21",23.21
"2018-09-24",23.2
"2018-09-25",23.24
"2018-09-26",22.46
"2018-09-27",22.97
"2018-09-28",22.52
"2018-10-01",22.3
"2018-10-02",22.85
"2018-10-03",23.09
"2018-10-04",23.79
"2018-10-05",23.91
"2018-10-08",24.35
"2018-10-09",24.41
"2018-10-10",24.
"2018-10-11",23.19
"2018-10-12",23.38
"2018-10-15",23.9
"2018-10-16",23.9
"2018-10-17",23.8
"2018-10-18",23.59
"2018-10-19",23.97
"2018-10-22",23.16
"2018-10-23",22.74
"2018-10-24",21.18
"2018-10-25",21.4
"2018-10-26",22.92
"2018-10-29",22.96
"2018-10-30",24.27
"2018-10-31",24.23
"2018-11-01",24.35
"2018-11-02",24.55
"2018-11-05",25.99
"2018-11-06",25.79
"2018-11-07",25.47
"2018-11-08",25.23
"2018-11-09",25.61
"2018-11-12",25.39
"2018-11-13",26.49
