"2003-01-31",33.88
"2003-02-03",33.52
"2003-02-04",33.88
"2003-02-05",33.71
"2003-02-06",33.84
"2003-02-07",33.31
"2003-02-10",33.88
"2003-02-11",33.41
"2003-02-12",33.31
"2003-02-13",33.8
"2003-02-14",33.63
"2003-02-18",34.12
"2003-02-19",34.13
"2003-02-20",34.2
"2003-02-21",34.64
"2003-02-24",34.12
"2003-02-25",34.7
"2003-02-26",34.71
"2003-02-27",34.7
"2003-02-28",34.66
"2003-03-03",34.85
"2003-03-04",34.7
"2003-03-05",35.05
"2003-03-06",34.4
"2003-03-07",34.56
"2003-03-10",33.73
"2003-03-11",33.91
"2003-03-12",34.17
"2003-03-13",34.72
"2003-03-14",34.75
"2003-03-17",35.48
"2003-03-18",35.8
"2003-03-19",36.
"2003-03-20",36.43
"2003-03-21",36.9
"2003-03-24",36.15
"2003-03-25",36.63
"2003-03-26",36.5
"2003-03-27",36.25
"2003-03-28",36.05
"2003-03-31",35.75
"2003-04-01",36.72
"2003-04-02",36.85
"2003-04-03",36.75
"2003-04-04",36.2
"2003-04-07",36.95
"2003-04-08",36.85
"2003-04-09",37.05
"2003-04-10",36.9
"2003-04-11",36.7
"2003-04-14",37.5
"2003-04-15",37.4
"2003-04-16",37.6
"2003-04-17",37.91
"2003-04-21",37.95
"2003-04-22",38.59
"2003-04-23",38.45
"2003-04-24",37.69
"2003-04-25",37.72
"2003-04-28",38.15
"2003-04-29",37.64
"2003-04-30",37.6
"2003-05-01",36.98
"2003-05-02",36.38
"2003-05-05",36.38
"2003-05-06",36.36
"2003-05-07",36.5
"2003-05-08",36.8
"2003-05-09",37.
"2003-05-12",36.98
"2003-05-13",37.14
"2003-05-14",37.17
"2003-05-15",37.5
"2003-05-16",37.52
"2003-05-19",37.38
"2003-05-20",37.65
"2003-05-21",38.09
"2003-05-22",38.1
"2003-05-23",38.32
"2003-05-27",38.59
"2003-05-28",38.5
"2003-05-29",37.37
"2003-05-30",37.65
"2003-06-02",38.
"2003-06-03",38.44
"2003-06-04",39.1
"2003-06-05",38.57
"2003-06-06",38.92
"2003-06-09",38.44
"2003-06-10",39.25
"2003-06-11",39.2
"2003-06-12",38.74
"2003-06-13",38.11
"2003-06-16",38.87
"2003-06-17",38.31
"2003-06-18",38.06
"2003-06-19",37.86
"2003-06-20",37.67
"2003-06-23",37.26
"2003-06-24",37.51
"2003-06-25",37.92
"2003-06-26",39.
"2003-06-27",38.75
"2003-06-30",38.08
"2003-07-01",38.66
"2003-07-02",39.85
"2003-07-03",39.98
"2003-07-07",40.21
"2003-07-08",40.73
"2003-07-09",40.3
"2003-07-10",39.78
"2003-07-11",40.22
"2003-07-14",40.75
"2003-07-15",40.52
"2003-07-16",40.3
"2003-07-17",39.86
"2003-07-18",39.9
"2003-07-21",39.93
"2003-07-22",40.36
"2003-07-23",40.08
"2003-07-24",40.54
"2003-07-25",40.48
"2003-07-28",40.03
"2003-07-29",40.37
"2003-07-30",40.8
"2003-07-31",39.65
"2003-08-01",39.1
"2003-08-04",38.44
"2003-08-05",38.75
"2003-08-06",38.76
"2003-08-07",39.06
"2003-08-08",38.98
"2003-08-11",39.05
"2003-08-12",38.85
"2003-08-13",38.95
"2003-08-14",38.86
"2003-08-15",38.8
"2003-08-18",39.
"2003-08-19",39.4
"2003-08-20",39.73
"2003-08-21",39.55
"2003-08-22",39.22
"2003-08-25",39.23
"2003-08-26",39.22
"2003-08-27",39.5
"2003-08-28",39.41
"2003-08-29",39.48
"2003-09-02",40.4
"2003-09-03",40.45
"2003-09-04",40.57
"2003-09-05",40.45
"2003-09-08",40.75
"2003-09-09",40.2
"2003-09-10",39.55
"2003-09-11",39.7
"2003-09-12",39.37
"2003-09-15",39.25
"2003-09-16",39.48
"2003-09-17",39.3
"2003-09-18",39.75
"2003-09-19",39.5
"2003-09-22",39.95
"2003-09-23",40.
"2003-09-24",39.37
"2003-09-25",39.2
"2003-09-26",39.05
"2003-09-29",39.6
"2003-09-30",39.65
"2003-10-01",39.75
"2003-10-02",39.85
"2003-10-03",40.35
"2003-10-06",40.48
"2003-10-07",40.38
"2003-10-08",40.4
"2003-10-09",40.25
"2003-10-10",40.45
"2003-10-13",40.4
"2003-10-14",40.98
"2003-10-15",40.59
"2003-10-16",40.34
"2003-10-17",40.6
"2003-10-20",40.48
"2003-10-21",40.32
"2003-10-22",40.2
"2003-10-23",39.85
"2003-10-24",39.7
"2003-10-27",40.14
"2003-10-28",39.65
"2003-10-29",39.7
"2003-10-30",39.55
"2003-10-31",39.4
"2003-11-03",39.73
"2003-11-04",39.99
"2003-11-05",39.98
"2003-11-06",39.85
"2003-11-07",39.78
"2003-11-10",39.75
"2003-11-11",39.66
"2003-11-12",40.3
"2003-11-13",40.28
"2003-11-14",40.34
"2003-11-17",40.55
"2003-11-18",40.56
"2003-11-19",40.4
"2003-11-20",40.25
"2003-11-21",40.23
"2003-11-24",40.25
"2003-11-25",40.48
"2003-11-26",40.13
"2003-11-28",40.2
"2003-12-01",40.6
"2003-12-02",40.58
"2003-12-03",40.53
"2003-12-04",40.46
"2003-12-05",40.35
"2003-12-08",40.57
"2003-12-09",40.35
"2003-12-10",40.24
"2003-12-11",40.2
"2003-12-12",40.55
"2003-12-15",40.15
"2003-12-16",40.45
"2003-12-17",40.2
"2003-12-18",40.3
"2003-12-19",40.48
"2003-12-22",40.05
"2003-12-23",39.97
"2003-12-24",40.19
"2003-12-26",40.38
"2003-12-29",40.06
"2003-12-30",40.32
"2003-12-31",40.
"2004-01-02",40.
"2004-01-05",39.75
"2004-01-06",39.58
"2004-01-07",39.72
"2004-01-08",39.55
"2004-01-09",40.
"2004-01-12",40.05
"2004-01-13",40.05
"2004-01-14",40.37
"2004-01-15",40.34
"2004-01-16",39.98
"2004-01-20",40.25
"2004-01-21",40.38
"2004-01-22",40.31
"2004-01-23",40.53
"2004-01-26",40.59
"2004-01-27",41.07
"2004-01-28",41.15
"2004-01-29",40.95
"2004-01-30",41.29
"2004-02-02",41.74
"2004-02-03",41.58
"2004-02-04",40.95
"2004-02-05",41.55
"2004-02-06",42.51
"2004-02-09",42.4
"2004-02-10",42.8
"2004-02-11",43.05
"2004-02-12",43.
"2004-02-13",42.85
"2004-02-17",42.85
"2004-02-18",42.66
"2004-02-19",42.75
"2004-02-20",43.
"2004-02-23",42.99
"2004-02-24",43.
"2004-02-25",43.47
"2004-02-26",43.3
"2004-02-27",43.3
"2004-03-01",43.9
"2004-03-02",44.15
"2004-03-03",44.1
"2004-03-04",44.12
"2004-03-05",43.7
"2004-03-08",44.2
"2004-03-09",44.47
"2004-03-10",44.
"2004-03-11",43.4
"2004-03-12",44.4
"2004-03-15",43.65
"2004-03-16",43.65
"2004-03-17",44.55
"2004-03-18",44.75
"2004-03-19",44.83
"2004-03-22",44.75
"2004-03-23",44.55
"2004-03-24",44.2
"2004-03-25",44.3
"2004-03-26",44.12
"2004-03-29",44.1
"2004-03-30",44.25
"2004-03-31",44.65
"2004-04-01",44.65
"2004-04-02",44.25
"2004-04-05",43.22
"2004-04-06",40.4
"2004-04-07",41.33
"2004-04-08",40.42
"2004-04-12",37.8
"2004-04-13",37.78
"2004-04-14",37.
"2004-04-15",38.19
"2004-04-16",39.35
"2004-04-19",39.41
"2004-04-20",38.
"2004-04-21",38.3
"2004-04-22",38.91
"2004-04-23",38.3
"2004-04-26",38.59
"2004-04-27",38.78
"2004-04-28",38.8
"2004-04-29",38.65
"2004-04-30",38.25
"2004-05-03",38.84
"2004-05-04",39.05
"2004-05-05",38.7
"2004-05-06",38.73
"2004-05-07",36.91
"2004-05-10",36.25
"2004-05-11",36.99
"2004-05-12",37.17
"2004-05-13",37.35
"2004-05-14",37.93
"2004-05-17",37.69
"2004-05-18",38.67
"2004-05-19",37.43
"2004-05-20",38.3
"2004-05-21",38.65
"2004-05-24",39.
"2004-05-25",39.48
"2004-05-26",40.
"2004-05-27",39.75
"2004-05-28",39.95
"2004-06-01",39.55
"2004-06-02",39.9
"2004-06-03",39.77
"2004-06-04",39.98
"2004-06-07",40.1
"2004-06-08",39.85
"2004-06-09",39.9
"2004-06-10",39.95
"2004-06-14",39.75
"2004-06-15",39.98
"2004-06-16",40.64
"2004-06-17",41.35
"2004-06-18",41.85
"2004-06-21",41.96
"2004-06-22",42.25
"2004-06-23",42.15
"2004-06-24",42.23
"2004-06-25",42.4
"2004-06-28",42.69
"2004-06-29",40.99
"2004-06-30",41.73
"2004-07-01",41.5
"2004-07-02",42.63
"2004-07-06",41.77
"2004-07-07",42.43
"2004-07-08",41.69
"2004-07-09",41.65
"2004-07-12",42.24
"2004-07-13",42.01
"2004-07-14",41.95
"2004-07-15",42.25
"2004-07-16",42.09
"2004-07-19",42.55
"2004-07-20",42.95
"2004-07-21",41.71
"2004-07-22",40.79
"2004-07-23",39.95
"2004-07-26",39.52
"2004-07-27",40.1
"2004-07-28",40.27
"2004-07-29",40.
"2004-07-30",40.52
"2004-08-02",41.03
"2004-08-03",40.97
"2004-08-04",41.41
"2004-08-05",40.57
"2004-08-06",40.53
"2004-08-09",40.19
"2004-08-10",40.6
"2004-08-11",40.71
"2004-08-12",40.46
"2004-08-13",40.47
"2004-08-16",41.25
"2004-08-17",41.7
"2004-08-18",42.89
"2004-08-19",41.8
"2004-08-20",43.22
"2004-08-23",42.91
"2004-08-24",43.41
"2004-08-25",43.41
"2004-08-26",43.65
"2004-08-27",44.04
"2004-08-30",43.95
"2004-08-31",44.11
"2004-09-01",43.9
"2004-09-02",44.25
"2004-09-03",44.31
"2004-09-07",44.73
"2004-09-08",44.65
"2004-09-09",44.25
"2004-09-10",44.13
"2004-09-13",43.99
"2004-09-14",43.63
"2004-09-15",43.82
"2004-09-16",44.69
"2004-09-17",44.5
"2004-09-20",44.3
"2004-09-21",44.55
"2004-09-22",44.25
"2004-09-23",44.3
"2004-09-24",44.45
"2004-09-27",44.36
"2004-09-28",44.98
"2004-09-29",44.9
"2004-09-30",45.03
"2004-10-01",46.15
"2004-10-04",46.09
"2004-10-05",46.05
"2004-10-06",46.5
"2004-10-07",45.95
"2004-10-08",46.25
"2004-10-11",46.06
"2004-10-12",46.66
"2004-10-13",46.6
"2004-10-14",46.7
"2004-10-15",47.06
"2004-10-18",47.5
"2004-10-19",47.23
"2004-10-20",47.14
"2004-10-21",47.7
"2004-10-22",46.9
"2004-10-25",47.38
"2004-10-26",48.45
"2004-10-27",48.85
"2004-10-28",48.68
"2004-10-29",47.99
"2004-11-01",48.59
"2004-11-02",47.84
"2004-11-03",48.83
"2004-11-04",49.23
"2004-11-05",47.7
"2004-11-08",47.7
"2004-11-09",47.71
"2004-11-10",47.95
"2004-11-11",48.25
"2004-11-12",49.47
"2004-11-15",49.5
"2004-11-16",48.93
"2004-11-17",48.2
"2004-11-18",48.16
"2004-11-19",48.
"2004-11-22",48.7
"2004-11-23",49.45
"2004-11-24",50.5
"2004-11-26",50.
"2004-11-29",49.78
"2004-11-30",49.83
"2004-12-01",50.7
"2004-12-02",50.37
"2004-12-03",50.9
"2004-12-06",50.95
"2004-12-07",49.75
"2004-12-08",50.58
"2004-12-09",50.95
"2004-12-10",51.94
"2004-12-13",52.15
"2004-12-14",51.
"2004-12-15",51.15
"2004-12-16",50.5
"2004-12-17",51.
"2004-12-20",50.68
"2004-12-21",51.32
"2004-12-22",51.5
"2004-12-23",51.13
"2004-12-27",50.5
"2004-12-28",50.83
"2004-12-29",50.76
"2004-12-30",50.78
"2004-12-31",50.58
"2005-01-03",25.02
"2005-01-04",24.79
"2005-01-05",23.53
"2005-01-06",23.55
"2005-01-07",23.4
"2005-01-10",23.39
"2005-01-11",23.15
"2005-01-12",22.97
"2005-01-13",22.95
"2005-01-14",23.32
"2005-01-18",23.71
"2005-01-19",23.76
"2005-01-20",23.52
"2005-01-21",23.58
"2005-01-24",23.19
"2005-01-25",22.87
"2005-01-26",23.1
"2005-01-27",22.9
"2005-01-28",23.12
"2005-01-31",23.31
"2005-02-01",23.57
"2005-02-02",23.95
"2005-02-03",23.57
"2005-02-04",24.19
"2005-02-07",23.95
"2005-02-08",24.3
"2005-02-09",24.13
"2005-02-10",24.41
"2005-02-11",24.76
"2005-02-14",24.82
"2005-02-15",24.84
"2005-02-16",25.02
"2005-02-17",24.77
"2005-02-18",24.29
"2005-02-22",23.5
"2005-02-23",23.51
"2005-02-24",23.56
"2005-02-25",24.02
"2005-02-28",23.52
"2005-03-01",23.83
"2005-03-02",23.9
"2005-03-03",24.03
"2005-03-04",24.57
"2005-03-07",24.62
"2005-03-08",24.46
"2005-03-09",23.56
"2005-03-10",23.79
"2005-03-11",23.25
"2005-03-14",23.72
"2005-03-15",23.54
"2005-03-16",23.51
"2005-03-17",23.87
"2005-03-18",23.45
"2005-03-21",23.35
"2005-03-22",23.
"2005-03-23",22.76
"2005-03-24",22.85
"2005-03-28",22.74
"2005-03-29",22.61
"2005-03-30",23.
"2005-03-31",22.88
"2005-04-01",22.78
"2005-04-04",22.81
"2005-04-05",22.9
"2005-04-06",23.06
"2005-04-07",23.34
"2005-04-08",22.95
"2005-04-11",22.91
"2005-04-12",23.47
"2005-04-13",23.34
"2005-04-14",23.13
"2005-04-15",23.22
"2005-04-18",23.39
"2005-04-19",23.53
"2005-04-20",23.25
"2005-04-21",23.65
"2005-04-22",23.7
"2005-04-25",24.02
"2005-04-26",24.07
"2005-04-27",24.31
"2005-04-28",24.
"2005-04-29",24.11
"2005-05-02",24.1
"2005-05-03",23.93
"2005-05-04",24.11
"2005-05-05",24.35
"2005-05-06",24.01
"2005-05-09",24.5
"2005-05-10",24.3
"2005-05-11",24.5
"2005-05-12",23.96
"2005-05-13",23.94
"2005-05-16",24.49
"2005-05-17",24.62
"2005-05-18",24.97
"2005-05-19",25.17
"2005-05-20",25.25
"2005-05-23",25.21
"2005-05-24",24.8
"2005-05-25",24.35
"2005-05-26",24.47
"2005-05-27",24.67
"2005-05-31",24.62
"2005-06-01",24.93
"2005-06-02",24.81
"2005-06-03",24.56
"2005-06-06",24.83
"2005-06-07",24.9
"2005-06-08",24.91
"2005-06-09",24.95
"2005-06-10",25.01
"2005-06-13",25.12
"2005-06-14",25.05
"2005-06-15",25.13
"2005-06-16",25.23
"2005-06-17",25.68
"2005-06-20",25.51
"2005-06-21",25.3
"2005-06-22",25.48
"2005-06-23",25.32
"2005-06-24",25.27
"2005-06-27",25.02
"2005-06-28",25.45
"2005-06-29",25.43
"2005-06-30",25.04
"2005-07-01",25.34
"2005-07-05",25.45
"2005-07-06",25.23
"2005-07-07",25.32
"2005-07-08",25.5
"2005-07-11",25.55
"2005-07-12",25.39
"2005-07-13",25.2
"2005-07-14",24.14
"2005-07-15",24.6
"2005-07-18",24.58
"2005-07-19",24.75
"2005-07-20",24.99
"2005-07-21",24.53
"2005-07-22",24.88
"2005-07-25",24.85
"2005-07-26",25.1
"2005-07-27",25.06
"2005-07-28",25.16
"2005-07-29",24.99
"2005-08-01",24.92
"2005-08-02",25.14
"2005-08-03",25.19
"2005-08-04",24.7
"2005-08-05",23.52
"2005-08-08",22.8
"2005-08-09",23.
"2005-08-10",23.19
"2005-08-11",23.55
"2005-08-12",23.55
"2005-08-15",23.6
"2005-08-16",23.76
"2005-08-17",23.57
"2005-08-18",23.23
"2005-08-19",22.98
"2005-08-22",23.17
"2005-08-23",23.25
"2005-08-24",23.34
"2005-08-25",23.52
"2005-08-26",23.07
"2005-08-29",23.69
"2005-08-30",23.42
"2005-08-31",23.83
"2005-09-01",23.94
"2005-09-02",23.76
"2005-09-06",24.65
"2005-09-07",24.27
"2005-09-08",24.24
"2005-09-09",24.3
"2005-09-12",24.3
"2005-09-13",24.1
"2005-09-14",24.1
"2005-09-15",24.26
"2005-09-16",24.2
"2005-09-19",24.15
"2005-09-20",24.18
"2005-09-21",23.79
"2005-09-22",23.65
"2005-09-23",23.68
"2005-09-26",23.85
"2005-09-27",23.85
"2005-09-28",23.51
"2005-09-29",23.72
"2005-09-30",23.91
"2005-10-03",23.82
"2005-10-04",23.22
"2005-10-05",22.79
"2005-10-06",22.61
"2005-10-07",22.48
"2005-10-10",22.06
"2005-10-11",21.85
"2005-10-12",21.31
"2005-10-13",21.57
"2005-10-14",22.08
"2005-10-17",22.05
"2005-10-18",21.93
"2005-10-19",22.35
"2005-10-20",21.84
"2005-10-21",22.12
"2005-10-24",22.38
"2005-10-25",22.06
"2005-10-26",21.76
"2005-10-27",21.2
"2005-10-28",21.72
"2005-10-31",22.27
"2005-11-01",21.66
"2005-11-02",22.1
"2005-11-03",21.98
"2005-11-04",22.1
"2005-11-07",22.26
"2005-11-08",22.07
"2005-11-09",22.27
"2005-11-10",22.57
"2005-11-11",22.63
"2005-11-14",22.4
"2005-11-15",22.53
"2005-11-16",22.45
"2005-11-17",22.81
"2005-11-18",22.88
"2005-11-21",22.84
"2005-11-22",23.1
"2005-11-23",23.25
"2005-11-25",23.25
"2005-11-28",22.72
"2005-11-29",22.7
"2005-11-30",22.64
"2005-12-01",22.92
"2005-12-02",22.74
"2005-12-05",22.5
"2005-12-06",22.41
"2005-12-07",22.13
"2005-12-08",22.05
"2005-12-09",22.28
"2005-12-12",22.09
"2005-12-13",22.14
"2005-12-14",22.16
"2005-12-15",22.17
"2005-12-16",22.33
"2005-12-19",22.06
"2005-12-20",21.99
"2005-12-21",22.08
"2005-12-22",22.28
"2005-12-23",22.26
"2005-12-27",22.23
"2005-12-28",22.12
"2005-12-29",21.8
"2005-12-30",21.62
"2006-01-03",22.2
"2006-01-04",22.15
"2006-01-05",22.57
"2006-01-06",22.46
"2006-01-09",22.95
"2006-01-10",23.03
"2006-01-11",23.1
"2006-01-12",23.15
"2006-01-13",23.05
"2006-01-17",23.1
"2006-01-18",22.97
"2006-01-19",23.48
"2006-01-20",23.15
"2006-01-23",23.09
"2006-01-24",23.2
"2006-01-25",23.1
"2006-01-26",23.11
"2006-01-27",23.48
"2006-01-30",23.2
"2006-01-31",23.29
"2006-02-01",23.26
"2006-02-02",23.12
"2006-02-03",22.75
"2006-02-06",22.85
"2006-02-07",22.78
"2006-02-08",22.71
"2006-02-09",22.75
"2006-02-10",22.78
"2006-02-13",22.77
"2006-02-14",22.86
"2006-02-15",22.94
"2006-02-16",23.07
"2006-02-17",23.47
"2006-02-21",23.48
"2006-02-22",23.79
"2006-02-23",23.56
"2006-02-24",23.29
"2006-02-27",23.15
"2006-02-28",23.05
"2006-03-01",23.25
"2006-03-02",23.25
"2006-03-03",22.9
"2006-03-06",23.19
"2006-03-07",23.15
"2006-03-08",23.36
"2006-03-09",23.6
"2006-03-10",23.86
"2006-03-13",23.9
"2006-03-14",24.01
"2006-03-15",24.45
"2006-03-16",24.63
"2006-03-17",24.93
"2006-03-20",24.42
"2006-03-21",24.05
"2006-03-22",24.24
"2006-03-23",24.39
"2006-03-24",24.
"2006-03-27",24.12
"2006-03-28",24.17
"2006-03-29",24.24
"2006-03-30",24.01
"2006-03-31",24.21
"2006-04-03",23.58
"2006-04-04",23.3
"2006-04-05",23.24
"2006-04-06",23.27
"2006-04-07",22.85
"2006-04-10",22.49
"2006-04-11",22.35
"2006-04-12",22.34
"2006-04-13",22.09
"2006-04-17",21.92
"2006-04-18",22.59
"2006-04-19",22.8
"2006-04-20",22.81
"2006-04-21",22.8
"2006-04-24",22.63
"2006-04-25",22.64
"2006-04-26",22.55
"2006-04-27",22.59
"2006-04-28",22.67
"2006-05-01",22.22
"2006-05-02",22.22
"2006-05-03",22.3
"2006-05-04",22.32
"2006-05-05",22.58
"2006-05-08",22.64
"2006-05-09",22.89
"2006-05-10",22.81
"2006-05-11",22.26
"2006-05-12",21.96
"2006-05-15",22.38
"2006-05-16",22.26
"2006-05-17",21.91
"2006-05-18",21.98
"2006-05-19",21.9
"2006-05-22",21.93
"2006-05-23",21.75
"2006-05-24",21.78
"2006-05-25",22.18
"2006-05-26",22.31
"2006-05-30",21.81
"2006-05-31",21.84
"2006-06-01",22.28
"2006-06-02",22.46
"2006-06-05",22.61
"2006-06-06",22.45
"2006-06-07",22.6
"2006-06-08",22.55
"2006-06-09",22.8
"2006-06-12",22.36
"2006-06-13",22.
"2006-06-14",21.94
"2006-06-15",22.1
"2006-06-16",22.1
"2006-06-19",21.87
"2006-06-20",21.87
"2006-06-21",21.76
"2006-06-22",21.5
"2006-06-23",21.3
"2006-06-26",21.72
"2006-06-27",21.68
"2006-06-28",22.17
"2006-06-29",22.43
"2006-06-30",21.9
"2006-07-03",22.3
"2006-07-05",22.29
"2006-07-06",22.29
"2006-07-07",22.2
"2006-07-10",22.44
"2006-07-11",22.52
"2006-07-12",22.61
"2006-07-13",22.11
"2006-07-14",21.98
"2006-07-17",21.7
"2006-07-18",22.3
"2006-07-19",22.81
"2006-07-20",22.53
"2006-07-21",22.02
"2006-07-24",22.56
"2006-07-25",22.94
"2006-07-26",23.05
"2006-07-27",22.82
"2006-07-28",23.14
"2006-07-31",22.88
"2006-08-01",22.96
"2006-08-02",23.05
"2006-08-03",23.3
"2006-08-04",23.7
"2006-08-07",23.61
"2006-08-08",23.1
"2006-08-09",23.13
"2006-08-10",23.32
"2006-08-11",23.15
"2006-08-14",23.5
"2006-08-15",23.76
"2006-08-16",23.84
"2006-08-17",23.71
"2006-08-18",23.67
"2006-08-21",23.81
"2006-08-22",24.06
"2006-08-23",24.06
"2006-08-24",24.37
"2006-08-25",24.36
"2006-08-28",24.49
"2006-08-29",24.7
"2006-08-30",24.64
"2006-08-31",24.59
"2006-09-01",24.39
"2006-09-05",24.75
"2006-09-06",24.77
"2006-09-07",24.32
"2006-09-08",24.61
"2006-09-11",24.48
"2006-09-12",24.58
"2006-09-13",24.62
"2006-09-14",24.58
"2006-09-15",24.7
"2006-09-18",24.67
"2006-09-19",24.89
"2006-09-20",24.99
"2006-09-21",24.7
"2006-09-22",24.76
"2006-09-25",24.81
"2006-09-26",24.83
"2006-09-27",25.08
"2006-09-28",24.72
"2006-09-29",24.71
"2006-10-02",24.63
"2006-10-03",24.8
"2006-10-04",25.16
"2006-10-05",25.4
"2006-10-06",25.08
"2006-10-09",25.39
"2006-10-10",25.
"2006-10-11",24.99
"2006-10-12",25.19
"2006-10-13",25.65
"2006-10-16",26.13
"2006-10-17",26.4
"2006-10-18",26.02
"2006-10-19",26.36
"2006-10-20",26.28
"2006-10-23",26.37
"2006-10-24",26.2
"2006-10-25",26.28
"2006-10-26",26.38
"2006-10-27",26.12
"2006-10-30",26.4
"2006-10-31",26.4
"2006-11-01",26.31
"2006-11-02",26.16
"2006-11-03",26.2
"2006-11-06",26.32
"2006-11-07",26.25
"2006-11-08",26.35
"2006-11-09",26.36
"2006-11-10",26.45
"2006-11-13",26.33
"2006-11-14",26.61
"2006-11-15",26.73
"2006-11-16",26.82
"2006-11-17",26.73
"2006-11-20",27.29
"2006-11-21",27.74
"2006-11-22",27.44
"2006-11-24",27.53
"2006-11-27",26.69
"2006-11-28",26.8
"2006-11-29",27.1
"2006-11-30",27.46
"2006-12-01",27.62
"2006-12-04",28.05
"2006-12-05",28.09
"2006-12-06",28.13
"2006-12-07",27.81
"2006-12-08",27.96
"2006-12-11",28.14
"2006-12-12",28.02
"2006-12-13",28.15
"2006-12-14",27.99
"2006-12-15",28.17
"2006-12-18",27.62
"2006-12-19",27.46
"2006-12-20",27.66
"2006-12-21",27.35
"2006-12-22",27.18
"2006-12-26",27.51
"2006-12-27",27.97
"2006-12-28",27.82
"2006-12-29",27.7
"2007-01-02",27.7
"2007-01-03",27.72
"2007-01-04",27.93
"2007-01-05",27.09
"2007-01-08",27.02
"2007-01-09",27.3
"2007-01-10",27.42
"2007-01-11",27.72
"2007-01-12",27.75
"2007-01-16",28.04
"2007-01-17",27.94
"2007-01-18",27.85
"2007-01-19",28.18
"2007-01-22",27.79
"2007-01-23",27.96
"2007-01-24",28.45
"2007-01-25",28.46
"2007-01-26",28.46
"2007-01-29",28.65
"2007-01-30",28.67
"2007-01-31",28.78
"2007-02-01",29.
"2007-02-02",29.
"2007-02-05",29.11
"2007-02-06",29.5
"2007-02-07",30.19
"2007-02-08",29.79
"2007-02-09",29.1
"2007-02-12",28.66
"2007-02-13",29.09
"2007-02-14",28.74
"2007-02-15",29.11
"2007-02-16",29.1
"2007-02-20",29.58
"2007-02-21",29.47
"2007-02-22",29.19
"2007-02-23",28.87
"2007-02-26",28.67
"2007-02-27",27.46
"2007-02-28",27.51
"2007-03-01",27.56
"2007-03-02",27.19
"2007-03-05",26.07
"2007-03-06",27.06
"2007-03-07",26.72
"2007-03-08",27.22
"2007-03-09",27.57
"2007-03-12",27.77
"2007-03-13",27.33
"2007-03-14",27.66
"2007-03-15",28.02
"2007-03-16",27.56
"2007-03-19",27.83
"2007-03-20",28.11
"2007-03-21",28.65
"2007-03-22",28.55
"2007-03-23",28.45
"2007-03-26",28.08
"2007-03-27",27.86
"2007-03-28",27.81
"2007-03-29",28.06
"2007-03-30",28.2
"2007-04-02",28.38
"2007-04-03",28.57
"2007-04-04",28.28
"2007-04-05",28.09
"2007-04-09",27.99
"2007-04-10",28.13
"2007-04-11",27.73
"2007-04-12",27.65
"2007-04-13",28.
"2007-04-16",28.14
"2007-04-17",28.57
"2007-04-18",28.36
"2007-04-19",28.06
"2007-04-20",28.35
"2007-04-23",28.92
"2007-04-24",28.7
"2007-04-25",28.7
"2007-04-26",28.64
"2007-04-27",28.55
"2007-04-30",27.9
"2007-05-01",27.91
"2007-05-02",28.
"2007-05-03",28.18
"2007-05-04",28.35
"2007-05-07",28.25
"2007-05-08",28.24
"2007-05-09",28.54
"2007-05-10",27.89
"2007-05-11",28.25
"2007-05-14",27.84
"2007-05-15",27.32
"2007-05-16",27.6
"2007-05-17",27.15
"2007-05-18",26.55
"2007-05-21",26.72
"2007-05-22",27.13
"2007-05-23",26.88
"2007-05-24",26.39
"2007-05-25",26.61
"2007-05-29",27.18
"2007-05-30",27.7
"2007-05-31",27.42
"2007-06-01",27.44
"2007-06-04",27.52
"2007-06-05",26.79
"2007-06-06",26.83
"2007-06-07",26.03
"2007-06-08",26.54
"2007-06-11",26.01
"2007-06-12",25.39
"2007-06-13",26.02
"2007-06-14",25.72
"2007-06-15",26.43
"2007-06-18",25.91
"2007-06-19",26.15
"2007-06-20",25.23
"2007-06-21",25.29
"2007-06-22",25.33
"2007-06-25",24.99
"2007-06-26",24.99
"2007-06-27",25.7
"2007-06-28",25.35
"2007-06-29",25.19
"2007-07-02",26.05
"2007-07-03",25.82
"2007-07-05",26.13
"2007-07-06",26.01
"2007-07-09",25.88
"2007-07-10",25.05
"2007-07-11",25.08
"2007-07-12",25.57
"2007-07-13",25.62
"2007-07-16",25.16
"2007-07-17",25.12
"2007-07-18",25.22
"2007-07-19",25.38
"2007-07-20",24.66
"2007-07-23",24.28
"2007-07-24",23.54
"2007-07-25",24.01
"2007-07-26",23.96
"2007-07-27",23.5
"2007-07-30",23.59
"2007-07-31",23.47
"2007-08-01",23.72
"2007-08-02",24.25
"2007-08-03",23.76
"2007-08-06",25.34
"2007-08-07",26.12
"2007-08-08",27.54
"2007-08-09",27.4
"2007-08-10",26.76
"2007-08-13",26.1
"2007-08-14",25.14
"2007-08-15",25.
"2007-08-16",26.62
"2007-08-17",28.08
"2007-08-20",28.15
"2007-08-21",28.06
"2007-08-22",28.19
"2007-08-23",27.24
"2007-08-24",27.63
"2007-08-27",27.1
"2007-08-28",26.22
"2007-08-29",27.21
"2007-08-30",27.07
"2007-08-31",27.
"2007-09-04",27.35
"2007-09-05",26.77
"2007-09-06",26.69
"2007-09-07",26.31
"2007-09-10",26.17
"2007-09-11",26.72
"2007-09-12",26.84
"2007-09-13",27.16
"2007-09-14",27.41
"2007-09-17",27.07
"2007-09-18",28.34
"2007-09-19",29.18
"2007-09-20",28.3
"2007-09-21",28.25
"2007-09-24",28.79
"2007-09-25",28.25
"2007-09-26",28.74
"2007-09-27",28.75
"2007-09-28",27.95
"2007-10-01",28.78
"2007-10-02",29.12
"2007-10-03",29.21
"2007-10-04",29.33
"2007-10-05",30.1
"2007-10-08",29.77
"2007-10-09",29.78
"2007-10-10",29.61
"2007-10-11",29.01
"2007-10-12",28.97
"2007-10-15",28.34
"2007-10-16",27.93
"2007-10-17",28.05
"2007-10-18",28.25
"2007-10-19",27.46
"2007-10-22",28.15
"2007-10-23",28.63
"2007-10-24",28.65
"2007-10-25",28.73
"2007-10-26",29.44
"2007-10-29",28.75
"2007-10-30",29.11
"2007-10-31",29.54
"2007-11-01",28.54
"2007-11-02",28.08
"2007-11-05",27.48
"2007-11-06",27.9
"2007-11-07",26.93
"2007-11-08",27.25
"2007-11-09",29.05
"2007-11-12",28.83
"2007-11-13",30.45
"2007-11-14",29.72
"2007-11-15",29.64
"2007-11-16",29.67
"2007-11-19",28.72
"2007-11-20",28.15
"2007-11-21",28.56
"2007-11-23",29.19
"2007-11-26",27.62
"2007-11-27",28.19
"2007-11-28",29.06
"2007-11-29",28.59
"2007-11-30",28.5
"2007-12-03",28.25
"2007-12-04",27.59
"2007-12-05",28.32
"2007-12-06",29.42
"2007-12-07",28.69
"2007-12-10",29.41
"2007-12-11",27.69
"2007-12-12",27.9
"2007-12-13",27.94
"2007-12-14",27.4
"2007-12-17",26.82
"2007-12-18",27.24
"2007-12-19",27.49
"2007-12-20",27.78
"2007-12-21",28.5
"2007-12-24",29.23
"2007-12-26",28.89
"2007-12-27",28.22
"2007-12-28",26.81
"2007-12-31",27.02
"2008-01-02",25.23
"2008-01-03",24.65
"2008-01-04",22.65
"2008-01-07",23.38
"2008-01-08",22.15
"2008-01-09",22.71
"2008-01-10",23.04
"2008-01-11",23.09
"2008-01-14",22.5
"2008-01-15",22.08
"2008-01-16",22.1
"2008-01-17",21.72
"2008-01-18",21.48
"2008-01-22",22.14
"2008-01-23",24.6
"2008-01-24",23.58
"2008-01-25",23.42
"2008-01-28",24.25
"2008-01-29",24.03
"2008-01-30",23.56
"2008-01-31",24.32
"2008-02-01",25.15
"2008-02-04",24.61
"2008-02-05",24.33
"2008-02-06",23.25
"2008-02-07",24.04
"2008-02-08",23.09
"2008-02-11",22.38
"2008-02-12",23.18
"2008-02-13",23.5
"2008-02-14",23.3
"2008-02-15",23.67
"2008-02-19",23.66
"2008-02-20",24.
"2008-02-21",23.44
"2008-02-22",24.02
"2008-02-25",24.83
"2008-02-26",24.66
"2008-02-27",24.39
"2008-02-28",23.16
"2008-02-29",23.01
"2008-03-03",23.29
"2008-03-04",23.68
"2008-03-05",23.72
"2008-03-06",22.6
"2008-03-07",23.04
"2008-03-10",22.85
"2008-03-11",24.13
"2008-03-12",23.77
"2008-03-13",24.65
"2008-03-14",24.41
"2008-03-17",24.77
"2008-03-18",26.24
"2008-03-19",26.55
"2008-03-20",26.91
"2008-03-24",26.87
"2008-03-25",27.16
"2008-03-26",26.22
"2008-03-27",25.85
"2008-03-28",25.58
"2008-03-31",25.62
"2008-04-01",26.03
"2008-04-02",25.91
"2008-04-03",26.18
"2008-04-04",26.08
"2008-04-07",26.08
"2008-04-08",26.34
"2008-04-09",25.73
"2008-04-10",25.9
"2008-04-11",25.24
"2008-04-14",25.56
"2008-04-15",26.38
"2008-04-16",27.
"2008-04-17",27.02
"2008-04-18",26.96
"2008-04-21",26.94
"2008-04-22",26.47
"2008-04-23",27.
"2008-04-24",27.61
"2008-04-25",27.8
"2008-04-28",28.1
"2008-04-29",27.05
"2008-04-30",26.31
"2008-05-01",25.53
"2008-05-02",25.13
"2008-05-05",25.51
"2008-05-06",25.57
"2008-05-07",24.64
"2008-05-08",24.54
"2008-05-09",23.99
"2008-05-12",24.46
"2008-05-13",24.44
"2008-05-14",24.68
"2008-05-15",25.04
"2008-05-16",24.81
"2008-05-19",24.52
"2008-05-20",24.45
"2008-05-21",24.37
"2008-05-22",23.85
"2008-05-23",23.79
"2008-05-27",24.1
"2008-05-28",24.12
"2008-05-29",24.37
"2008-05-30",24.5
"2008-06-02",23.93
"2008-06-03",23.99
"2008-06-04",24.12
"2008-06-05",24.64
"2008-06-06",23.84
"2008-06-09",23.45
"2008-06-10",23.46
"2008-06-11",23.
"2008-06-12",23.63
"2008-06-13",23.86
"2008-06-16",23.99
"2008-06-17",23.48
"2008-06-18",23.7
"2008-06-19",24.15
"2008-06-20",23.46
"2008-06-23",23.32
"2008-06-24",23.42
"2008-06-25",23.42
"2008-06-26",23.36
"2008-06-27",22.91
"2008-06-30",22.76
"2008-07-01",23.
"2008-07-02",22.99
"2008-07-03",22.72
"2008-07-07",22.05
"2008-07-08",23.88
"2008-07-09",22.48
"2008-07-10",23.01
"2008-07-11",23.6
"2008-07-14",22.
"2008-07-15",22.59
"2008-07-16",24.81
"2008-07-17",24.86
"2008-07-18",24.59
"2008-07-21",24.7
"2008-07-22",25.81
"2008-07-23",26.08
"2008-07-24",24.39
"2008-07-25",24.66
"2008-07-28",24.67
"2008-07-29",26.02
"2008-07-30",25.74
"2008-07-31",25.19
"2008-08-01",25.36
"2008-08-04",25.
"2008-08-05",25.99
"2008-08-06",25.23
"2008-08-07",24.52
"2008-08-08",25.
"2008-08-11",25.31
"2008-08-12",25.3
"2008-08-13",25.44
"2008-08-14",25.9
"2008-08-15",25.67
"2008-08-18",25.25
"2008-08-19",25.11
"2008-08-20",25.31
"2008-08-21",25.01
"2008-08-22",25.71
"2008-08-25",25.09
"2008-08-26",25.45
"2008-08-27",25.58
"2008-08-28",26.11
"2008-08-29",25.68
"2008-09-02",25.86
"2008-09-03",26.33
"2008-09-04",25.59
"2008-09-05",25.23
"2008-09-08",25.7
"2008-09-09",25.3
"2008-09-10",25.38
"2008-09-11",25.27
"2008-09-12",25.96
"2008-09-15",24.49
"2008-09-16",26.29
"2008-09-17",25.87
"2008-09-18",30.32
"2008-09-19",29.
"2008-09-22",27.3
"2008-09-23",27.1
"2008-09-24",26.82
"2008-09-25",26.62
"2008-09-26",26.94
"2008-09-29",24.74
"2008-09-30",25.6
"2008-10-01",26.27
"2008-10-02",24.74
"2008-10-03",23.93
"2008-10-06",23.31
"2008-10-07",21.92
"2008-10-08",21.48
"2008-10-09",20.41
"2008-10-10",24.5
"2008-10-13",25.89
"2008-10-14",23.96
"2008-10-15",21.21
"2008-10-16",23.73
"2008-10-17",22.44
"2008-10-20",22.56
"2008-10-21",21.72
"2008-10-22",20.63
"2008-10-23",21.58
"2008-10-24",20.75
"2008-10-27",19.14
"2008-10-28",23.27
"2008-10-29",21.97
"2008-10-30",21.96
"2008-10-31",23.12
"2008-11-03",22.57
"2008-11-04",22.98
"2008-11-05",20.79
"2008-11-06",20.17
"2008-11-07",21.2
"2008-11-10",19.83
"2008-11-11",19.76
"2008-11-12",19.12
"2008-11-13",21.02
"2008-11-14",19.23
"2008-11-17",18.24
"2008-11-18",18.12
"2008-11-19",16.24
"2008-11-20",15.47
"2008-11-21",17.3
"2008-11-24",20.27
"2008-11-25",20.98
"2008-11-26",20.88
"2008-11-28",20.19
"2008-12-01",16.2
"2008-12-02",18.08
"2008-12-03",18.82
"2008-12-04",18.6
"2008-12-05",20.59
"2008-12-08",22.5
"2008-12-09",20.77
"2008-12-10",22.47
"2008-12-11",19.06
"2008-12-12",20.83
"2008-12-15",20.44
"2008-12-16",23.39
"2008-12-17",24.
"2008-12-18",23.02
"2008-12-19",24.54
"2008-12-22",24.
"2008-12-23",24.25
"2008-12-24",23.52
"2008-12-26",23.45
"2008-12-29",22.48
"2008-12-30",22.77
"2008-12-31",23.15
"2009-01-02",22.21
"2009-01-05",21.45
"2009-01-06",22.62
"2009-01-07",21.66
"2009-01-08",21.34
"2009-01-09",20.29
"2009-01-12",19.51
"2009-01-13",20.13
"2009-01-14",19.15
"2009-01-15",20.08
"2009-01-16",20.63
"2009-01-20",18.49
"2009-01-21",20.17
"2009-01-22",19.04
"2009-01-23",19.52
"2009-01-26",19.3
"2009-01-27",19.89
"2009-01-28",21.49
"2009-01-29",19.52
"2009-01-30",19.27
"2009-02-02",19.8
"2009-02-03",19.36
"2009-02-04",19.13
"2009-02-05",18.85
"2009-02-06",20.03
"2009-02-09",20.19
"2009-02-10",18.66
"2009-02-11",18.87
"2009-02-12",19.36
"2009-02-13",18.66
"2009-02-17",18.1
"2009-02-18",18.33
"2009-02-19",17.39
"2009-02-20",18.46
"2009-02-23",17.55
"2009-02-24",18.65
"2009-02-25",18.31
"2009-02-26",17.7
"2009-02-27",17.53
"2009-03-02",16.87
"2009-03-03",16.82
"2009-03-04",16.89
"2009-03-05",15.63
"2009-03-06",15.03
"2009-03-09",15.26
"2009-03-10",16.86
"2009-03-11",16.38
"2009-03-12",17.15
"2009-03-13",16.79
"2009-03-16",15.69
"2009-03-17",16.78
"2009-03-18",17.7
"2009-03-19",16.98
"2009-03-20",16.06
"2009-03-23",18.56
"2009-03-24",17.32
"2009-03-25",17.52
"2009-03-26",18.61
"2009-03-27",18.04
"2009-03-30",17.22
"2009-03-31",18.82
"2009-04-01",18.88
"2009-04-02",19.98
"2009-04-03",21.33
"2009-04-06",20.86
"2009-04-07",19.25
"2009-04-08",19.58
"2009-04-09",22.02
"2009-04-13",21.69
"2009-04-14",20.28
"2009-04-15",21.35
"2009-04-16",21.93
"2009-04-17",22.
"2009-04-20",20.03
"2009-04-21",21.96
"2009-04-22",21.32
"2009-04-23",21.86
"2009-04-24",22.4
"2009-04-27",21.58
"2009-04-28",21.85
"2009-04-29",22.44
"2009-04-30",22.33
"2009-05-01",21.1
"2009-05-04",22.43
"2009-05-05",21.5
"2009-05-06",22.52
"2009-05-07",21.41
"2009-05-08",22.18
"2009-05-11",21.31
"2009-05-12",21.46
"2009-05-13",20.51
"2009-05-14",20.94
"2009-05-15",20.11
"2009-05-18",21.43
"2009-05-19",20.98
"2009-05-20",20.94
"2009-05-21",21.66
"2009-05-22",20.92
"2009-05-26",22.
"2009-05-27",21.24
"2009-05-28",21.54
"2009-05-29",21.47
"2009-06-01",22.11
"2009-06-02",22.18
"2009-06-03",22.48
"2009-06-04",22.97
"2009-06-05",22.73
"2009-06-08",22.73
"2009-06-09",22.61
"2009-06-10",22.19
"2009-06-11",21.86
"2009-06-12",22.48
"2009-06-15",21.75
"2009-06-16",21.74
"2009-06-17",21.87
"2009-06-18",22.23
"2009-06-19",22.52
"2009-06-22",21.97
"2009-06-23",22.24
"2009-06-24",22.49
"2009-06-25",23.07
"2009-06-26",21.79
"2009-06-29",21.63
"2009-06-30",21.92
"2009-07-01",22.24
"2009-07-02",21.26
"2009-07-06",21.96
"2009-07-07",21.25
"2009-07-08",20.91
"2009-07-09",20.43
"2009-07-10",20.32
"2009-07-13",21.18
"2009-07-14",21.19
"2009-07-15",21.94
"2009-07-16",22.15
"2009-07-17",21.99
"2009-07-20",22.43
"2009-07-21",22.56
"2009-07-22",22.53
"2009-07-23",22.91
"2009-07-24",22.79
"2009-07-27",23.41
"2009-07-28",23.47
"2009-07-29",23.32
"2009-07-30",23.63
"2009-07-31",23.58
"2009-08-03",23.91
"2009-08-04",25.27
"2009-08-05",25.55
"2009-08-06",25.36
"2009-08-07",26.21
"2009-08-10",25.27
"2009-08-11",24.62
"2009-08-12",24.7
"2009-08-13",24.78
"2009-08-14",24.54
"2009-08-17",23.59
"2009-08-18",23.71
"2009-08-19",23.8
"2009-08-20",24.79
"2009-08-21",25.14
"2009-08-24",25.2
"2009-08-25",25.34
"2009-08-26",25.57
"2009-08-27",26.63
"2009-08-28",25.93
"2009-08-31",25.55
"2009-09-01",24.76
"2009-09-02",23.92
"2009-09-03",24.61
"2009-09-04",24.73
"2009-09-08",25.32
"2009-09-09",25.86
"2009-09-10",25.87
"2009-09-11",25.85
"2009-09-14",25.63
"2009-09-15",26.48
"2009-09-16",27.49
"2009-09-17",26.99
"2009-09-18",26.93
"2009-09-21",26.92
"2009-09-22",27.54
"2009-09-23",26.37
"2009-09-24",25.49
"2009-09-25",25.74
"2009-09-28",26.5
"2009-09-29",25.93
"2009-09-30",25.65
"2009-10-01",24.55
"2009-10-02",24.09
"2009-10-05",24.8
"2009-10-06",24.71
"2009-10-07",23.58
"2009-10-08",23.88
"2009-10-09",23.91
"2009-10-12",23.9
"2009-10-13",23.66
"2009-10-14",24.02
"2009-10-15",23.69
"2009-10-16",23.39
"2009-10-19",23.47
"2009-10-20",23.2
"2009-10-21",23.08
"2009-10-22",23.67
"2009-10-23",23.52
"2009-10-26",23.8
"2009-10-27",23.13
"2009-10-28",22.24
"2009-10-29",23.31
"2009-10-30",23.18
"2009-11-02",23.1
"2009-11-03",23.2
"2009-11-04",22.94
"2009-11-05",23.36
"2009-11-06",23.92
"2009-11-09",24.44
"2009-11-10",24.25
"2009-11-11",24.25
"2009-11-12",24.26
"2009-11-13",24.26
"2009-11-16",24.87
"2009-11-17",24.87
"2009-11-18",25.31
"2009-11-19",24.86
"2009-11-20",25.09
"2009-11-23",25.11
"2009-11-24",24.99
"2009-11-25",25.1
"2009-11-27",25.1
"2009-11-30",25.29
"2009-12-01",25.53
"2009-12-02",25.6
"2009-12-03",25.29
"2009-12-04",25.82
"2009-12-07",25.82
"2009-12-08",25.4
"2009-12-09",25.38
"2009-12-10",25.38
"2009-12-11",26.03
"2009-12-14",26.03
"2009-12-15",26.48
"2009-12-16",26.45
"2009-12-17",26.87
"2009-12-18",27.4
"2009-12-21",26.8
"2009-12-22",26.57
"2009-12-23",26.44
"2009-12-24",26.99
"2009-12-28",26.71
"2009-12-29",26.69
"2009-12-30",26.44
"2009-12-31",25.91
"2010-01-04",26.1
"2010-01-05",26.54
"2010-01-06",26.52
"2010-01-07",27.08
"2010-01-08",27.45
"2010-01-11",27.24
"2010-01-12",27.34
"2010-01-13",27.65
"2010-01-14",27.54
"2010-01-15",27.49
"2010-01-19",27.95
"2010-01-20",27.53
"2010-01-21",26.92
"2010-01-22",26.27
"2010-01-25",26.85
"2010-01-26",27.27
"2010-01-27",27.84
"2010-01-28",27.78
"2010-01-29",27.93
"2010-02-01",27.86
"2010-02-02",27.7
"2010-02-03",27.06
"2010-02-04",26.02
"2010-02-05",26.02
"2010-02-08",25.74
"2010-02-09",25.52
"2010-02-10",25.75
"2010-02-11",26.03
"2010-02-12",26.99
"2010-02-16",27.85
"2010-02-17",28.32
"2010-02-18",28.75
"2010-02-19",28.58
"2010-02-22",28.3
"2010-02-23",28.03
"2010-02-24",28.31
"2010-02-25",28.31
"2010-02-26",28.
"2010-03-01",27.98
"2010-03-02",27.97
"2010-03-03",27.96
"2010-03-04",28.06
"2010-03-05",28.44
"2010-03-08",28.61
"2010-03-09",29.12
"2010-03-10",29.22
"2010-03-11",29.22
"2010-03-12",29.17
"2010-03-15",29.29
"2010-03-16",29.92
"2010-03-17",30.21
"2010-03-18",30.48
"2010-03-19",29.96
"2010-03-22",30.43
"2010-03-23",30.22
"2010-03-24",30.64
"2010-03-25",30.52
"2010-03-26",30.77
"2010-03-29",30.84
"2010-03-30",30.73
"2010-03-31",30.69
"2010-04-01",30.44
"2010-04-05",31.05
"2010-04-06",31.53
"2010-04-07",31.72
"2010-04-08",31.66
"2010-04-09",31.75
"2010-04-12",31.4
"2010-04-13",31.98
"2010-04-14",32.54
"2010-04-15",31.88
"2010-04-16",31.43
"2010-04-19",31.51
"2010-04-20",31.97
"2010-04-21",32.65
"2010-04-22",33.14
"2010-04-23",33.29
"2010-04-26",33.57
"2010-04-27",32.89
"2010-04-28",33.17
"2010-04-29",34.38
"2010-04-30",32.79
"2010-05-03",32.91
"2010-05-04",31.84
"2010-05-05",31.54
"2010-05-06",30.02
"2010-05-07",30.24
"2010-05-10",31.88
"2010-05-11",32.37
"2010-05-12",32.71
"2010-05-13",32.45
"2010-05-14",31.73
"2010-05-17",31.53
"2010-05-18",31.24
"2010-05-19",30.68
"2010-05-20",29.65
"2010-05-21",30.77
"2010-05-24",30.33
"2010-05-25",30.94
"2010-05-26",30.67
"2010-05-27",31.95
"2010-05-28",31.14
"2010-06-01",30.54
"2010-06-02",31.38
"2010-06-03",31.15
"2010-06-04",29.6
"2010-06-07",29.69
"2010-06-08",30.27
"2010-06-09",30.33
"2010-06-10",31.47
"2010-06-11",31.83
"2010-06-14",32.25
"2010-06-15",33.03
"2010-06-16",32.51
"2010-06-17",32.69
"2010-06-18",32.09
"2010-06-21",31.74
"2010-06-22",30.88
"2010-06-23",31.01
"2010-06-24",30.65
"2010-06-25",31.86
"2010-06-28",31.34
"2010-06-29",30.65
"2010-06-30",30.33
"2010-07-01",30.22
"2010-07-02",30.3
"2010-07-06",29.33
"2010-07-07",31.06
"2010-07-08",31.39
"2010-07-09",31.6
"2010-07-12",31.37
"2010-07-13",31.91
"2010-07-14",31.94
"2010-07-15",31.84
"2010-07-16",30.73
"2010-07-19",30.99
"2010-07-20",31.25
"2010-07-21",30.68
"2010-07-22",31.86
"2010-07-23",32.11
"2010-07-26",32.84
"2010-07-27",32.8
"2010-07-28",32.6
"2010-07-29",31.81
"2010-07-30",32.09
"2010-08-02",33.15
"2010-08-03",32.63
"2010-08-04",32.71
"2010-08-05",32.28
"2010-08-06",32.39
"2010-08-09",32.79
"2010-08-10",32.73
"2010-08-11",32.41
"2010-08-12",31.96
"2010-08-13",32.48
"2010-08-16",32.65
"2010-08-17",33.03
"2010-08-18",32.83
"2010-08-19",32.19
"2010-08-20",32.07
"2010-08-23",31.99
"2010-08-24",32.09
"2010-08-25",32.52
"2010-08-26",32.38
"2010-08-27",32.69
"2010-08-30",32.23
"2010-08-31",32.59
"2010-09-01",33.46
"2010-09-02",33.78
"2010-09-03",33.78
"2010-09-07",33.03
"2010-09-08",33.17
"2010-09-09",32.93
"2010-09-10",33.07
"2010-09-13",33.71
"2010-09-14",33.95
"2010-09-15",34.09
"2010-09-16",33.78
"2010-09-17",33.93
"2010-09-20",34.71
"2010-09-21",34.12
"2010-09-22",33.83
"2010-09-23",33.49
"2010-09-24",33.81
"2010-09-27",33.5
"2010-09-28",33.82
"2010-09-29",33.78
"2010-09-30",33.72
"2010-10-01",33.97
"2010-10-04",34.2
"2010-10-05",34.32
"2010-10-06",34.33
"2010-10-07",34.21
"2010-10-08",34.22
"2010-10-11",34.23
"2010-10-12",34.46
"2010-10-13",34.66
"2010-10-14",34.28
"2010-10-15",34.61
"2010-10-18",35.08
"2010-10-19",34.87
"2010-10-20",35.65
"2010-10-21",35.56
"2010-10-22",35.49
"2010-10-25",35.49
"2010-10-26",35.16
"2010-10-27",35.14
"2010-10-28",34.42
"2010-10-29",34.28
"2010-11-01",34.45
"2010-11-02",34.24
"2010-11-03",34.31
"2010-11-04",35.13
"2010-11-05",35.22
"2010-11-08",35.06
"2010-11-09",34.19
"2010-11-10",34.11
"2010-11-11",34.04
"2010-11-12",33.86
"2010-11-15",33.82
"2010-11-16",33.13
"2010-11-17",33.65
"2010-11-18",33.34
"2010-11-19",33.69
"2010-11-22",33.85
"2010-11-23",33.82
"2010-11-24",34.39
"2010-11-26",34.4
"2010-11-29",34.31
"2010-11-30",34.05
"2010-12-01",34.
"2010-12-02",34.1
"2010-12-03",34.02
"2010-12-06",33.84
"2010-12-07",34.06
"2010-12-08",33.41
"2010-12-09",33.22
"2010-12-10",33.59
"2010-12-13",33.85
"2010-12-14",33.81
"2010-12-15",33.16
"2010-12-16",33.31
"2010-12-17",33.89
"2010-12-20",34.13
"2010-12-21",34.36
"2010-12-22",34.61
"2010-12-23",34.22
"2010-12-27",34.6
"2010-12-28",34.65
"2010-12-29",34.62
"2010-12-30",34.41
"2010-12-31",34.2
"2011-01-03",34.58
"2011-01-04",33.89
"2011-01-05",33.86
"2011-01-06",33.63
"2011-01-07",33.81
"2011-01-10",33.71
"2011-01-11",33.55
"2011-01-12",33.6
"2011-01-13",33.68
"2011-01-14",33.71
"2011-01-18",34.42
"2011-01-19",33.96
"2011-01-20",33.7
"2011-01-21",33.83
"2011-01-24",34.19
"2011-01-25",34.72
"2011-01-26",34.81
"2011-01-27",35.12
"2011-01-28",34.54
"2011-01-31",34.96
"2011-02-01",35.08
"2011-02-02",34.82
"2011-02-03",35.
"2011-02-04",34.55
"2011-02-07",34.83
"2011-02-08",34.98
"2011-02-09",34.86
"2011-02-10",35.04
"2011-02-11",34.8
"2011-02-14",35.1
"2011-02-15",34.78
"2011-02-16",35.03
"2011-02-17",35.31
"2011-02-18",35.48
"2011-02-22",35.47
"2011-02-23",35.25
"2011-02-24",35.02
"2011-02-25",35.64
"2011-02-28",35.97
"2011-03-01",35.16
"2011-03-02",34.88
"2011-03-03",35.15
"2011-03-04",34.88
"2011-03-07",34.93
"2011-03-08",35.25
"2011-03-09",34.7
"2011-03-10",34.35
"2011-03-11",34.54
"2011-03-14",34.36
"2011-03-15",34.4
"2011-03-16",34.25
"2011-03-17",34.56
"2011-03-18",34.64
"2011-03-21",34.76
"2011-03-22",34.43
"2011-03-23",34.22
"2011-03-24",34.41
"2011-03-25",34.62
"2011-03-28",34.65
"2011-03-29",34.77
"2011-03-30",34.83
"2011-03-31",34.95
"2011-04-01",34.9
"2011-04-04",35.04
"2011-04-05",35.
"2011-04-06",35.05
"2011-04-07",34.71
"2011-04-08",34.64
"2011-04-11",34.59
"2011-04-12",34.66
"2011-04-13",34.54
"2011-04-14",34.93
"2011-04-15",35.07
"2011-04-18",34.67
"2011-04-19",34.97
"2011-04-20",35.29
"2011-04-21",35.51
"2011-04-25",35.64
"2011-04-26",35.73
"2011-04-27",36.02
"2011-04-28",36.07
"2011-04-29",35.55
"2011-05-02",35.52
"2011-05-03",35.56
"2011-05-04",35.52
"2011-05-05",35.56
"2011-05-06",35.23
"2011-05-09",35.34
"2011-05-10",35.45
"2011-05-11",35.15
"2011-05-12",35.24
"2011-05-13",34.98
"2011-05-16",34.98
"2011-05-17",34.97
"2011-05-18",35.35
"2011-05-19",35.41
"2011-05-20",35.12
"2011-05-23",34.87
"2011-05-24",34.85
"2011-05-25",34.75
"2011-05-26",35.
"2011-05-27",34.95
"2011-05-31",35.14
"2011-06-01",34.21
"2011-06-02",34.12
"2011-06-03",34.15
"2011-06-06",33.75
"2011-06-07",33.96
"2011-06-08",33.71
"2011-06-09",33.24
"2011-06-10",32.28
"2011-06-13",32.35
"2011-06-14",33.01
"2011-06-15",32.75
"2011-06-16",33.05
"2011-06-17",33.48
"2011-06-20",33.63
"2011-06-21",33.77
"2011-06-22",33.51
"2011-06-23",32.95
"2011-06-24",33.09
"2011-06-27",33.16
"2011-06-28",33.39
"2011-06-29",33.67
"2011-06-30",33.49
"2011-07-01",34.02
"2011-07-05",34.16
"2011-07-06",34.69
"2011-07-07",35.01
"2011-07-08",34.94
"2011-07-11",34.42
"2011-07-12",34.51
"2011-07-13",34.08
"2011-07-14",33.77
"2011-07-15",34.06
"2011-07-18",33.81
"2011-07-19",34.07
"2011-07-20",34.23
"2011-07-21",34.43
"2011-07-22",34.54
"2011-07-25",34.12
"2011-07-26",34.11
"2011-07-27",33.22
"2011-07-28",32.67
"2011-07-29",32.46
"2011-08-01",32.5
"2011-08-02",31.64
"2011-08-03",31.56
"2011-08-04",30.58
"2011-08-05",30.01
"2011-08-08",28.04
"2011-08-09",31.34
"2011-08-10",30.75
"2011-08-11",32.12
"2011-08-12",31.66
"2011-08-15",32.91
"2011-08-16",32.64
"2011-08-17",32.84
"2011-08-18",32.31
"2011-08-19",32.04
"2011-08-22",32.3
"2011-08-23",33.3
"2011-08-24",34.02
"2011-08-25",33.32
"2011-08-26",33.64
"2011-08-29",34.63
"2011-08-30",34.58
"2011-08-31",34.68
"2011-09-01",33.84
"2011-09-02",33.31
"2011-09-06",33.27
"2011-09-07",34.47
"2011-09-08",34.61
"2011-09-09",33.64
"2011-09-12",34.01
"2011-09-13",34.37
"2011-09-14",34.52
"2011-09-15",34.66
"2011-09-16",34.94
"2011-09-19",34.5
"2011-09-20",34.43
"2011-09-21",33.5
"2011-09-22",33.3
"2011-09-23",33.58
"2011-09-26",33.82
"2011-09-27",33.97
"2011-09-28",33.51
"2011-09-29",33.58
"2011-09-30",32.24
"2011-10-03",30.54
"2011-10-04",31.71
"2011-10-05",31.36
"2011-10-06",31.77
"2011-10-07",30.78
"2011-10-10",31.88
"2011-10-11",31.08
"2011-10-12",31.46
"2011-10-13",31.72
"2011-10-14",32.44
"2011-10-17",32.02
"2011-10-18",32.91
"2011-10-19",32.5
"2011-10-20",32.55
"2011-10-21",33.23
"2011-10-24",33.85
"2011-10-25",33.16
"2011-10-26",33.54
"2011-10-27",34.05
"2011-10-28",33.95
"2011-10-31",33.41
"2011-11-01",32.62
"2011-11-02",33.19
"2011-11-03",33.79
"2011-11-04",33.5
"2011-11-07",33.55
"2011-11-08",33.79
"2011-11-09",32.8
"2011-11-10",32.64
"2011-11-11",33.28
"2011-11-14",33.06
"2011-11-15",33.39
"2011-11-16",33.47
"2011-11-17",33.36
"2011-11-18",33.72
"2011-11-21",33.07
"2011-11-22",33.14
"2011-11-23",32.41
"2011-11-25",32.5
"2011-11-28",33.16
"2011-11-29",33.04
"2011-11-30",33.86
"2011-12-01",33.39
"2011-12-02",33.26
"2011-12-05",33.38
"2011-12-06",33.41
"2011-12-07",33.88
"2011-12-08",33.41
"2011-12-09",33.9
"2011-12-12",33.72
"2011-12-13",33.47
"2011-12-14",33.73
"2011-12-15",34.33
"2011-12-16",34.58
"2011-12-19",33.96
"2011-12-20",34.7
"2011-12-21",34.93
"2011-12-22",35.1
"2011-12-23",35.25
"2011-12-27",35.59
"2011-12-28",35.06
"2011-12-29",35.25
"2011-12-30",34.96
"2012-01-03",34.82
"2012-01-04",34.52
"2012-01-05",34.88
"2012-01-06",34.79
"2012-01-09",35.02
"2012-01-10",35.31
"2012-01-11",35.48
"2012-01-12",35.4
"2012-01-13",35.67
"2012-01-17",35.82
"2012-01-18",35.88
"2012-01-19",35.79
"2012-01-20",35.61
"2012-01-23",35.69
"2012-01-24",35.9
"2012-01-25",36.3
"2012-01-26",36.53
"2012-01-27",36.61
"2012-01-30",36.34
"2012-01-31",36.4
"2012-02-01",36.84
"2012-02-02",37.
"2012-02-03",37.3
"2012-02-06",37.11
"2012-02-07",37.28
"2012-02-08",37.36
"2012-02-09",37.14
"2012-02-10",36.96
"2012-02-13",36.95
"2012-02-14",36.6
"2012-02-15",36.51
"2012-02-16",36.68
"2012-02-17",36.78
"2012-02-21",36.55
"2012-02-22",36.43
"2012-02-23",36.94
"2012-02-24",37.19
"2012-02-27",36.83
"2012-02-28",36.55
"2012-02-29",36.89
"2012-03-01",36.93
"2012-03-02",36.83
"2012-03-05",37.16
"2012-03-06",36.98
"2012-03-07",37.26
"2012-03-08",36.9
"2012-03-09",36.96
"2012-03-12",37.41
"2012-03-13",38.04
"2012-03-14",37.85
"2012-03-15",37.97
"2012-03-16",37.93
"2012-03-19",38.1
"2012-03-20",38.08
"2012-03-21",38.05
"2012-03-22",37.96
"2012-03-23",38.15
"2012-03-26",38.49
"2012-03-27",38.76
"2012-03-28",38.92
"2012-03-29",38.69
"2012-03-30",38.73
"2012-04-02",38.84
"2012-04-03",38.94
"2012-04-04",38.5
"2012-04-05",37.5
"2012-04-09",37.31
"2012-04-10",36.92
"2012-04-11",37.68
"2012-04-12",37.74
"2012-04-13",37.51
"2012-04-16",38.04
"2012-04-17",38.23
"2012-04-18",38.08
"2012-04-19",37.98
"2012-04-20",38.63
"2012-04-23",38.52
"2012-04-24",39.
"2012-04-25",39.46
"2012-04-26",39.41
"2012-04-27",39.25
"2012-04-30",39.34
"2012-05-01",39.44
"2012-05-02",39.27
"2012-05-03",39.44
"2012-05-04",39.29
"2012-05-07",39.43
"2012-05-08",39.44
"2012-05-09",39.25
"2012-05-10",39.31
"2012-05-11",39.67
"2012-05-14",39.21
"2012-05-15",39.53
"2012-05-16",39.3
"2012-05-17",38.37
"2012-05-18",38.02
"2012-05-21",38.42
"2012-05-22",38.73
"2012-05-23",38.63
"2012-05-24",38.73
"2012-05-25",38.59
"2012-05-29",39.12
"2012-05-30",38.04
"2012-05-31",38.33
"2012-06-01",37.8
"2012-06-04",37.77
"2012-06-05",38.64
"2012-06-06",39.78
"2012-06-07",39.14
"2012-06-08",39.69
"2012-06-11",38.92
"2012-06-12",39.45
"2012-06-13",39.36
"2012-06-14",39.81
"2012-06-15",39.66
"2012-06-18",40.22
"2012-06-19",40.47
"2012-06-20",40.45
"2012-06-21",40.07
"2012-06-22",40.1
"2012-06-25",40.21
"2012-06-26",40.51
"2012-06-27",40.71
"2012-06-28",41.23
"2012-06-29",41.77
"2012-07-02",42.04
"2012-07-03",42.09
"2012-07-05",41.93
"2012-07-06",42.1
"2012-07-09",41.73
"2012-07-10",41.55
"2012-07-11",41.71
"2012-07-12",41.95
"2012-07-13",42.51
"2012-07-16",42.17
"2012-07-17",42.3
"2012-07-18",42.11
"2012-07-19",41.7
"2012-07-20",41.53
"2012-07-23",41.66
"2012-07-24",41.73
"2012-07-25",41.66
"2012-07-26",40.91
"2012-07-27",41.29
"2012-07-30",41.22
"2012-07-31",41.2
"2012-08-01",40.96
"2012-08-02",41.22
"2012-08-03",41.41
"2012-08-06",41.15
"2012-08-07",40.75
"2012-08-08",40.86
"2012-08-09",40.51
"2012-08-10",40.58
"2012-08-13",40.59
"2012-08-14",40.67
"2012-08-15",40.6
"2012-08-16",41.54
"2012-08-17",41.72
"2012-08-20",41.98
"2012-08-21",41.85
"2012-08-22",41.9
"2012-08-23",41.84
"2012-08-24",42.35
"2012-08-27",42.31
"2012-08-28",42.96
"2012-08-29",42.65
"2012-08-30",42.27
"2012-08-31",42.13
"2012-09-04",42.72
"2012-09-05",42.48
"2012-09-06",42.21
"2012-09-07",42.78
"2012-09-10",42.51
"2012-09-11",42.26
"2012-09-12",42.01
"2012-09-13",42.14
"2012-09-14",42.2
"2012-09-17",42.16
"2012-09-18",41.82
"2012-09-19",41.53
"2012-09-20",41.19
"2012-09-21",41.16
"2012-09-24",41.41
"2012-09-25",40.84
"2012-09-26",40.62
"2012-09-27",40.72
"2012-09-28",40.89
"2012-10-01",40.76
"2012-10-02",41.09
"2012-10-03",41.35
"2012-10-04",41.3
"2012-10-05",41.24
"2012-10-08",41.1
"2012-10-09",40.92
"2012-10-10",41.13
"2012-10-11",41.04
"2012-10-12",41.
"2012-10-15",41.44
"2012-10-16",41.33
"2012-10-17",41.14
"2012-10-18",41.33
"2012-10-19",40.94
"2012-10-22",40.94
"2012-10-23",40.63
"2012-10-24",40.75
"2012-10-25",40.18
"2012-10-26",39.61
"2012-10-31",39.27
"2012-11-01",39.56
"2012-11-02",39.46
"2012-11-05",39.28
"2012-11-06",39.31
"2012-11-07",38.83
"2012-11-08",38.6
"2012-11-09",38.4
"2012-11-12",38.02
"2012-11-13",37.84
"2012-11-14",37.46
"2012-11-15",37.5
"2012-11-16",38.4
"2012-11-19",38.42
"2012-11-20",39.3
"2012-11-21",39.39
"2012-11-23",39.33
"2012-11-26",39.51
"2012-11-27",39.45
"2012-11-28",39.31
"2012-11-29",39.34
"2012-11-30",40.68
"2012-12-03",40.25
"2012-12-04",40.33
"2012-12-05",40.17
"2012-12-06",40.66
"2012-12-07",40.64
"2012-12-10",40.56
"2012-12-11",40.57
"2012-12-12",40.35
"2012-12-13",40.28
"2012-12-14",40.36
"2012-12-17",40.79
"2012-12-18",40.96
"2012-12-19",40.61
"2012-12-20",40.88
"2012-12-21",40.71
"2012-12-24",40.76
"2012-12-26",40.59
"2012-12-27",40.55
"2012-12-28",40.14
"2012-12-31",40.21
"2013-01-02",41.11
"2013-01-03",40.99
"2013-01-04",41.33
"2013-01-07",41.75
"2013-01-08",41.93
"2013-01-09",42.22
"2013-01-10",42.8
"2013-01-11",42.9
"2013-01-14",43.22
"2013-01-15",43.32
"2013-01-16",43.43
"2013-01-17",43.92
"2013-01-18",44.04
"2013-01-22",44.04
"2013-01-23",43.69
"2013-01-24",43.7
"2013-01-25",43.48
"2013-01-28",44.14
"2013-01-29",43.57
"2013-01-30",43.56
"2013-01-31",43.68
"2013-02-01",43.4
"2013-02-04",43.42
"2013-02-05",43.46
"2013-02-06",43.46
"2013-02-07",43.49
"2013-02-08",43.2
"2013-02-11",43.63
"2013-02-12",44.5
"2013-02-13",44.55
"2013-02-14",44.29
"2013-02-15",44.46
"2013-02-19",44.7
"2013-02-20",44.61
"2013-02-21",44.3
"2013-02-22",44.47
"2013-02-25",44.36
"2013-02-26",44.9
"2013-02-27",45.38
"2013-02-28",45.65
"2013-03-01",45.78
"2013-03-04",46.1
"2013-03-05",46.62
"2013-03-06",46.05
"2013-03-07",46.01
"2013-03-08",45.9
"2013-03-11",45.06
"2013-03-12",44.67
"2013-03-13",44.44
"2013-03-14",44.76
"2013-03-15",44.74
"2013-03-18",44.44
"2013-03-19",44.05
"2013-03-20",44.08
"2013-03-21",44.13
"2013-03-22",44.46
"2013-03-25",44.21
"2013-03-26",44.94
"2013-03-27",45.
"2013-03-28",45.35
"2013-04-01",45.57
"2013-04-02",45.75
"2013-04-03",45.6
"2013-04-04",45.88
"2013-04-05",46.03
"2013-04-08",46.4
"2013-04-09",46.46
"2013-04-10",46.8
"2013-04-11",47.7
"2013-04-12",47.73
"2013-04-15",46.87
"2013-04-16",47.89
"2013-04-17",47.63
"2013-04-18",48.1
"2013-04-19",49.
"2013-04-22",49.13
"2013-04-23",49.44
"2013-04-24",49.28
"2013-04-25",49.51
"2013-04-26",49.67
"2013-04-29",50.35
"2013-04-30",50.97
"2013-05-01",50.61
"2013-05-02",51.09
"2013-05-03",51.78
"2013-05-06",51.66
"2013-05-07",52.03
"2013-05-08",52.48
"2013-05-09",52.19
"2013-05-10",52.21
"2013-05-13",53.3
"2013-05-14",53.31
"2013-05-15",54.24
"2013-05-16",54.01
"2013-05-17",55.09
"2013-05-20",54.72
"2013-05-21",55.03
"2013-05-22",52.41
"2013-05-23",50.63
"2013-05-24",49.67
"2013-05-28",48.79
"2013-05-29",47.43
"2013-05-30",46.65
"2013-05-31",45.45
"2013-06-03",44.62
"2013-06-04",43.42
"2013-06-05",43.73
"2013-06-06",45.41
"2013-06-07",44.83
"2013-06-10",44.37
"2013-06-11",43.69
"2013-06-12",43.09
"2013-06-13",44.1
"2013-06-14",44.93
"2013-06-17",44.27
"2013-06-18",44.68
"2013-06-19",43.45
"2013-06-20",41.02
"2013-06-21",40.83
"2013-06-24",40.79
"2013-06-25",41.28
"2013-06-26",41.83
"2013-06-27",42.28
"2013-06-28",41.92
"2013-07-01",41.85
"2013-07-02",43.23
"2013-07-03",43.36
"2013-07-05",42.66
"2013-07-08",42.65
"2013-07-09",43.32
"2013-07-10",43.19
"2013-07-11",44.57
"2013-07-12",44.84
"2013-07-15",45.19
"2013-07-16",45.21
"2013-07-17",45.53
"2013-07-18",45.93
"2013-07-19",45.33
"2013-07-22",45.97
"2013-07-23",45.77
"2013-07-24",44.41
"2013-07-25",44.36
"2013-07-26",44.3
"2013-07-29",44.49
"2013-07-30",44.2
"2013-07-31",43.41
"2013-08-01",42.82
"2013-08-02",43.17
"2013-08-05",42.62
"2013-08-06",42.6
"2013-08-07",42.88
"2013-08-08",43.01
"2013-08-09",43.5
"2013-08-12",43.
"2013-08-13",42.07
"2013-08-14",41.84
"2013-08-15",41.19
"2013-08-16",40.1
"2013-08-19",39.29
"2013-08-20",40.2
"2013-08-21",40.09
"2013-08-22",40.26
"2013-08-23",40.68
"2013-08-26",40.2
"2013-08-27",40.03
"2013-08-28",39.58
"2013-08-29",39.77
"2013-08-30",39.5
"2013-09-03",38.87
"2013-09-04",39.3
"2013-09-05",38.7
"2013-09-06",39.13
"2013-09-09",39.96
"2013-09-10",39.51
"2013-09-11",39.55
"2013-09-12",39.22
"2013-09-13",39.2
"2013-09-16",39.9
"2013-09-17",39.71
"2013-09-18",40.78
"2013-09-19",40.43
"2013-09-20",39.92
"2013-09-23",39.63
"2013-09-24",39.91
"2013-09-25",40.51
"2013-09-26",41.09
"2013-09-27",40.26
"2013-09-30",39.75
"2013-10-01",40.65
"2013-10-02",40.55
"2013-10-03",39.81
"2013-10-04",39.7
"2013-10-07",39.67
"2013-10-08",39.26
"2013-10-09",39.35
"2013-10-10",40.36
"2013-10-11",40.65
"2013-10-14",40.79
"2013-10-15",40.85
"2013-10-16",41.61
"2013-10-17",42.2
"2013-10-18",41.86
"2013-10-21",41.25
"2013-10-22",40.95
"2013-10-23",41.46
"2013-10-24",41.54
"2013-10-25",42.98
"2013-10-28",43.07
"2013-10-29",42.97
"2013-10-30",42.62
"2013-10-31",41.65
"2013-11-01",41.95
"2013-11-04",41.85
"2013-11-05",41.45
"2013-11-06",41.89
"2013-11-07",41.37
"2013-11-08",40.06
"2013-11-11",40.06
"2013-11-12",39.9
"2013-11-13",40.1
"2013-11-14",40.57
"2013-11-15",40.82
"2013-11-18",40.15
"2013-11-19",39.74
"2013-11-20",38.9
"2013-11-21",38.91
"2013-11-22",38.78
"2013-11-25",38.28
"2013-11-26",37.88
"2013-11-27",38.33
"2013-11-29",38.11
"2013-12-02",37.86
"2013-12-03",37.6
"2013-12-04",36.87
"2013-12-05",36.68
"2013-12-06",37.08
"2013-12-09",37.33
"2013-12-10",37.46
"2013-12-11",36.95
"2013-12-12",37.18
"2013-12-13",38.25
"2013-12-16",38.21
"2013-12-17",39.01
"2013-12-18",39.73
"2013-12-19",38.04
"2013-12-20",37.64
"2013-12-23",37.84
"2013-12-24",38.13
"2013-12-26",38.13
"2013-12-27",37.86
"2013-12-30",37.5
"2013-12-31",37.33
"2014-01-02",37.35
"2014-01-03",37.73
"2014-01-06",37.93
"2014-01-07",38.12
"2014-01-08",37.68
"2014-01-09",37.78
"2014-01-10",38.56
"2014-01-13",38.29
"2014-01-14",38.69
"2014-01-15",38.77
"2014-01-16",38.56
"2014-01-17",38.41
"2014-01-21",39.3
"2014-01-22",39.54
"2014-01-23",39.54
"2014-01-24",39.54
"2014-01-27",39.67
"2014-01-28",40.55
"2014-01-29",40.54
"2014-01-30",40.77
"2014-01-31",40.78
"2014-02-03",39.72
"2014-02-04",39.92
"2014-02-05",40.17
"2014-02-06",40.25
"2014-02-07",40.56
"2014-02-10",40.99
"2014-02-11",41.02
"2014-02-12",41.19
"2014-02-13",41.48
"2014-02-14",41.72
"2014-02-18",42.43
"2014-02-19",42.59
"2014-02-20",42.91
"2014-02-21",43.41
"2014-02-24",43.92
"2014-02-25",44.4
"2014-02-26",44.5
"2014-02-27",44.42
"2014-02-28",44.42
"2014-03-03",44.05
"2014-03-04",44.33
"2014-03-05",43.65
"2014-03-06",42.75
"2014-03-07",41.59
"2014-03-10",41.44
"2014-03-11",41.87
"2014-03-12",42.13
"2014-03-13",42.32
"2014-03-14",42.32
"2014-03-17",42.44
"2014-03-18",42.26
"2014-03-19",40.91
"2014-03-20",40.73
"2014-03-21",41.1
"2014-03-24",40.77
"2014-03-25",41.25
"2014-03-26",40.78
"2014-03-27",40.8
"2014-03-28",40.75
"2014-03-31",40.86
"2014-04-01",40.53
"2014-04-02",40.71
"2014-04-03",40.4
"2014-04-04",40.74
"2014-04-07",41.51
"2014-04-08",41.92
"2014-04-09",41.81
"2014-04-10",41.32
"2014-04-11",41.43
"2014-04-14",41.43
"2014-04-15",42.57
"2014-04-16",42.78
"2014-04-17",41.89
"2014-04-21",41.93
"2014-04-22",42.42
"2014-04-23",42.28
"2014-04-24",42.74
"2014-04-25",42.89
"2014-04-28",43.58
"2014-04-29",43.4
"2014-04-30",43.45
"2014-05-01",43.21
"2014-05-02",43.21
"2014-05-05",43.52
"2014-05-06",43.29
"2014-05-07",44.21
"2014-05-08",43.99
"2014-05-09",43.78
"2014-05-12",44.08
"2014-05-13",43.68
"2014-05-14",43.6
"2014-05-15",43.18
"2014-05-16",43.88
"2014-05-19",43.67
"2014-05-20",43.68
"2014-05-21",43.35
"2014-05-22",42.89
"2014-05-23",42.93
"2014-05-27",43.15
"2014-05-28",43.16
"2014-05-29",43.36
"2014-05-30",43.3
"2014-06-02",43.49
"2014-06-03",43.28
"2014-06-04",43.1
"2014-06-05",44.11
"2014-06-06",44.07
"2014-06-09",43.26
"2014-06-10",43.25
"2014-06-11",43.44
"2014-06-12",43.69
"2014-06-13",43.85
"2014-06-16",43.47
"2014-06-17",43.68
"2014-06-18",44.18
"2014-06-19",44.49
"2014-06-20",44.94
"2014-06-23",44.49
"2014-06-24",44.37
"2014-06-25",44.31
"2014-06-26",44.11
"2014-06-27",44.22
"2014-06-30",44.42
"2014-07-01",44.86
"2014-07-02",44.57
"2014-07-03",44.23
"2014-07-07",44.54
"2014-07-08",44.74
"2014-07-09",44.82
"2014-07-10",45.14
"2014-07-11",45.11
"2014-07-14",45.37
"2014-07-15",45.38
"2014-07-16",45.27
"2014-07-17",45.3
"2014-07-18",45.79
"2014-07-21",45.58
"2014-07-22",45.24
"2014-07-23",45.29
"2014-07-24",44.72
"2014-07-25",44.69
"2014-07-28",44.77
"2014-07-29",44.57
"2014-07-30",43.44
"2014-07-31",43.05
"2014-08-01",42.98
"2014-08-04",43.33
"2014-08-05",43.25
"2014-08-06",43.34
"2014-08-07",43.55
"2014-08-08",43.8
"2014-08-11",43.69
"2014-08-12",43.77
"2014-08-13",44.56
"2014-08-14",44.55
"2014-08-15",44.71
"2014-08-18",45.12
"2014-08-19",45.25
"2014-08-20",45.43
"2014-08-21",45.4
"2014-08-22",45.09
"2014-08-25",44.82
"2014-08-26",44.76
"2014-08-27",44.71
"2014-08-28",44.58
"2014-08-29",44.72
"2014-09-02",44.63
"2014-09-03",44.58
"2014-09-04",44.62
"2014-09-05",45.35
"2014-09-08",44.98
"2014-09-09",44.63
"2014-09-10",44.05
"2014-09-11",43.75
"2014-09-12",42.5
"2014-09-15",42.39
"2014-09-16",42.83
"2014-09-17",42.54
"2014-09-18",41.76
"2014-09-19",42.12
"2014-09-22",41.64
"2014-09-23",41.11
"2014-09-24",40.89
"2014-09-25",40.95
"2014-09-26",41.43
"2014-09-29",41.1
"2014-09-30",40.79
"2014-10-01",40.97
"2014-10-02",40.97
"2014-10-03",41.1
"2014-10-06",41.28
"2014-10-07",41.11
"2014-10-08",42.17
"2014-10-09",42.76
"2014-10-10",42.53
"2014-10-13",42.59
"2014-10-14",43.25
"2014-10-15",43.77
"2014-10-16",43.97
"2014-10-17",43.54
"2014-10-20",44.16
"2014-10-21",44.44
"2014-10-22",44.76
"2014-10-23",44.95
"2014-10-24",44.97
"2014-10-27",45.26
"2014-10-28",45.15
"2014-10-29",45.91
"2014-10-30",46.52
"2014-10-31",46.03
"2014-11-03",46.93
"2014-11-04",47.63
"2014-11-05",47.27
"2014-11-06",46.86
"2014-11-07",46.87
"2014-11-10",47.1
"2014-11-11",46.83
"2014-11-12",46.34
"2014-11-13",46.17
"2014-11-14",45.7
"2014-11-17",46.07
"2014-11-18",46.11
"2014-11-19",45.9
"2014-11-20",45.92
"2014-11-21",45.96
"2014-11-24",46.31
"2014-11-25",46.39
"2014-11-26",46.43
"2014-11-28",46.46
"2014-12-01",46.46
"2014-12-02",46.51
"2014-12-03",46.28
"2014-12-04",46.16
"2014-12-05",45.51
"2014-12-08",45.47
"2014-12-09",45.55
"2014-12-10",45.73
"2014-12-11",46.5
"2014-12-12",46.56
"2014-12-15",46.48
"2014-12-16",46.56
"2014-12-17",47.65
"2014-12-18",48.01
"2014-12-19",48.6
"2014-12-22",49.26
"2014-12-23",49.09
"2014-12-24",49.42
"2014-12-26",49.31
"2014-12-29",49.57
"2014-12-30",48.91
"2014-12-31",47.71
"2015-01-02",48.62
"2015-01-05",49.62
"2015-01-06",50.27
"2015-01-07",51.09
"2015-01-08",49.74
"2015-01-09",50.33
"2015-01-12",51.03
"2015-01-13",51.13
"2015-01-14",51.7
"2015-01-15",52.21
"2015-01-16",52.78
"2015-01-20",52.74
"2015-01-21",52.75
"2015-01-22",53.19
"2015-01-23",53.54
"2015-01-26",54.72
"2015-01-27",55.05
"2015-01-28",55.1
"2015-01-29",55.14
"2015-01-30",54.31
"2015-02-02",53.54
"2015-02-03",53.3
"2015-02-04",52.82
"2015-02-05",53.35
"2015-02-06",50.84
"2015-02-09",51.16
"2015-02-10",51.29
"2015-02-11",51.35
"2015-02-12",51.69
"2015-02-13",52.01
"2015-02-17",51.78
"2015-02-18",52.65
"2015-02-19",51.39
"2015-02-20",51.97
"2015-02-23",52.42
"2015-02-24",50.87
"2015-02-25",51.1
"2015-02-26",49.81
"2015-02-27",50.06
"2015-03-02",50.65
"2015-03-03",50.55
"2015-03-04",50.34
"2015-03-05",50.8
"2015-03-06",48.73
"2015-03-09",49.23
"2015-03-10",49.27
"2015-03-11",49.53
"2015-03-12",50.14
"2015-03-13",50.05
"2015-03-16",50.6
"2015-03-17",50.56
"2015-03-18",52.01
"2015-03-19",52.24
"2015-03-20",53.65
"2015-03-23",53.46
"2015-03-24",52.58
"2015-03-25",51.74
"2015-03-26",51.25
"2015-03-27",51.06
"2015-03-30",51.63
"2015-03-31",51.6
"2015-04-01",51.48
"2015-04-02",52.05
"2015-04-06",50.56
"2015-04-07",50.65
"2015-04-08",50.56
"2015-04-09",49.36
"2015-04-10",49.51
"2015-04-13",49.12
"2015-04-14",49.94
"2015-04-15",49.35
"2015-04-16",49.37
"2015-04-17",49.26
"2015-04-20",49.1
"2015-04-21",49.36
"2015-04-22",49.52
"2015-04-23",49.39
"2015-04-24",49.37
"2015-04-27",49.23
"2015-04-28",49.03
"2015-04-29",47.82
"2015-04-30",46.97
"2015-05-01",47.
"2015-05-04",47.17
"2015-05-05",46.07
"2015-05-06",45.92
"2015-05-07",46.51
"2015-05-08",47.35
"2015-05-11",46.53
"2015-05-12",46.88
"2015-05-13",46.27
"2015-05-14",47.31
"2015-05-15",47.9
"2015-05-18",47.49
"2015-05-19",47.31
"2015-05-20",47.35
"2015-05-21",46.98
"2015-05-22",46.96
"2015-05-26",46.39
"2015-05-27",46.44
"2015-05-28",46.04
"2015-05-29",45.57
"2015-06-01",45.91
"2015-06-02",45.8
"2015-06-03",45.25
"2015-06-04",45.6
"2015-06-05",45.25
"2015-06-08",45.62
"2015-06-09",45.01
"2015-06-10",45.16
"2015-06-11",45.59
"2015-06-12",45.34
"2015-06-15",45.07
"2015-06-16",45.31
"2015-06-17",45.92
"2015-06-18",46.64
"2015-06-19",46.07
"2015-06-22",45.49
"2015-06-23",45.11
"2015-06-24",44.78
"2015-06-25",44.42
"2015-06-26",44.94
"2015-06-29",44.37
"2015-06-30",44.39
"2015-07-01",45.1
"2015-07-02",45.39
"2015-07-06",45.93
"2015-07-07",46.33
"2015-07-08",46.27
"2015-07-09",45.95
"2015-07-10",46.36
"2015-07-13",46.16
"2015-07-14",46.45
"2015-07-15",46.71
"2015-07-16",47.2
"2015-07-17",46.99
"2015-07-20",47.19
"2015-07-21",47.
"2015-07-22",47.27
"2015-07-23",46.78
"2015-07-24",47.08
"2015-07-27",47.22
"2015-07-28",47.42
"2015-07-29",47.83
"2015-07-30",47.61
"2015-07-31",48.29
"2015-08-03",48.78
"2015-08-04",48.14
"2015-08-05",47.38
"2015-08-06",47.53
"2015-08-07",47.46
"2015-08-10",47.36
"2015-08-11",47.45
"2015-08-12",47.62
"2015-08-13",47.54
"2015-08-14",47.84
"2015-08-17",48.02
"2015-08-18",48.46
"2015-08-19",48.05
"2015-08-20",48.1
"2015-08-21",47.62
"2015-08-24",45.82
"2015-08-25",44.47
"2015-08-26",45.47
"2015-08-27",46.36
"2015-08-28",45.94
"2015-08-31",44.69
"2015-09-01",43.94
"2015-09-02",44.23
"2015-09-03",44.17
"2015-09-04",43.38
"2015-09-08",44.31
"2015-09-09",43.97
"2015-09-10",44.2
"2015-09-11",45.08
"2015-09-14",45.35
"2015-09-15",45.8
"2015-09-16",46.28
"2015-09-17",46.89
"2015-09-18",47.49
"2015-09-21",47.67
"2015-09-22",47.14
"2015-09-23",47.33
"2015-09-24",46.97
"2015-09-25",47.06
"2015-09-28",46.64
"2015-09-29",47.11
"2015-09-30",47.39
"2015-10-01",47.35
"2015-10-02",46.
"2015-10-05",47.11
"2015-10-06",46.99
"2015-10-07",47.43
"2015-10-08",47.65
"2015-10-09",47.77
"2015-10-12",48.16
"2015-10-13",48.08
"2015-10-14",47.68
"2015-10-15",48.51
"2015-10-16",48.61
"2015-10-19",48.88
"2015-10-20",48.96
"2015-10-21",48.88
"2015-10-22",50.19
"2015-10-23",49.9
"2015-10-26",50.25
"2015-10-27",50.31
"2015-10-28",50.6
"2015-10-29",49.68
"2015-10-30",49.46
"2015-11-02",50.59
"2015-11-03",50.14
"2015-11-04",49.45
"2015-11-05",50.
"2015-11-06",47.47
"2015-11-09",46.39
"2015-11-10",46.94
"2015-11-11",47.44
"2015-11-12",47.44
"2015-11-13",47.44
"2015-11-16",48.19
"2015-11-17",48.44
"2015-11-18",49.22
"2015-11-19",49.37
"2015-11-20",49.67
"2015-11-23",49.72
"2015-11-24",49.45
"2015-11-25",49.61
"2015-11-27",50.03
"2015-11-30",49.62
"2015-12-01",50.62
"2015-12-02",49.61
"2015-12-03",48.78
"2015-12-04",50.01
"2015-12-07",50.27
"2015-12-08",50.14
"2015-12-09",49.62
"2015-12-10",48.94
"2015-12-11",48.65
"2015-12-14",49.34
"2015-12-15",49.94
"2015-12-16",51.23
"2015-12-17",51.
"2015-12-18",51.08
"2015-12-21",51.08
"2015-12-22",51.18
"2015-12-23",51.51
"2015-12-24",51.3
"2015-12-28",51.75
"2015-12-29",52.18
"2015-12-30",51.92
"2015-12-31",51.63
"2016-01-04",51.18
"2016-01-05",52.29
"2016-01-06",52.6
"2016-01-07",51.69
"2016-01-08",51.17
"2016-01-11",52.27
"2016-01-12",52.43
"2016-01-13",51.84
"2016-01-14",52.25
"2016-01-15",52.19
"2016-01-19",53.01
"2016-01-20",51.87
"2016-01-21",52.52
"2016-01-22",54.04
"2016-01-25",53.89
"2016-01-26",55.2
"2016-01-27",55.08
"2016-01-28",54.87
"2016-01-29",55.79
"2016-02-01",56.65
"2016-02-02",57.22
"2016-02-03",57.35
"2016-02-04",57.48
"2016-02-05",55.89
"2016-02-08",56.17
"2016-02-09",56.36
"2016-02-10",56.78
"2016-02-11",60.12
"2016-02-12",60.48
"2016-02-16",59.82
"2016-02-17",59.81
"2016-02-18",60.45
"2016-02-19",60.22
"2016-02-22",59.72
"2016-02-23",59.71
"2016-02-24",59.53
"2016-02-25",60.12
"2016-02-26",58.63
"2016-02-29",58.54
"2016-03-01",58.83
"2016-03-02",59.04
"2016-03-03",59.02
"2016-03-04",58.16
"2016-03-07",57.75
"2016-03-08",58.64
"2016-03-09",58.93
"2016-03-10",59.25
"2016-03-11",59.63
"2016-03-14",59.75
"2016-03-15",59.86
"2016-03-16",60.88
"2016-03-17",61.57
"2016-03-18",61.24
"2016-03-21",60.77
"2016-03-22",60.88
"2016-03-23",61.41
"2016-03-24",61.46
"2016-03-28",62.11
"2016-03-29",62.87
"2016-03-30",62.21
"2016-03-31",62.51
"2016-04-01",62.25
"2016-04-04",62.16
"2016-04-05",62.86
"2016-04-06",62.97
"2016-04-07",62.65
"2016-04-08",63.
"2016-04-11",63.
"2016-04-12",63.74
"2016-04-13",63.08
"2016-04-14",62.67
"2016-04-15",63.01
"2016-04-18",63.15
"2016-04-19",63.29
"2016-04-20",61.56
"2016-04-21",59.03
"2016-04-22",59.37
"2016-04-25",60.32
"2016-04-26",59.6
"2016-04-27",59.45
"2016-04-28",59.47
"2016-04-29",59.2
"2016-05-02",59.81
"2016-05-03",60.71
"2016-05-04",62.38
"2016-05-05",62.41
"2016-05-06",63.58
"2016-05-09",64.04
"2016-05-10",64.22
"2016-05-11",63.27
"2016-05-12",64.14
"2016-05-13",63.62
"2016-05-16",63.91
"2016-05-17",62.5
"2016-05-18",60.87
"2016-05-19",59.05
"2016-05-20",59.19
"2016-05-23",59.05
"2016-05-24",59.43
"2016-05-25",59.38
"2016-05-26",59.9
"2016-05-27",59.9
"2016-05-31",60.09
"2016-06-01",60.85
"2016-06-02",61.55
"2016-06-03",63.05
"2016-06-06",62.57
"2016-06-07",63.19
"2016-06-08",63.51
"2016-06-09",63.98
"2016-06-10",64.3
"2016-06-13",64.12
"2016-06-14",64.34
"2016-06-15",64.4
"2016-06-16",65.07
"2016-06-17",64.12
"2016-06-20",63.75
"2016-06-21",64.33
"2016-06-22",64.36
"2016-06-23",64.5
"2016-06-24",65.75
"2016-06-27",66.97
"2016-06-28",68.2
"2016-06-29",68.46
"2016-06-30",69.36
"2016-07-01",69.64
"2016-07-05",71.47
"2016-07-06",71.21
"2016-07-07",69.14
"2016-07-08",69.91
"2016-07-11",70.52
"2016-07-12",70.07
"2016-07-13",70.8
"2016-07-14",70.34
"2016-07-15",69.84
"2016-07-18",69.98
"2016-07-19",70.29
"2016-07-20",69.8
"2016-07-21",70.08
"2016-07-22",70.41
"2016-07-25",70.32
"2016-07-26",70.11
"2016-07-27",69.59
"2016-07-28",70.68
"2016-07-29",71.47
"2016-08-01",72.14
"2016-08-02",70.01
"2016-08-03",69.18
"2016-08-04",69.54
"2016-08-05",68.56
"2016-08-08",68.44
"2016-08-09",68.93
"2016-08-10",69.21
"2016-08-11",68.18
"2016-08-12",68.64
"2016-08-15",67.99
"2016-08-16",66.94
"2016-08-17",67.61
"2016-08-18",67.81
"2016-08-19",66.8
"2016-08-22",67.46
"2016-08-23",67.29
"2016-08-24",66.68
"2016-08-25",66.67
"2016-08-26",65.73
"2016-08-29",66.38
"2016-08-30",65.44
"2016-08-31",65.73
"2016-09-01",65.74
"2016-09-02",66.27
"2016-09-06",67.18
"2016-09-07",67.99
"2016-09-08",67.42
"2016-09-09",64.26
"2016-09-12",65.54
"2016-09-13",63.54
"2016-09-14",63.99
"2016-09-15",64.33
"2016-09-16",64.47
"2016-09-19",65.22
"2016-09-20",65.59
"2016-09-21",66.76
"2016-09-22",67.88
"2016-09-23",68.05
"2016-09-26",68.68
"2016-09-27",68.18
"2016-09-28",68.82
"2016-09-29",67.6
"2016-09-30",66.93
"2016-10-03",65.38
"2016-10-04",63.69
"2016-10-05",61.92
"2016-10-06",61.59
"2016-10-07",61.46
"2016-10-10",62.11
"2016-10-11",60.81
"2016-10-12",61.67
"2016-10-13",62.71
"2016-10-14",62.04
"2016-10-17",62.65
"2016-10-18",62.66
"2016-10-19",62.54
"2016-10-20",62.45
"2016-10-21",61.9
"2016-10-24",62.3
"2016-10-25",62.3
"2016-10-26",61.31
"2016-10-27",59.11
"2016-10-28",58.53
"2016-10-31",59.24
"2016-11-01",57.74
"2016-11-02",56.71
"2016-11-03",56.55
"2016-11-04",57.38
"2016-11-07",58.45
"2016-11-08",58.94
"2016-11-09",55.62
"2016-11-10",54.28
"2016-11-11",54.39
"2016-11-14",55.62
"2016-11-15",55.67
"2016-11-16",56.15
"2016-11-17",54.87
"2016-11-18",55.15
"2016-11-21",55.09
"2016-11-22",56.6
"2016-11-23",56.12
"2016-11-25",56.57
"2016-11-28",56.35
"2016-11-29",56.74
"2016-11-30",55.44
"2016-12-01",53.49
"2016-12-02",54.73
"2016-12-05",54.73
"2016-12-06",54.59
"2016-12-07",55.45
"2016-12-08",55.33
"2016-12-09",55.61
"2016-12-12",56.18
"2016-12-13",56.11
"2016-12-14",54.65
"2016-12-15",54.04
"2016-12-16",55.47
"2016-12-19",57.33
"2016-12-20",56.76
"2016-12-21",56.24
"2016-12-22",56.33
"2016-12-23",56.41
"2016-12-27",56.43
"2016-12-28",56.09
"2016-12-29",56.63
"2016-12-30",57.48
"2017-01-03",57.49
"2017-01-04",58.35
"2017-01-05",59.92
"2017-01-06",59.84
"2017-01-09",59.4
"2017-01-10",58.69
"2017-01-11",58.53
"2017-01-12",59.57
"2017-01-13",59.07
"2017-01-17",60.13
"2017-01-18",59.78
"2017-01-19",59.18
"2017-01-20",59.69
"2017-01-23",60.26
"2017-01-24",59.78
"2017-01-25",59.62
"2017-01-26",59.81
"2017-01-27",59.44
"2017-01-30",59.29
"2017-01-31",59.63
"2017-02-01",58.31
"2017-02-02",59.42
"2017-02-03",59.82
"2017-02-06",59.82
"2017-02-07",60.15
"2017-02-08",60.5
"2017-02-09",60.58
"2017-02-10",61.28
"2017-02-13",61.62
"2017-02-14",60.78
"2017-02-15",60.32
"2017-02-16",60.58
"2017-02-17",60.8
"2017-02-21",61.52
"2017-02-22",61.14
"2017-02-23",62.86
"2017-02-24",63.19
"2017-02-27",63.14
"2017-02-28",61.28
"2017-03-01",60.6
"2017-03-02",60.56
"2017-03-03",60.34
"2017-03-06",59.67
"2017-03-07",59.84
"2017-03-08",57.7
"2017-03-09",57.15
"2017-03-10",57.39
"2017-03-13",57.82
"2017-03-14",57.74
"2017-03-15",59.23
"2017-03-16",59.06
"2017-03-17",59.86
"2017-03-20",59.46
"2017-03-21",60.04
"2017-03-22",59.94
"2017-03-23",59.68
"2017-03-24",59.46
"2017-03-27",59.07
"2017-03-28",58.89
"2017-03-29",59.07
"2017-03-30",58.93
"2017-03-31",59.53
"2017-04-03",59.71
"2017-04-04",59.72
"2017-04-05",59.75
"2017-04-06",60.17
"2017-04-07",60.26
"2017-04-10",60.75
"2017-04-11",61.41
"2017-04-12",61.38
"2017-04-13",61.45
"2017-04-17",61.81
"2017-04-18",62.06
"2017-04-19",61.98
"2017-04-20",62.07
"2017-04-21",61.75
"2017-04-24",60.08
"2017-04-25",59.83
"2017-04-26",59.21
"2017-04-27",59.45
"2017-04-28",58.35
"2017-05-01",58.82
"2017-05-02",59.04
"2017-05-03",57.83
"2017-05-04",55.78
"2017-05-05",56.62
"2017-05-08",55.68
"2017-05-09",54.96
"2017-05-10",55.58
"2017-05-11",54.44
"2017-05-12",54.73
"2017-05-15",54.3
"2017-05-16",53.21
"2017-05-17",53.76
"2017-05-18",53.82
"2017-05-19",54.2
"2017-05-22",54.13
"2017-05-23",54.14
"2017-05-24",54.66
"2017-05-25",55.15
"2017-05-26",55.18
"2017-05-30",55.
"2017-05-31",54.93
"2017-06-01",55.54
"2017-06-02",56.58
"2017-06-05",55.37
"2017-06-06",55.42
"2017-06-07",55.62
"2017-06-08",54.89
"2017-06-09",55.31
"2017-06-12",56.14
"2017-06-13",56.28
"2017-06-14",56.95
"2017-06-15",56.91
"2017-06-16",56.67
"2017-06-19",56.22
"2017-06-20",56.17
"2017-06-21",55.42
"2017-06-22",54.82
"2017-06-23",55.28
"2017-06-26",56.48
"2017-06-27",55.99
"2017-06-28",56.81
"2017-06-29",55.77
"2017-06-30",55.18
"2017-07-03",56.05
"2017-07-05",55.21
"2017-07-06",54.13
"2017-07-07",54.69
"2017-07-10",53.6
"2017-07-11",53.89
"2017-07-12",54.67
"2017-07-13",55.13
"2017-07-14",56.25
"2017-07-17",56.48
"2017-07-18",56.58
"2017-07-19",57.16
"2017-07-20",57.32
"2017-07-21",57.31
"2017-07-24",57.17
"2017-07-25",57.43
"2017-07-26",57.92
"2017-07-27",57.95
"2017-07-28",57.2
"2017-07-31",57.06
"2017-08-01",57.74
"2017-08-02",57.1
"2017-08-03",57.04
"2017-08-04",57.45
"2017-08-07",57.45
"2017-08-08",57.3
"2017-08-09",57.48
"2017-08-10",57.02
"2017-08-11",56.48
"2017-08-14",57.32
"2017-08-15",56.97
"2017-08-16",57.61
"2017-08-17",57.19
"2017-08-18",56.85
"2017-08-21",57.88
"2017-08-22",57.38
"2017-08-23",58.1
"2017-08-24",57.5
"2017-08-25",58.04
"2017-08-28",57.21
"2017-08-29",57.14
"2017-08-30",56.92
"2017-08-31",57.56
"2017-09-01",57.86
"2017-09-05",58.32
"2017-09-06",58.18
"2017-09-07",58.71
"2017-09-08",59.33
"2017-09-11",59.45
"2017-09-12",58.92
"2017-09-13",58.79
"2017-09-14",59.4
"2017-09-15",59.9
"2017-09-18",59.56
"2017-09-19",58.8
"2017-09-20",58.34
"2017-09-21",57.91
"2017-09-22",57.57
"2017-09-25",57.93
"2017-09-26",58.34
"2017-09-27",57.31
"2017-09-28",57.82
"2017-09-29",57.19
"2017-10-02",57.07
"2017-10-03",57.05
"2017-10-04",57.15
"2017-10-05",57.03
"2017-10-06",56.48
"2017-10-09",56.53
"2017-10-10",56.61
"2017-10-11",56.67
"2017-10-12",56.75
"2017-10-13",56.87
"2017-10-16",56.9
"2017-10-17",57.09
"2017-10-18",56.29
"2017-10-19",56.21
"2017-10-20",55.54
"2017-10-23",55.47
"2017-10-24",54.96
"2017-10-25",54.47
"2017-10-26",53.44
"2017-10-27",53.93
"2017-10-30",54.17
"2017-10-31",53.67
"2017-11-01",53.93
"2017-11-02",54.92
"2017-11-03",55.18
"2017-11-06",55.26
"2017-11-07",56.22
"2017-11-08",56.17
"2017-11-09",56.26
"2017-11-10",56.27
"2017-11-13",56.67
"2017-11-14",56.9
"2017-11-15",56.47
"2017-11-16",56.49
"2017-11-17",56.48
"2017-11-20",56.12
"2017-11-21",56.54
"2017-11-22",56.29
"2017-11-24",56.39
"2017-11-27",56.22
"2017-11-28",55.88
"2017-11-29",55.47
"2017-11-30",55.3
"2017-12-01",55.55
"2017-12-04",55.34
"2017-12-05",55.22
"2017-12-06",54.7
"2017-12-07",54.83
"2017-12-08",55.58
"2017-12-11",55.42
"2017-12-12",55.74
"2017-12-13",56.87
"2017-12-14",56.97
"2017-12-15",57.4
"2017-12-18",57.8
"2017-12-19",56.35
"2017-12-20",55.61
"2017-12-21",55.25
"2017-12-22",55.85
"2017-12-26",56.23
"2017-12-27",56.72
"2017-12-28",57.12
"2017-12-29",57.02
"2018-01-02",56.62
"2018-01-03",56.47
"2018-01-04",55.25
"2018-01-05",55.21
"2018-01-08",55.28
"2018-01-09",54.25
"2018-01-10",53.06
"2018-01-11",53.28
"2018-01-12",52.72
"2018-01-16",52.94
"2018-01-17",53.24
"2018-01-18",52.75
"2018-01-19",53.14
"2018-01-22",53.86
"2018-01-23",54.53
"2018-01-24",54.01
"2018-01-25",54.44
"2018-01-26",54.21
"2018-01-29",53.05
"2018-01-30",52.46
"2018-01-31",53.19
"2018-02-01",51.59
"2018-02-02",51.25
"2018-02-05",50.1
"2018-02-06",50.07
"2018-02-07",48.92
"2018-02-08",47.56
"2018-02-09",48.9
"2018-02-12",48.68
"2018-02-13",48.99
"2018-02-14",48.1
"2018-02-15",49.28
"2018-02-16",49.96
"2018-02-20",49.4
"2018-02-21",48.39
"2018-02-22",49.3
"2018-02-23",50.2
"2018-02-26",50.6
"2018-02-27",49.37
"2018-02-28",49.18
"2018-03-01",49.61
"2018-03-02",49.73
"2018-03-05",50.31
"2018-03-06",50.54
"2018-03-07",50.85
"2018-03-08",50.58
"2018-03-09",50.87
"2018-03-12",51.25
"2018-03-13",51.45
"2018-03-14",51.39
"2018-03-15",51.14
"2018-03-16",51.47
"2018-03-19",50.9
"2018-03-20",50.48
"2018-03-21",49.9
"2018-03-22",49.87
"2018-03-23",49.33
"2018-03-26",49.95
"2018-03-27",50.32
"2018-03-28",51.76
"2018-03-29",51.73
"2018-04-02",51.17
"2018-04-03",51.74
"2018-04-04",52.45
"2018-04-05",52.37
"2018-04-06",52.08
"2018-04-09",51.89
"2018-04-10",51.72
"2018-04-11",51.83
"2018-04-12",50.7
"2018-04-13",50.81
"2018-04-16",51.08
"2018-04-17",51.61
"2018-04-18",51.43
"2018-04-19",50.17
"2018-04-20",49.53
"2018-04-23",49.13
"2018-04-24",49.48
"2018-04-25",49.61
"2018-04-26",50.39
"2018-04-27",51.45
"2018-04-30",50.51
"2018-05-01",51.18
"2018-05-02",50.81
"2018-05-03",51.29
"2018-05-04",52.27
"2018-05-07",52.67
"2018-05-08",52.46
"2018-05-09",52.87
"2018-05-10",53.52
"2018-05-11",52.99
"2018-05-14",52.78
"2018-05-15",51.72
"2018-05-16",51.9
"2018-05-17",51.72
"2018-05-18",51.66
"2018-05-21",52.31
"2018-05-22",52.28
"2018-05-23",52.98
"2018-05-24",52.79
"2018-05-25",52.84
"2018-05-29",53.32
"2018-05-30",53.73
"2018-05-31",53.3
"2018-06-01",53.04
"2018-06-04",53.16
"2018-06-05",53.
"2018-06-06",53.27
"2018-06-07",53.35
"2018-06-08",53.27
"2018-06-11",53.39
"2018-06-12",53.97
"2018-06-13",52.4
"2018-06-14",52.99
"2018-06-15",52.97
"2018-06-18",52.9
"2018-06-19",52.86
"2018-06-20",53.49
"2018-06-21",53.52
"2018-06-22",53.78
"2018-06-25",54.24
"2018-06-26",54.35
"2018-06-27",54.53
"2018-06-28",54.3
"2018-06-29",53.79
"2018-07-02",53.28
"2018-07-03",54.15
"2018-07-05",55.16
"2018-07-06",55.58
"2018-07-09",54.88
"2018-07-10",55.47
"2018-07-11",55.14
"2018-07-12",55.42
"2018-07-13",55.15
"2018-07-16",54.91
"2018-07-17",54.72
"2018-07-18",54.97
"2018-07-19",55.81
"2018-07-20",55.49
"2018-07-23",55.47
"2018-07-24",54.95
"2018-07-25",55.75
"2018-07-26",55.76
"2018-07-27",55.04
"2018-07-30",55.37
"2018-07-31",55.77
"2018-08-01",55.98
"2018-08-02",56.91
"2018-08-03",57.67
"2018-08-06",57.61
"2018-08-07",57.25
"2018-08-08",57.15
"2018-08-09",56.98
"2018-08-10",56.51
"2018-08-13",56.72
"2018-08-14",57.08
"2018-08-15",57.61
"2018-08-16",58.2
"2018-08-17",58.85
"2018-08-20",58.78
"2018-08-21",58.6
"2018-08-22",58.48
"2018-08-23",58.45
"2018-08-24",58.6
"2018-08-27",58.37
"2018-08-28",59.07
"2018-08-29",58.52
"2018-08-30",58.42
"2018-08-31",58.57
"2018-09-04",58.37
"2018-09-05",58.63
"2018-09-06",58.79
"2018-09-07",58.14
"2018-09-10",58.35
"2018-09-11",58.01
"2018-09-12",58.11
"2018-09-13",58.14
"2018-09-14",57.66
"2018-09-17",58.17
"2018-09-18",57.51
"2018-09-19",56.65
"2018-09-20",57.27
"2018-09-21",56.99
"2018-09-24",56.13
"2018-09-25",56.46
"2018-09-26",55.82
"2018-09-27",56.12
"2018-09-28",56.89
"2018-10-01",56.6
"2018-10-02",56.81
"2018-10-03",56.76
"2018-10-04",56.54
"2018-10-05",57.06
"2018-10-08",58.08
"2018-10-09",58.57
"2018-10-10",57.31
"2018-10-11",55.96
"2018-10-12",55.85
"2018-10-15",56.17
"2018-10-16",57.55
"2018-10-17",58.04
"2018-10-18",57.91
"2018-10-19",58.5
"2018-10-22",57.71
"2018-10-23",58.47
"2018-10-24",59.8
"2018-10-25",60.24
"2018-10-26",59.73
"2018-10-29",61.3
"2018-10-30",61.4
"2018-10-31",60.27
"2018-11-01",61.19
"2018-11-02",60.26
"2018-11-05",61.47
"2018-11-06",61.56
"2018-11-07",62.29
"2018-11-08",62.48
"2018-11-09",62.76
"2018-11-12",62.89
"2018-11-13",62.84
