"2003-01-31",0.56
"2003-02-03",0.57
"2003-02-04",0.58
"2003-02-05",0.58
"2003-02-06",0.6
"2003-02-07",0.7
"2003-02-10",0.74
"2003-02-11",0.74
"2003-02-12",0.75
"2003-02-13",0.69
"2003-02-14",0.69
"2003-02-18",0.73
"2003-02-19",0.75
"2003-02-20",0.8
"2003-02-21",0.75
"2003-02-24",0.77
"2003-02-25",0.75
"2003-02-26",0.72
"2003-02-27",0.66
"2003-02-28",0.65
"2003-03-03",0.68
"2003-03-04",0.65
"2003-03-05",0.68
"2003-03-06",0.65
"2003-03-07",0.65
"2003-03-10",0.65
"2003-03-11",0.62
"2003-03-12",0.61
"2003-03-13",0.62
"2003-03-14",0.63
"2003-03-17",0.74
"2003-03-18",0.8
"2003-03-19",0.94
"2003-03-20",1.11
"2003-03-21",1.31
"2003-03-24",1.27
"2003-03-25",1.13
"2003-03-26",1.15
"2003-03-27",1.26
"2003-03-28",1.3
"2003-03-31",1.32
"2003-04-01",1.3
"2003-04-02",1.38
"2003-04-03",1.44
"2003-04-04",1.43
"2003-04-07",1.23
"2003-04-08",1.18
"2003-04-09",1.19
"2003-04-10",1.18
"2003-04-11",1.35
"2003-04-14",1.25
"2003-04-15",1.29
"2003-04-16",1.25
"2003-04-17",1.2
"2003-04-21",1.34
"2003-04-22",1.35
"2003-04-23",1.43
"2003-04-24",1.67
"2003-04-25",1.73
"2003-04-28",1.8
"2003-04-29",1.7
"2003-04-30",1.67
"2003-05-01",1.62
"2003-05-02",1.6
"2003-05-05",1.76
"2003-05-06",1.92
"2003-05-07",1.87
"2003-05-08",1.82
"2003-05-09",2.24
"2003-05-12",2.2
"2003-05-13",2.1
"2003-05-14",2.2
"2003-05-15",2.37
"2003-05-16",2.46
"2003-05-19",2.71
"2003-05-20",2.7
"2003-05-21",2.62
"2003-05-22",2.61
"2003-05-23",2.5
"2003-05-27",2.94
"2003-05-28",3.1
"2003-05-29",3.05
"2003-05-30",3.05
"2003-06-02",3.25
"2003-06-03",3.02
"2003-06-04",3.02
"2003-06-05",3.19
"2003-06-06",3.13
"2003-06-09",2.95
"2003-06-10",3.04
"2003-06-11",2.98
"2003-06-12",3.1
"2003-06-13",3.04
"2003-06-16",3.08
"2003-06-17",2.95
"2003-06-18",2.97
"2003-06-19",2.94
"2003-06-20",2.97
"2003-06-23",2.67
"2003-06-24",2.79
"2003-06-25",2.93
"2003-06-26",2.83
"2003-06-27",3.
"2003-06-30",3.01
"2003-07-01",2.96
"2003-07-02",3.02
"2003-07-03",3.2
"2003-07-07",3.45
"2003-07-08",3.75
"2003-07-09",3.89
"2003-07-10",3.75
"2003-07-11",3.55
"2003-07-14",3.75
"2003-07-15",3.53
"2003-07-16",3.62
"2003-07-17",3.33
"2003-07-18",3.37
"2003-07-21",3.33
"2003-07-22",3.34
"2003-07-23",3.53
"2003-07-24",3.66
"2003-07-25",3.62
"2003-07-28",3.65
"2003-07-29",3.85
"2003-07-30",3.73
"2003-07-31",3.86
"2003-08-01",3.85
"2003-08-04",4.
"2003-08-05",3.93
"2003-08-06",3.99
"2003-08-07",3.96
"2003-08-08",3.83
"2003-08-11",4.
"2003-08-12",3.32
"2003-08-13",3.5
"2003-08-14",3.28
"2003-08-15",3.19
"2003-08-18",2.91
"2003-08-19",2.7
"2003-08-20",3.05
"2003-08-21",3.27
"2003-08-22",3.2
"2003-08-25",3.16
"2003-08-26",3.19
"2003-08-27",3.28
"2003-08-28",3.3
"2003-08-29",3.35
"2003-09-02",3.3
"2003-09-03",3.26
"2003-09-04",3.33
"2003-09-05",3.28
"2003-09-08",3.39
"2003-09-09",3.63
"2003-09-10",3.35
"2003-09-11",3.37
"2003-09-12",3.4
"2003-09-15",3.4
"2003-09-16",3.38
"2003-09-17",3.28
"2003-09-18",3.34
"2003-09-19",3.25
"2003-09-22",3.32
"2003-09-23",3.3
"2003-09-24",3.3
"2003-09-25",3.18
"2003-09-26",3.15
"2003-09-29",3.19
"2003-09-30",3.15
"2003-10-01",3.2
"2003-10-02",3.4
"2003-10-03",3.5
"2003-10-06",3.52
"2003-10-07",3.55
"2003-10-08",3.64
"2003-10-09",3.69
"2003-10-10",3.52
"2003-10-13",3.74
"2003-10-14",3.84
"2003-10-15",3.82
"2003-10-16",4.03
"2003-10-17",4.19
"2003-10-20",4.13
"2003-10-21",4.11
"2003-10-22",4.12
"2003-10-23",3.97
"2003-10-24",3.78
"2003-10-27",4.
"2003-10-28",3.99
"2003-10-29",4.2
"2003-10-30",4.2
"2003-10-31",4.07
"2003-11-03",4.09
"2003-11-04",3.93
"2003-11-05",3.96
"2003-11-06",4.
"2003-11-07",3.97
"2003-11-10",3.82
"2003-11-11",3.5
"2003-11-12",3.61
"2003-11-13",3.7
"2003-11-14",3.47
"2003-11-17",3.37
"2003-11-18",3.32
"2003-11-19",3.3
"2003-11-20",3.31
"2003-11-21",3.37
"2003-11-24",3.49
"2003-11-25",3.5
"2003-11-26",3.48
"2003-11-28",3.45
"2003-12-01",3.46
"2003-12-02",3.4
"2003-12-03",3.4
"2003-12-04",3.35
"2003-12-05",3.17
"2003-12-08",3.38
"2003-12-09",3.44
"2003-12-10",3.54
"2003-12-11",3.64
"2003-12-12",3.69
"2003-12-15",3.53
"2003-12-16",3.5
"2003-12-17",3.47
"2003-12-18",3.53
"2003-12-19",3.49
"2003-12-22",3.48
"2003-12-23",3.65
"2003-12-24",3.64
"2003-12-26",3.64
"2003-12-29",3.66
"2003-12-30",3.62
"2003-12-31",3.76
"2004-01-02",4.09
"2004-01-05",4.55
"2004-01-06",4.45
"2004-01-07",4.5
"2004-01-08",4.7
"2004-01-09",4.85
"2004-01-12",4.95
"2004-01-13",5.25
"2004-01-14",5.17
"2004-01-15",4.9
"2004-01-16",5.05
"2004-01-20",4.96
"2004-01-21",4.78
"2004-01-22",4.6
"2004-01-23",4.49
"2004-01-26",4.5
"2004-01-27",4.53
"2004-01-28",4.43
"2004-01-29",4.35
"2004-01-30",4.45
"2004-02-02",4.44
"2004-02-03",4.12
"2004-02-04",3.95
"2004-02-05",4.
"2004-02-06",4.17
"2004-02-09",4.17
"2004-02-10",4.25
"2004-02-11",4.32
"2004-02-12",4.15
"2004-02-13",3.95
"2004-02-17",4.2
"2004-02-18",4.15
"2004-02-19",4.2
"2004-02-20",4.3
"2004-02-23",3.95
"2004-02-24",3.99
"2004-02-25",4.01
"2004-02-26",4.13
"2004-02-27",4.45
"2004-03-01",4.42
"2004-03-02",4.42
"2004-03-03",4.49
"2004-03-04",4.64
"2004-03-05",4.67
"2004-03-08",4.42
"2004-03-09",4.27
"2004-03-10",4.15
"2004-03-11",3.96
"2004-03-12",4.05
"2004-03-15",3.96
"2004-03-16",3.95
"2004-03-17",3.96
"2004-03-18",3.91
"2004-03-19",3.85
"2004-03-22",3.62
"2004-03-23",3.46
"2004-03-24",3.45
"2004-03-25",3.68
"2004-03-26",3.8
"2004-03-29",3.94
"2004-03-30",3.82
"2004-03-31",3.88
"2004-04-01",3.54
"2004-04-02",3.67
"2004-04-05",3.86
"2004-04-06",3.91
"2004-04-07",3.8
"2004-04-08",3.92
"2004-04-12",3.98
"2004-04-13",3.85
"2004-04-14",3.95
"2004-04-15",4.06
"2004-04-16",4.3
"2004-04-19",4.41
"2004-04-20",4.25
"2004-04-21",4.32
"2004-04-22",4.6
"2004-04-23",4.45
"2004-04-26",4.5
"2004-04-27",4.3
"2004-04-28",4.1
"2004-04-29",4.06
"2004-04-30",3.97
"2004-05-03",3.9
"2004-05-04",3.86
"2004-05-05",3.78
"2004-05-06",3.7
"2004-05-07",3.39
"2004-05-10",3.22
"2004-05-11",3.28
"2004-05-12",3.34
"2004-05-13",3.39
"2004-05-14",3.36
"2004-05-17",3.27
"2004-05-18",3.37
"2004-05-19",3.43
"2004-05-20",3.4
"2004-05-21",3.45
"2004-05-24",3.56
"2004-05-25",3.78
"2004-05-26",3.88
"2004-05-27",3.92
"2004-05-28",3.86
"2004-06-01",3.92
"2004-06-02",4.
"2004-06-03",3.9
"2004-06-04",3.9
"2004-06-07",4.15
"2004-06-08",4.2
"2004-06-09",4.12
"2004-06-10",4.24
"2004-06-14",4.09
"2004-06-15",4.15
"2004-06-16",4.07
"2004-06-17",4.07
"2004-06-18",4.14
"2004-06-21",3.97
"2004-06-22",4.15
"2004-06-23",4.3
"2004-06-24",4.41
"2004-06-25",4.5
"2004-06-28",4.27
"2004-06-29",4.33
"2004-06-30",4.45
"2004-07-01",4.43
"2004-07-02",4.39
"2004-07-06",4.29
"2004-07-07",4.36
"2004-07-08",4.3
"2004-07-09",4.27
"2004-07-12",4.37
"2004-07-13",4.34
"2004-07-14",4.33
"2004-07-15",4.36
"2004-07-16",4.3
"2004-07-19",4.34
"2004-07-20",4.44
"2004-07-21",4.38
"2004-07-22",4.47
"2004-07-23",4.47
"2004-07-26",4.26
"2004-07-27",4.5
"2004-07-28",4.47
"2004-07-29",4.49
"2004-07-30",5.03
"2004-08-02",5.17
"2004-08-03",5.2
"2004-08-04",5.19
"2004-08-05",5.08
"2004-08-06",4.96
"2004-08-09",4.67
"2004-08-10",4.98
"2004-08-11",5.02
"2004-08-12",5.08
"2004-08-13",5.27
"2004-08-16",5.12
"2004-08-17",5.1
"2004-08-18",5.23
"2004-08-19",5.19
"2004-08-20",5.23
"2004-08-23",5.14
"2004-08-24",5.08
"2004-08-25",5.17
"2004-08-26",5.05
"2004-08-27",5.22
"2004-08-30",5.1
"2004-08-31",5.2
"2004-09-01",5.17
"2004-09-02",5.18
"2004-09-03",5.15
"2004-09-07",5.26
"2004-09-08",5.5
"2004-09-09",5.52
"2004-09-10",6.
"2004-09-13",5.8
"2004-09-14",6.08
"2004-09-15",5.99
"2004-09-16",6.17
"2004-09-17",6.4
"2004-09-20",6.34
"2004-09-21",6.53
"2004-09-22",6.3
"2004-09-23",6.55
"2004-09-24",6.59
"2004-09-27",6.33
"2004-09-28",6.26
"2004-09-29",6.77
"2004-09-30",7.
"2004-10-01",6.95
"2004-10-04",6.99
"2004-10-05",6.93
"2004-10-06",6.99
"2004-10-07",7.12
"2004-10-08",7.38
"2004-10-11",7.57
"2004-10-12",8.09
"2004-10-13",7.48
"2004-10-14",7.86
"2004-10-15",8.1
"2004-10-18",8.4
"2004-10-19",8.15
"2004-10-20",8.1
"2004-10-21",8.21
"2004-10-22",8.05
"2004-10-25",7.92
"2004-10-26",8.13
"2004-10-27",8.14
"2004-10-28",8.25
"2004-10-29",8.37
"2004-11-01",9.
"2004-11-02",9.01
"2004-11-03",9.
"2004-11-04",9.
"2004-11-05",9.08
"2004-11-08",9.11
"2004-11-09",8.89
"2004-11-10",8.87
"2004-11-11",8.9
"2004-11-12",9.2
"2004-11-15",9.27
"2004-11-16",8.93
"2004-11-17",9.
"2004-11-18",9.01
"2004-11-19",8.9
"2004-11-22",9.01
"2004-11-23",8.78
"2004-11-24",8.93
"2004-11-26",8.45
"2004-11-29",9.
"2004-11-30",9.6
"2004-12-01",9.97
"2004-12-02",9.96
"2004-12-03",10.62
"2004-12-06",10.07
"2004-12-07",9.85
"2004-12-08",9.92
"2004-12-09",9.87
"2004-12-10",9.44
"2004-12-13",9.67
"2004-12-14",9.92
"2004-12-15",9.53
"2004-12-16",9.69
"2004-12-17",9.75
"2004-12-20",9.45
"2004-12-21",9.42
"2004-12-22",9.5
"2004-12-23",9.63
"2004-12-27",9.2
"2004-12-28",9.4
"2004-12-29",9.2
"2004-12-30",9.19
"2004-12-31",9.28
"2005-01-03",9.18
"2005-01-04",9.12
"2005-01-05",8.88
"2005-01-06",8.96
"2005-01-07",8.73
"2005-01-10",8.91
"2005-01-11",8.76
"2005-01-12",8.68
"2005-01-13",8.61
"2005-01-14",8.83
"2005-01-18",9.12
"2005-01-19",8.77
"2005-01-20",8.22
"2005-01-21",8.66
"2005-01-24",8.2
"2005-01-25",8.14
"2005-01-26",8.54
"2005-01-27",8.5
"2005-01-28",8.6
"2005-01-31",8.56
"2005-02-01",8.69
"2005-02-02",9.02
"2005-02-03",9.08
"2005-02-04",9.3
"2005-02-07",9.27
"2005-02-08",9.45
"2005-02-09",9.32
"2005-02-10",8.62
"2005-02-11",8.64
"2005-02-14",8.38
"2005-02-15",8.53
"2005-02-16",8.86
"2005-02-17",8.86
"2005-02-18",8.9
"2005-02-22",8.73
"2005-02-23",8.86
"2005-02-24",8.73
"2005-02-25",9.03
"2005-02-28",8.7
"2005-03-01",8.99
"2005-03-02",9.12
"2005-03-03",9.13
"2005-03-04",9.17
"2005-03-07",9.47
"2005-03-08",9.31
"2005-03-09",9.32
"2005-03-10",9.25
"2005-03-11",10.06
"2005-03-14",9.69
"2005-03-15",9.48
"2005-03-16",9.55
"2005-03-17",9.26
"2005-03-18",9.27
"2005-03-21",9.24
"2005-03-22",9.24
"2005-03-23",8.82
"2005-03-24",9.11
"2005-03-28",8.95
"2005-03-29",8.91
"2005-03-30",8.79
"2005-03-31",9.14
"2005-04-01",8.87
"2005-04-04",8.72
"2005-04-05",8.88
"2005-04-06",9.09
"2005-04-07",8.99
"2005-04-08",9.07
"2005-04-11",9.12
"2005-04-12",9.01
"2005-04-13",9.
"2005-04-14",9.
"2005-04-15",8.63
"2005-04-18",8.69
"2005-04-19",8.52
"2005-04-20",8.66
"2005-04-21",8.95
"2005-04-22",8.77
"2005-04-25",9.03
"2005-04-26",8.75
"2005-04-27",8.78
"2005-04-28",8.45
"2005-04-29",8.48
"2005-05-02",8.46
"2005-05-03",8.54
"2005-05-04",9.58
"2005-05-05",9.7
"2005-05-06",10.15
"2005-05-09",10.29
"2005-05-10",10.55
"2005-05-11",10.45
"2005-05-12",10.26
"2005-05-13",10.31
"2005-05-16",10.36
"2005-05-17",10.4
"2005-05-18",10.83
"2005-05-19",11.38
"2005-05-20",11.24
"2005-05-23",11.25
"2005-05-24",10.93
"2005-05-25",10.88
"2005-05-26",11.06
"2005-05-27",11.22
"2005-05-31",11.24
"2005-06-01",11.2
"2005-06-02",11.22
"2005-06-03",10.98
"2005-06-06",11.14
"2005-06-07",10.94
"2005-06-08",10.73
"2005-06-09",10.88
"2005-06-10",10.97
"2005-06-13",11.35
"2005-06-14",11.74
"2005-06-15",12.12
"2005-06-16",12.42
"2005-06-17",12.46
"2005-06-20",12.26
"2005-06-21",12.29
"2005-06-22",12.3
"2005-06-23",12.27
"2005-06-24",13.05
"2005-06-27",12.84
"2005-06-28",13.46
"2005-06-29",13.96
"2005-06-30",13.5
"2005-07-01",13.72
"2005-07-05",13.94
"2005-07-06",14.73
"2005-07-07",14.84
"2005-07-08",15.34
"2005-07-11",15.48
"2005-07-12",14.98
"2005-07-13",15.17
"2005-07-14",14.86
"2005-07-15",14.84
"2005-07-18",14.51
"2005-07-19",14.96
"2005-07-20",15.2
"2005-07-21",14.8
"2005-07-22",14.81
"2005-07-25",14.7
"2005-07-26",15.05
"2005-07-27",15.21
"2005-07-28",16.
"2005-07-29",16.59
"2005-08-01",16.25
"2005-08-02",15.53
"2005-08-03",14.63
"2005-08-04",14.3
"2005-08-05",14.43
"2005-08-08",14.26
"2005-08-09",14.35
"2005-08-10",14.64
"2005-08-11",14.63
"2005-08-12",14.5
"2005-08-15",14.54
"2005-08-16",14.27
"2005-08-17",14.13
"2005-08-18",14.04
"2005-08-19",14.17
"2005-08-22",14.8
"2005-08-23",14.78
"2005-08-24",14.84
"2005-08-25",15.06
"2005-08-26",14.66
"2005-08-29",14.51
"2005-08-30",14.9
"2005-08-31",15.05
"2005-09-01",15.42
"2005-09-02",15.27
"2005-09-06",15.23
"2005-09-07",15.56
"2005-09-08",15.65
"2005-09-09",15.95
"2005-09-12",15.56
"2005-09-13",15.25
"2005-09-14",14.67
"2005-09-15",14.93
"2005-09-16",15.02
"2005-09-19",15.08
"2005-09-20",14.55
"2005-09-21",14.27
"2005-09-22",14.54
"2005-09-23",14.43
"2005-09-26",14.55
"2005-09-27",15.02
"2005-09-28",14.85
"2005-09-29",15.41
"2005-09-30",15.43
"2005-10-03",15.64
"2005-10-04",15.15
"2005-10-05",15.18
"2005-10-06",15.31
"2005-10-07",15.37
"2005-10-10",15.26
"2005-10-11",14.9
"2005-10-12",14.45
"2005-10-13",14.56
"2005-10-14",15.04
"2005-10-17",15.14
"2005-10-18",15.1
"2005-10-19",15.3
"2005-10-20",14.98
"2005-10-21",15.47
"2005-10-24",15.97
"2005-10-25",15.58
"2005-10-26",14.94
"2005-10-27",14.65
"2005-10-28",14.65
"2005-10-31",14.77
"2005-11-01",14.67
"2005-11-02",14.63
"2005-11-03",14.9
"2005-11-04",15.37
"2005-11-07",15.35
"2005-11-08",16.43
"2005-11-09",17.03
"2005-11-10",17.1
"2005-11-11",17.13
"2005-11-14",16.97
"2005-11-15",16.87
"2005-11-16",16.7
"2005-11-17",17.4
"2005-11-18",17.66
"2005-11-21",18.32
"2005-11-22",18.68
"2005-11-23",18.63
"2005-11-25",18.04
"2005-11-28",17.98
"2005-11-29",17.69
"2005-11-30",18.44
"2005-12-01",19.19
"2005-12-02",19.17
"2005-12-05",18.95
"2005-12-06",18.94
"2005-12-07",18.65
"2005-12-08",18.69
"2005-12-09",18.83
"2005-12-12",18.48
"2005-12-13",17.68
"2005-12-14",18.01
"2005-12-15",17.89
"2005-12-16",17.94
"2005-12-19",17.37
"2005-12-20",17.46
"2005-12-21",17.8
"2005-12-22",17.81
"2005-12-23",18.08
"2005-12-27",18.
"2005-12-28",17.9
"2005-12-29",17.97
"2005-12-30",17.9
"2006-01-03",18.42
"2006-01-04",18.72
"2006-01-05",18.72
"2006-01-06",18.73
"2006-01-09",18.85
"2006-01-10",18.74
"2006-01-11",18.73
"2006-01-12",18.5
"2006-01-13",18.56
"2006-01-17",18.29
"2006-01-18",18.6
"2006-01-19",19.1
"2006-01-20",18.88
"2006-01-23",18.91
"2006-01-24",19.81
"2006-01-25",20.11
"2006-01-26",20.47
"2006-01-27",20.88
"2006-01-30",20.6
"2006-01-31",21.85
"2006-02-01",21.16
"2006-02-02",20.7
"2006-02-03",20.55
"2006-02-06",20.96
"2006-02-07",20.43
"2006-02-08",20.57
"2006-02-09",20.41
"2006-02-10",20.79
"2006-02-13",20.3
"2006-02-14",20.98
"2006-02-15",21.75
"2006-02-16",22.01
"2006-02-17",21.99
"2006-02-21",21.98
"2006-02-22",22.35
"2006-02-23",22.11
"2006-02-24",22.79
"2006-02-27",22.65
"2006-02-28",22.49
"2006-03-01",22.63
"2006-03-02",22.92
"2006-03-03",22.15
"2006-03-06",21.92
"2006-03-07",21.36
"2006-03-08",21.12
"2006-03-09",21.22
"2006-03-10",21.73
"2006-03-13",21.39
"2006-03-14",21.75
"2006-03-15",21.82
"2006-03-16",21.57
"2006-03-17",23.86
"2006-03-20",24.1
"2006-03-21",23.75
"2006-03-22",23.84
"2006-03-23",23.73
"2006-03-24",24.11
"2006-03-27",24.19
"2006-03-28",23.32
"2006-03-29",23.17
"2006-03-30",23.18
"2006-03-31",23.41
"2006-04-03",23.51
"2006-04-04",23.13
"2006-04-05",22.74
"2006-04-06",23.49
"2006-04-07",23.33
"2006-04-10",23.01
"2006-04-11",22.81
"2006-04-12",23.15
"2006-04-13",23.1
"2006-04-17",22.87
"2006-04-18",23.26
"2006-04-19",23.74
"2006-04-20",23.75
"2006-04-21",23.26
"2006-04-24",23.73
"2006-04-25",24.08
"2006-04-26",25.68
"2006-04-27",25.33
"2006-04-28",25.12
"2006-05-01",25.27
"2006-05-02",26.25
"2006-05-03",26.38
"2006-05-04",26.36
"2006-05-05",26.53
"2006-05-08",26.75
"2006-05-09",26.59
"2006-05-10",25.75
"2006-05-11",24.25
"2006-05-12",24.24
"2006-05-15",24.49
"2006-05-16",24.33
"2006-05-17",22.73
"2006-05-18",22.17
"2006-05-19",22.3
"2006-05-22",20.6
"2006-05-23",21.13
"2006-05-24",22.
"2006-05-25",23.48
"2006-05-26",23.81
"2006-05-30",22.94
"2006-05-31",22.89
"2006-06-01",23.95
"2006-06-02",23.91
"2006-06-05",22.76
"2006-06-06",22.89
"2006-06-07",22.84
"2006-06-08",23.31
"2006-06-09",22.79
"2006-06-12",21.66
"2006-06-13",20.96
"2006-06-14",21.61
"2006-06-15",23.51
"2006-06-16",22.88
"2006-06-19",22.23
"2006-06-20",22.68
"2006-06-21",23.41
"2006-06-22",23.01
"2006-06-23",23.17
"2006-06-26",23.2
"2006-06-27",22.26
"2006-06-28",22.3
"2006-06-29",23.66
"2006-06-30",26.14
"2006-07-03",25.13
"2006-07-05",24.98
"2006-07-06",25.15
"2006-07-07",24.92
"2006-07-10",24.77
"2006-07-11",24.58
"2006-07-12",24.77
"2006-07-13",24.16
"2006-07-14",22.74
"2006-07-17",22.66
"2006-07-18",21.95
"2006-07-19",22.83
"2006-07-20",22.82
"2006-07-21",22.13
"2006-07-24",22.61
"2006-07-25",22.92
"2006-07-26",22.87
"2006-07-27",22.86
"2006-07-28",23.61
"2006-07-31",23.88
"2006-08-01",23.46
"2006-08-02",24.01
"2006-08-03",24.35
"2006-08-04",23.53
"2006-08-07",23.96
"2006-08-08",24.66
"2006-08-09",23.82
"2006-08-10",23.64
"2006-08-11",23.53
"2006-08-14",23.58
"2006-08-15",24.6
"2006-08-16",24.82
"2006-08-17",24.41
"2006-08-18",24.36
"2006-08-21",24.41
"2006-08-22",24.65
"2006-08-23",24.77
"2006-08-24",24.93
"2006-08-25",24.66
"2006-08-28",24.35
"2006-08-29",24.77
"2006-08-30",25.9
"2006-08-31",25.74
"2006-09-01",25.45
"2006-09-05",25.42
"2006-09-06",24.16
"2006-09-07",24.21
"2006-09-08",24.88
"2006-09-11",25.02
"2006-09-12",25.21
"2006-09-13",25.02
"2006-09-14",25.15
"2006-09-15",24.81
"2006-09-18",24.7
"2006-09-19",24.
"2006-09-20",24.66
"2006-09-21",24.64
"2006-09-22",25.07
"2006-09-25",25.65
"2006-09-26",25.16
"2006-09-27",24.77
"2006-09-28",24.49
"2006-09-29",24.33
"2006-10-02",23.97
"2006-10-03",24.21
"2006-10-04",25.03
"2006-10-05",25.06
"2006-10-06",25.91
"2006-10-09",26.2
"2006-10-10",26.18
"2006-10-11",27.12
"2006-10-12",27.58
"2006-10-13",27.77
"2006-10-16",27.28
"2006-10-17",26.87
"2006-10-18",26.53
"2006-10-19",26.39
"2006-10-20",26.15
"2006-10-23",25.91
"2006-10-24",25.65
"2006-10-25",26.45
"2006-10-26",27.02
"2006-10-27",27.03
"2006-10-30",26.5
"2006-10-31",26.71
"2006-11-01",26.24
"2006-11-02",26.3
"2006-11-03",26.9
"2006-11-06",27.52
"2006-11-07",27.74
"2006-11-08",26.88
"2006-11-09",27.24
"2006-11-10",26.61
"2006-11-13",27.6
"2006-11-14",28.05
"2006-11-15",27.66
"2006-11-16",28.01
"2006-11-17",28.
"2006-11-20",28.11
"2006-11-21",28.67
"2006-11-22",28.69
"2006-11-24",28.44
"2006-11-27",28.46
"2006-11-28",28.21
"2006-11-29",28.52
"2006-11-30",28.37
"2006-12-01",27.58
"2006-12-04",28.21
"2006-12-05",28.61
"2006-12-06",28.7
"2006-12-07",28.81
"2006-12-08",28.4
"2006-12-11",28.87
"2006-12-12",28.68
"2006-12-13",28.89
"2006-12-14",28.62
"2006-12-15",28.36
"2006-12-18",28.29
"2006-12-19",28.02
"2006-12-20",28.01
"2006-12-21",27.99
"2006-12-22",27.4
"2006-12-26",27.34
"2006-12-27",26.99
"2006-12-28",27.33
"2006-12-29",27.5
"2007-01-02",27.5
"2007-01-03",27.55
"2007-01-04",28.08
"2007-01-05",27.33
"2007-01-08",27.27
"2007-01-09",28.05
"2007-01-10",28.55
"2007-01-11",28.7
"2007-01-12",29.23
"2007-01-16",28.61
"2007-01-17",28.25
"2007-01-18",28.41
"2007-01-19",29.05
"2007-01-22",28.68
"2007-01-23",28.78
"2007-01-24",28.88
"2007-01-25",29.23
"2007-01-26",29.8
"2007-01-29",30.
"2007-01-30",30.
"2007-01-31",29.71
"2007-02-01",29.32
"2007-02-02",29.17
"2007-02-05",29.44
"2007-02-06",28.98
"2007-02-07",29.25
"2007-02-08",29.76
"2007-02-09",29.05
"2007-02-12",28.65
"2007-02-13",28.33
"2007-02-14",28.76
"2007-02-15",28.79
"2007-02-16",28.66
"2007-02-20",29.7
"2007-02-21",29.7
"2007-02-22",29.95
"2007-02-23",28.93
"2007-02-26",28.54
"2007-02-27",27.66
"2007-02-28",26.97
"2007-03-01",26.51
"2007-03-02",26.23
"2007-03-05",26.
"2007-03-06",27.01
"2007-03-07",27.1
"2007-03-08",27.1
"2007-03-09",27.18
"2007-03-12",27.61
"2007-03-13",27.03
"2007-03-14",27.13
"2007-03-15",27.13
"2007-03-16",27.27
"2007-03-19",27.27
"2007-03-20",28.2
"2007-03-21",29.18
"2007-03-22",29.83
"2007-03-23",29.76
"2007-03-26",29.62
"2007-03-27",29.29
"2007-03-28",29.34
"2007-03-29",29.51
"2007-03-30",29.55
"2007-04-02",29.49
"2007-04-03",29.87
"2007-04-04",29.78
"2007-04-05",29.5
"2007-04-09",29.98
"2007-04-10",30.65
"2007-04-11",29.82
"2007-04-12",30.51
"2007-04-13",30.17
"2007-04-16",30.76
"2007-04-17",30.58
"2007-04-18",30.1
"2007-04-19",30.2
"2007-04-20",30.36
"2007-04-23",30.24
"2007-04-24",30.53
"2007-04-25",30.45
"2007-04-26",29.99
"2007-04-27",29.93
"2007-04-30",29.42
"2007-05-01",29.54
"2007-05-02",30.38
"2007-05-03",30.04
"2007-05-04",30.15
"2007-05-07",30.64
"2007-05-08",30.12
"2007-05-09",31.17
"2007-05-10",30.6
"2007-05-11",30.98
"2007-05-14",30.52
"2007-05-15",30.05
"2007-05-16",30.16
"2007-05-17",30.07
"2007-05-18",30.6
"2007-05-21",30.77
"2007-05-22",30.7
"2007-05-23",31.17
"2007-05-24",30.42
"2007-05-25",30.82
"2007-05-29",31.
"2007-05-30",31.88
"2007-05-31",32.13
"2007-06-01",32.43
"2007-06-04",32.6
"2007-06-05",32.63
"2007-06-06",32.14
"2007-06-07",31.45
"2007-06-08",31.76
"2007-06-11",31.65
"2007-06-12",31.92
"2007-06-13",32.32
"2007-06-14",32.38
"2007-06-15",33.2
"2007-06-18",33.32
"2007-06-19",33.71
"2007-06-20",33.65
"2007-06-21",33.04
"2007-06-22",32.82
"2007-06-25",32.55
"2007-06-26",32.3
"2007-06-27",33.2
"2007-06-28",33.23
"2007-06-29",33.59
"2007-07-02",34.68
"2007-07-03",34.99
"2007-07-05",34.97
"2007-07-06",34.93
"2007-07-09",34.96
"2007-07-10",34.3
"2007-07-11",34.59
"2007-07-12",35.92
"2007-07-13",36.
"2007-07-16",35.67
"2007-07-17",35.36
"2007-07-18",35.15
"2007-07-19",36.47
"2007-07-20",36.08
"2007-07-23",36.27
"2007-07-24",35.49
"2007-07-25",35.16
"2007-07-26",34.54
"2007-07-27",33.42
"2007-07-30",33.44
"2007-07-31",33.32
"2007-08-01",32.38
"2007-08-02",33.98
"2007-08-03",32.
"2007-08-06",32.05
"2007-08-07",32.65
"2007-08-08",34.05
"2007-08-09",32.94
"2007-08-10",33.25
"2007-08-13",33.39
"2007-08-14",31.14
"2007-08-15",30.44
"2007-08-16",29.56
"2007-08-17",30.97
"2007-08-20",30.7
"2007-08-21",30.9
"2007-08-22",31.28
"2007-08-23",31.68
"2007-08-24",32.59
"2007-08-27",32.74
"2007-08-28",31.67
"2007-08-29",31.69
"2007-08-30",31.86
"2007-08-31",32.57
"2007-09-04",33.82
"2007-09-05",33.11
"2007-09-06",33.01
"2007-09-07",32.43
"2007-09-10",32.33
"2007-09-11",33.16
"2007-09-12",32.86
"2007-09-13",33.61
"2007-09-14",33.17
"2007-09-17",32.77
"2007-09-18",33.09
"2007-09-19",34.04
"2007-09-20",34.39
"2007-09-21",35.03
"2007-09-24",35.42
"2007-09-25",35.86
"2007-09-26",35.27
"2007-09-27",35.6
"2007-09-28",35.28
"2007-10-01",35.86
"2007-10-02",35.28
"2007-10-03",35.27
"2007-10-04",35.55
"2007-10-05",35.75
"2007-10-08",35.17
"2007-10-09",35.66
"2007-10-10",35.
"2007-10-11",34.65
"2007-10-12",34.57
"2007-10-15",34.5
"2007-10-16",34.08
"2007-10-17",34.9
"2007-10-18",34.73
"2007-10-19",34.01
"2007-10-22",35.01
"2007-10-23",35.4
"2007-10-24",35.57
"2007-10-25",35.8
"2007-10-26",36.38
"2007-10-29",36.43
"2007-10-30",36.23
"2007-10-31",35.6
"2007-11-01",34.69
"2007-11-02",37.22
"2007-11-05",38.3
"2007-11-06",38.03
"2007-11-07",36.99
"2007-11-08",36.77
"2007-11-09",32.65
"2007-11-12",31.01
"2007-11-13",33.67
"2007-11-14",33.02
"2007-11-15",33.37
"2007-11-16",34.35
"2007-11-19",33.8
"2007-11-20",34.07
"2007-11-21",33.66
"2007-11-23",34.4
"2007-11-26",34.69
"2007-11-27",34.73
"2007-11-28",35.75
"2007-11-29",36.93
"2007-11-30",37.44
"2007-12-03",36.66
"2007-12-04",34.75
"2007-12-05",35.31
"2007-12-06",35.65
"2007-12-07",36.58
"2007-12-10",36.38
"2007-12-11",35.18
"2007-12-12",34.18
"2007-12-13",33.71
"2007-12-14",33.62
"2007-12-17",31.65
"2007-12-18",32.76
"2007-12-19",32.82
"2007-12-20",32.94
"2007-12-21",34.39
"2007-12-24",33.89
"2007-12-26",34.42
"2007-12-27",33.75
"2007-12-28",33.58
"2007-12-31",33.84
"2008-01-02",33.14
"2008-01-03",32.29
"2008-01-04",31.17
"2008-01-07",30.33
"2008-01-08",29.56
"2008-01-09",28.5
"2008-01-10",28.59
"2008-01-11",28.27
"2008-01-14",29.49
"2008-01-15",28.98
"2008-01-16",27.77
"2008-01-17",26.65
"2008-01-18",26.17
"2008-01-22",25.73
"2008-01-23",25.5
"2008-01-24",27.5
"2008-01-25",26.37
"2008-01-28",26.77
"2008-01-29",29.22
"2008-01-30",28.5
"2008-01-31",29.61
"2008-02-01",31.
"2008-02-04",30.45
"2008-02-05",28.76
"2008-02-06",28.93
"2008-02-07",29.1
"2008-02-08",30.84
"2008-02-11",30.84
"2008-02-12",31.
"2008-02-13",30.84
"2008-02-14",30.72
"2008-02-15",30.35
"2008-02-19",31.04
"2008-02-20",30.74
"2008-02-21",29.57
"2008-02-22",32.2
"2008-02-25",32.82
"2008-02-26",33.22
"2008-02-27",32.47
"2008-02-28",32.39
"2008-02-29",31.05
"2008-03-03",30.22
"2008-03-04",29.24
"2008-03-05",29.6
"2008-03-06",28.72
"2008-03-07",28.35
"2008-03-10",27.15
"2008-03-11",28.57
"2008-03-12",28.35
"2008-03-13",29.15
"2008-03-14",28.1
"2008-03-17",27.22
"2008-03-18",28.71
"2008-03-19",28.02
"2008-03-20",28.4
"2008-03-24",29.77
"2008-03-25",30.36
"2008-03-26",31.21
"2008-03-27",31.27
"2008-03-28",30.1
"2008-03-31",29.83
"2008-04-01",30.05
"2008-04-02",31.21
"2008-04-03",31.54
"2008-04-04",31.02
"2008-04-07",30.66
"2008-04-08",31.09
"2008-04-09",29.9
"2008-04-10",30.04
"2008-04-11",29.57
"2008-04-14",29.37
"2008-04-15",30.25
"2008-04-16",30.8
"2008-04-17",30.41
"2008-04-18",31.55
"2008-04-21",31.83
"2008-04-22",31.41
"2008-04-23",31.73
"2008-04-24",32.74
"2008-04-25",33.15
"2008-04-28",33.13
"2008-04-29",32.93
"2008-04-30",32.34
"2008-05-01",33.51
"2008-05-02",33.43
"2008-05-05",33.22
"2008-05-06",34.49
"2008-05-07",34.4
"2008-05-08",34.24
"2008-05-09",33.97
"2008-05-12",34.55
"2008-05-13",35.
"2008-05-14",35.06
"2008-05-15",35.24
"2008-05-16",35.77
"2008-05-19",36.57
"2008-05-20",36.09
"2008-05-21",35.82
"2008-05-22",35.76
"2008-05-23",35.64
"2008-05-27",36.07
"2008-05-28",36.52
"2008-05-29",37.04
"2008-05-30",37.22
"2008-06-02",37.39
"2008-06-03",37.54
"2008-06-04",36.7
"2008-06-05",35.95
"2008-06-06",34.29
"2008-06-09",34.68
"2008-06-10",35.86
"2008-06-11",34.95
"2008-06-12",35.31
"2008-06-13",35.84
"2008-06-16",37.02
"2008-06-17",37.84
"2008-06-18",37.02
"2008-06-19",37.57
"2008-06-20",36.74
"2008-06-23",35.97
"2008-06-24",35.21
"2008-06-25",35.93
"2008-06-26",34.98
"2008-06-27",35.11
"2008-06-30",36.01
"2008-07-01",33.87
"2008-07-02",32.87
"2008-07-03",33.97
"2008-07-07",33.76
"2008-07-08",34.95
"2008-07-09",34.51
"2008-07-10",34.37
"2008-07-11",34.33
"2008-07-14",34.35
"2008-07-15",34.8
"2008-07-16",34.94
"2008-07-17",34.29
"2008-07-18",34.92
"2008-07-21",35.08
"2008-07-22",36.02
"2008-07-23",36.28
"2008-07-24",35.13
"2008-07-25",36.89
"2008-07-28",36.23
"2008-07-29",37.13
"2008-07-30",37.75
"2008-07-31",37.89
"2008-08-01",37.68
"2008-08-04",34.88
"2008-08-05",35.1
"2008-08-06",35.27
"2008-08-07",34.66
"2008-08-08",34.99
"2008-08-11",35.44
"2008-08-12",34.92
"2008-08-13",34.54
"2008-08-14",34.78
"2008-08-15",35.15
"2008-08-18",34.42
"2008-08-19",33.39
"2008-08-20",33.44
"2008-08-21",34.21
"2008-08-22",34.68
"2008-08-25",33.9
"2008-08-26",34.16
"2008-08-27",33.96
"2008-08-28",35.14
"2008-08-29",34.93
"2008-09-02",34.9
"2008-09-03",34.
"2008-09-04",32.97
"2008-09-05",32.14
"2008-09-08",32.29
"2008-09-09",31.23
"2008-09-10",32.35
"2008-09-11",31.41
"2008-09-12",31.09
"2008-09-15",29.62
"2008-09-16",28.75
"2008-09-17",26.88
"2008-09-18",27.56
"2008-09-19",30.43
"2008-09-22",28.79
"2008-09-23",27.7
"2008-09-24",26.8
"2008-09-25",26.8
"2008-09-26",27.66
"2008-09-29",23.8
"2008-09-30",25.87
"2008-10-01",24.91
"2008-10-02",21.27
"2008-10-03",20.47
"2008-10-06",18.22
"2008-10-07",16.48
"2008-10-08",16.09
"2008-10-09",13.34
"2008-10-10",14.41
"2008-10-13",18.1
"2008-10-14",18.24
"2008-10-15",15.8
"2008-10-16",16.62
"2008-10-17",18.16
"2008-10-20",18.86
"2008-10-21",18.25
"2008-10-22",18.12
"2008-10-23",17.05
"2008-10-24",15.75
"2008-10-27",15.69
"2008-10-28",17.27
"2008-10-29",19.35
"2008-10-30",20.47
"2008-10-31",20.99
"2008-11-03",20.97
"2008-11-04",20.68
"2008-11-05",19.1
"2008-11-06",17.93
"2008-11-07",18.32
"2008-11-10",18.04
"2008-11-11",16.95
"2008-11-12",14.44
"2008-11-13",15.82
"2008-11-14",15.5
"2008-11-17",14.87
"2008-11-18",14.17
"2008-11-19",12.32
"2008-11-20",10.64
"2008-11-21",10.8
"2008-11-24",12.6
"2008-11-25",13.47
"2008-11-26",14.72
"2008-11-28",15.79
"2008-12-01",13.55
"2008-12-02",13.94
"2008-12-03",14.36
"2008-12-04",14.06
"2008-12-05",15.63
"2008-12-08",16.63
"2008-12-09",16.06
"2008-12-10",16.91
"2008-12-11",16.14
"2008-12-12",16.29
"2008-12-15",15.33
"2008-12-16",16.29
"2008-12-17",16.5
"2008-12-18",16.65
"2008-12-19",16.27
"2008-12-22",15.31
"2008-12-23",15.21
"2008-12-24",15.3
"2008-12-26",15.3
"2008-12-29",15.07
"2008-12-30",15.59
"2008-12-31",16.32
"2009-01-02",17.69
"2009-01-05",18.25
"2009-01-06",19.47
"2009-01-07",18.91
"2009-01-08",19.41
"2009-01-09",18.6
"2009-01-12",17.79
"2009-01-13",18.13
"2009-01-14",17.3
"2009-01-15",17.55
"2009-01-16",18.45
"2009-01-20",17.03
"2009-01-21",18.59
"2009-01-22",19.1
"2009-01-23",18.69
"2009-01-26",19.05
"2009-01-27",19.17
"2009-01-28",20.91
"2009-01-29",20.49
"2009-01-30",19.9
"2009-02-02",20.14
"2009-02-03",20.43
"2009-02-04",19.87
"2009-02-05",20.22
"2009-02-06",21.46
"2009-02-09",21.56
"2009-02-10",20.33
"2009-02-11",20.15
"2009-02-12",19.99
"2009-02-13",20.02
"2009-02-17",18.46
"2009-02-18",17.97
"2009-02-19",18.12
"2009-02-20",18.8
"2009-02-23",18.31
"2009-02-24",19.65
"2009-02-25",19.8
"2009-02-26",20.19
"2009-02-27",20.78
"2009-03-02",19.67
"2009-03-03",19.17
"2009-03-04",20.67
"2009-03-05",19.68
"2009-03-06",19.99
"2009-03-09",19.83
"2009-03-10",23.
"2009-03-11",23.38
"2009-03-12",23.86
"2009-03-13",23.19
"2009-03-16",22.31
"2009-03-17",23.02
"2009-03-18",23.35
"2009-03-19",23.17
"2009-03-20",22.4
"2009-03-23",24.
"2009-03-24",23.57
"2009-03-25",23.5
"2009-03-26",24.04
"2009-03-27",23.9
"2009-03-30",22.93
"2009-03-31",23.3
"2009-04-01",24.38
"2009-04-02",26.47
"2009-04-03",26.92
"2009-04-06",25.97
"2009-04-07",24.86
"2009-04-08",25.92
"2009-04-09",27.
"2009-04-13",26.21
"2009-04-14",25.04
"2009-04-15",26.12
"2009-04-16",26.69
"2009-04-17",26.41
"2009-04-20",24.8
"2009-04-21",25.03
"2009-04-22",24.83
"2009-04-23",25.06
"2009-04-24",25.31
"2009-04-27",25.09
"2009-04-28",24.02
"2009-04-29",24.78
"2009-04-30",25.2
"2009-05-01",24.99
"2009-05-04",25.
"2009-05-05",25.23
"2009-05-06",25.45
"2009-05-07",24.38
"2009-05-08",24.44
"2009-05-11",24.18
"2009-05-12",23.19
"2009-05-13",22.59
"2009-05-14",22.72
"2009-05-15",22.2
"2009-05-18",24.01
"2009-05-19",24.25
"2009-05-20",23.8
"2009-05-21",23.59
"2009-05-22",23.47
"2009-05-26",24.83
"2009-05-27",24.87
"2009-05-28",25.6
"2009-05-29",25.57
"2009-06-01",25.54
"2009-06-02",25.13
"2009-06-03",24.44
"2009-06-04",24.22
"2009-06-05",24.31
"2009-06-08",23.92
"2009-06-09",24.
"2009-06-10",23.36
"2009-06-11",23.68
"2009-06-12",24.06
"2009-06-15",23.45
"2009-06-16",23.
"2009-06-17",22.73
"2009-06-18",22.94
"2009-06-19",23.18
"2009-06-22",22.4
"2009-06-23",22.74
"2009-06-24",23.79
"2009-06-25",24.33
"2009-06-26",24.93
"2009-06-29",24.89
"2009-06-30",24.54
"2009-07-01",24.41
"2009-07-02",23.68
"2009-07-06",22.9
"2009-07-07",22.73
"2009-07-08",22.64
"2009-07-09",23.3
"2009-07-10",23.49
"2009-07-13",23.83
"2009-07-14",24.06
"2009-07-15",25.03
"2009-07-16",25.33
"2009-07-17",25.35
"2009-07-20",26.02
"2009-07-21",26.14
"2009-07-22",26.31
"2009-07-23",26.91
"2009-07-24",26.67
"2009-07-27",26.69
"2009-07-28",26.78
"2009-07-29",25.44
"2009-07-30",26.06
"2009-07-31",26.09
"2009-08-03",26.53
"2009-08-04",26.45
"2009-08-05",25.98
"2009-08-06",25.38
"2009-08-07",25.25
"2009-08-10",25.
"2009-08-11",25.06
"2009-08-12",25.19
"2009-08-13",25.09
"2009-08-14",24.83
"2009-08-17",23.98
"2009-08-18",24.29
"2009-08-19",24.73
"2009-08-20",25.16
"2009-08-21",24.64
"2009-08-24",24.55
"2009-08-25",24.56
"2009-08-26",24.67
"2009-08-27",24.64
"2009-08-28",25.06
"2009-08-31",24.11
"2009-09-01",23.47
"2009-09-02",23.43
"2009-09-03",24.14
"2009-09-04",24.54
"2009-09-08",25.01
"2009-09-09",25.03
"2009-09-10",25.59
"2009-09-11",26.44
"2009-09-14",25.75
"2009-09-15",26.4
"2009-09-16",27.23
"2009-09-17",27.33
"2009-09-18",27.71
"2009-09-21",27.97
"2009-09-22",27.93
"2009-09-23",27.2
"2009-09-24",26.75
"2009-09-25",27.1
"2009-09-28",27.5
"2009-09-29",27.47
"2009-09-30",27.03
"2009-10-01",26.33
"2009-10-02",25.94
"2009-10-05",26.93
"2009-10-06",27.69
"2009-10-07",27.65
"2009-10-08",27.7
"2009-10-09",28.18
"2009-10-12",28.5
"2009-10-13",28.42
"2009-10-14",29.44
"2009-10-15",31.35
"2009-10-16",31.14
"2009-10-19",31.47
"2009-10-20",31.08
"2009-10-21",30.47
"2009-10-22",30.94
"2009-10-23",30.58
"2009-10-26",30.36
"2009-10-27",29.36
"2009-10-28",28.86
"2009-10-29",29.38
"2009-10-30",28.21
"2009-11-02",27.96
"2009-11-03",28.97
"2009-11-04",28.6
"2009-11-05",29.5
"2009-11-06",29.93
"2009-11-09",31.13
"2009-11-10",31.18
"2009-11-11",32.13
"2009-11-12",30.96
"2009-11-13",31.36
"2009-11-16",31.99
"2009-11-17",32.59
"2009-11-18",32.03
"2009-11-19",31.7
"2009-11-20",31.73
"2009-11-23",31.65
"2009-11-24",31.23
"2009-11-25",31.39
"2009-11-27",31.63
"2009-11-30",32.04
"2009-12-01",32.62
"2009-12-02",32.96
"2009-12-03",32.54
"2009-12-04",32.87
"2009-12-07",32.55
"2009-12-08",31.95
"2009-12-09",31.88
"2009-12-10",32.79
"2009-12-11",32.9
"2009-12-14",33.1
"2009-12-15",33.05
"2009-12-16",33.51
"2009-12-17",33.68
"2009-12-18",34.07
"2009-12-21",34.63
"2009-12-22",35.5
"2009-12-23",34.69
"2009-12-24",35.12
"2009-12-28",34.96
"2009-12-29",34.55
"2009-12-30",34.32
"2009-12-31",34.16
"2010-01-04",35.17
"2010-01-05",36.01
"2010-01-06",35.94
"2010-01-07",36.45
"2010-01-08",36.49
"2010-01-11",36.74
"2010-01-12",35.33
"2010-01-13",36.28
"2010-01-14",36.41
"2010-01-15",36.65
"2010-01-19",36.72
"2010-01-20",36.31
"2010-01-21",36.13
"2010-01-22",34.5
"2010-01-25",34.69
"2010-01-26",34.25
"2010-01-27",34.57
"2010-01-28",33.69
"2010-01-29",33.09
"2010-02-01",34.06
"2010-02-02",34.06
"2010-02-03",33.16
"2010-02-04",31.82
"2010-02-05",31.79
"2010-02-08",32.18
"2010-02-09",32.97
"2010-02-10",33.24
"2010-02-11",33.81
"2010-02-12",33.95
"2010-02-16",34.33
"2010-02-17",34.33
"2010-02-18",34.45
"2010-02-19",34.78
"2010-02-22",34.22
"2010-02-23",34.38
"2010-02-24",34.89
"2010-02-25",35.44
"2010-02-26",35.36
"2010-03-01",35.54
"2010-03-02",35.42
"2010-03-03",35.65
"2010-03-04",35.71
"2010-03-05",35.72
"2010-03-08",35.35
"2010-03-09",36.26
"2010-03-10",36.67
"2010-03-11",36.49
"2010-03-12",36.26
"2010-03-15",35.61
"2010-03-16",36.38
"2010-03-17",36.34
"2010-03-18",35.9
"2010-03-19",35.27
"2010-03-22",35.79
"2010-03-23",36.3
"2010-03-24",35.69
"2010-03-25",34.81
"2010-03-26",34.83
"2010-03-29",35.63
"2010-03-30",36.25
"2010-03-31",36.07
"2010-04-01",36.62
"2010-04-05",36.97
"2010-04-06",36.62
"2010-04-07",35.83
"2010-04-08",35.93
"2010-04-09",36.24
"2010-04-12",36.17
"2010-04-13",35.55
"2010-04-14",35.39
"2010-04-15",35.1
"2010-04-16",34.82
"2010-04-19",34.25
"2010-04-20",35.18
"2010-04-21",35.35
"2010-04-22",35.79
"2010-04-23",35.76
"2010-04-26",35.8
"2010-04-27",35.21
"2010-04-28",34.75
"2010-04-29",35.5
"2010-04-30",35.34
"2010-05-03",35.8
"2010-05-04",34.73
"2010-05-05",33.68
"2010-05-06",32.81
"2010-05-07",32.61
"2010-05-10",33.78
"2010-05-11",33.42
"2010-05-12",34.11
"2010-05-13",34.29
"2010-05-14",33.98
"2010-05-17",33.97
"2010-05-18",33.58
"2010-05-19",32.84
"2010-05-20",31.54
"2010-05-21",32.03
"2010-05-24",31.66
"2010-05-25",31.9
"2010-05-26",32.33
"2010-05-27",33.74
"2010-05-28",33.03
"2010-06-01",32.1
"2010-06-02",33.18
"2010-06-03",34.3
"2010-06-04",32.79
"2010-06-07",32.44
"2010-06-08",32.26
"2010-06-09",32.2
"2010-06-10",33.97
"2010-06-11",34.96
"2010-06-14",34.6
"2010-06-15",35.59
"2010-06-16",35.37
"2010-06-17",35.07
"2010-06-18",35.33
"2010-06-21",35.14
"2010-06-22",34.63
"2010-06-23",35.07
"2010-06-24",34.42
"2010-06-25",34.76
"2010-06-28",35.19
"2010-06-29",34.06
"2010-06-30",34.01
"2010-07-01",33.45
"2010-07-02",33.23
"2010-07-06",33.5
"2010-07-07",35.12
"2010-07-08",35.67
"2010-07-09",35.35
"2010-07-12",34.43
"2010-07-13",34.86
"2010-07-14",35.07
"2010-07-15",34.91
"2010-07-16",34.01
"2010-07-19",34.3
"2010-07-20",35.9
"2010-07-21",35.48
"2010-07-22",35.81
"2010-07-23",36.42
"2010-07-26",36.04
"2010-07-27",35.5
"2010-07-28",35.53
"2010-07-29",35.34
"2010-07-30",36.18
"2010-08-02",37.15
"2010-08-03",36.03
"2010-08-04",36.68
"2010-08-05",36.6
"2010-08-06",35.99
"2010-08-09",36.3
"2010-08-10",36.4
"2010-08-11",35.51
"2010-08-12",35.82
"2010-08-13",36.
"2010-08-16",36.19
"2010-08-17",36.95
"2010-08-18",36.99
"2010-08-19",36.55
"2010-08-20",36.73
"2010-08-23",36.78
"2010-08-24",36.26
"2010-08-25",36.74
"2010-08-26",36.53
"2010-08-27",36.6
"2010-08-30",35.69
"2010-08-31",35.8
"2010-09-01",36.
"2010-09-02",36.21
"2010-09-03",36.89
"2010-09-07",37.28
"2010-09-08",37.75
"2010-09-09",37.57
"2010-09-10",38.14
"2010-09-13",38.58
"2010-09-14",38.2
"2010-09-15",38.44
"2010-09-16",37.86
"2010-09-17",38.15
"2010-09-20",38.98
"2010-09-21",39.34
"2010-09-22",38.88
"2010-09-23",38.93
"2010-09-24",39.85
"2010-09-27",39.4
"2010-09-28",39.94
"2010-09-29",40.3
"2010-09-30",40.3
"2010-10-01",40.28
"2010-10-04",40.22
"2010-10-05",40.77
"2010-10-06",40.53
"2010-10-07",40.81
"2010-10-08",40.96
"2010-10-11",40.88
"2010-10-12",40.72
"2010-10-13",40.93
"2010-10-14",40.54
"2010-10-15",39.89
"2010-10-18",39.49
"2010-10-19",39.12
"2010-10-20",39.5
"2010-10-21",38.96
"2010-10-22",39.
"2010-10-25",39.25
"2010-10-26",39.48
"2010-10-27",39.2
"2010-10-28",40.04
"2010-10-29",39.26
"2010-11-01",39.4
"2010-11-02",39.44
"2010-11-03",39.25
"2010-11-04",39.14
"2010-11-05",38.43
"2010-11-08",38.02
"2010-11-09",37.79
"2010-11-10",38.18
"2010-11-11",38.13
"2010-11-12",37.51
"2010-11-15",37.01
"2010-11-16",36.86
"2010-11-17",37.23
"2010-11-18",37.93
"2010-11-19",38.41
"2010-11-22",38.08
"2010-11-23",38.01
"2010-11-24",38.8
"2010-11-26",38.94
"2010-11-29",38.79
"2010-11-30",39.15
"2010-12-01",39.97
"2010-12-02",40.18
"2010-12-03",39.86
"2010-12-06",40.05
"2010-12-07",39.93
"2010-12-08",39.61
"2010-12-09",39.76
"2010-12-10",39.8
"2010-12-13",39.8
"2010-12-14",39.8
"2010-12-15",39.32
"2010-12-16",39.25
"2010-12-17",39.16
"2010-12-20",39.68
"2010-12-21",40.48
"2010-12-22",40.27
"2010-12-23",40.11
"2010-12-27",40.41
"2010-12-28",40.52
"2010-12-29",40.66
"2010-12-30",40.76
"2010-12-31",40.94
"2011-01-03",40.9
"2011-01-04",41.02
"2011-01-05",40.75
"2011-01-06",39.69
"2011-01-07",39.66
"2011-01-10",39.56
"2011-01-11",39.63
"2011-01-12",40.19
"2011-01-13",39.91
"2011-01-14",39.25
"2011-01-18",39.89
"2011-01-19",39.28
"2011-01-20",39.78
"2011-01-21",39.72
"2011-01-24",40.27
"2011-01-25",40.64
"2011-01-26",40.89
"2011-01-27",41.01
"2011-01-28",40.95
"2011-01-31",40.8
"2011-02-01",41.77
"2011-02-02",42.15
"2011-02-03",42.89
"2011-02-04",42.95
"2011-02-07",42.7
"2011-02-08",43.39
"2011-02-09",43.44
"2011-02-10",43.74
"2011-02-11",44.26
"2011-02-14",44.04
"2011-02-15",44.01
"2011-02-16",44.21
"2011-02-17",43.66
"2011-02-18",43.46
"2011-02-22",42.73
"2011-02-23",42.18
"2011-02-24",42.44
"2011-02-25",42.37
"2011-02-28",42.09
"2011-03-01",41.73
"2011-03-02",41.79
"2011-03-03",42.
"2011-03-04",42.15
"2011-03-07",41.92
"2011-03-08",41.62
"2011-03-09",41.51
"2011-03-10",40.68
"2011-03-11",40.96
"2011-03-14",40.67
"2011-03-15",40.33
"2011-03-16",40.9
"2011-03-17",40.82
"2011-03-18",40.6
"2011-03-21",37.03
"2011-03-22",36.94
"2011-03-23",37.74
"2011-03-24",38.03
"2011-03-25",38.4
"2011-03-28",38.77
"2011-03-29",39.26
"2011-03-30",39.68
"2011-03-31",39.68
"2011-04-01",39.98
"2011-04-04",39.74
"2011-04-05",39.12
"2011-04-06",39.02
"2011-04-07",39.02
"2011-04-08",38.99
"2011-04-11",38.76
"2011-04-12",38.55
"2011-04-13",38.98
"2011-04-14",38.79
"2011-04-15",39.15
"2011-04-18",38.63
"2011-04-19",38.98
"2011-04-20",39.14
"2011-04-21",40.27
"2011-04-25",40.18
"2011-04-26",40.
"2011-04-27",40.14
"2011-04-28",39.86
"2011-04-29",38.63
"2011-05-02",37.97
"2011-05-03",38.
"2011-05-04",37.76
"2011-05-05",38.08
"2011-05-06",38.35
"2011-05-09",38.89
"2011-05-10",39.37
"2011-05-11",39.19
"2011-05-12",39.15
"2011-05-13",38.66
"2011-05-16",38.71
"2011-05-17",38.47
"2011-05-18",38.995
"2011-05-19",38.98
"2011-05-20",39.31
"2011-05-23",39.31
"2011-05-24",39.33
"2011-05-25",39.195
"2011-05-26",39.35
"2011-05-27",39.25
"2011-05-31",39.29
"2011-06-01",38.7
"2011-06-02",38.82
"2011-06-03",38.21
"2011-06-06",37.34
"2011-06-07",37.61
"2011-06-08",37.08
"2011-06-09",37.15
"2011-06-10",36.8
"2011-06-13",37.14
"2011-06-14",36.89
"2011-06-15",36.59
"2011-06-16",36.78
"2011-06-17",36.68
"2011-06-20",36.98
"2011-06-21",37.6
"2011-06-22",38.21
"2011-06-23",38.53
"2011-06-24",38.34
"2011-06-27",38.5
"2011-06-28",38.21
"2011-06-29",38.29
"2011-06-30",38.19
"2011-07-01",39.33
"2011-07-05",39.07
"2011-07-06",39.47
"2011-07-07",39.88
"2011-07-08",39.61
"2011-07-11",39.2
"2011-07-12",39.4
"2011-07-13",39.18
"2011-07-14",38.06
"2011-07-15",38.23
"2011-07-18",37.27
"2011-07-19",37.47
"2011-07-20",37.91
"2011-07-21",38.18
"2011-07-22",38.3
"2011-07-25",37.79
"2011-07-26",38.1
"2011-07-27",37.43
"2011-07-28",38.08
"2011-07-29",38.17
"2011-08-01",38.4
"2011-08-02",37.39
"2011-08-03",38.97
"2011-08-04",36.3
"2011-08-05",35.58
"2011-08-08",32.82
"2011-08-09",33.98
"2011-08-10",32.97
"2011-08-11",33.73
"2011-08-12",34.7
"2011-08-15",35.74
"2011-08-16",35.66
"2011-08-17",35.96
"2011-08-18",34.4
"2011-08-19",33.98
"2011-08-22",33.89
"2011-08-23",35.64
"2011-08-24",35.98
"2011-08-25",35.12
"2011-08-26",35.61
"2011-08-29",36.36
"2011-08-30",36.28
"2011-08-31",37.79
"2011-09-01",38.42
"2011-09-02",37.4
"2011-09-06",37.05
"2011-09-07",37.86
"2011-09-08",37.46
"2011-09-09",36.64
"2011-09-12",36.07
"2011-09-13",36.59
"2011-09-14",37.01
"2011-09-15",37.63
"2011-09-16",37.33
"2011-09-19",38.02
"2011-09-20",37.7
"2011-09-21",37.38
"2011-09-22",36.31
"2011-09-23",35.52
"2011-09-26",35.68
"2011-09-27",36.17
"2011-09-28",35.43
"2011-09-29",35.23
"2011-09-30",34.48
"2011-10-03",33.38
"2011-10-04",33.46
"2011-10-05",34.49
"2011-10-06",35.2
"2011-10-07",35.
"2011-10-10",35.31
"2011-10-11",35.13
"2011-10-12",36.13
"2011-10-13",36.48
"2011-10-14",37.31
"2011-10-17",37.24
"2011-10-18",37.39
"2011-10-19",37.66
"2011-10-20",37.84
"2011-10-21",38.68
"2011-10-24",39.16
"2011-10-25",38.39
"2011-10-26",38.04
"2011-10-27",38.97
"2011-10-28",38.63
"2011-10-31",38.09
"2011-11-01",38.58
"2011-11-02",38.96
"2011-11-03",40.17
"2011-11-04",39.62
"2011-11-07",39.48
"2011-11-08",39.48
"2011-11-09",38.67
"2011-11-10",38.4
"2011-11-11",39.65
"2011-11-14",39.39
"2011-11-15",39.41
"2011-11-16",39.39
"2011-11-17",39.31
"2011-11-18",38.89
"2011-11-21",38.52
"2011-11-22",38.04
"2011-11-23",37.4
"2011-11-25",37.37
"2011-11-28",38.78
"2011-11-29",39.5
"2011-11-30",40.89
"2011-12-01",40.82
"2011-12-02",41.34
"2011-12-05",41.24
"2011-12-06",41.48
"2011-12-07",41.12
"2011-12-08",40.46
"2011-12-09",40.59
"2011-12-12",40.45
"2011-12-13",40.23
"2011-12-14",39.89
"2011-12-15",40.02
"2011-12-16",39.96
"2011-12-19",39.57
"2011-12-20",41.57
"2011-12-21",42.25
"2011-12-22",42.24
"2011-12-23",42.44
"2011-12-27",42.95
"2011-12-28",42.49
"2011-12-29",42.92
"2011-12-30",42.96
"2012-01-03",43.1
"2012-01-04",43.16
"2012-01-05",43.13
"2012-01-06",43.15
"2012-01-09",43.56
"2012-01-10",44.25
"2012-01-11",44.42
"2012-01-12",44.72
"2012-01-13",44.56
"2012-01-17",44.56
"2012-01-18",45.06
"2012-01-19",45.39
"2012-01-20",44.97
"2012-01-23",45.01
"2012-01-24",44.73
"2012-01-25",45.08
"2012-01-26",45.
"2012-01-27",45.82
"2012-01-30",45.67
"2012-01-31",45.72
"2012-02-01",45.69
"2012-02-02",45.55
"2012-02-03",45.57
"2012-02-06",45.45
"2012-02-07",45.3
"2012-02-08",45.24
"2012-02-09",45.47
"2012-02-10",45.19
"2012-02-13",45.48
"2012-02-14",45.39
"2012-02-15",45.47
"2012-02-16",46.26
"2012-02-17",46.27
"2012-02-21",47.02
"2012-02-22",46.75
"2012-02-23",46.96
"2012-02-24",46.84
"2012-02-27",46.91
"2012-02-28",47.6
"2012-02-29",46.93
"2012-03-01",47.05
"2012-03-02",47.1
"2012-03-05",47.6
"2012-03-06",47.52
"2012-03-07",48.06
"2012-03-08",49.135
"2012-03-09",49.67
"2012-03-12",49.62
"2012-03-13",50.06
"2012-03-14",49.72
"2012-03-15",49.65
"2012-03-16",49.94
"2012-03-19",50.18
"2012-03-20",50.15
"2012-03-21",50.38
"2012-03-22",50.71
"2012-03-23",50.42
"2012-03-26",50.72
"2012-03-27",50.7
"2012-03-28",50.49
"2012-03-29",50.58
"2012-03-30",50.81
"2012-04-02",50.91
"2012-04-03",50.08
"2012-04-04",49.69
"2012-04-05",50.47
"2012-04-09",50.9
"2012-04-10",50.12
"2012-04-11",51.56
"2012-04-12",51.95
"2012-04-13",52.14
"2012-04-16",52.26
"2012-04-17",52.6
"2012-04-18",52.04
"2012-04-19",51.86
"2012-04-20",51.98
"2012-04-23",51.6
"2012-04-24",51.53
"2012-04-25",52.49
"2012-04-26",53.35
"2012-04-27",53.62
"2012-04-30",53.79
"2012-05-01",54.33
"2012-05-02",54.53
"2012-05-03",54.3
"2012-05-04",53.82
"2012-05-07",54.37
"2012-05-08",53.6
"2012-05-09",53.23
"2012-05-10",53.03
"2012-05-11",53.05
"2012-05-14",51.91
"2012-05-15",52.13
"2012-05-16",51.74
"2012-05-17",50.35
"2012-05-18",49.88
"2012-05-21",50.41
"2012-05-22",50.75
"2012-05-23",51.32
"2012-05-24",52.32
"2012-05-25",52.27
"2012-05-29",52.4
"2012-05-30",51.93
"2012-05-31",51.95
"2012-06-01",51.33
"2012-06-04",51.24
"2012-06-05",51.39
"2012-06-06",52.45
"2012-06-07",52.45
"2012-06-08",52.65
"2012-06-11",52.21
"2012-06-12",52.94
"2012-06-13",53.13
"2012-06-14",53.57
"2012-06-15",53.72
"2012-06-18",54.69
"2012-06-19",55.15
"2012-06-20",54.7
"2012-06-21",54.
"2012-06-22",54.75
"2012-06-25",55.64
"2012-06-26",57.15
"2012-06-27",57.45
"2012-06-28",56.88
"2012-06-29",57.05
"2012-07-02",57.79
"2012-07-03",58.19
"2012-07-05",57.91
"2012-07-06",57.96
"2012-07-09",58.43
"2012-07-10",57.68
"2012-07-11",56.77
"2012-07-12",56.89
"2012-07-13",56.91
"2012-07-16",57.05
"2012-07-17",57.4
"2012-07-18",56.62
"2012-07-19",56.5
"2012-07-20",56.29
"2012-07-23",56.3
"2012-07-24",56.15
"2012-07-25",56.34
"2012-07-26",57.89
"2012-07-27",58.83
"2012-07-30",59.41
"2012-07-31",59.06
"2012-08-01",58.39
"2012-08-02",58.46
"2012-08-03",59.19
"2012-08-06",60.
"2012-08-07",60.07
"2012-08-08",60.05
"2012-08-09",60.29
"2012-08-10",60.41
"2012-08-13",60.4
"2012-08-14",60.62
"2012-08-15",61.44
"2012-08-16",60.53
"2012-08-17",60.51
"2012-08-20",60.56
"2012-08-21",59.74
"2012-08-22",59.63
"2012-08-23",59.31
"2012-08-24",59.68
"2012-08-27",59.89
"2012-08-28",59.95
"2012-08-29",60.05
"2012-08-30",60.09
"2012-08-31",59.78
"2012-09-04",59.97
"2012-09-05",60.2
"2012-09-06",60.68
"2012-09-07",60.04
"2012-09-10",59.83
"2012-09-11",60.04
"2012-09-12",59.44
"2012-09-13",60.055
"2012-09-14",59.54
"2012-09-17",59.92
"2012-09-18",60.42
"2012-09-19",61.02
"2012-09-20",60.94
"2012-09-21",61.5
"2012-09-24",61.54
"2012-09-25",61.215
"2012-09-26",61.51
"2012-09-27",62.13
"2012-09-28",62.9
"2012-10-01",63.17
"2012-10-02",62.45
"2012-10-03",63.69
"2012-10-04",63.92
"2012-10-05",64.43
"2012-10-08",64.52
"2012-10-09",65.16
"2012-10-10",65.39
"2012-10-11",64.34
"2012-10-12",65.22
"2012-10-15",66.23
"2012-10-16",66.35
"2012-10-17",66.6831
"2012-10-18",66.7
"2012-10-19",66.1
"2012-10-22",65.7
"2012-10-23",65.17
"2012-10-24",65.55
"2012-10-25",65.78
"2012-10-26",66.07
"2012-10-31",66.3614
"2012-11-01",66.62
"2012-11-02",66.6
"2012-11-05",66.15
"2012-11-06",66.4
"2012-11-07",66.98
"2012-11-08",67.48
"2012-11-09",67.23
"2012-11-12",67.06
"2012-11-13",66.74
"2012-11-14",66.005
"2012-11-15",64.84
"2012-11-16",65.9701
"2012-11-19",67.01
"2012-11-20",67.08
"2012-11-21",67.25
"2012-11-23",67.75
"2012-11-26",67.25
"2012-11-27",67.44
"2012-11-28",67.8
"2012-11-29",68.08
"2012-11-30",68.82
"2012-12-03",68.42
"2012-12-04",68.52
"2012-12-05",67.89
"2012-12-06",68.32
"2012-12-07",69.08
"2012-12-10",68.9
"2012-12-11",68.54
"2012-12-12",69.22
"2012-12-13",69.06
"2012-12-14",69.6212
"2012-12-17",70.12
"2012-12-18",69.81
"2012-12-19",69.8
"2012-12-20",70.08
"2012-12-21",70.9
"2012-12-24",70.74
"2012-12-26",70.42
"2012-12-27",70.59
"2012-12-28",70.27
"2012-12-31",70.98
"2013-01-02",72.59
"2013-01-03",71.46
"2013-01-04",70.64
"2013-01-07",69.79
"2013-01-08",69.62
"2013-01-09",69.78
"2013-01-10",70.62
"2013-01-11",70.81
"2013-01-14",70.53
"2013-01-15",70.09
"2013-01-16",70.78
"2013-01-17",71.49
"2013-01-18",71.3
"2013-01-22",71.6
"2013-01-23",71.34
"2013-01-24",71.85
"2013-01-25",71.35
"2013-01-28",71.42
"2013-01-29",71.04
"2013-01-30",70.09
"2013-01-31",69.654
"2013-02-01",70.36
"2013-02-04",69.63
"2013-02-05",70.37
"2013-02-06",69.94
"2013-02-07",69.25
"2013-02-08",69.49
"2013-02-11",69.28
"2013-02-12",68.271
"2013-02-13",67.45
"2013-02-14",68.11
"2013-02-15",68.69
"2013-02-19",67.9
"2013-02-20",67.73
"2013-02-21",67.75
"2013-02-22",70.
"2013-02-25",70.13
"2013-02-26",70.41
"2013-02-27",70.72
"2013-02-28",71.12
"2013-03-01",71.63
"2013-03-04",72.41
"2013-03-05",73.03
"2013-03-06",72.99
"2013-03-07",73.14
"2013-03-08",73.32
"2013-03-11",73.06
"2013-03-12",72.38
"2013-03-13",72.2
"2013-03-14",71.87
"2013-03-15",71.22
"2013-03-18",70.75
"2013-03-19",70.65
"2013-03-20",71.13
"2013-03-21",71.09
"2013-03-22",71.9
"2013-03-25",71.82
"2013-03-26",71.82
"2013-03-27",72.29
"2013-03-28",72.
"2013-04-01",72.1
"2013-04-02",72.58
"2013-04-03",72.09
"2013-04-04",72.49
"2013-04-05",72.94
"2013-04-08",73.72
"2013-04-09",73.88
"2013-04-10",75.01
"2013-04-11",75.128
"2013-04-12",75.49
"2013-04-15",74.42
"2013-04-16",75.74
"2013-04-17",74.96
"2013-04-18",75.82
"2013-04-19",76.07
"2013-04-22",76.55
"2013-04-23",76.95
"2013-04-24",76.38
"2013-04-25",78.09
"2013-04-26",78.15
"2013-04-29",77.87
"2013-04-30",78.99
"2013-05-01",78.73
"2013-05-02",78.92
"2013-05-03",79.26
"2013-05-06",78.64
"2013-05-07",79.31
"2013-05-08",80.01
"2013-05-09",79.67
"2013-05-10",79.94
"2013-05-13",79.99
"2013-05-14",80.85
"2013-05-15",80.73
"2013-05-16",80.05
"2013-05-17",80.78
"2013-05-20",80.63
"2013-05-21",80.69
"2013-05-22",78.52
"2013-05-23",78.6
"2013-05-24",78.13
"2013-05-28",77.39
"2013-05-29",75.39
"2013-05-30",75.74
"2013-05-31",75.27
"2013-06-03",75.26
"2013-06-04",75.46
"2013-06-05",74.85
"2013-06-06",76.13
"2013-06-07",76.18
"2013-06-10",74.96
"2013-06-11",74.47
"2013-06-12",73.98
"2013-06-13",75.63
"2013-06-14",76.24
"2013-06-17",75.61
"2013-06-18",75.87
"2013-06-19",73.86
"2013-06-20",71.92
"2013-06-21",71.75
"2013-06-24",71.5
"2013-06-25",71.51
"2013-06-26",71.82
"2013-06-27",74.44
"2013-06-28",74.12
"2013-07-01",74.16
"2013-07-02",74.16
"2013-07-03",73.98
"2013-07-05",73.76
"2013-07-08",74.28
"2013-07-09",74.4
"2013-07-10",75.94
"2013-07-11",77.99
"2013-07-12",78.92
"2013-07-15",78.85
"2013-07-16",78.66
"2013-07-17",78.41
"2013-07-18",78.7
"2013-07-19",79.42
"2013-07-22",78.8
"2013-07-23",78.69
"2013-07-24",78.12
"2013-07-25",76.85
"2013-07-26",76.51
"2013-07-29",76.19
"2013-07-30",75.56
"2013-07-31",74.09
"2013-08-01",74.31
"2013-08-02",73.38
"2013-08-05",75.37
"2013-08-06",74.6
"2013-08-07",73.58
"2013-08-08",73.27
"2013-08-09",73.44
"2013-08-12",73.45
"2013-08-13",73.26
"2013-08-14",72.755
"2013-08-15",72.26
"2013-08-16",71.64
"2013-08-19",71.72
"2013-08-20",73.
"2013-08-21",72.34
"2013-08-22",72.43
"2013-08-23",73.47
"2013-08-26",73.53
"2013-08-27",74.3
"2013-08-28",74.61
"2013-08-29",75.11
"2013-08-30",75.
"2013-09-03",75.21
"2013-09-04",75.61
"2013-09-05",75.33
"2013-09-06",75.82
"2013-09-09",77.02
"2013-09-10",78.26
"2013-09-11",78.57
"2013-09-12",77.24
"2013-09-13",76.5
"2013-09-16",77.27
"2013-09-17",77.28
"2013-09-18",77.4
"2013-09-19",77.44
"2013-09-20",77.22
"2013-09-23",77.22
"2013-09-24",77.42
"2013-09-25",77.99
"2013-09-26",79.69
"2013-09-27",79.83
"2013-09-30",80.46
"2013-10-01",79.42
"2013-10-02",78.717
"2013-10-03",77.64
"2013-10-04",77.51
"2013-10-07",78.05
"2013-10-08",77.11
"2013-10-09",77.1
"2013-10-10",78.44
"2013-10-11",79.36
"2013-10-14",79.91
"2013-10-15",79.94
"2013-10-16",81.51
"2013-10-17",84.17
"2013-10-18",84.672
"2013-10-21",86.06
"2013-10-22",86.74
"2013-10-23",85.48
"2013-10-24",87.45
"2013-10-25",87.29
"2013-10-28",87.35
"2013-10-29",88.62
"2013-10-30",88.93
"2013-10-31",87.39
"2013-11-01",87.49
"2013-11-04",87.73
"2013-11-05",90.96
"2013-11-06",91.83
"2013-11-07",91.46
"2013-11-08",91.6
"2013-11-11",91.28
"2013-11-12",90.75
"2013-11-13",90.15
"2013-11-14",89.4
"2013-11-15",90.
"2013-11-18",89.9
"2013-11-19",88.59
"2013-11-20",86.53
"2013-11-21",85.48
"2013-11-22",84.75
"2013-11-25",84.93
"2013-11-26",85.72
"2013-11-27",85.59
"2013-11-29",85.17
"2013-12-02",85.93
"2013-12-03",85.42
"2013-12-04",85.98
"2013-12-05",86.29
"2013-12-06",87.11
"2013-12-09",87.32
"2013-12-10",86.9
"2013-12-11",86.76
"2013-12-12",86.48
"2013-12-13",87.54
"2013-12-16",85.45
"2013-12-17",84.99
"2013-12-18",85.87
"2013-12-19",87.21
"2013-12-20",87.06
"2013-12-23",87.57
"2013-12-24",88.14
"2013-12-26",88.26
"2013-12-27",88.1
"2013-12-30",89.34
"2013-12-31",89.84
"2014-01-02",88.42
"2014-01-03",87.81
"2014-01-06",87.82
"2014-01-07",88.56
"2014-01-08",89.04
"2014-01-09",87.84
"2014-01-10",88.32
"2014-01-13",89.12
"2014-01-14",90.57
"2014-01-15",90.67
"2014-01-16",90.72
"2014-01-17",90.01
"2014-01-21",90.65
"2014-01-22",91.47
"2014-01-23",92.78
"2014-01-24",89.95
"2014-01-27",89.6
"2014-01-28",89.93
"2014-01-29",90.57
"2014-01-30",92.29
"2014-01-31",92.75
"2014-02-03",91.99
"2014-02-04",91.62
"2014-02-05",91.72
"2014-02-06",92.
"2014-02-07",92.91
"2014-02-10",93.17
"2014-02-11",94.73
"2014-02-12",94.17
"2014-02-13",95.14
"2014-02-14",96.36
"2014-02-18",96.6
"2014-02-19",97.69
"2014-02-20",99.21
"2014-02-21",97.235
"2014-02-24",95.9
"2014-02-25",95.34
"2014-02-26",92.79
"2014-02-27",94.89
"2014-02-28",95.17
"2014-03-03",95.18
"2014-03-04",95.81
"2014-03-05",95.24
"2014-03-06",95.53
"2014-03-07",95.08
"2014-03-10",94.56
"2014-03-11",94.99
"2014-03-12",95.2
"2014-03-13",94.87
"2014-03-14",94.96
"2014-03-17",94.51
"2014-03-18",94.72
"2014-03-19",93.74
"2014-03-20",93.51
"2014-03-21",91.89
"2014-03-24",91.39
"2014-03-25",90.54
"2014-03-26",90.37
"2014-03-27",93.26
"2014-03-28",92.25
"2014-03-31",90.96
"2014-04-01",91.14
"2014-04-02",89.98
"2014-04-03",90.15
"2014-04-04",88.14
"2014-04-07",87.4
"2014-04-08",87.86
"2014-04-09",90.23
"2014-04-10",89.08
"2014-04-11",88.22
"2014-04-14",88.01
"2014-04-15",88.
"2014-04-16",89.9
"2014-04-17",91.17
"2014-04-21",91.92
"2014-04-22",92.22
"2014-04-23",91.01
"2014-04-24",90.64
"2014-04-25",89.93
"2014-04-28",89.1
"2014-04-29",89.69
"2014-04-30",89.76
"2014-05-01",90.56
"2014-05-02",94.89
"2014-05-05",96.52
"2014-05-06",96.53
"2014-05-07",96.36
"2014-05-08",96.8
"2014-05-09",97.2
"2014-05-12",98.11
"2014-05-13",99.16
"2014-05-14",100.84
"2014-05-15",99.62
"2014-05-16",100.19
"2014-05-19",100.1
"2014-05-20",100.22
"2014-05-21",100.84
"2014-05-22",101.49
"2014-05-23",100.6
"2014-05-27",100.39
"2014-05-28",100.45
"2014-05-29",100.71
"2014-05-30",101.5
"2014-06-02",100.4
"2014-06-03",99.78
"2014-06-04",100.51
"2014-06-05",100.08
"2014-06-06",100.43
"2014-06-09",100.25
"2014-06-10",100.25
"2014-06-11",100.21
"2014-06-12",99.84
"2014-06-13",98.16
"2014-06-16",97.77
"2014-06-17",97.64
"2014-06-18",97.74
"2014-06-19",98.53
"2014-06-20",98.69
"2014-06-23",98.23
"2014-06-24",98.65
"2014-06-25",100.21
"2014-06-26",99.8
"2014-06-27",101.64
"2014-06-30",102.3
"2014-07-01",101.94
"2014-07-02",101.61
"2014-07-03",101.73
"2014-07-07",101.37
"2014-07-08",100.62
"2014-07-09",103.44
"2014-07-10",104.14
"2014-07-11",103.64
"2014-07-14",104.05
"2014-07-15",103.77
"2014-07-16",104.43
"2014-07-17",103.17
"2014-07-18",103.99
"2014-07-21",104.54
"2014-07-22",104.34
"2014-07-23",104.49
"2014-07-24",103.48
"2014-07-25",103.22
"2014-07-28",106.67
"2014-07-29",106.48
"2014-07-30",108.96
"2014-07-31",106.93
"2014-08-01",106.17
"2014-08-04",104.95
"2014-08-05",104.76
"2014-08-06",106.69
"2014-08-07",107.08
"2014-08-08",110.49
"2014-08-11",109.49
"2014-08-12",109.64
"2014-08-13",108.94
"2014-08-14",109.12
"2014-08-15",108.57
"2014-08-18",109.29
"2014-08-19",108.02
"2014-08-20",109.26
"2014-08-21",109.34
"2014-08-22",108.59
"2014-08-25",110.04
"2014-08-26",110.11
"2014-08-27",110.6125
"2014-08-28",110.67
"2014-08-29",110.29
"2014-09-02",110.47
"2014-09-03",111.
"2014-09-04",111.51
"2014-09-05",112.96
"2014-09-08",113.56
"2014-09-09",112.7
"2014-09-10",112.83
"2014-09-11",113.65
"2014-09-12",112.23
"2014-09-15",111.35
"2014-09-16",113.16
"2014-09-17",113.24
"2014-09-18",112.85
"2014-09-19",112.13
"2014-09-22",109.66
"2014-09-23",109.69
"2014-09-24",110.72
"2014-09-25",109.28
"2014-09-26",111.61
"2014-09-29",110.74
"2014-09-30",110.9
"2014-10-01",109.45
"2014-10-02",109.38
"2014-10-03",111.47
"2014-10-06",111.93
"2014-10-07",110.48
"2014-10-08",111.28
"2014-10-09",109.89
"2014-10-10",107.82
"2014-10-13",106.27
"2014-10-14",106.39
"2014-10-15",106.85
"2014-10-16",106.6
"2014-10-17",108.3
"2014-10-20",108.99
"2014-10-21",110.81
"2014-10-22",109.98
"2014-10-23",110.6
"2014-10-24",111.57
"2014-10-27",112.31
"2014-10-28",113.06
"2014-10-29",112.46
"2014-10-30",114.4
"2014-10-31",112.33
"2014-11-03",112.33
"2014-11-04",110.69
"2014-11-05",110.41
"2014-11-06",111.65
"2014-11-07",114.62
"2014-11-10",113.28
"2014-11-11",112.42
"2014-11-12",113.2
"2014-11-13",112.52
"2014-11-14",113.04
"2014-11-17",113.3
"2014-11-18",114.89
"2014-11-19",114.21
"2014-11-20",116.14
"2014-11-21",117.37
"2014-11-24",117.58
"2014-11-25",119.96
"2014-11-26",120.42
"2014-11-28",121.67
"2014-12-01",119.95
"2014-12-02",116.14
"2014-12-03",116.34
"2014-12-04",115.65
"2014-12-05",114.71
"2014-12-08",113.1
"2014-12-09",113.11
"2014-12-10",110.7
"2014-12-11",109.965
"2014-12-12",110.12
"2014-12-15",110.19
"2014-12-16",109.18
"2014-12-17",111.52
"2014-12-18",113.64
"2014-12-19",113.15
"2014-12-22",113.51
"2014-12-23",113.6
"2014-12-24",113.27
"2014-12-26",112.66
"2014-12-29",112.39
"2014-12-30",112.26
"2014-12-31",110.76
"2015-01-02",110.97
"2015-01-05",109.22
"2015-01-06",108.65
"2015-01-07",110.14
"2015-01-08",111.24
"2015-01-09",110.85
"2015-01-12",110.5
"2015-01-13",110.59
"2015-01-14",109.95
"2015-01-15",108.39
"2015-01-16",109.515
"2015-01-20",110.31
"2015-01-21",111.39
"2015-01-22",116.47
"2015-01-23",118.38
"2015-01-26",119.14
"2015-01-27",119.99
"2015-01-28",118.01
"2015-01-29",118.91
"2015-01-30",116.7
"2015-02-02",118.
"2015-02-03",117.93
"2015-02-04",118.73
"2015-02-05",119.53
"2015-02-06",117.88
"2015-02-09",116.24
"2015-02-10",118.39
"2015-02-11",119.36
"2015-02-12",119.66
"2015-02-13",121.665
"2015-02-17",122.18
"2015-02-18",122.17
"2015-02-19",121.02
"2015-02-20",121.25
"2015-02-23",119.36
"2015-02-24",117.81
"2015-02-25",119.75
"2015-02-26",120.
"2015-02-27",124.71
"2015-03-02",125.32
"2015-03-03",124.87
"2015-03-04",125.44
"2015-03-05",124.59
"2015-03-06",121.895
"2015-03-09",122.345
"2015-03-10",120.445
"2015-03-11",119.92
"2015-03-12",120.95
"2015-03-13",119.45
"2015-03-16",118.875
"2015-03-17",118.85
"2015-03-18",120.74
"2015-03-19",120.05
"2015-03-20",122.56
"2015-03-23",121.77
"2015-03-24",121.38
"2015-03-25",118.98
"2015-03-26",119.23
"2015-03-27",120.74
"2015-03-30",120.19
"2015-03-31",117.1
"2015-04-01",119.48
"2015-04-02",120.14
"2015-04-06",120.59
"2015-04-07",119.61
"2015-04-08",118.05
"2015-04-09",118.485
"2015-04-10",117.67
"2015-04-13",118.71
"2015-04-14",119.08
"2015-04-15",119.58
"2015-04-16",120.42
"2015-04-17",119.75
"2015-04-20",121.84
"2015-04-21",121.94
"2015-04-22",122.7
"2015-04-23",124.38
"2015-04-24",121.18
"2015-04-27",119.28
"2015-04-28",118.04
"2015-04-29",116.79
"2015-04-30",115.82
"2015-05-01",116.19
"2015-05-04",116.33
"2015-05-05",114.24
"2015-05-06",114.54
"2015-05-07",113.885
"2015-05-08",115.95
"2015-05-11",115.16
"2015-05-12",115.44
"2015-05-13",115.54
"2015-05-14",116.31
"2015-05-15",118.16
"2015-05-18",118.34
"2015-05-19",116.42
"2015-05-20",114.7
"2015-05-21",113.55
"2015-05-22",113.4
"2015-05-26",112.93
"2015-05-27",112.74
"2015-05-28",112.54
"2015-05-29",111.81
"2015-06-01",115.14
"2015-06-02",115.
"2015-06-03",114.21
"2015-06-04",118.1
"2015-06-05",116.95
"2015-06-08",116.4
"2015-06-09",115.99
"2015-06-10",116.89
"2015-06-11",116.61
"2015-06-12",117.
"2015-06-15",117.76
"2015-06-16",117.41
"2015-06-17",117.65
"2015-06-18",120.46
"2015-06-19",119.75
"2015-06-22",119.705
"2015-06-23",120.16
"2015-06-24",119.04
"2015-06-25",119.58
"2015-06-26",117.31
"2015-06-29",115.62
"2015-06-30",114.97
"2015-07-01",116.23
"2015-07-02",116.17
"2015-07-06",115.54
"2015-07-07",115.82
"2015-07-08",114.94
"2015-07-09",115.62
"2015-07-10",116.61
"2015-07-13",115.77
"2015-07-14",116.49
"2015-07-15",116.47
"2015-07-16",116.79
"2015-07-17",115.11
"2015-07-20",115.85
"2015-07-21",116.36
"2015-07-22",115.79
"2015-07-23",119.34
"2015-07-24",117.61
"2015-07-27",116.04
"2015-07-28",117.08
"2015-07-29",116.81
"2015-07-30",118.21
"2015-07-31",120.72
"2015-08-03",121.24
"2015-08-04",121.24
"2015-08-05",120.73
"2015-08-06",121.48
"2015-08-07",121.77
"2015-08-10",123.46
"2015-08-11",124.29
"2015-08-12",125.68
"2015-08-13",125.87
"2015-08-14",127.4
"2015-08-17",128.01
"2015-08-18",126.5
"2015-08-19",126.9
"2015-08-20",123.26
"2015-08-21",120.44
"2015-08-24",114.48
"2015-08-25",113.73
"2015-08-26",114.99
"2015-08-27",118.91
"2015-08-28",119.23
"2015-08-31",118.2
"2015-09-01",114.54
"2015-09-02",115.85
"2015-09-03",116.66
"2015-09-04",115.45
"2015-09-08",117.85
"2015-09-09",115.09
"2015-09-10",111.72
"2015-09-11",111.05
"2015-09-14",111.99
"2015-09-15",112.87
"2015-09-16",113.02
"2015-09-17",112.49
"2015-09-18",111.32
"2015-09-21",111.81
"2015-09-22",108.99
"2015-09-23",108.99
"2015-09-24",106.24
"2015-09-25",105.69
"2015-09-28",105.25
"2015-09-29",103.61
"2015-09-30",104.74
"2015-10-01",103.77
"2015-10-02",105.39
"2015-10-05",109.51
"2015-10-06",108.26
"2015-10-07",109.96
"2015-10-08",110.52
"2015-10-09",110.2
"2015-10-12",109.08
"2015-10-13",109.15
"2015-10-14",108.9
"2015-10-15",110.75
"2015-10-16",110.38
"2015-10-19",110.82
"2015-10-20",112.16
"2015-10-21",111.14
"2015-10-22",115.76
"2015-10-23",116.08
"2015-10-26",117.63
"2015-10-27",117.24
"2015-10-28",117.35
"2015-10-29",118.76
"2015-10-30",119.02
"2015-11-02",121.16
"2015-11-03",120.12
"2015-11-04",117.63
"2015-11-05",109.75
"2015-11-06",108.45
"2015-11-09",106.8
"2015-11-10",105.72
"2015-11-11",106.9
"2015-11-12",106.06
"2015-11-13",105.23
"2015-11-16",107.32
"2015-11-17",105.99
"2015-11-18",105.79
"2015-11-19",105.23
"2015-11-20",103.02
"2015-11-23",102.51
"2015-11-24",105.5
"2015-11-25",105.64
"2015-11-27",106.39
"2015-11-30",105.16
"2015-12-01",109.45
"2015-12-02",108.13
"2015-12-03",106.9
"2015-12-04",108.53
"2015-12-07",109.03
"2015-12-08",107.9
"2015-12-09",105.01
"2015-12-10",104.65
"2015-12-11",101.08
"2015-12-14",101.76
"2015-12-15",102.59
"2015-12-16",103.89
"2015-12-17",101.01
"2015-12-18",100.42
"2015-12-21",101.385
"2015-12-22",101.675
"2015-12-23",103.38
"2015-12-24",104.04
"2015-12-28",104.93
"2015-12-29",106.2
"2015-12-30",105.1
"2015-12-31",105.07
"2016-01-04",105.76
"2016-01-05",107.15
"2016-01-06",106.17
"2016-01-07",102.59
"2016-01-08",101.64
"2016-01-11",103.87
"2016-01-12",100.83
"2016-01-13",97.72
"2016-01-14",99.48
"2016-01-15",91.96
"2016-01-19",90.82
"2016-01-20",88.56
"2016-01-21",87.49
"2016-01-22",94.02
"2016-01-25",93.71
"2016-01-26",97.04
"2016-01-27",95.25
"2016-01-28",95.07
"2016-01-29",99.28
"2016-02-01",98.14
"2016-02-02",96.41
"2016-02-03",95.78
"2016-02-04",95.9
"2016-02-05",93.4
"2016-02-08",86.85
"2016-02-09",85.74
"2016-02-10",86.34
"2016-02-11",84.96
"2016-02-12",88.79
"2016-02-16",90.53
"2016-02-17",91.66
"2016-02-18",91.57
"2016-02-19",89.64
"2016-02-22",93.02
"2016-02-23",92.76
"2016-02-24",95.7
"2016-02-25",96.6
"2016-02-26",94.66
"2016-02-29",94.89
"2016-03-01",96.33
"2016-03-02",96.
"2016-03-03",96.82
"2016-03-04",96.58
"2016-03-07",96.46
"2016-03-08",93.53
"2016-03-09",91.76
"2016-03-10",91.87
"2016-03-11",94.55
"2016-03-14",94.37
"2016-03-15",95.07
"2016-03-16",95.57
"2016-03-17",99.31
"2016-03-18",99.17
"2016-03-21",98.43
"2016-03-22",97.74
"2016-03-23",96.95
"2016-03-24",97.91
"2016-03-28",97.73
"2016-03-29",100.19
"2016-03-30",99.96
"2016-03-31",100.17
"2016-04-01",102.04
"2016-04-04",101.85
"2016-04-05",100.09
"2016-04-06",100.59
"2016-04-07",99.07
"2016-04-08",99.81
"2016-04-11",98.77
"2016-04-12",100.41
"2016-04-13",101.46
"2016-04-14",100.86
"2016-04-15",101.59
"2016-04-18",102.22
"2016-04-19",101.86
"2016-04-20",103.42
"2016-04-21",103.
"2016-04-22",103.74
"2016-04-25",103.49
"2016-04-26",104.33
"2016-04-27",104.82
"2016-04-28",104.05
"2016-04-29",103.04
"2016-05-02",105.19
"2016-05-03",99.03
"2016-05-04",99.79
"2016-05-05",99.96
"2016-05-06",100.93
"2016-05-09",100.21
"2016-05-10",102.14
"2016-05-11",101.67
"2016-05-12",101.18
"2016-05-13",100.
"2016-05-16",99.89
"2016-05-17",99.2
"2016-05-18",98.45
"2016-05-19",97.44
"2016-05-20",97.3
"2016-05-23",97.63
"2016-05-24",98.48
"2016-05-25",98.54
"2016-05-26",98.7
"2016-05-27",98.85
"2016-05-31",99.4
"2016-06-01",98.36
"2016-06-02",101.75
"2016-06-03",102.
"2016-06-06",102.15
"2016-06-07",104.42
"2016-06-08",104.11
"2016-06-09",103.84
"2016-06-10",101.02
"2016-06-13",100.76
"2016-06-14",100.24
"2016-06-15",100.45
"2016-06-16",100.46
"2016-06-17",99.7
"2016-06-20",102.08
"2016-06-21",102.66
"2016-06-22",102.9
"2016-06-23",107.26
"2016-06-24",103.31
"2016-06-27",100.98
"2016-06-28",103.54
"2016-06-29",107.44
"2016-06-30",107.94
"2016-07-01",109.89
"2016-07-05",108.94
"2016-07-06",109.65
"2016-07-07",110.62
"2016-07-08",114.41
"2016-07-11",113.3
"2016-07-12",112.78
"2016-07-13",112.09
"2016-07-14",113.47
"2016-07-15",114.03
"2016-07-18",113.76
"2016-07-19",112.85
"2016-07-20",112.62
"2016-07-21",111.96
"2016-07-22",113.17
"2016-07-25",112.85
"2016-07-26",112.38
"2016-07-27",112.75
"2016-07-28",112.48
"2016-07-29",115.
"2016-08-01",116.01
"2016-08-02",113.28
"2016-08-03",113.21
"2016-08-04",113.59
"2016-08-05",113.86
"2016-08-08",114.97
"2016-08-09",116.41
"2016-08-10",116.16
"2016-08-11",116.15
"2016-08-12",116.32
"2016-08-15",115.78
"2016-08-16",114.34
"2016-08-17",114.46
"2016-08-18",114.71
"2016-08-19",113.21
"2016-08-22",113.48
"2016-08-23",112.96
"2016-08-24",113.29
"2016-08-25",114.12
"2016-08-26",113.85
"2016-08-29",114.23
"2016-08-30",113.97
"2016-08-31",114.15
"2016-09-01",114.18
"2016-09-02",115.87
"2016-09-06",117.62
"2016-09-07",118.47
"2016-09-08",117.34
"2016-09-09",110.32
"2016-09-12",111.51
"2016-09-13",108.99
"2016-09-14",108.73
"2016-09-15",108.9
"2016-09-16",108.34
"2016-09-19",110.34
"2016-09-20",109.2
"2016-09-21",110.54
"2016-09-22",112.7
"2016-09-23",111.89
"2016-09-26",111.4
"2016-09-27",111.89
"2016-09-28",113.14
"2016-09-29",111.6
"2016-09-30",112.16
"2016-10-03",111.78
"2016-10-04",111.7
"2016-10-05",109.05
"2016-10-06",109.56
"2016-10-07",109.18
"2016-10-10",109.83
"2016-10-11",108.48
"2016-10-12",110.5
"2016-10-13",111.19
"2016-10-14",111.89
"2016-10-17",110.83
"2016-10-18",111.35
"2016-10-19",112.05
"2016-10-20",111.53
"2016-10-21",113.5
"2016-10-24",115.19
"2016-10-25",115.13
"2016-10-26",115.26
"2016-10-27",114.66
"2016-10-28",113.71
"2016-10-31",113.28
"2016-11-01",110.89
"2016-11-02",107.43
"2016-11-03",107.94
"2016-11-04",105.99
"2016-11-07",107.59
"2016-11-08",108.95
"2016-11-09",103.56
"2016-11-10",100.
"2016-11-11",99.02
"2016-11-14",96.91
"2016-11-15",97.06
"2016-11-16",99.24
"2016-11-17",100.63
"2016-11-18",100.75
"2016-11-21",101.62
"2016-11-22",101.98
"2016-11-23",100.49
"2016-11-25",101.08
"2016-11-28",99.62
"2016-11-29",99.81
"2016-11-30",98.96
"2016-12-01",96.1
"2016-12-02",96.67
"2016-12-05",98.06
"2016-12-06",97.81
"2016-12-07",100.38
"2016-12-08",99.29
"2016-12-09",98.55
"2016-12-12",99.75
"2016-12-13",103.19
"2016-12-14",101.36
"2016-12-15",101.96
"2016-12-16",101.78
"2016-12-19",104.73
"2016-12-20",103.93
"2016-12-21",104.57
"2016-12-22",104.63
"2016-12-23",104.84
"2016-12-27",105.33
"2016-12-28",104.1
"2016-12-29",103.95
"2016-12-30",103.26
"2017-01-03",105.53
"2017-01-04",105.68
"2017-01-05",104.28
"2017-01-06",103.52
"2017-01-09",102.99
"2017-01-10",102.6
"2017-01-11",104.71
"2017-01-12",105.12
"2017-01-13",105.57
"2017-01-17",106.39
"2017-01-18",107.06
"2017-01-19",105.76
"2017-01-20",105.53
"2017-01-23",104.84
"2017-01-24",104.1
"2017-01-25",103.5
"2017-01-26",104.91
"2017-01-27",104.03
"2017-01-30",104.3
"2017-01-31",105.26
"2017-02-01",103.86
"2017-02-02",104.39
"2017-02-03",105.69
"2017-02-06",104.4
"2017-02-07",104.79
"2017-02-08",106.86
"2017-02-09",107.63
"2017-02-10",106.96
"2017-02-13",109.62
"2017-02-14",108.73
"2017-02-15",108.3
"2017-02-16",108.93
"2017-02-17",108.47
"2017-02-21",110.71
"2017-02-22",111.66
"2017-02-23",111.19
"2017-02-24",111.16
"2017-02-27",112.79
"2017-02-28",115.77
"2017-03-01",115.36
"2017-03-02",115.28
"2017-03-03",114.98
"2017-03-06",115.17
"2017-03-07",115.41
"2017-03-08",114.65
"2017-03-09",116.59
"2017-03-10",117.8
"2017-03-13",117.64
"2017-03-14",116.12
"2017-03-15",116.69
"2017-03-16",116.14
"2017-03-17",115.65
"2017-03-20",117.06
"2017-03-21",117.08
"2017-03-22",116.88
"2017-03-23",118.13
"2017-03-24",118.29
"2017-03-27",117.8
"2017-03-28",118.55
"2017-03-29",119.78
"2017-03-30",118.92
"2017-03-31",120.37
"2017-04-03",119.55
"2017-04-04",119.44
"2017-04-05",119.08
"2017-04-06",120.07
"2017-04-07",121.17
"2017-04-10",121.99
"2017-04-11",124.04
"2017-04-12",123.07
"2017-04-13",123.8
"2017-04-17",124.97
"2017-04-18",125.15
"2017-04-19",125.07
"2017-04-20",124.28
"2017-04-21",123.78
"2017-04-24",123.46
"2017-04-25",124.02
"2017-04-26",123.65
"2017-04-27",125.33
"2017-04-28",126.49
"2017-05-01",127.25
"2017-05-02",128.98
"2017-05-03",127.84
"2017-05-04",128.19
"2017-05-05",129.62
"2017-05-08",131.42
"2017-05-09",129.75
"2017-05-10",129.19
"2017-05-11",127.72
"2017-05-12",127.53
"2017-05-15",130.41
"2017-05-16",130.77
"2017-05-17",134.08
"2017-05-18",132.
"2017-05-19",132.8
"2017-05-22",133.83
"2017-05-23",134.31
"2017-05-24",134.065
"2017-05-25",135.55
"2017-05-26",136.02
"2017-05-30",137.98
"2017-05-31",138.18
"2017-06-01",138.25
"2017-06-02",138.69
"2017-06-05",137.93
"2017-06-06",136.99
"2017-06-07",135.9
"2017-06-08",134.27
"2017-06-09",134.3
"2017-06-12",132.42
"2017-06-13",132.05
"2017-06-14",132.91
"2017-06-15",132.22
"2017-06-16",133.05
"2017-06-19",132.96
"2017-06-20",131.56
"2017-06-21",131.08
"2017-06-22",131.24
"2017-06-23",131.91
"2017-06-26",132.8
"2017-06-27",135.74
"2017-06-28",134.35
"2017-06-29",134.52
"2017-06-30",134.9
"2017-07-03",134.28
"2017-07-05",134.41
"2017-07-06",134.36
"2017-07-07",136.68
"2017-07-10",134.49
"2017-07-11",133.6
"2017-07-12",136.25
"2017-07-13",135.91
"2017-07-14",136.49
"2017-07-17",136.
"2017-07-18",137.49
"2017-07-19",138.46
"2017-07-20",135.81
"2017-07-21",136.6
"2017-07-24",136.18
"2017-07-25",135.45
"2017-07-26",135.57
"2017-07-27",136.
"2017-07-28",137.64
"2017-07-31",137.55
"2017-08-01",137.43
"2017-08-02",138.
"2017-08-03",138.36
"2017-08-04",139.96
"2017-08-07",139.52
"2017-08-08",138.22
"2017-08-09",139.03
"2017-08-10",139.02
"2017-08-11",138.27
"2017-08-14",140.49
"2017-08-15",141.3
"2017-08-16",143.72
"2017-08-17",142.21
"2017-08-18",142.9
"2017-08-21",144.06
"2017-08-22",145.59
"2017-08-23",146.23
"2017-08-24",148.08
"2017-08-25",152.1
"2017-08-28",152.36
"2017-08-29",152.
"2017-08-30",153.04
"2017-08-31",153.55
"2017-09-01",150.9
"2017-09-05",151.16
"2017-09-06",150.5
"2017-09-07",150.65
"2017-09-08",149.45
"2017-09-11",150.13
"2017-09-12",149.74
"2017-09-13",149.15
"2017-09-14",148.77
"2017-09-15",149.99
"2017-09-18",150.53
"2017-09-19",145.42
"2017-09-20",146.08
"2017-09-21",145.01
"2017-09-22",142.62
"2017-09-25",141.46
"2017-09-26",142.41
"2017-09-27",142.98
"2017-09-28",143.76
"2017-09-29",144.05
"2017-10-02",142.87
"2017-10-03",143.77
"2017-10-04",147.21
"2017-10-05",146.87
"2017-10-06",147.32
"2017-10-09",147.73
"2017-10-10",148.42
"2017-10-11",151.35
"2017-10-12",152.22
"2017-10-13",150.94
"2017-10-16",149.11
"2017-10-17",148.46
"2017-10-18",147.4
"2017-10-19",148.
"2017-10-20",147.89
"2017-10-23",147.99
"2017-10-24",148.23
"2017-10-25",146.48
"2017-10-26",146.55
"2017-10-27",146.72
"2017-10-30",150.17
"2017-10-31",157.18
"2017-11-01",152.58
"2017-11-02",156.1
"2017-11-03",154.53
"2017-11-06",164.42
"2017-11-07",165.65
"2017-11-08",169.5
"2017-11-09",169.51
"2017-11-10",168.95
"2017-11-13",165.2
"2017-11-14",165.53
"2017-11-15",165.3
"2017-11-16",164.67
"2017-11-17",165.21
"2017-11-20",165.68
"2017-11-21",167.83
"2017-11-22",166.98
"2017-11-24",169.72
"2017-11-27",172.35
"2017-11-28",172.09
"2017-11-29",169.76
"2017-11-30",169.75
"2017-12-01",169.16
"2017-12-04",162.2
"2017-12-05",163.87
"2017-12-06",166.4
"2017-12-07",166.68
"2017-12-08",165.19
"2017-12-11",166.61
"2017-12-12",165.67
"2017-12-13",165.43
"2017-12-14",165.8
"2017-12-15",163.68
"2017-12-18",161.79
"2017-12-19",157.99
"2017-12-20",157.98
"2017-12-21",157.84
"2017-12-22",160.22
"2017-12-26",159.82
"2017-12-27",161.26
"2017-12-28",163.
"2017-12-29",163.36
"2018-01-02",160.63
"2018-01-03",162.64
"2018-01-04",161.75
"2018-01-05",162.87
"2018-01-08",162.89
"2018-01-09",163.55
"2018-01-10",160.89
"2018-01-11",157.5
"2018-01-12",155.94
"2018-01-16",159.85
"2018-01-17",161.47
"2018-01-18",161.65
"2018-01-19",165.79
"2018-01-22",167.65
"2018-01-23",168.25
"2018-01-24",168.95
"2018-01-25",170.29
"2018-01-26",172.28
"2018-01-29",169.52
"2018-01-30",169.71
"2018-01-31",174.5
"2018-02-01",174.73
"2018-02-02",173.21
"2018-02-05",168.27
"2018-02-06",166.
"2018-02-07",166.51
"2018-02-08",159.85
"2018-02-09",159.73
"2018-02-12",159.63
"2018-02-13",161.42
"2018-02-14",162.56
"2018-02-15",167.1
"2018-02-16",169.12
"2018-02-20",169.72
"2018-02-21",169.5
"2018-02-22",171.12
"2018-02-23",172.93
"2018-02-26",172.73
"2018-02-27",163.2
"2018-02-28",157.27
"2018-03-01",154.96
"2018-03-02",152.91
"2018-03-05",156.68
"2018-03-06",156.5
"2018-03-07",158.77
"2018-03-08",164.21
"2018-03-09",166.49
"2018-03-12",168.91
"2018-03-13",170.34
"2018-03-14",170.23
"2018-03-15",169.8
"2018-03-16",168.69
"2018-03-19",168.96
"2018-03-20",169.33
"2018-03-21",167.09
"2018-03-22",169.41
"2018-03-23",168.87
"2018-03-26",173.43
"2018-03-27",170.1
"2018-03-28",170.46
"2018-03-29",170.92
"2018-04-02",169.12
"2018-04-03",168.67
"2018-04-04",170.34
"2018-04-05",171.69
"2018-04-06",169.73
"2018-04-09",171.58
"2018-04-10",163.07
"2018-04-11",164.39
"2018-04-12",164.45
"2018-04-13",164.54
"2018-04-16",166.15
"2018-04-17",167.77
"2018-04-18",167.84
"2018-04-19",165.61
"2018-04-20",165.69
"2018-04-23",165.82
"2018-04-24",164.93
"2018-04-25",164.49
"2018-04-26",165.22
"2018-04-27",158.95
"2018-04-30",160.23
"2018-05-01",157.5
"2018-05-02",155.85
"2018-05-03",156.16
"2018-05-04",159.14
"2018-05-07",157.6
"2018-05-08",157.4
"2018-05-09",158.94
"2018-05-10",161.95
"2018-05-11",160.1
"2018-05-14",157.99
"2018-05-15",157.67
"2018-05-16",157.75
"2018-05-17",157.51
"2018-05-18",157.69
"2018-05-21",159.77
"2018-05-22",157.29
"2018-05-23",157.95
"2018-05-24",156.8
"2018-05-25",157.91
"2018-05-29",158.7
"2018-05-30",158.97
"2018-05-31",158.07
"2018-06-01",158.48
"2018-06-04",159.9
"2018-06-05",159.67
"2018-06-06",157.84
"2018-06-07",157.56
"2018-06-08",157.32
"2018-06-11",158.09
"2018-06-12",160.75
"2018-06-13",156.37
"2018-06-14",157.
"2018-06-15",156.17
"2018-06-18",157.85
"2018-06-19",158.45
"2018-06-20",158.8
"2018-06-21",160.57
"2018-06-22",162.06
"2018-06-25",162.52
"2018-06-26",164.19
"2018-06-27",164.25
"2018-06-28",164.93
"2018-06-29",165.12
"2018-07-02",164.69
"2018-07-03",162.72
"2018-07-05",166.03
"2018-07-06",165.46
"2018-07-09",163.05
"2018-07-10",165.49
"2018-07-11",164.74
"2018-07-12",165.32
"2018-07-13",164.61
"2018-07-16",163.13
"2018-07-17",163.69
"2018-07-18",162.44
"2018-07-19",162.63
"2018-07-20",162.26
"2018-07-23",161.51
"2018-07-24",160.32
"2018-07-25",160.68
"2018-07-26",161.43
"2018-07-27",160.07
"2018-07-30",158.21
"2018-07-31",158.25
"2018-08-01",161.57
"2018-08-02",157.2
"2018-08-03",158.49
"2018-08-06",158.87
"2018-08-07",158.06
"2018-08-08",157.22
"2018-08-09",156.95
"2018-08-10",156.1
"2018-08-13",155.2
"2018-08-14",154.8
"2018-08-15",155.05
"2018-08-16",155.7
"2018-08-17",157.82
"2018-08-20",157.9
"2018-08-21",156.61
"2018-08-22",154.1
"2018-08-23",154.19
"2018-08-24",156.03
"2018-08-27",156.81
"2018-08-28",156.64
"2018-08-29",157.53
"2018-08-30",154.26
"2018-08-31",155.23
"2018-09-04",155.92
"2018-09-05",156.73
"2018-09-06",158.06
"2018-09-07",158.18
"2018-09-10",159.1
"2018-09-11",158.26
"2018-09-12",158.5
"2018-09-13",161.03
"2018-09-14",159.66
"2018-09-17",159.58
"2018-09-18",160.8
"2018-09-19",160.51
"2018-09-20",160.82
"2018-09-21",160.53
"2018-09-24",159.44
"2018-09-25",158.77
"2018-09-26",158.51
"2018-09-27",158.5
"2018-09-28",160.63
"2018-10-01",157.39
"2018-10-02",156.42
"2018-10-03",154.61
"2018-10-04",153.24
"2018-10-05",152.82
"2018-10-08",154.9
"2018-10-09",155.84
"2018-10-10",153.
"2018-10-11",146.65
"2018-10-12",147.61
"2018-10-15",149.13
"2018-10-16",152.88
"2018-10-17",152.34
"2018-10-18",153.31
"2018-10-19",154.38
"2018-10-22",153.57
"2018-10-23",153.97
"2018-10-24",154.46
"2018-10-25",156.13
"2018-10-26",151.21
"2018-10-29",154.76
"2018-10-30",162.22
"2018-10-31",162.17
"2018-11-01",163.83
"2018-11-02",164.87
"2018-11-05",166.62
"2018-11-06",166.21
"2018-11-07",170.61
"2018-11-08",171.52
"2018-11-09",171.51
"2018-11-12",171.9
"2018-11-13",172.47
