"2003-01-31",8.25
"2003-02-03",8.39
"2003-02-04",8.11
"2003-02-05",7.94
"2003-02-06",7.92
"2003-02-07",7.7
"2003-02-10",7.72
"2003-02-11",7.65
"2003-02-12",7.22
"2003-02-13",7.3
"2003-02-14",7.15
"2003-02-18",7.38
"2003-02-19",7.55
"2003-02-20",7.47
"2003-02-21",7.75
"2003-02-24",7.29
"2003-02-25",7.32
"2003-02-26",7.09
"2003-02-27",7.43
"2003-02-28",7.71
"2003-03-03",7.65
"2003-03-04",7.43
"2003-03-05",7.54
"2003-03-06",7.68
"2003-03-07",7.58
"2003-03-10",7.43
"2003-03-11",7.25
"2003-03-12",7.22
"2003-03-13",7.91
"2003-03-14",8.06
"2003-03-17",8.55
"2003-03-18",8.9
"2003-03-19",8.72
"2003-03-20",8.85
"2003-03-21",8.99
"2003-03-24",8.5
"2003-03-25",8.71
"2003-03-26",9.11
"2003-03-27",9.01
"2003-03-28",8.93
"2003-03-31",8.74
"2003-04-01",8.63
"2003-04-02",9.41
"2003-04-03",9.64
"2003-04-04",9.41
"2003-04-07",9.34
"2003-04-08",9.43
"2003-04-09",9.18
"2003-04-10",9.18
"2003-04-11",9.21
"2003-04-14",9.56
"2003-04-15",9.77
"2003-04-16",10.2
"2003-04-17",10.33
"2003-04-21",10.21
"2003-04-22",10.64
"2003-04-23",10.74
"2003-04-24",10.13
"2003-04-25",10.87
"2003-04-28",11.27
"2003-04-29",11.9
"2003-04-30",12.41
"2003-05-01",11.6
"2003-05-02",11.96
"2003-05-05",12.1
"2003-05-06",12.28
"2003-05-07",11.7
"2003-05-08",11.43
"2003-05-09",11.77
"2003-05-12",12.
"2003-05-13",12.6
"2003-05-14",12.77
"2003-05-15",13.26
"2003-05-16",13.49
"2003-05-19",12.77
"2003-05-20",12.44
"2003-05-21",13.08
"2003-05-22",13.2
"2003-05-23",13.7
"2003-05-27",14.4
"2003-05-28",14.34
"2003-05-29",14.67
"2003-05-30",14.98
"2003-06-02",14.79
"2003-06-03",15.8
"2003-06-04",15.73
"2003-06-05",15.28
"2003-06-06",14.92
"2003-06-09",14.3
"2003-06-10",14.24
"2003-06-11",14.22
"2003-06-12",14.37
"2003-06-13",14.06
"2003-06-16",14.93
"2003-06-17",15.25
"2003-06-18",15.17
"2003-06-19",14.41
"2003-06-20",13.97
"2003-06-23",13.4
"2003-06-24",12.96
"2003-06-25",13.53
"2003-06-26",14.22
"2003-06-27",13.95
"2003-06-30",13.79
"2003-07-01",14.23
"2003-07-02",14.22
"2003-07-03",14.03
"2003-07-07",14.88
"2003-07-08",15.84
"2003-07-09",15.6
"2003-07-10",14.4
"2003-07-11",14.37
"2003-07-14",15.29
"2003-07-15",15.12
"2003-07-16",14.14
"2003-07-17",13.44
"2003-07-18",13.5
"2003-07-21",13.
"2003-07-22",12.8
"2003-07-23",12.97
"2003-07-24",12.58
"2003-07-25",12.46
"2003-07-28",12.88
"2003-07-29",13.21
"2003-07-30",12.92
"2003-07-31",13.36
"2003-08-01",12.94
"2003-08-04",12.61
"2003-08-05",12.98
"2003-08-06",12.51
"2003-08-07",12.41
"2003-08-08",12.49
"2003-08-11",12.88
"2003-08-12",13.42
"2003-08-13",13.85
"2003-08-14",13.35
"2003-08-15",13.5
"2003-08-18",13.84
"2003-08-19",14.17
"2003-08-20",14.49
"2003-08-21",14.23
"2003-08-22",14.22
"2003-08-25",14.08
"2003-08-26",14.15
"2003-08-27",14.54
"2003-08-28",14.98
"2003-08-29",14.98
"2003-09-02",15.34
"2003-09-03",14.88
"2003-09-04",15.2
"2003-09-05",15.37
"2003-09-08",16.07
"2003-09-09",15.79
"2003-09-10",15.35
"2003-09-11",15.9
"2003-09-12",15.07
"2003-09-15",15.24
"2003-09-16",15.81
"2003-09-17",15.7
"2003-09-18",15.84
"2003-09-19",15.33
"2003-09-22",14.7
"2003-09-23",14.69
"2003-09-24",13.72
"2003-09-25",13.2
"2003-09-26",12.88
"2003-09-29",13.45
"2003-09-30",13.46
"2003-10-01",13.57
"2003-10-02",13.65
"2003-10-03",13.98
"2003-10-06",14.13
"2003-10-07",14.18
"2003-10-08",14.36
"2003-10-09",14.59
"2003-10-10",14.73
"2003-10-13",14.85
"2003-10-14",14.97
"2003-10-15",14.8
"2003-10-16",15.46
"2003-10-17",15.17
"2003-10-20",15.1
"2003-10-21",15.66
"2003-10-22",14.93
"2003-10-23",14.63
"2003-10-24",14.43
"2003-10-27",15.28
"2003-10-28",16.06
"2003-10-29",15.87
"2003-10-30",15.9
"2003-10-31",15.9
"2003-11-03",17.05
"2003-11-04",16.76
"2003-11-05",17.25
"2003-11-06",16.91
"2003-11-07",17.07
"2003-11-10",16.67
"2003-11-11",16.5
"2003-11-12",17.13
"2003-11-13",16.85
"2003-11-14",16.14
"2003-11-17",15.65
"2003-11-18",14.95
"2003-11-19",15.42
"2003-11-20",15.43
"2003-11-21",15.41
"2003-11-24",16.29
"2003-11-25",16.11
"2003-11-26",15.95
"2003-11-28",16.21
"2003-12-01",16.43
"2003-12-02",16.49
"2003-12-03",16.27
"2003-12-04",16.22
"2003-12-05",15.86
"2003-12-08",15.77
"2003-12-09",15.48
"2003-12-10",15.27
"2003-12-11",15.84
"2003-12-12",15.85
"2003-12-15",15.51
"2003-12-16",15.54
"2003-12-17",15.32
"2003-12-18",15.85
"2003-12-19",15.9
"2003-12-22",15.74
"2003-12-23",16.1
"2003-12-24",16.28
"2003-12-26",16.1
"2003-12-29",16.61
"2003-12-30",16.39
"2003-12-31",16.3
"2004-01-02",16.34
"2004-01-05",17.1
"2004-01-06",17.9
"2004-01-07",17.59
"2004-01-08",18.38
"2004-01-09",17.98
"2004-01-12",18.73
"2004-01-13",19.69
"2004-01-14",19.69
"2004-01-15",19.37
"2004-01-16",19.72
"2004-01-20",20.93
"2004-01-21",19.9
"2004-01-22",19.2
"2004-01-23",19.13
"2004-01-26",19.51
"2004-01-27",18.75
"2004-01-28",18.62
"2004-01-29",17.76
"2004-01-30",17.48
"2004-02-02",17.61
"2004-02-03",17.65
"2004-02-04",17.33
"2004-02-05",17.79
"2004-02-06",18.19
"2004-02-09",18.4
"2004-02-10",18.45
"2004-02-11",18.86
"2004-02-12",18.33
"2004-02-13",17.86
"2004-02-17",18.17
"2004-02-18",17.9
"2004-02-19",18.
"2004-02-20",18.26
"2004-02-23",17.56
"2004-02-24",17.45
"2004-02-25",17.78
"2004-02-26",17.94
"2004-02-27",17.41
"2004-03-01",17.42
"2004-03-02",17.36
"2004-03-03",17.05
"2004-03-04",17.35
"2004-03-05",17.03
"2004-03-08",16.67
"2004-03-09",16.55
"2004-03-10",15.81
"2004-03-11",15.88
"2004-03-12",16.2
"2004-03-15",15.4
"2004-03-16",15.56
"2004-03-17",16.04
"2004-03-18",15.76
"2004-03-19",15.65
"2004-03-22",15.2
"2004-03-23",15.04
"2004-03-24",15.23
"2004-03-25",16.03
"2004-03-26",16.26
"2004-03-29",16.32
"2004-03-30",16.79
"2004-03-31",16.59
"2004-04-01",16.39
"2004-04-02",17.43
"2004-04-05",17.74
"2004-04-06",17.23
"2004-04-07",17.03
"2004-04-08",17.29
"2004-04-12",17.25
"2004-04-13",16.54
"2004-04-14",16.43
"2004-04-15",16.24
"2004-04-16",15.94
"2004-04-19",16.44
"2004-04-20",15.55
"2004-04-21",15.84
"2004-04-22",16.13
"2004-04-23",17.24
"2004-04-26",17.26
"2004-04-27",17.18
"2004-04-28",17.38
"2004-04-29",17.02
"2004-04-30",16.21
"2004-05-03",16.87
"2004-05-04",16.86
"2004-05-05",17.4
"2004-05-06",17.57
"2004-05-07",17.7
"2004-05-10",16.9
"2004-05-11",17.95
"2004-05-12",18.21
"2004-05-13",18.47
"2004-05-14",17.85
"2004-05-17",17.98
"2004-05-18",17.37
"2004-05-19",17.9
"2004-05-20",17.66
"2004-05-21",17.75
"2004-05-24",18.35
"2004-05-25",18.64
"2004-05-26",18.58
"2004-05-27",18.14
"2004-05-28",18.14
"2004-06-01",17.93
"2004-06-02",18.04
"2004-06-03",17.42
"2004-06-04",17.5
"2004-06-07",17.83
"2004-06-08",17.67
"2004-06-09",17.42
"2004-06-10",17.61
"2004-06-14",17.12
"2004-06-15",17.7
"2004-06-16",17.56
"2004-06-17",17.77
"2004-06-18",17.96
"2004-06-21",17.39
"2004-06-22",17.59
"2004-06-23",18.34
"2004-06-24",18.92
"2004-06-25",19.37
"2004-06-28",19.31
"2004-06-29",19.29
"2004-06-30",19.9
"2004-07-01",19.24
"2004-07-02",18.6
"2004-07-06",17.91
"2004-07-07",17.72
"2004-07-08",17.2
"2004-07-09",17.86
"2004-07-12",17.73
"2004-07-13",17.47
"2004-07-14",17.2
"2004-07-15",17.32
"2004-07-16",16.95
"2004-07-19",16.87
"2004-07-20",17.72
"2004-07-21",17.5
"2004-07-22",17.97
"2004-07-23",17.1
"2004-07-26",16.86
"2004-07-27",17.68
"2004-07-28",17.47
"2004-07-29",17.59
"2004-07-30",17.51
"2004-08-02",17.61
"2004-08-03",17.
"2004-08-04",17.07
"2004-08-05",16.87
"2004-08-06",16.44
"2004-08-09",16.55
"2004-08-10",17.03
"2004-08-11",16.92
"2004-08-12",16.68
"2004-08-13",16.58
"2004-08-16",16.93
"2004-08-17",16.53
"2004-08-18",17.17
"2004-08-19",16.92
"2004-08-20",17.27
"2004-08-23",17.06
"2004-08-24",16.9
"2004-08-25",17.04
"2004-08-26",16.99
"2004-08-27",17.23
"2004-08-30",17.1
"2004-08-31",17.36
"2004-09-01",17.95
"2004-09-02",18.19
"2004-09-03",17.85
"2004-09-07",19.4
"2004-09-08",18.78
"2004-09-09",19.2
"2004-09-10",19.3
"2004-09-13",19.09
"2004-09-14",19.74
"2004-09-15",19.5
"2004-09-16",19.36
"2004-09-17",19.85
"2004-09-20",19.5
"2004-09-21",19.16
"2004-09-22",18.84
"2004-09-23",19.02
"2004-09-24",19.01
"2004-09-27",18.84
"2004-09-28",18.71
"2004-09-29",19.82
"2004-09-30",19.88
"2004-10-01",20.98
"2004-10-04",20.83
"2004-10-05",20.59
"2004-10-06",21.
"2004-10-07",21.1
"2004-10-08",20.55
"2004-10-11",20.95
"2004-10-12",20.74
"2004-10-13",20.84
"2004-10-14",21.46
"2004-10-15",22.05
"2004-10-18",22.13
"2004-10-19",22.16
"2004-10-20",22.
"2004-10-21",26.31
"2004-10-22",25.01
"2004-10-25",25.64
"2004-10-26",25.18
"2004-10-27",26.85
"2004-10-28",26.66
"2004-10-29",26.83
"2004-11-01",26.58
"2004-11-02",26.8
"2004-11-03",26.53
"2004-11-04",26.63
"2004-11-05",27.53
"2004-11-08",27.9
"2004-11-09",27.79
"2004-11-10",27.73
"2004-11-11",28.23
"2004-11-12",30.26
"2004-11-15",30.08
"2004-11-16",31.57
"2004-11-17",31.49
"2004-11-18",32.96
"2004-11-19",31.12
"2004-11-22",31.71
"2004-11-23",30.99
"2004-11-24",31.45
"2004-11-26",31.52
"2004-11-29",32.89
"2004-11-30",32.9
"2004-12-01",34.52
"2004-12-02",34.24
"2004-12-03",34.19
"2004-12-06",34.37
"2004-12-07",32.94
"2004-12-08",32.79
"2004-12-09",33.76
"2004-12-10",33.57
"2004-12-13",34.52
"2004-12-14",34.56
"2004-12-15",35.96
"2004-12-16",34.
"2004-12-17",33.38
"2004-12-20",33.2
"2004-12-21",33.41
"2004-12-22",33.35
"2004-12-23",33.19
"2004-12-27",33.85
"2004-12-28",34.28
"2004-12-29",33.89
"2004-12-30",33.7
"2004-12-31",33.6
"2005-01-03",32.56
"2005-01-04",31.47
"2005-01-05",30.64
"2005-01-06",30.58
"2005-01-07",30.95
"2005-01-10",30.83
"2005-01-11",30.44
"2005-01-12",29.93
"2005-01-13",28.56
"2005-01-14",28.99
"2005-01-18",29.37
"2005-01-19",28.44
"2005-01-20",27.85
"2005-01-21",28.13
"2005-01-24",27.09
"2005-01-25",27.29
"2005-01-26",29.28
"2005-01-27",25.46
"2005-01-28",25.59
"2005-01-31",25.84
"2005-02-01",25.52
"2005-02-02",25.6
"2005-02-03",25.3
"2005-02-04",25.76
"2005-02-07",25.39
"2005-02-08",25.4
"2005-02-09",24.62
"2005-02-10",24.65
"2005-02-11",25.48
"2005-02-14",26.45
"2005-02-15",27.13
"2005-02-16",27.54
"2005-02-17",27.11
"2005-02-18",27.3
"2005-02-22",26.75
"2005-02-23",27.19
"2005-02-24",27.72
"2005-02-25",28.09
"2005-02-28",27.42
"2005-03-01",28.19
"2005-03-02",28.32
"2005-03-03",28.77
"2005-03-04",29.3
"2005-03-07",29.75
"2005-03-08",29.62
"2005-03-09",29.3
"2005-03-10",29.
"2005-03-11",28.44
"2005-03-14",28.79
"2005-03-15",28.7
"2005-03-16",27.99
"2005-03-17",28.04
"2005-03-18",27.72
"2005-03-21",27.05
"2005-03-22",26.66
"2005-03-23",26.6
"2005-03-24",26.39
"2005-03-28",26.07
"2005-03-29",27.45
"2005-03-30",28.56
"2005-03-31",28.7
"2005-04-01",27.92
"2005-04-04",28.16
"2005-04-05",28.36
"2005-04-06",27.98
"2005-04-07",28.61
"2005-04-08",28.56
"2005-04-11",28.97
"2005-04-12",28.85
"2005-04-13",27.79
"2005-04-14",26.75
"2005-04-15",25.33
"2005-04-18",25.07
"2005-04-19",25.
"2005-04-20",25.67
"2005-04-21",29.17
"2005-04-22",29.
"2005-04-25",29.76
"2005-04-26",28.92
"2005-04-27",27.91
"2005-04-28",27.05
"2005-04-29",26.45
"2005-05-02",26.5
"2005-05-03",27.02
"2005-05-04",28.01
"2005-05-05",27.98
"2005-05-06",28.35
"2005-05-09",27.99
"2005-05-10",27.74
"2005-05-11",28.1
"2005-05-12",28.03
"2005-05-13",28.06
"2005-05-16",28.74
"2005-05-17",29.12
"2005-05-18",29.95
"2005-05-19",30.02
"2005-05-20",29.92
"2005-05-23",29.78
"2005-05-24",29.61
"2005-05-25",29.5
"2005-05-26",31.14
"2005-05-27",31.34
"2005-05-31",32.22
"2005-06-01",32.4
"2005-06-02",32.67
"2005-06-03",32.94
"2005-06-06",32.4
"2005-06-07",31.29
"2005-06-08",30.8
"2005-06-09",30.82
"2005-06-10",30.92
"2005-06-13",31.52
"2005-06-14",31.77
"2005-06-15",31.99
"2005-06-16",32.38
"2005-06-17",32.95
"2005-06-20",32.68
"2005-06-21",32.88
"2005-06-22",32.09
"2005-06-23",31.1
"2005-06-24",30.47
"2005-06-27",29.95
"2005-06-28",29.73
"2005-06-29",29.46
"2005-06-30",28.76
"2005-07-01",28.53
"2005-07-05",28.48
"2005-07-06",29.5
"2005-07-07",29.77
"2005-07-08",30.02
"2005-07-11",30.64
"2005-07-12",30.59
"2005-07-13",29.96
"2005-07-14",29.6
"2005-07-15",28.68
"2005-07-18",28.01
"2005-07-19",28.79
"2005-07-20",29.
"2005-07-21",24.47
"2005-07-22",24.7
"2005-07-25",25.79
"2005-07-26",25.99
"2005-07-27",26.11
"2005-07-28",26.33
"2005-07-29",26.31
"2005-08-01",26.34
"2005-08-02",26.4
"2005-08-03",25.65
"2005-08-04",25.37
"2005-08-05",24.94
"2005-08-08",24.35
"2005-08-09",24.78
"2005-08-10",24.09
"2005-08-11",23.92
"2005-08-12",23.39
"2005-08-15",23.85
"2005-08-16",23.92
"2005-08-17",24.88
"2005-08-18",24.66
"2005-08-19",24.09
"2005-08-22",23.18
"2005-08-23",22.26
"2005-08-24",21.5
"2005-08-25",21.24
"2005-08-26",21.34
"2005-08-29",21.76
"2005-08-30",21.91
"2005-08-31",21.8
"2005-09-01",21.67
"2005-09-02",21.6
"2005-09-06",22.68
"2005-09-07",23.63
"2005-09-08",23.05
"2005-09-09",22.94
"2005-09-12",22.93
"2005-09-13",22.79
"2005-09-14",22.29
"2005-09-15",21.97
"2005-09-16",22.02
"2005-09-19",21.95
"2005-09-20",22.02
"2005-09-21",21.43
"2005-09-22",21.39
"2005-09-23",21.41
"2005-09-26",22.06
"2005-09-27",21.71
"2005-09-28",20.8
"2005-09-29",20.66
"2005-09-30",21.37
"2005-10-03",22.
"2005-10-04",20.89
"2005-10-05",20.34
"2005-10-06",20.08
"2005-10-07",19.93
"2005-10-10",20.04
"2005-10-11",20.21
"2005-10-12",19.53
"2005-10-13",19.63
"2005-10-14",20.69
"2005-10-17",21.08
"2005-10-18",20.62
"2005-10-19",21.24
"2005-10-20",22.
"2005-10-21",22.48
"2005-10-24",22.85
"2005-10-25",22.81
"2005-10-26",23.12
"2005-10-27",22.77
"2005-10-28",22.69
"2005-10-31",23.63
"2005-11-01",23.46
"2005-11-02",23.5
"2005-11-03",23.3
"2005-11-04",23.35
"2005-11-07",23.58
"2005-11-08",23.86
"2005-11-09",24.33
"2005-11-10",24.2
"2005-11-11",23.9
"2005-11-14",23.77
"2005-11-15",23.05
"2005-11-16",22.63
"2005-11-17",22.75
"2005-11-18",23.1
"2005-11-21",23.28
"2005-11-22",22.75
"2005-11-23",22.4
"2005-11-25",22.22
"2005-11-28",22.04
"2005-11-29",22.11
"2005-11-30",22.23
"2005-12-01",22.67
"2005-12-02",22.52
"2005-12-05",22.5
"2005-12-06",22.69
"2005-12-07",22.79
"2005-12-08",22.66
"2005-12-09",23.05
"2005-12-12",23.06
"2005-12-13",23.3
"2005-12-14",23.25
"2005-12-15",23.23
"2005-12-16",22.89
"2005-12-19",22.51
"2005-12-20",22.48
"2005-12-21",22.28
"2005-12-22",22.19
"2005-12-23",22.06
"2005-12-27",21.99
"2005-12-28",21.83
"2005-12-29",21.9
"2005-12-30",21.9
"2006-01-03",21.56
"2006-01-04",21.1
"2006-01-05",21.29
"2006-01-06",20.96
"2006-01-09",21.59
"2006-01-10",21.88
"2006-01-11",21.9
"2006-01-12",21.87
"2006-01-13",21.79
"2006-01-17",22.04
"2006-01-18",22.03
"2006-01-19",22.4
"2006-01-20",21.81
"2006-01-23",21.47
"2006-01-24",21.26
"2006-01-25",21.13
"2006-01-26",22.71
"2006-01-27",22.55
"2006-01-30",23.04
"2006-01-31",23.75
"2006-02-01",23.91
"2006-02-02",23.58
"2006-02-03",23.29
"2006-02-06",23.65
"2006-02-07",23.67
"2006-02-08",23.9
"2006-02-09",23.73
"2006-02-10",23.7
"2006-02-13",23.94
"2006-02-14",24.31
"2006-02-15",24.77
"2006-02-16",24.77
"2006-02-17",24.57
"2006-02-21",24.17
"2006-02-22",24.5
"2006-02-23",24.59
"2006-02-24",24.59
"2006-02-27",24.05
"2006-02-28",23.66
"2006-03-01",23.81
"2006-03-02",23.71
"2006-03-03",23.68
"2006-03-06",23.24
"2006-03-07",23.24
"2006-03-08",23.27
"2006-03-09",23.27
"2006-03-10",23.14
"2006-03-13",22.9
"2006-03-14",22.89
"2006-03-15",22.82
"2006-03-16",23.
"2006-03-17",23.22
"2006-03-20",23.46
"2006-03-21",23.42
"2006-03-22",23.9
"2006-03-23",23.58
"2006-03-24",23.53
"2006-03-27",23.5
"2006-03-28",23.53
"2006-03-29",23.53
"2006-03-30",24.21
"2006-03-31",23.99
"2006-04-03",23.76
"2006-04-04",24.04
"2006-04-05",24.52
"2006-04-06",24.86
"2006-04-07",24.46
"2006-04-10",24.33
"2006-04-11",23.85
"2006-04-12",24.03
"2006-04-13",24.51
"2006-04-17",24.6
"2006-04-18",24.85
"2006-04-19",25.05
"2006-04-20",25.39
"2006-04-21",24.43
"2006-04-24",24.1
"2006-04-25",23.6
"2006-04-26",23.76
"2006-04-27",23.58
"2006-04-28",23.52
"2006-05-01",23.44
"2006-05-02",23.5
"2006-05-03",23.45
"2006-05-04",23.37
"2006-05-05",23.72
"2006-05-08",23.68
"2006-05-09",23.35
"2006-05-10",23.22
"2006-05-11",22.96
"2006-05-12",22.73
"2006-05-15",22.81
"2006-05-16",22.3
"2006-05-17",22.21
"2006-05-18",21.92
"2006-05-19",21.95
"2006-05-22",21.88
"2006-05-23",21.47
"2006-05-24",21.8
"2006-05-25",22.23
"2006-05-26",22.6
"2006-05-30",22.3
"2006-05-31",22.45
"2006-06-01",22.8
"2006-06-02",22.63
"2006-06-05",22.46
"2006-06-06",22.55
"2006-06-07",22.59
"2006-06-08",22.5
"2006-06-09",22.34
"2006-06-12",21.83
"2006-06-13",21.75
"2006-06-14",21.58
"2006-06-15",22.08
"2006-06-16",22.05
"2006-06-19",21.85
"2006-06-20",21.92
"2006-06-21",22.51
"2006-06-22",22.24
"2006-06-23",22.46
"2006-06-26",22.78
"2006-06-27",21.47
"2006-06-28",21.79
"2006-06-29",22.88
"2006-06-30",23.17
"2006-07-03",23.03
"2006-07-05",22.34
"2006-07-06",22.22
"2006-07-07",22.26
"2006-07-10",21.94
"2006-07-11",22.54
"2006-07-12",22.24
"2006-07-13",22.04
"2006-07-14",21.84
"2006-07-17",21.18
"2006-07-18",20.88
"2006-07-19",21.02
"2006-07-20",20.59
"2006-07-21",18.99
"2006-07-24",19.02
"2006-07-25",18.68
"2006-07-26",18.49
"2006-07-27",18.02
"2006-07-28",18.
"2006-07-31",17.93
"2006-08-01",17.94
"2006-08-02",17.72
"2006-08-03",17.06
"2006-08-04",17.58
"2006-08-07",17.4
"2006-08-08",17.41
"2006-08-09",17.46
"2006-08-10",17.29
"2006-08-11",17.11
"2006-08-14",17.22
"2006-08-15",17.79
"2006-08-16",18.61
"2006-08-17",19.31
"2006-08-18",19.41
"2006-08-21",19.2
"2006-08-22",19.06
"2006-08-23",18.87
"2006-08-24",18.81
"2006-08-25",19.39
"2006-08-28",19.47
"2006-08-29",20.26
"2006-08-30",20.12
"2006-08-31",20.24
"2006-09-01",20.27
"2006-09-05",20.35
"2006-09-06",20.01
"2006-09-07",19.49
"2006-09-08",19.48
"2006-09-11",19.69
"2006-09-12",20.79
"2006-09-13",20.47
"2006-09-14",20.6
"2006-09-15",21.6
"2006-09-18",21.8
"2006-09-19",21.65
"2006-09-20",21.99
"2006-09-21",21.36
"2006-09-22",20.91
"2006-09-25",21.15
"2006-09-26",21.27
"2006-09-27",20.94
"2006-09-28",20.96
"2006-09-29",20.2
"2006-10-02",20.64
"2006-10-03",20.05
"2006-10-04",20.47
"2006-10-05",20.61
"2006-10-06",20.29
"2006-10-09",20.44
"2006-10-10",20.4
"2006-10-11",20.33
"2006-10-12",20.98
"2006-10-13",20.7
"2006-10-16",21.
"2006-10-17",20.63
"2006-10-18",20.83
"2006-10-19",20.63
"2006-10-20",20.59
"2006-10-23",20.52
"2006-10-24",20.27
"2006-10-25",20.81
"2006-10-26",21.39
"2006-10-27",20.9
"2006-10-30",20.89
"2006-10-31",20.68
"2006-11-01",20.74
"2006-11-02",21.14
"2006-11-03",21.39
"2006-11-06",21.71
"2006-11-07",21.81
"2006-11-08",21.51
"2006-11-09",21.48
"2006-11-10",22.01
"2006-11-13",22.85
"2006-11-14",23.55
"2006-11-15",23.51
"2006-11-16",23.5
"2006-11-17",23.34
"2006-11-20",23.1
"2006-11-21",23.29
"2006-11-22",24.
"2006-11-24",24.
"2006-11-27",23.03
"2006-11-28",23.15
"2006-11-29",24.27
"2006-11-30",26.09
"2006-12-01",25.24
"2006-12-04",25.32
"2006-12-05",25.55
"2006-12-06",25.56
"2006-12-07",25.45
"2006-12-08",25.43
"2006-12-11",25.3
"2006-12-12",25.34
"2006-12-13",25.2
"2006-12-14",25.35
"2006-12-15",25.38
"2006-12-18",24.87
"2006-12-19",24.82
"2006-12-20",24.61
"2006-12-21",24.32
"2006-12-22",24.21
"2006-12-26",24.16
"2006-12-27",24.15
"2006-12-28",24.1
"2006-12-29",24.05
"2007-01-02",24.05
"2007-01-03",24.07
"2007-01-04",24.58
"2007-01-05",24.59
"2007-01-08",24.42
"2007-01-09",24.42
"2007-01-10",24.46
"2007-01-11",24.61
"2007-01-12",24.52
"2007-01-16",24.6
"2007-01-17",24.27
"2007-01-18",23.61
"2007-01-19",23.39
"2007-01-22",23.13
"2007-01-23",22.93
"2007-01-24",23.53
"2007-01-25",23.24
"2007-01-26",23.95
"2007-01-29",23.9
"2007-01-30",24.22
"2007-01-31",23.9
"2007-02-01",25.99
"2007-02-02",25.55
"2007-02-05",25.7
"2007-02-06",25.77
"2007-02-07",26.14
"2007-02-08",26.04
"2007-02-09",25.73
"2007-02-12",25.73
"2007-02-13",25.52
"2007-02-14",26.14
"2007-02-15",26.19
"2007-02-16",26.12
"2007-02-20",26.25
"2007-02-21",26.29
"2007-02-22",26.34
"2007-02-23",26.18
"2007-02-26",26.07
"2007-02-27",25.12
"2007-02-28",25.3
"2007-03-01",24.69
"2007-03-02",24.41
"2007-03-05",24.16
"2007-03-06",24.52
"2007-03-07",24.5
"2007-03-08",24.61
"2007-03-09",24.58
"2007-03-12",24.24
"2007-03-13",23.84
"2007-03-14",24.71
"2007-03-15",24.79
"2007-03-16",24.54
"2007-03-19",24.86
"2007-03-20",25.03
"2007-03-21",25.57
"2007-03-22",25.48
"2007-03-23",25.33
"2007-03-26",25.4
"2007-03-27",25.2
"2007-03-28",24.99
"2007-03-29",25.08
"2007-03-30",25.12
"2007-04-02",25.16
"2007-04-03",25.52
"2007-04-04",25.64
"2007-04-05",25.65
"2007-04-09",26.02
"2007-04-10",26.21
"2007-04-11",25.84
"2007-04-12",26.02
"2007-04-13",26.34
"2007-04-16",26.94
"2007-04-17",26.54
"2007-04-18",26.68
"2007-04-19",26.69
"2007-04-20",26.7
"2007-04-23",26.33
"2007-04-24",26.66
"2007-04-25",26.98
"2007-04-26",26.9
"2007-04-27",27.03
"2007-04-30",27.35
"2007-05-01",26.78
"2007-05-02",27.03
"2007-05-03",26.77
"2007-05-04",26.25
"2007-05-07",26.24
"2007-05-08",26.43
"2007-05-09",26.4
"2007-05-10",25.77
"2007-05-11",26.32
"2007-05-14",26.45
"2007-05-15",26.04
"2007-05-16",26.45
"2007-05-17",26.36
"2007-05-18",26.76
"2007-05-21",27.39
"2007-05-22",27.1
"2007-05-23",26.74
"2007-05-24",26.64
"2007-05-25",27.25
"2007-05-29",27.94
"2007-05-30",29.43
"2007-05-31",29.83
"2007-06-01",30.36
"2007-06-04",30.32
"2007-06-05",29.99
"2007-06-06",29.88
"2007-06-07",29.11
"2007-06-08",29.54
"2007-06-11",29.3
"2007-06-12",29.03
"2007-06-13",29.19
"2007-06-14",29.33
"2007-06-15",29.32
"2007-06-18",29.13
"2007-06-19",29.2
"2007-06-20",28.94
"2007-06-21",29.16
"2007-06-22",29.42
"2007-06-25",29.51
"2007-06-26",30.15
"2007-06-27",30.45
"2007-06-28",31.72
"2007-06-29",31.73
"2007-07-02",32.26
"2007-07-03",32.46
"2007-07-05",32.4
"2007-07-06",32.6
"2007-07-09",33.23
"2007-07-10",32.43
"2007-07-11",32.47
"2007-07-12",32.99
"2007-07-13",33.91
"2007-07-16",33.
"2007-07-17",32.45
"2007-07-18",32.4
"2007-07-19",32.42
"2007-07-20",32.22
"2007-07-23",32.12
"2007-07-24",31.12
"2007-07-25",31.46
"2007-07-26",30.79
"2007-07-27",29.51
"2007-07-30",29.84
"2007-07-31",29.69
"2007-08-01",28.71
"2007-08-02",29.04
"2007-08-03",29.25
"2007-08-06",28.89
"2007-08-07",29.63
"2007-08-08",30.58
"2007-08-09",29.13
"2007-08-10",29.26
"2007-08-13",29.65
"2007-08-14",28.64
"2007-08-15",29.51
"2007-08-16",29.21
"2007-08-17",29.67
"2007-08-20",29.8
"2007-08-21",30.51
"2007-08-22",31.6
"2007-08-23",31.9
"2007-08-24",31.9
"2007-08-27",31.84
"2007-08-28",31.07
"2007-08-29",31.86
"2007-08-30",32.18
"2007-08-31",32.2
"2007-09-04",33.58
"2007-09-05",32.99
"2007-09-06",33.04
"2007-09-07",32.49
"2007-09-10",32.7
"2007-09-11",32.63
"2007-09-12",31.91
"2007-09-13",31.53
"2007-09-14",31.67
"2007-09-17",31.91
"2007-09-18",33.15
"2007-09-19",33.13
"2007-09-20",33.33
"2007-09-21",33.58
"2007-09-24",33.4
"2007-09-25",34.06
"2007-09-26",33.61
"2007-09-27",34.
"2007-09-28",33.74
"2007-10-01",33.97
"2007-10-02",34.25
"2007-10-03",34.06
"2007-10-04",34.
"2007-10-05",34.19
"2007-10-08",33.88
"2007-10-09",34.01
"2007-10-10",34.11
"2007-10-11",33.69
"2007-10-12",34.
"2007-10-15",33.4
"2007-10-16",34.25
"2007-10-17",34.18
"2007-10-18",34.37
"2007-10-19",32.99
"2007-10-22",33.08
"2007-10-23",34.67
"2007-10-24",34.3
"2007-10-25",33.99
"2007-10-26",34.62
"2007-10-29",34.61
"2007-10-30",34.55
"2007-10-31",34.09
"2007-11-01",32.26
"2007-11-02",32.42
"2007-11-05",32.4
"2007-11-06",32.77
"2007-11-07",33.25
"2007-11-08",33.04
"2007-11-09",32.85
"2007-11-12",32.11
"2007-11-13",33.15
"2007-11-14",33.7
"2007-11-15",33.21
"2007-11-16",36.06
"2007-11-19",36.9
"2007-11-20",37.22
"2007-11-21",36.83
"2007-11-23",36.75
"2007-11-26",37.73
"2007-11-27",38.65
"2007-11-28",39.52
"2007-11-29",40.7
"2007-11-30",40.9
"2007-12-03",39.57
"2007-12-04",37.97
"2007-12-05",38.91
"2007-12-06",40.04
"2007-12-07",39.72
"2007-12-10",39.49
"2007-12-11",38.17
"2007-12-12",37.38
"2007-12-13",36.91
"2007-12-14",36.31
"2007-12-17",36.41
"2007-12-18",36.92
"2007-12-19",36.74
"2007-12-20",37.75
"2007-12-21",37.85
"2007-12-24",37.97
"2007-12-26",37.95
"2007-12-27",37.54
"2007-12-28",37.88
"2007-12-31",37.61
"2008-01-02",37.17
"2008-01-03",37.12
"2008-01-04",35.82
"2008-01-07",34.86
"2008-01-08",34.06
"2008-01-09",35.08
"2008-01-10",35.59
"2008-01-11",34.67
"2008-01-14",34.31
"2008-01-15",34.43
"2008-01-16",33.99
"2008-01-17",32.44
"2008-01-18",33.54
"2008-01-22",32.6
"2008-01-23",31.57
"2008-01-24",32.99
"2008-01-25",32.41
"2008-01-28",33.03
"2008-01-29",33.83
"2008-01-30",33.51
"2008-01-31",33.92
"2008-02-01",35.85
"2008-02-04",35.15
"2008-02-05",33.83
"2008-02-06",32.57
"2008-02-07",33.17
"2008-02-08",33.36
"2008-02-11",35.32
"2008-02-12",35.41
"2008-02-13",36.72
"2008-02-14",35.66
"2008-02-15",36.21
"2008-02-19",36.38
"2008-02-20",36.06
"2008-02-21",36.02
"2008-02-22",36.71
"2008-02-25",36.39
"2008-02-26",37.54
"2008-02-27",36.97
"2008-02-28",36.
"2008-02-29",34.8
"2008-03-03",34.87
"2008-03-04",34.48
"2008-03-05",35.38
"2008-03-06",34.9
"2008-03-07",33.76
"2008-03-10",32.74
"2008-03-11",34.59
"2008-03-12",34.
"2008-03-13",33.62
"2008-03-14",32.91
"2008-03-17",33.35
"2008-03-18",34.9
"2008-03-19",33.36
"2008-03-20",34.97
"2008-03-24",36.1
"2008-03-25",35.6
"2008-03-26",34.63
"2008-03-27",33.91
"2008-03-28",33.09
"2008-03-31",33.24
"2008-04-01",34.39
"2008-04-02",34.39
"2008-04-03",34.44
"2008-04-04",33.97
"2008-04-07",33.71
"2008-04-08",34.28
"2008-04-09",33.81
"2008-04-10",34.24
"2008-04-11",33.21
"2008-04-14",33.09
"2008-04-15",33.22
"2008-04-16",34.15
"2008-04-17",33.87
"2008-04-18",34.74
"2008-04-21",35.
"2008-04-22",34.71
"2008-04-23",34.71
"2008-04-24",34.91
"2008-04-25",35.24
"2008-04-28",35.66
"2008-04-29",36.22
"2008-04-30",36.05
"2008-05-01",36.84
"2008-05-02",36.83
"2008-05-05",36.71
"2008-05-06",37.69
"2008-05-07",36.57
"2008-05-08",36.76
"2008-05-09",37.9
"2008-05-12",37.96
"2008-05-13",38.63
"2008-05-14",39.64
"2008-05-15",40.81
"2008-05-16",40.26
"2008-05-19",39.99
"2008-05-20",39.99
"2008-05-21",39.33
"2008-05-22",39.64
"2008-05-23",38.91
"2008-05-27",39.42
"2008-05-28",39.54
"2008-05-29",40.11
"2008-05-30",40.04
"2008-06-02",39.37
"2008-06-03",39.9
"2008-06-04",42.22
"2008-06-05",41.08
"2008-06-06",39.91
"2008-06-09",39.51
"2008-06-10",39.71
"2008-06-11",39.17
"2008-06-12",38.89
"2008-06-13",39.82
"2008-06-16",39.76
"2008-06-17",39.75
"2008-06-18",39.23
"2008-06-19",40.79
"2008-06-20",39.88
"2008-06-23",39.07
"2008-06-24",38.36
"2008-06-25",39.26
"2008-06-26",38.13
"2008-06-27",38.24
"2008-06-30",37.8
"2008-07-01",38.58
"2008-07-02",37.22
"2008-07-03",36.74
"2008-07-07",33.25
"2008-07-08",32.85
"2008-07-09",33.78
"2008-07-10",35.57
"2008-07-11",35.4
"2008-07-14",34.55
"2008-07-15",34.15
"2008-07-16",34.98
"2008-07-17",35.57
"2008-07-18",34.16
"2008-07-21",33.59
"2008-07-22",34.54
"2008-07-23",33.88
"2008-07-24",33.05
"2008-07-25",33.13
"2008-07-28",33.
"2008-07-29",34.09
"2008-07-30",33.41
"2008-07-31",32.54
"2008-08-01",32.02
"2008-08-04",32.28
"2008-08-05",33.51
"2008-08-06",33.88
"2008-08-07",29.57
"2008-08-08",30.95
"2008-08-11",32.01
"2008-08-12",32.23
"2008-08-13",32.03
"2008-08-14",32.45
"2008-08-15",32.45
"2008-08-18",31.56
"2008-08-19",31.68
"2008-08-20",31.67
"2008-08-21",31.82
"2008-08-22",32.16
"2008-08-25",31.45
"2008-08-26",31.14
"2008-08-27",31.81
"2008-08-28",32.62
"2008-08-29",31.97
"2008-09-02",31.39
"2008-09-03",31.05
"2008-09-04",27.9
"2008-09-05",28.67
"2008-09-08",28.38
"2008-09-09",27.34
"2008-09-10",26.77
"2008-09-11",27.46
"2008-09-12",27.07
"2008-09-15",25.14
"2008-09-16",24.86
"2008-09-17",23.42
"2008-09-18",25.
"2008-09-19",28.14
"2008-09-22",25.63
"2008-09-23",25.25
"2008-09-24",25.87
"2008-09-25",27.34
"2008-09-26",26.44
"2008-09-29",23.8
"2008-09-30",26.08
"2008-10-01",25.35
"2008-10-02",23.71
"2008-10-03",23.06
"2008-10-06",23.95
"2008-10-07",23.3
"2008-10-08",23.55
"2008-10-09",22.29
"2008-10-10",22.17
"2008-10-13",25.22
"2008-10-14",23.87
"2008-10-15",21.01
"2008-10-16",23.43
"2008-10-17",23.13
"2008-10-20",25.27
"2008-10-21",23.03
"2008-10-22",22.01
"2008-10-23",20.17
"2008-10-24",19.66
"2008-10-27",18.42
"2008-10-28",21.
"2008-10-29",20.98
"2008-10-30",21.35
"2008-10-31",21.2
"2008-11-03",20.54
"2008-11-04",22.33
"2008-11-05",21.
"2008-11-06",19.55
"2008-11-07",21.25
"2008-11-10",20.48
"2008-11-11",19.18
"2008-11-12",18.32
"2008-11-13",19.54
"2008-11-14",18.64
"2008-11-17",18.78
"2008-11-18",19.
"2008-11-19",18.24
"2008-11-20",17.04
"2008-11-21",17.57
"2008-11-24",19.36
"2008-11-25",19.99
"2008-11-26",21.43
"2008-11-28",21.59
"2008-12-01",18.86
"2008-12-02",19.03
"2008-12-03",19.65
"2008-12-04",18.98
"2008-12-05",20.34
"2008-12-08",21.22
"2008-12-09",20.92
"2008-12-10",20.87
"2008-12-11",20.45
"2008-12-12",21.29
"2008-12-15",20.5
"2008-12-16",21.49
"2008-12-17",22.14
"2008-12-18",20.74
"2008-12-19",20.96
"2008-12-22",19.48
"2008-12-23",19.49
"2008-12-24",19.56
"2008-12-26",19.27
"2008-12-29",18.93
"2008-12-30",19.17
"2008-12-31",19.08
"2009-01-02",20.62
"2009-01-05",20.54
"2009-01-06",20.61
"2009-01-07",19.17
"2009-01-08",19.68
"2009-01-09",18.7
"2009-01-12",17.39
"2009-01-13",17.28
"2009-01-14",17.4
"2009-01-15",18.38
"2009-01-16",18.61
"2009-01-20",17.09
"2009-01-21",19.41
"2009-01-22",18.52
"2009-01-23",18.46
"2009-01-26",18.74
"2009-01-27",19.5
"2009-01-28",20.4
"2009-01-29",19.65
"2009-01-30",19.31
"2009-02-02",19.
"2009-02-03",19.78
"2009-02-04",19.51
"2009-02-05",20.21
"2009-02-06",20.09
"2009-02-09",20.63
"2009-02-10",19.46
"2009-02-11",20.2
"2009-02-12",19.98
"2009-02-13",19.89
"2009-02-17",18.93
"2009-02-18",19.2
"2009-02-19",19.24
"2009-02-20",19.3
"2009-02-23",18.64
"2009-02-24",19.7
"2009-02-25",19.6
"2009-02-26",19.2
"2009-02-27",19.33
"2009-03-02",18.96
"2009-03-03",20.62
"2009-03-04",20.8
"2009-03-05",19.64
"2009-03-06",20.06
"2009-03-09",19.68
"2009-03-10",21.41
"2009-03-11",20.81
"2009-03-12",20.43
"2009-03-13",20.17
"2009-03-16",19.24
"2009-03-17",20.12
"2009-03-18",20.13
"2009-03-19",19.89
"2009-03-20",19.78
"2009-03-23",21.21
"2009-03-24",20.14
"2009-03-25",19.25
"2009-03-26",19.65
"2009-03-27",19.23
"2009-03-30",18.84
"2009-03-31",18.87
"2009-04-01",19.05
"2009-04-02",20.07
"2009-04-03",20.16
"2009-04-06",20.58
"2009-04-07",20.03
"2009-04-08",20.33
"2009-04-09",20.85
"2009-04-13",20.56
"2009-04-14",20.43
"2009-04-15",20.18
"2009-04-16",20.16
"2009-04-17",19.83
"2009-04-20",19.18
"2009-04-21",19.25
"2009-04-22",18.91
"2009-04-23",19.11
"2009-04-24",19.36
"2009-04-27",19.23
"2009-04-28",19.05
"2009-04-29",19.91
"2009-04-30",20.58
"2009-05-01",21.29
"2009-05-04",21.83
"2009-05-05",21.79
"2009-05-06",21.65
"2009-05-07",20.83
"2009-05-08",24.26
"2009-05-11",24.19
"2009-05-12",24.
"2009-05-13",23.08
"2009-05-14",23.48
"2009-05-15",22.98
"2009-05-18",23.49
"2009-05-19",23.24
"2009-05-20",23.29
"2009-05-21",22.86
"2009-05-22",22.72
"2009-05-26",23.15
"2009-05-27",23.18
"2009-05-28",23.19
"2009-05-29",23.41
"2009-06-01",23.95
"2009-06-02",23.54
"2009-06-03",22.79
"2009-06-04",23.2
"2009-06-05",23.19
"2009-06-08",19.9
"2009-06-09",18.93
"2009-06-10",19.45
"2009-06-11",19.24
"2009-06-12",19.24
"2009-06-15",18.33
"2009-06-16",18.08
"2009-06-17",18.38
"2009-06-18",18.52
"2009-06-19",18.59
"2009-06-22",18.62
"2009-06-23",18.54
"2009-06-24",18.86
"2009-06-25",19.06
"2009-06-26",19.14
"2009-06-29",18.71
"2009-06-30",18.52
"2009-07-01",18.51
"2009-07-02",18.05
"2009-07-06",18.53
"2009-07-07",17.93
"2009-07-08",17.94
"2009-07-09",18.15
"2009-07-10",18.06
"2009-07-13",18.22
"2009-07-14",18.58
"2009-07-15",19.67
"2009-07-16",19.65
"2009-07-17",19.86
"2009-07-20",19.87
"2009-07-21",19.97
"2009-07-22",19.93
"2009-07-23",20.4
"2009-07-24",20.24
"2009-07-27",20.16
"2009-07-28",20.17
"2009-07-29",20.24
"2009-07-30",20.53
"2009-07-31",20.44
"2009-08-03",20.69
"2009-08-04",20.54
"2009-08-05",20.58
"2009-08-06",20.56
"2009-08-07",18.66
"2009-08-10",18.8
"2009-08-11",19.12
"2009-08-12",19.72
"2009-08-13",20.27
"2009-08-14",20.99
"2009-08-17",20.46
"2009-08-18",20.5
"2009-08-19",20.76
"2009-08-20",20.58
"2009-08-21",20.94
"2009-08-24",20.74
"2009-08-25",20.56
"2009-08-26",21.
"2009-08-27",21.1
"2009-08-28",21.46
"2009-08-31",21.19
"2009-09-01",20.82
"2009-09-02",20.62
"2009-09-03",20.7
"2009-09-04",20.95
"2009-09-08",21.25
"2009-09-09",21.25
"2009-09-10",21.98
"2009-09-11",22.66
"2009-09-14",22.45
"2009-09-15",22.64
"2009-09-16",23.36
"2009-09-17",23.55
"2009-09-18",23.26
"2009-09-21",23.22
"2009-09-22",23.29
"2009-09-23",23.46
"2009-09-24",22.92
"2009-09-25",22.8
"2009-09-28",23.17
"2009-09-29",22.96
"2009-09-30",23.69
"2009-10-01",22.95
"2009-10-02",23.
"2009-10-05",22.99
"2009-10-06",23.6
"2009-10-07",23.86
"2009-10-08",23.7
"2009-10-09",23.7
"2009-10-12",23.47
"2009-10-13",23.47
"2009-10-14",23.63
"2009-10-15",23.42
"2009-10-16",23.3
"2009-10-19",24.37
"2009-10-20",24.18
"2009-10-21",24.14
"2009-10-22",24.39
"2009-10-23",23.79
"2009-10-26",23.62
"2009-10-27",23.48
"2009-10-28",22.52
"2009-10-29",23.28
"2009-10-30",22.81
"2009-11-02",23.14
"2009-11-03",22.96
"2009-11-04",23.18
"2009-11-05",24.
"2009-11-06",23.24
"2009-11-09",23.02
"2009-11-10",22.66
"2009-11-11",22.91
"2009-11-12",22.75
"2009-11-13",22.74
"2009-11-16",23.
"2009-11-17",22.86
"2009-11-18",22.66
"2009-11-19",21.88
"2009-11-20",21.56
"2009-11-23",22.02
"2009-11-24",22.28
"2009-11-25",22.45
"2009-11-27",22.3
"2009-11-30",22.44
"2009-12-01",22.58
"2009-12-02",22.15
"2009-12-03",22.25
"2009-12-04",22.37
"2009-12-07",22.37
"2009-12-08",22.11
"2009-12-09",21.85
"2009-12-10",22.02
"2009-12-11",22.19
"2009-12-14",22.24
"2009-12-15",22.28
"2009-12-16",22.54
"2009-12-17",22.19
"2009-12-18",23.85
"2009-12-21",23.9
"2009-12-22",23.84
"2009-12-23",24.2
"2009-12-24",24.27
"2009-12-28",24.37
"2009-12-29",24.41
"2009-12-30",24.62
"2009-12-31",24.24
"2010-01-04",24.74
"2010-01-05",25.
"2010-01-06",24.73
"2010-01-07",24.39
"2010-01-08",24.58
"2010-01-11",24.51
"2010-01-12",24.18
"2010-01-13",24.4
"2010-01-14",24.33
"2010-01-15",23.98
"2010-01-19",24.3
"2010-01-20",24.01
"2010-01-21",24.03
"2010-01-22",23.34
"2010-01-25",23.4
"2010-01-26",23.52
"2010-01-27",23.61
"2010-01-28",23.08
"2010-01-29",22.91
"2010-02-01",23.19
"2010-02-02",23.42
"2010-02-03",23.3
"2010-02-04",23.04
"2010-02-05",23.24
"2010-02-08",22.98
"2010-02-09",23.
"2010-02-10",22.87
"2010-02-11",23.35
"2010-02-12",23.29
"2010-02-16",23.61
"2010-02-17",24.12
"2010-02-18",23.98
"2010-02-19",24.12
"2010-02-22",24.32
"2010-02-23",24.38
"2010-02-24",24.65
"2010-02-25",24.86
"2010-02-26",24.92
"2010-03-01",25.44
"2010-03-02",25.26
"2010-03-03",25.35
"2010-03-04",26.25
"2010-03-05",26.5
"2010-03-08",26.55
"2010-03-09",26.51
"2010-03-10",26.9
"2010-03-11",26.73
"2010-03-12",26.64
"2010-03-15",26.86
"2010-03-16",26.75
"2010-03-17",26.72
"2010-03-18",26.97
"2010-03-19",26.8
"2010-03-22",26.53
"2010-03-23",26.42
"2010-03-24",26.37
"2010-03-25",26.08
"2010-03-26",25.94
"2010-03-29",25.79
"2010-03-30",25.95
"2010-03-31",26.02
"2010-04-01",26.36
"2010-04-05",26.81
"2010-04-06",26.92
"2010-04-07",26.54
"2010-04-08",26.6
"2010-04-09",26.84
"2010-04-12",26.68
"2010-04-13",26.52
"2010-04-14",26.8
"2010-04-15",26.85
"2010-04-16",26.6
"2010-04-19",26.84
"2010-04-20",27.08
"2010-04-21",27.39
"2010-04-22",27.42
"2010-04-23",27.43
"2010-04-26",27.39
"2010-04-27",27.11
"2010-04-28",26.88
"2010-04-29",27.51
"2010-04-30",27.28
"2010-05-03",27.71
"2010-05-04",26.78
"2010-05-05",26.76
"2010-05-06",26.35
"2010-05-07",24.95
"2010-05-10",26.45
"2010-05-11",26.52
"2010-05-12",27.35
"2010-05-13",27.13
"2010-05-14",26.71
"2010-05-17",26.84
"2010-05-18",28.23
"2010-05-19",27.99
"2010-05-20",27.56
"2010-05-21",27.35
"2010-05-24",27.1
"2010-05-25",26.32
"2010-05-26",26.83
"2010-05-27",27.8
"2010-05-28",27.91
"2010-06-01",27.21
"2010-06-02",27.88
"2010-06-03",28.89
"2010-06-04",28.29
"2010-06-07",27.66
"2010-06-08",27.55
"2010-06-09",27.96
"2010-06-10",28.49
"2010-06-11",28.74
"2010-06-14",28.66
"2010-06-15",29.25
"2010-06-16",29.49
"2010-06-17",29.52
"2010-06-18",29.39
"2010-06-21",29.02
"2010-06-22",28.26
"2010-06-23",28.46
"2010-06-24",27.92
"2010-06-25",27.73
"2010-06-28",27.87
"2010-06-29",26.7
"2010-06-30",26.55
"2010-07-01",26.29
"2010-07-02",26.1
"2010-07-06",25.94
"2010-07-07",27.36
"2010-07-08",27.99
"2010-07-09",27.25
"2010-07-12",27.29
"2010-07-13",28.49
"2010-07-14",28.92
"2010-07-15",28.73
"2010-07-16",27.9
"2010-07-19",28.26
"2010-07-20",28.46
"2010-07-21",28.08
"2010-07-22",28.58
"2010-07-23",28.8
"2010-07-26",28.95
"2010-07-27",28.85
"2010-07-28",28.43
"2010-07-29",28.45
"2010-07-30",28.15
"2010-08-02",28.
"2010-08-03",29.22
"2010-08-04",29.67
"2010-08-05",29.51
"2010-08-06",29.5
"2010-08-09",29.63
"2010-08-10",29.79
"2010-08-11",28.78
"2010-08-12",28.71
"2010-08-13",28.53
"2010-08-16",29.01
"2010-08-17",29.24
"2010-08-18",29.19
"2010-08-19",29.35
"2010-08-20",29.37
"2010-08-23",29.1
"2010-08-24",28.48
"2010-08-25",28.83
"2010-08-26",29.02
"2010-08-27",29.54
"2010-08-30",29.05
"2010-08-31",29.09
"2010-09-01",29.5775
"2010-09-02",29.74
"2010-09-03",30.1
"2010-09-07",29.76
"2010-09-08",30.49
"2010-09-09",30.65
"2010-09-10",30.87
"2010-09-13",31.57
"2010-09-14",31.285
"2010-09-15",31.37
"2010-09-16",31.37
"2010-09-17",31.45
"2010-09-20",32.105
"2010-09-21",31.85
"2010-09-22",31.89
"2010-09-23",31.43
"2010-09-24",31.63
"2010-09-27",31.57
"2010-09-28",31.48
"2010-09-29",31.61
"2010-09-30",31.74
"2010-10-01",31.71
"2010-10-04",31.78
"2010-10-05",32.57
"2010-10-06",31.93
"2010-10-07",31.98
"2010-10-08",31.99
"2010-10-11",31.75
"2010-10-12",32.1
"2010-10-13",32.18
"2010-10-14",32.03
"2010-10-15",32.16
"2010-10-18",32.08
"2010-10-19",31.68
"2010-10-20",32.17
"2010-10-21",32.19
"2010-10-22",32.86
"2010-10-25",33.35
"2010-10-26",33.26
"2010-10-27",33.27
"2010-10-28",33.45
"2010-10-29",34.75
"2010-11-01",34.43
"2010-11-02",34.34
"2010-11-03",34.52
"2010-11-04",35.27
"2010-11-05",35.15
"2010-11-08",35.375
"2010-11-09",35.08
"2010-11-10",34.6
"2010-11-11",34.58
"2010-11-12",34.21
"2010-11-15",34.06
"2010-11-16",34.09
"2010-11-17",34.39
"2010-11-18",34.84
"2010-11-19",34.85
"2010-11-22",35.42
"2010-11-23",34.52
"2010-11-24",35.5
"2010-11-26",35.29
"2010-11-29",34.61
"2010-11-30",34.31
"2010-12-01",35.04
"2010-12-02",35.3
"2010-12-03",34.94
"2010-12-06",35.
"2010-12-07",35.26
"2010-12-08",35.26
"2010-12-09",35.03
"2010-12-10",35.695
"2010-12-13",35.43
"2010-12-14",35.49
"2010-12-15",37.01
"2010-12-16",34.11
"2010-12-17",34.28
"2010-12-20",34.13
"2010-12-21",33.92
"2010-12-22",33.61
"2010-12-23",33.37
"2010-12-27",33.16
"2010-12-28",32.94
"2010-12-29",32.91
"2010-12-30",32.92
"2010-12-31",32.67
"2011-01-03",33.41
"2011-01-04",33.2
"2011-01-05",33.49
"2011-01-06",33.76
"2011-01-07",33.34
"2011-01-10",32.91
"2011-01-11",32.77
"2011-01-12",32.54
"2011-01-13",32.57
"2011-01-14",33.15
"2011-01-18",33.27
"2011-01-19",32.61
"2011-01-20",32.69
"2011-01-21",32.21
"2011-01-24",32.71
"2011-01-25",32.51
"2011-01-26",32.96
"2011-01-27",32.9
"2011-01-28",33.75
"2011-01-31",33.65
"2011-02-01",34.15
"2011-02-02",34.03
"2011-02-03",34.45
"2011-02-04",35.28
"2011-02-07",35.53
"2011-02-08",35.5
"2011-02-09",36.06
"2011-02-10",36.21
"2011-02-11",36.71
"2011-02-14",36.58
"2011-02-15",36.6
"2011-02-16",36.98
"2011-02-17",36.89
"2011-02-18",36.735
"2011-02-22",35.1
"2011-02-23",35.12
"2011-02-24",35.63
"2011-02-25",35.98
"2011-02-28",35.29
"2011-03-01",35.05
"2011-03-02",35.64
"2011-03-03",35.95
"2011-03-04",36.1275
"2011-03-07",35.53
"2011-03-08",36.28
"2011-03-09",36.12
"2011-03-10",35.66
"2011-03-11",36.
"2011-03-14",35.63
"2011-03-15",35.6
"2011-03-16",34.91
"2011-03-17",35.07
"2011-03-18",35.
"2011-03-21",35.4975
"2011-03-22",35.24
"2011-03-23",35.28
"2011-03-24",35.84
"2011-03-25",36.2
"2011-03-28",36.07
"2011-03-29",36.44
"2011-03-30",36.45
"2011-03-31",36.21
"2011-04-01",36.48
"2011-04-04",36.8
"2011-04-05",36.98
"2011-04-06",36.97
"2011-04-07",36.92
"2011-04-08",36.43
"2011-04-11",36.09
"2011-04-12",36.85
"2011-04-13",37.38
"2011-04-14",36.92
"2011-04-15",36.74
"2011-04-18",36.58
"2011-04-19",36.48
"2011-04-20",37.3
"2011-04-21",37.3
"2011-04-25",37.15
"2011-04-26",37.03
"2011-04-27",37.19
"2011-04-28",37.24
"2011-04-29",36.98
"2011-05-02",37.14
"2011-05-03",36.56
"2011-05-04",36.21
"2011-05-05",34.64
"2011-05-06",35.57
"2011-05-09",35.6
"2011-05-10",35.78
"2011-05-11",35.56
"2011-05-12",36.68
"2011-05-13",36.53
"2011-05-16",35.7
"2011-05-17",35.8
"2011-05-18",37.29
"2011-05-19",37.26
"2011-05-20",37.27
"2011-05-23",36.68
"2011-05-24",36.27
"2011-05-25",36.22
"2011-05-26",36.34
"2011-05-27",35.37
"2011-05-31",35.02
"2011-06-01",34.52
"2011-06-02",35.05
"2011-06-03",34.91
"2011-06-06",34.29
"2011-06-07",34.21
"2011-06-08",34.12
"2011-06-09",34.02
"2011-06-10",33.7
"2011-06-13",33.27
"2011-06-14",33.46
"2011-06-15",32.98
"2011-06-16",32.77
"2011-06-17",32.715
"2011-06-20",32.6
"2011-06-21",33.27
"2011-06-22",33.135
"2011-06-23",33.07
"2011-06-24",32.74
"2011-06-27",32.75
"2011-06-28",32.745
"2011-06-29",33.57
"2011-06-30",33.46
"2011-07-01",33.88
"2011-07-05",34.24
"2011-07-06",34.45
"2011-07-07",34.62
"2011-07-08",34.42
"2011-07-11",33.82
"2011-07-12",33.56
"2011-07-13",33.4
"2011-07-14",32.79
"2011-07-15",33.66
"2011-07-18",33.24
"2011-07-19",33.72
"2011-07-20",33.32
"2011-07-21",33.17
"2011-07-22",33.77
"2011-07-25",33.69
"2011-07-26",33.78
"2011-07-27",32.71
"2011-07-28",32.025
"2011-07-29",31.21
"2011-08-01",30.65
"2011-08-02",29.99
"2011-08-03",30.41
"2011-08-04",29.27
"2011-08-05",28.93
"2011-08-08",27.97
"2011-08-09",29.26
"2011-08-10",28.1
"2011-08-11",30.01
"2011-08-12",31.03
"2011-08-15",31.53
"2011-08-16",30.79
"2011-08-17",30.55
"2011-08-18",28.91
"2011-08-19",28.73
"2011-08-22",28.85
"2011-08-23",30.47
"2011-08-24",30.49
"2011-08-25",29.855
"2011-08-26",30.42
"2011-08-29",31.
"2011-08-30",31.09
"2011-08-31",31.15
"2011-09-01",30.785
"2011-09-02",30.01
"2011-09-06",32.06
"2011-09-07",34.5
"2011-09-08",33.91
"2011-09-09",29.03
"2011-09-12",29.35
"2011-09-13",29.44
"2011-09-14",29.11
"2011-09-15",29.09
"2011-09-16",29.
"2011-09-19",29.17
"2011-09-20",28.44
"2011-09-21",28.41
"2011-09-22",27.79
"2011-09-23",28.34
"2011-09-26",29.1
"2011-09-27",29.49
"2011-09-28",28.58
"2011-09-29",28.95
"2011-09-30",28.61
"2011-10-03",27.52
"2011-10-04",28.22
"2011-10-05",29.57
"2011-10-06",29.81
"2011-10-07",29.69
"2011-10-10",30.71
"2011-10-11",30.66
"2011-10-12",30.51
"2011-10-13",30.04
"2011-10-14",30.48
"2011-10-17",30.11
"2011-10-18",30.43
"2011-10-19",29.94
"2011-10-20",30.04
"2011-10-21",30.88
"2011-10-24",30.91
"2011-10-25",30.76
"2011-10-26",30.44
"2011-10-27",32.38
"2011-10-28",32.85
"2011-10-31",32.09
"2011-11-01",31.62
"2011-11-02",32.08
"2011-11-03",33.02
"2011-11-04",32.99
"2011-11-07",33.34
"2011-11-08",33.78
"2011-11-09",32.1
"2011-11-10",32.46
"2011-11-11",33.23
"2011-11-14",33.11
"2011-11-15",33.54
"2011-11-16",33.2
"2011-11-17",32.24
"2011-11-18",32.31
"2011-11-21",31.85
"2011-11-22",31.94
"2011-11-23",31.5
"2011-11-25",31.48
"2011-11-28",32.29
"2011-11-29",32.36
"2011-11-30",33.58
"2011-12-01",33.87
"2011-12-02",33.42
"2011-12-05",33.7
"2011-12-06",33.56
"2011-12-07",33.36
"2011-12-08",33.26
"2011-12-09",33.94
"2011-12-12",33.7
"2011-12-13",33.37
"2011-12-14",33.24
"2011-12-15",34.1
"2011-12-16",34.72
"2011-12-19",34.8
"2011-12-20",35.57
"2011-12-21",35.68
"2011-12-22",35.97
"2011-12-23",35.85
"2011-12-27",36.24
"2011-12-28",35.66
"2011-12-29",35.67
"2011-12-30",35.72
"2012-01-03",35.82
"2012-01-04",35.82
"2012-01-05",35.74
"2012-01-06",35.4
"2012-01-09",35.02
"2012-01-10",35.72
"2012-01-11",35.58
"2012-01-12",35.81
"2012-01-13",35.54
"2012-01-17",35.8
"2012-01-18",35.91
"2012-01-19",35.75
"2012-01-20",36.01
"2012-01-23",36.1
"2012-01-24",36.52
"2012-01-25",36.41
"2012-01-26",35.92
"2012-01-27",36.32
"2012-01-30",37.11
"2012-01-31",37.04
"2012-02-01",37.46
"2012-02-02",36.83
"2012-02-03",37.04
"2012-02-06",36.6
"2012-02-07",36.53
"2012-02-08",36.52
"2012-02-09",36.87
"2012-02-10",36.61
"2012-02-13",36.96
"2012-02-14",37.2
"2012-02-15",36.87
"2012-02-16",37.2
"2012-02-17",37.18
"2012-02-21",37.32
"2012-02-22",37.45
"2012-02-23",37.97
"2012-02-24",37.64
"2012-02-27",37.58
"2012-02-28",37.33
"2012-02-29",36.95
"2012-03-01",37.
"2012-03-02",37.
"2012-03-05",36.74
"2012-03-06",36.2
"2012-03-07",35.98
"2012-03-08",36.48
"2012-03-09",36.95
"2012-03-12",37.41
"2012-03-13",38.14
"2012-03-14",37.96
"2012-03-15",37.98
"2012-03-16",38.47
"2012-03-19",38.56
"2012-03-20",38.19
"2012-03-21",38.02
"2012-03-22",38.47
"2012-03-23",38.14
"2012-03-26",38.45
"2012-03-27",38.33
"2012-03-28",38.22
"2012-03-29",38.54
"2012-03-30",38.35
"2012-04-02",38.75
"2012-04-03",39.
"2012-04-04",38.54
"2012-04-05",38.94
"2012-04-09",39.
"2012-04-10",39.
"2012-04-11",39.44
"2012-04-12",39.69
"2012-04-13",40.67
"2012-04-16",40.58
"2012-04-17",41.89
"2012-04-18",42.705
"2012-04-19",41.95
"2012-04-20",41.97
"2012-04-23",42.32
"2012-04-24",41.26
"2012-04-25",41.75
"2012-04-26",42.03
"2012-04-27",41.7
"2012-04-30",41.11
"2012-05-01",41.37
"2012-05-02",41.39
"2012-05-03",41.33
"2012-05-04",40.72
"2012-05-07",40.84
"2012-05-08",40.69
"2012-05-09",40.5
"2012-05-10",40.16
"2012-05-11",40.31
"2012-05-14",39.76
"2012-05-15",39.79
"2012-05-16",40.14
"2012-05-17",39.6
"2012-05-18",38.62
"2012-05-21",39.58
"2012-05-22",39.42
"2012-05-23",39.93
"2012-05-24",39.24
"2012-05-25",39.8
"2012-05-29",39.92
"2012-05-30",38.62
"2012-05-31",38.23
"2012-06-01",37.73
"2012-06-04",37.77
"2012-06-05",38.33
"2012-06-06",38.99
"2012-06-07",39.4
"2012-06-08",39.81
"2012-06-11",39.6
"2012-06-12",40.3
"2012-06-13",41.16
"2012-06-14",42.01
"2012-06-15",42.33
"2012-06-18",43.58
"2012-06-19",43.44
"2012-06-20",43.55
"2012-06-21",42.82
"2012-06-22",43.21
"2012-06-25",42.62
"2012-06-26",43.76
"2012-06-27",43.62
"2012-06-28",42.52
"2012-06-29",43.57
"2012-07-02",43.38
"2012-07-03",44.294
"2012-07-05",44.99
"2012-07-06",43.81
"2012-07-09",43.43
"2012-07-10",43.08
"2012-07-11",42.94
"2012-07-12",42.53
"2012-07-13",43.17
"2012-07-16",43.25
"2012-07-17",43.56
"2012-07-18",43.81
"2012-07-19",44.
"2012-07-20",43.19
"2012-07-23",42.14
"2012-07-24",41.78
"2012-07-25",41.44
"2012-07-26",42.63
"2012-07-27",45.42
"2012-07-30",45.51
"2012-07-31",44.42
"2012-08-01",45.
"2012-08-02",45.11
"2012-08-03",45.65
"2012-08-06",45.87
"2012-08-07",45.84
"2012-08-08",46.5
"2012-08-09",46.6
"2012-08-10",46.76
"2012-08-13",47.49
"2012-08-14",46.97
"2012-08-15",47.69
"2012-08-16",47.76
"2012-08-17",48.16
"2012-08-20",47.73
"2012-08-21",47.49
"2012-08-22",47.85
"2012-08-23",47.54
"2012-08-24",47.5
"2012-08-27",47.22
"2012-08-28",47.26
"2012-08-29",47.43
"2012-08-30",47.2
"2012-08-31",47.68
"2012-09-04",48.1
"2012-09-05",48.29
"2012-09-06",49.01
"2012-09-07",48.93
"2012-09-10",47.9
"2012-09-11",47.25
"2012-09-12",47.42
"2012-09-13",48.005
"2012-09-14",47.78
"2012-09-17",47.
"2012-09-18",46.84
"2012-09-19",47.25
"2012-09-20",47.2902
"2012-09-21",47.6
"2012-09-24",47.38
"2012-09-25",47.8199
"2012-09-26",47.8
"2012-09-27",48.6
"2012-09-28",48.69
"2012-10-01",48.795
"2012-10-02",48.52
"2012-10-03",49.48
"2012-10-04",49.5
"2012-10-05",49.21
"2012-10-08",48.39
"2012-10-09",47.58
"2012-10-10",47.675
"2012-10-11",47.9
"2012-10-12",48.03
"2012-10-15",48.26
"2012-10-16",48.6
"2012-10-17",48.97
"2012-10-18",48.7
"2012-10-19",47.3707
"2012-10-22",47.31
"2012-10-23",47.38
"2012-10-24",46.69
"2012-10-25",46.6
"2012-10-26",39.39
"2012-10-31",37.07
"2012-11-01",41.1522
"2012-11-02",39.67
"2012-11-05",40.14
"2012-11-06",40.49
"2012-11-07",40.42
"2012-11-08",41.75
"2012-11-09",41.48
"2012-11-12",42.97
"2012-11-13",42.29
"2012-11-14",41.93
"2012-11-15",41.61
"2012-11-16",40.92
"2012-11-19",40.61
"2012-11-20",40.46
"2012-11-21",40.87
"2012-11-23",40.87
"2012-11-26",39.69
"2012-11-27",39.87
"2012-11-28",40.05
"2012-11-29",39.34
"2012-11-30",34.15
"2012-12-03",35.88
"2012-12-04",35.6018
"2012-12-05",35.47
"2012-12-06",36.56
"2012-12-07",36.28
"2012-12-10",36.99
"2012-12-11",36.94
"2012-12-12",36.8
"2012-12-13",35.88
"2012-12-14",35.9
"2012-12-17",36.24
"2012-12-18",36.9312
"2012-12-19",38.3
"2012-12-20",37.89
"2012-12-21",38.04
"2012-12-24",38.02
"2012-12-26",37.8
"2012-12-27",38.12
"2012-12-28",38.
"2012-12-31",38.82
"2013-01-02",39.85
"2013-01-03",40.03
"2013-01-04",40.04
"2013-01-07",40.06
"2013-01-08",39.89
"2013-01-09",39.56
"2013-01-10",38.87
"2013-01-11",38.
"2013-01-14",38.38
"2013-01-15",39.36
"2013-01-16",39.25
"2013-01-17",39.41
"2013-01-18",39.55
"2013-01-22",39.7
"2013-01-23",39.87
"2013-01-24",39.99
"2013-01-25",42.96
"2013-01-28",42.88
"2013-01-29",42.8
"2013-01-30",43.17
"2013-01-31",43.41
"2013-02-01",44.34
"2013-02-04",44.61
"2013-02-05",45.09
"2013-02-06",44.93
"2013-02-07",44.98
"2013-02-08",45.39
"2013-02-11",45.66
"2013-02-12",45.53
"2013-02-13",45.58
"2013-02-14",45.67
"2013-02-15",46.14
"2013-02-19",46.22
"2013-02-20",45.62
"2013-02-21",45.3
"2013-02-22",45.8
"2013-02-25",44.88
"2013-02-26",44.78
"2013-02-27",45.32
"2013-02-28",45.81
"2013-03-01",46.17
"2013-03-04",46.41
"2013-03-05",46.58
"2013-03-06",46.63
"2013-03-07",46.41
"2013-03-08",46.78
"2013-03-11",46.85
"2013-03-12",46.41
"2013-03-13",46.3
"2013-03-14",45.76
"2013-03-15",45.65
"2013-03-18",45.23
"2013-03-19",45.34
"2013-03-20",45.98
"2013-03-21",45.62
"2013-03-22",46.36
"2013-03-25",46.32
"2013-03-26",46.77
"2013-03-27",47.12
"2013-03-28",47.27
"2013-04-01",47.29
"2013-04-02",46.9
"2013-04-03",46.46
"2013-04-04",46.64
"2013-04-05",45.95
"2013-04-08",46.15
"2013-04-09",45.5
"2013-04-10",46.41
"2013-04-11",46.5
"2013-04-12",46.73
"2013-04-15",45.91
"2013-04-16",46.
"2013-04-17",45.54
"2013-04-18",45.33
"2013-04-19",44.71
"2013-04-22",44.39
"2013-04-23",44.53
"2013-04-24",45.37
"2013-04-25",46.1
"2013-04-26",44.771
"2013-04-29",45.24
"2013-04-30",46.07
"2013-05-01",46.26
"2013-05-02",46.76
"2013-05-03",47.35
"2013-05-06",47.61
"2013-05-07",48.25
"2013-05-08",48.85
"2013-05-09",48.69
"2013-05-10",48.96
"2013-05-13",48.93
"2013-05-14",48.97
"2013-05-15",49.27
"2013-05-16",48.88
"2013-05-17",48.7
"2013-05-20",48.44
"2013-05-21",48.36
"2013-05-22",47.77
"2013-05-23",47.51
"2013-05-24",47.4
"2013-05-28",47.31
"2013-05-29",46.39
"2013-05-30",47.09
"2013-05-31",47.04
"2013-06-03",46.7
"2013-06-04",45.86
"2013-06-05",45.55
"2013-06-06",45.46
"2013-06-07",46.2
"2013-06-10",45.74
"2013-06-11",45.69
"2013-06-12",45.26
"2013-06-13",45.38
"2013-06-14",45.03
"2013-06-17",45.17
"2013-06-18",45.
"2013-06-19",44.95
"2013-06-20",43.75
"2013-06-21",44.19
"2013-06-24",43.59
"2013-06-25",44.67
"2013-06-26",44.42
"2013-06-27",44.67
"2013-06-28",44.66
"2013-07-01",44.91
"2013-07-02",44.92
"2013-07-03",45.
"2013-07-05",45.47
"2013-07-08",45.27
"2013-07-09",45.29
"2013-07-10",45.66
"2013-07-11",46.1
"2013-07-12",46.04
"2013-07-15",45.9
"2013-07-16",45.46
"2013-07-17",45.71
"2013-07-18",45.88
"2013-07-19",45.74
"2013-07-22",45.65
"2013-07-23",45.31
"2013-07-24",45.34
"2013-07-25",45.93
"2013-07-26",47.32
"2013-07-29",47.36
"2013-07-30",47.57
"2013-07-31",47.84
"2013-08-01",48.38
"2013-08-02",48.42
"2013-08-05",48.64
"2013-08-06",48.55
"2013-08-07",48.3
"2013-08-08",48.3
"2013-08-09",48.76
"2013-08-12",49.14
"2013-08-13",49.32
"2013-08-14",49.25
"2013-08-15",48.7
"2013-08-16",48.72
"2013-08-19",48.59
"2013-08-20",48.9
"2013-08-21",48.62
"2013-08-22",49.17
"2013-08-23",49.5
"2013-08-26",49.93
"2013-08-27",48.75
"2013-08-28",48.46
"2013-08-29",48.38
"2013-08-30",47.99
"2013-09-03",48.56
"2013-09-04",48.77
"2013-09-05",48.83
"2013-09-06",49.31
"2013-09-09",49.5
"2013-09-10",49.9
"2013-09-11",49.91
"2013-09-12",49.88
"2013-09-13",49.85
"2013-09-16",49.89
"2013-09-17",50.44
"2013-09-18",51.3
"2013-09-19",51.9
"2013-09-20",51.7
"2013-09-23",51.17
"2013-09-24",51.62
"2013-09-25",51.24
"2013-09-26",51.73
"2013-09-27",51.18
"2013-09-30",50.89
"2013-10-01",51.23
"2013-10-02",51.62
"2013-10-03",51.18
"2013-10-04",51.61
"2013-10-07",50.84
"2013-10-08",49.68
"2013-10-09",49.69
"2013-10-10",51.15
"2013-10-11",51.31
"2013-10-14",51.69
"2013-10-15",51.64
"2013-10-16",52.08
"2013-10-17",52.1
"2013-10-18",53.08
"2013-10-21",53.
"2013-10-22",53.27
"2013-10-23",53.12
"2013-10-24",53.09
"2013-10-25",53.76
"2013-10-28",53.56
"2013-10-29",54.
"2013-10-30",54.21
"2013-10-31",54.28
"2013-11-01",54.19
"2013-11-04",54.37
"2013-11-05",54.3
"2013-11-06",54.31
"2013-11-07",53.29
"2013-11-08",54.15
"2013-11-11",54.3
"2013-11-12",54.73
"2013-11-13",55.1
"2013-11-14",55.81
"2013-11-15",55.65
"2013-11-18",55.49
"2013-11-19",55.49
"2013-11-20",55.28
"2013-11-21",55.94
"2013-11-22",56.72
"2013-11-25",56.45
"2013-11-26",56.58
"2013-11-27",56.7
"2013-11-29",56.86
"2013-12-02",57.17
"2013-12-03",56.66
"2013-12-04",56.83
"2013-12-05",56.89
"2013-12-06",57.2
"2013-12-09",56.77
"2013-12-10",57.35
"2013-12-11",56.29
"2013-12-12",56.44
"2013-12-13",57.05
"2013-12-16",57.76
"2013-12-17",57.79
"2013-12-18",58.32
"2013-12-19",58.13
"2013-12-20",59.27
"2013-12-23",59.47
"2013-12-24",59.27
"2013-12-26",59.68
"2013-12-27",59.45
"2013-12-30",59.16
"2013-12-31",59.78
"2014-01-02",60.02
"2014-01-03",59.84
"2014-01-06",59.46
"2014-01-07",61.14
"2014-01-08",61.24
"2014-01-09",60.98
"2014-01-10",61.46
"2014-01-13",60.33
"2014-01-14",61.53
"2014-01-15",62.61
"2014-01-16",61.62
"2014-01-17",61.89
"2014-01-21",61.96
"2014-01-22",62.21
"2014-01-23",62.47
"2014-01-24",60.37
"2014-01-27",59.38
"2014-01-28",59.6
"2014-01-29",59.01
"2014-01-30",59.44
"2014-01-31",58.75
"2014-02-03",56.28
"2014-02-04",56.1
"2014-02-05",55.52
"2014-02-06",55.42
"2014-02-07",52.68
"2014-02-10",53.87
"2014-02-11",53.96
"2014-02-12",54.08
"2014-02-13",54.42
"2014-02-14",54.52
"2014-02-18",55.51
"2014-02-19",55.24
"2014-02-20",55.7
"2014-02-21",54.99
"2014-02-24",54.72
"2014-02-25",55.04
"2014-02-26",55.03
"2014-02-27",55.23
"2014-02-28",55.11
"2014-03-03",55.19
"2014-03-04",56.22
"2014-03-05",56.22
"2014-03-06",56.17
"2014-03-07",55.88
"2014-03-10",55.15
"2014-03-11",54.71
"2014-03-12",54.6
"2014-03-13",54.35
"2014-03-14",54.85
"2014-03-17",51.68
"2014-03-18",52.41
"2014-03-19",52.7
"2014-03-20",52.41
"2014-03-21",52.78
"2014-03-24",52.22
"2014-03-25",52.49
"2014-03-26",53.26
"2014-03-27",53.32
"2014-03-28",53.49
"2014-03-31",53.91
"2014-04-01",53.95
"2014-04-02",52.83
"2014-04-03",51.59
"2014-04-04",50.73
"2014-04-07",50.46
"2014-04-08",50.68
"2014-04-09",51.25
"2014-04-10",50.18
"2014-04-11",49.03
"2014-04-14",49.18
"2014-04-15",49.73
"2014-04-16",50.58
"2014-04-17",50.66
"2014-04-21",50.58
"2014-04-22",50.84
"2014-04-23",50.03
"2014-04-24",49.25
"2014-04-25",47.15
"2014-04-28",47.01
"2014-04-29",47.04
"2014-04-30",47.18
"2014-05-01",47.605
"2014-05-02",48.42
"2014-05-05",48.03
"2014-05-06",47.52
"2014-05-07",47.55
"2014-05-08",47.7
"2014-05-09",47.93
"2014-05-12",48.87
"2014-05-13",49.13
"2014-05-14",48.86
"2014-05-15",48.43
"2014-05-16",48.26
"2014-05-19",48.89
"2014-05-20",48.58
"2014-05-21",49.19
"2014-05-22",49.26
"2014-05-23",49.92
"2014-05-27",49.92
"2014-05-28",50.01
"2014-05-29",50.34
"2014-05-30",50.08
"2014-06-02",49.97
"2014-06-03",50.33
"2014-06-04",50.12
"2014-06-05",50.68
"2014-06-06",51.05
"2014-06-09",51.27
"2014-06-10",51.11
"2014-06-11",51.32
"2014-06-12",50.695
"2014-06-13",50.81
"2014-06-16",51.1
"2014-06-17",51.38
"2014-06-18",51.61
"2014-06-19",51.48
"2014-06-20",50.78
"2014-06-23",51.24
"2014-06-24",51.09
"2014-06-25",50.92
"2014-06-26",50.73
"2014-06-27",48.76
"2014-06-30",48.81
"2014-07-01",48.67
"2014-07-02",49.46
"2014-07-03",50.2
"2014-07-07",49.61
"2014-07-08",49.38
"2014-07-09",49.51
"2014-07-10",49.4
"2014-07-11",49.26
"2014-07-14",50.06
"2014-07-15",49.87
"2014-07-16",49.6
"2014-07-17",48.91
"2014-07-18",49.42
"2014-07-21",49.15
"2014-07-22",49.58
"2014-07-23",48.59
"2014-07-24",49.83
"2014-07-25",55.59
"2014-07-28",53.97
"2014-07-29",53.79
"2014-07-30",54.33
"2014-07-31",54.05
"2014-08-01",53.2
"2014-08-04",54.55
"2014-08-05",54.57
"2014-08-06",54.81
"2014-08-07",54.45
"2014-08-08",54.62
"2014-08-11",54.86
"2014-08-12",55.055
"2014-08-13",55.42
"2014-08-14",55.49
"2014-08-15",55.74
"2014-08-18",56.01
"2014-08-19",55.915
"2014-08-20",56.33
"2014-08-21",56.47
"2014-08-22",56.3
"2014-08-25",56.6
"2014-08-26",57.17
"2014-08-27",56.46
"2014-08-28",56.47
"2014-08-29",57.075
"2014-09-02",57.19
"2014-09-03",56.73
"2014-09-04",57.045
"2014-09-05",57.23
"2014-09-08",56.845
"2014-09-09",55.94
"2014-09-10",56.46
"2014-09-11",56.53
"2014-09-12",56.15
"2014-09-15",55.58
"2014-09-16",55.75
"2014-09-17",55.64
"2014-09-18",55.785
"2014-09-19",55.84
"2014-09-22",55.54
"2014-09-23",55.33
"2014-09-24",56.21
"2014-09-25",55.285
"2014-09-26",55.49
"2014-09-29",55.21
"2014-09-30",55.12
"2014-10-01",54.31
"2014-10-02",55.52
"2014-10-03",56.02
"2014-10-06",55.83
"2014-10-07",55.005
"2014-10-08",56.13
"2014-10-09",55.25
"2014-10-10",53.87
"2014-10-13",53.68
"2014-10-14",53.63
"2014-10-15",53.14
"2014-10-16",53.75
"2014-10-17",54.24
"2014-10-20",55.17
"2014-10-21",56.61
"2014-10-22",55.19
"2014-10-23",56.34
"2014-10-24",58.55
"2014-10-27",58.64
"2014-10-28",59.04
"2014-10-29",58.73
"2014-10-30",58.79
"2014-10-31",59.76
"2014-11-03",59.56
"2014-11-04",58.79
"2014-11-05",59.24
"2014-11-06",59.81
"2014-11-07",59.8
"2014-11-10",60.47
"2014-11-11",59.93
"2014-11-12",60.36
"2014-11-13",60.19
"2014-11-14",60.675
"2014-11-17",60.655
"2014-11-18",60.6
"2014-11-19",59.375
"2014-11-20",59.73
"2014-11-21",59.9
"2014-11-24",60.24
"2014-11-25",59.87
"2014-11-26",60.07
"2014-11-28",60.1
"2014-12-01",58.71
"2014-12-02",58.73
"2014-12-03",58.65
"2014-12-04",59.04
"2014-12-05",58.82
"2014-12-08",57.5
"2014-12-09",57.38
"2014-12-10",56.65
"2014-12-11",57.49
"2014-12-12",56.98
"2014-12-15",56.49
"2014-12-16",55.54
"2014-12-17",56.26
"2014-12-18",57.3
"2014-12-19",58.29
"2014-12-22",58.49
"2014-12-23",58.46
"2014-12-24",58.28
"2014-12-26",58.58
"2014-12-29",57.86
"2014-12-30",57.44
"2014-12-31",57.
"2015-01-02",57.19
"2015-01-05",56.24
"2015-01-06",55.18
"2015-01-07",55.64
"2015-01-08",56.88
"2015-01-09",57.34
"2015-01-12",56.77
"2015-01-13",56.81
"2015-01-14",56.265
"2015-01-15",55.57
"2015-01-16",56.66
"2015-01-20",56.16
"2015-01-21",56.37
"2015-01-22",56.2
"2015-01-23",56.81
"2015-01-26",55.81
"2015-01-27",54.85
"2015-01-28",54.3
"2015-01-29",54.69
"2015-01-30",54.48
"2015-02-02",55.21
"2015-02-03",57.34
"2015-02-04",56.88
"2015-02-05",56.95
"2015-02-06",59.97
"2015-02-09",60.59
"2015-02-10",60.88
"2015-02-11",60.98
"2015-02-12",61.72
"2015-02-13",62.15
"2015-02-17",62.16
"2015-02-18",62.6
"2015-02-19",63.52
"2015-02-20",63.87
"2015-02-23",63.61
"2015-02-24",64.06
"2015-02-25",64.4
"2015-02-26",64.825
"2015-02-27",64.02
"2015-03-02",64.58
"2015-03-03",63.96
"2015-03-04",63.7
"2015-03-05",64.39
"2015-03-06",63.92
"2015-03-09",64.33
"2015-03-10",62.78
"2015-03-11",63.21
"2015-03-12",63.81
"2015-03-13",63.63
"2015-03-16",64.05
"2015-03-17",63.975
"2015-03-18",64.99
"2015-03-19",64.27
"2015-03-20",64.75
"2015-03-23",65.99
"2015-03-24",66.29
"2015-03-25",65.13
"2015-03-26",64.92
"2015-03-27",66.295
"2015-03-30",66.99
"2015-03-31",66.97
"2015-04-01",66.57
"2015-04-02",66.69
"2015-04-06",66.6
"2015-04-07",66.52
"2015-04-08",67.23
"2015-04-09",67.52
"2015-04-10",67.75
"2015-04-13",67.515
"2015-04-14",67.58
"2015-04-15",67.7
"2015-04-16",67.87
"2015-04-17",66.055
"2015-04-20",66.49
"2015-04-21",67.06
"2015-04-22",67.23
"2015-04-23",67.73
"2015-04-24",65.04
"2015-04-27",64.42
"2015-04-28",64.71
"2015-04-29",64.14
"2015-04-30",63.51
"2015-05-01",64.15
"2015-05-04",64.42
"2015-05-05",62.85
"2015-05-06",63.34
"2015-05-07",63.56
"2015-05-08",63.9
"2015-05-11",63.6
"2015-05-12",63.67
"2015-05-13",63.85
"2015-05-14",64.12
"2015-05-15",64.09
"2015-05-18",64.57
"2015-05-19",64.31
"2015-05-20",64.24
"2015-05-21",64.51
"2015-05-22",64.52
"2015-05-26",63.51
"2015-05-27",64.48
"2015-05-28",63.66
"2015-05-29",63.19
"2015-06-01",63.26
"2015-06-02",62.31
"2015-06-03",62.98
"2015-06-04",62.72
"2015-06-05",62.65
"2015-06-08",62.01
"2015-06-09",61.54
"2015-06-10",62.81
"2015-06-11",63.1
"2015-06-12",62.95
"2015-06-15",62.5
"2015-06-16",63.01
"2015-06-17",63.47
"2015-06-18",64.63
"2015-06-19",64.19
"2015-06-22",64.39
"2015-06-23",64.165
"2015-06-24",63.33
"2015-06-25",63.28
"2015-06-26",62.95
"2015-06-29",61.38
"2015-06-30",61.72
"2015-07-01",63.3
"2015-07-02",62.87
"2015-07-06",62.78
"2015-07-07",63.1
"2015-07-08",61.5
"2015-07-09",62.21
"2015-07-10",63.19
"2015-07-13",64.06
"2015-07-14",64.19
"2015-07-15",64.3
"2015-07-16",64.95
"2015-07-17",65.02
"2015-07-20",65.53
"2015-07-21",65.08
"2015-07-22",65.85
"2015-07-23",66.02
"2015-07-24",67.73
"2015-07-27",67.93
"2015-07-28",69.97
"2015-07-29",70.54
"2015-07-30",71.03
"2015-07-31",70.94
"2015-08-03",70.63
"2015-08-04",70.88
"2015-08-05",71.07
"2015-08-06",70.62
"2015-08-07",70.9
"2015-08-10",71.37
"2015-08-11",70.86
"2015-08-12",70.72
"2015-08-13",70.62
"2015-08-14",71.09
"2015-08-17",71.19
"2015-08-18",70.93
"2015-08-19",70.58
"2015-08-20",69.15
"2015-08-21",67.81
"2015-08-24",65.94
"2015-08-25",65.92
"2015-08-26",68.08
"2015-08-27",69.85
"2015-08-28",69.55
"2015-08-31",68.94
"2015-09-01",66.56
"2015-09-02",68.04
"2015-09-03",68.23
"2015-09-04",67.13
"2015-09-08",68.23
"2015-09-09",68.1
"2015-09-10",68.79
"2015-09-11",69.16
"2015-09-14",69.22
"2015-09-15",70.16
"2015-09-16",70.61
"2015-09-17",70.49
"2015-09-18",69.95
"2015-09-21",71.1
"2015-09-22",69.89
"2015-09-23",70.25
"2015-09-24",69.6
"2015-09-25",69.31
"2015-09-28",67.64
"2015-09-29",68.19
"2015-09-30",70.56
"2015-10-01",71.42
"2015-10-02",73.31
"2015-10-05",74.88
"2015-10-06",73.27
"2015-10-07",74.54
"2015-10-08",74.71
"2015-10-09",75.07
"2015-10-12",75.3
"2015-10-13",74.57
"2015-10-14",74.33
"2015-10-15",74.66
"2015-10-16",74.67
"2015-10-19",75.5
"2015-10-20",75.79
"2015-10-21",74.46
"2015-10-22",75.41
"2015-10-23",80.18
"2015-10-26",80.47
"2015-10-27",79.83
"2015-10-28",80.9
"2015-10-29",80.74
"2015-10-30",80.6
"2015-11-02",81.72
"2015-11-03",80.93
"2015-11-04",81.28
"2015-11-05",81.3
"2015-11-06",82.51
"2015-11-09",81.24
"2015-11-10",81.72
"2015-11-11",82.53
"2015-11-12",82.25
"2015-11-13",81.56
"2015-11-16",83.37
"2015-11-17",83.92
"2015-11-18",86.27
"2015-11-19",86.6
"2015-11-20",90.3
"2015-11-23",90.18
"2015-11-24",88.54
"2015-11-25",89.39
"2015-11-27",89.3
"2015-11-30",89.44
"2015-12-01",90.9
"2015-12-02",89.51
"2015-12-03",92.04
"2015-12-04",93.12
"2015-12-07",92.49
"2015-12-08",92.57
"2015-12-09",91.28
"2015-12-10",90.87
"2015-12-11",89.04
"2015-12-14",88.86
"2015-12-15",89.97
"2015-12-16",90.01
"2015-12-17",87.85
"2015-12-18",86.44
"2015-12-21",86.81
"2015-12-22",87.57
"2015-12-23",87.8
"2015-12-24",87.78
"2015-12-28",87.89
"2015-12-29",88.74
"2015-12-30",88.14
"2015-12-31",87.36
"2016-01-04",83.95
"2016-01-05",81.41
"2016-01-06",81.02
"2016-01-07",80.55
"2016-01-08",78.15
"2016-01-11",78.07
"2016-01-12",79.29
"2016-01-13",76.09
"2016-01-14",75.65
"2016-01-15",74.25
"2016-01-19",74.6
"2016-01-20",74.14
"2016-01-21",73.85
"2016-01-22",75.21
"2016-01-25",74.62
"2016-01-26",75.15
"2016-01-27",74.74
"2016-01-28",77.08
"2016-01-29",75.6
"2016-02-01",75.65
"2016-02-02",74.24
"2016-02-03",76.2
"2016-02-04",77.01
"2016-02-05",75.67
"2016-02-08",71.77
"2016-02-09",72.62
"2016-02-10",73.79
"2016-02-11",74.16
"2016-02-12",76.97
"2016-02-16",79.68
"2016-02-17",81.45
"2016-02-18",80.62
"2016-02-19",80.67
"2016-02-22",83.99
"2016-02-23",82.49
"2016-02-24",83.2
"2016-02-25",84.33
"2016-02-26",85.88
"2016-02-29",84.49
"2016-03-01",87.38
"2016-03-02",87.54
"2016-03-03",88.64
"2016-03-04",89.14
"2016-03-07",87.99
"2016-03-08",87.11
"2016-03-09",86.96
"2016-03-10",87.18
"2016-03-11",88.26
"2016-03-14",87.73
"2016-03-15",88.49
"2016-03-16",89.52
"2016-03-17",89.92
"2016-03-18",88.56
"2016-03-21",88.58
"2016-03-22",89.35
"2016-03-23",88.89
"2016-03-24",89.25
"2016-03-28",88.46
"2016-03-29",89.11
"2016-03-30",89.59
"2016-03-31",88.54
"2016-04-01",89.64
"2016-04-04",89.55
"2016-04-05",88.71
"2016-04-06",89.84
"2016-04-07",89.59
"2016-04-08",89.76
"2016-04-11",89.08
"2016-04-12",88.61
"2016-04-13",89.52
"2016-04-14",89.11
"2016-04-15",88.7
"2016-04-18",89.66
"2016-04-19",88.79
"2016-04-20",89.29
"2016-04-21",88.53
"2016-04-22",88.64
"2016-04-25",89.28
"2016-04-26",89.16
"2016-04-27",89.41
"2016-04-28",89.42
"2016-04-29",86.4
"2016-05-02",88.13
"2016-05-03",87.16
"2016-05-04",84.93
"2016-05-05",84.41
"2016-05-06",85.19
"2016-05-09",84.5
"2016-05-10",85.61
"2016-05-11",84.78
"2016-05-12",84.96
"2016-05-13",84.72
"2016-05-16",85.15
"2016-05-17",83.52
"2016-05-18",83.7
"2016-05-19",82.9
"2016-05-20",83.16
"2016-05-23",83.25
"2016-05-24",84.56
"2016-05-25",84.31
"2016-05-26",84.76
"2016-05-27",84.95
"2016-05-31",85.46
"2016-06-01",85.38
"2016-06-02",85.32
"2016-06-03",84.61
"2016-06-06",84.82
"2016-06-07",84.88
"2016-06-08",84.91
"2016-06-09",85.1
"2016-06-10",84.66
"2016-06-13",83.44
"2016-06-14",84.99
"2016-06-15",84.87
"2016-06-16",85.14
"2016-06-17",84.35
"2016-06-20",85.68
"2016-06-21",86.44
"2016-06-22",85.99
"2016-06-23",87.28
"2016-06-24",84.18
"2016-06-27",80.84
"2016-06-28",82.91
"2016-06-29",84.49
"2016-06-30",86.46
"2016-07-01",85.34
"2016-07-05",84.19
"2016-07-06",82.98
"2016-07-07",83.4
"2016-07-08",85.6
"2016-07-11",85.23
"2016-07-12",84.99
"2016-07-13",84.41
"2016-07-14",84.69
"2016-07-15",84.04
"2016-07-18",83.41
"2016-07-19",83.12
"2016-07-20",84.33
"2016-07-21",82.82
"2016-07-22",83.47
"2016-07-25",84.19
"2016-07-26",83.95
"2016-07-27",83.99
"2016-07-28",84.25
"2016-07-29",86.61
"2016-08-01",85.62
"2016-08-02",84.23
"2016-08-03",84.86
"2016-08-04",84.1
"2016-08-05",84.72
"2016-08-08",84.41
"2016-08-09",84.88
"2016-08-10",84.59
"2016-08-11",84.67
"2016-08-12",83.25
"2016-08-15",81.81
"2016-08-16",75.97
"2016-08-17",75.22
"2016-08-18",74.2
"2016-08-19",75.05
"2016-08-22",75.17
"2016-08-23",75.38
"2016-08-24",74.43
"2016-08-25",75.02
"2016-08-26",75.01
"2016-08-29",74.54
"2016-08-30",74.32
"2016-08-31",74.45
"2016-09-01",74.81
"2016-09-02",79.02
"2016-09-06",76.2
"2016-09-07",77.08
"2016-09-08",76.45
"2016-09-09",74.86
"2016-09-12",76.21
"2016-09-13",75.38
"2016-09-14",75.77
"2016-09-15",77.21
"2016-09-16",76.88
"2016-09-19",77.2
"2016-09-20",77.67
"2016-09-21",78.92
"2016-09-22",78.48
"2016-09-23",78.53
"2016-09-26",78.23
"2016-09-27",78.64
"2016-09-28",79.42
"2016-09-29",78.21
"2016-09-30",78.24
"2016-10-03",78.83
"2016-10-04",78.04
"2016-10-05",77.85
"2016-10-06",77.28
"2016-10-07",76.36
"2016-10-10",76.57
"2016-10-11",75.47
"2016-10-12",76.25
"2016-10-13",75.21
"2016-10-14",75.71
"2016-10-17",75.2
"2016-10-18",75.69
"2016-10-19",75.9
"2016-10-20",76.56
"2016-10-21",81.56
"2016-10-24",81.37
"2016-10-25",79.64
"2016-10-26",79.22
"2016-10-27",80.76
"2016-10-28",84.63
"2016-10-31",84.02
"2016-11-01",83.09
"2016-11-02",80.83
"2016-11-03",80.39
"2016-11-04",79.77
"2016-11-07",81.88
"2016-11-08",81.48
"2016-11-09",82.05
"2016-11-10",81.05
"2016-11-11",81.36
"2016-11-14",78.81
"2016-11-15",78.75
"2016-11-16",79.69
"2016-11-17",80.97
"2016-11-18",80.04
"2016-11-21",80.67
"2016-11-22",79.9
"2016-11-23",79.79
"2016-11-25",81.22
"2016-11-28",80.13
"2016-11-29",79.12
"2016-11-30",78.85
"2016-12-01",77.57
"2016-12-02",78.35
"2016-12-05",79.46
"2016-12-06",79.81
"2016-12-07",80.16
"2016-12-08",81.61
"2016-12-09",82.13
"2016-12-12",79.53
"2016-12-13",79.92
"2016-12-14",79.12
"2016-12-15",78.96
"2016-12-16",77.9
"2016-12-19",78.09
"2016-12-20",79.36
"2016-12-21",77.9
"2016-12-22",76.56
"2016-12-23",76.47
"2016-12-27",76.75
"2016-12-28",76.99
"2016-12-29",75.98
"2016-12-30",76.07
"2017-01-03",77.31
"2017-01-04",78.96
"2017-01-05",79.8
"2017-01-06",80.85
"2017-01-09",81.82
"2017-01-10",79.25
"2017-01-11",80.9
"2017-01-12",81.
"2017-01-13",80.8
"2017-01-17",80.31
"2017-01-18",80.62
"2017-01-19",80.38
"2017-01-20",80.42
"2017-01-23",80.18
"2017-01-24",80.55
"2017-01-25",81.31
"2017-01-26",81.55
"2017-01-27",81.22
"2017-01-30",80.84
"2017-01-31",80.21
"2017-02-01",80.23
"2017-02-02",81.7
"2017-02-03",82.11
"2017-02-06",82.18
"2017-02-07",82.26
"2017-02-08",82.57
"2017-02-09",82.52
"2017-02-10",83.14
"2017-02-13",82.9
"2017-02-14",82.68
"2017-02-15",82.85
"2017-02-16",81.92
"2017-02-17",82.3
"2017-02-21",82.98
"2017-02-22",82.19
"2017-02-23",82.4
"2017-02-24",83.31
"2017-02-27",82.54
"2017-02-28",82.47
"2017-03-01",84.12
"2017-03-02",83.62
"2017-03-03",84.04
"2017-03-06",84.15
"2017-03-07",83.66
"2017-03-08",84.89
"2017-03-09",84.85
"2017-03-10",85.48
"2017-03-13",86.34
"2017-03-14",86.13
"2017-03-15",86.95
"2017-03-16",87.44
"2017-03-17",86.25
"2017-03-20",86.57
"2017-03-21",86.44
"2017-03-22",86.94
"2017-03-23",87.39
"2017-03-24",87.19
"2017-03-27",86.97
"2017-03-28",86.87
"2017-03-29",87.18
"2017-03-30",87.19
"2017-03-31",87.11
"2017-04-03",87.63
"2017-04-04",87.3
"2017-04-05",87.67
"2017-04-06",87.26
"2017-04-07",87.26
"2017-04-10",87.11
"2017-04-11",87.91
"2017-04-12",87.94
"2017-04-13",87.68
"2017-04-17",88.84
"2017-04-18",88.42
"2017-04-19",88.82
"2017-04-20",88.71
"2017-04-21",88.45
"2017-04-24",88.5
"2017-04-25",89.28
"2017-04-26",88.84
"2017-04-27",88.53
"2017-04-28",88.92
"2017-05-01",89.74
"2017-05-02",90.84
"2017-05-03",90.5
"2017-05-04",90.56
"2017-05-05",89.6
"2017-05-08",89.22
"2017-05-09",89.
"2017-05-10",90.55
"2017-05-11",89.42
"2017-05-12",89.11
"2017-05-15",90.11
"2017-05-16",89.93
"2017-05-17",88.07
"2017-05-18",88.55
"2017-05-19",89.19
"2017-05-22",89.93
"2017-05-23",89.05
"2017-05-24",90.1
"2017-05-25",90.67
"2017-05-26",90.14
"2017-05-30",90.64
"2017-05-31",90.16
"2017-06-01",92.28
"2017-06-02",92.55
"2017-06-05",92.52
"2017-06-06",92.07
"2017-06-07",92.26
"2017-06-08",92.95
"2017-06-09",92.33
"2017-06-12",91.11
"2017-06-13",91.6
"2017-06-14",91.66
"2017-06-15",92.19
"2017-06-16",92.46
"2017-06-19",93.65
"2017-06-20",92.65
"2017-06-21",93.23
"2017-06-22",93.52
"2017-06-23",93.96
"2017-06-26",93.56
"2017-06-27",92.8
"2017-06-28",93.77
"2017-06-29",93.51
"2017-06-30",92.96
"2017-07-03",93.9
"2017-07-05",94.44
"2017-07-06",93.25
"2017-07-07",94.42
"2017-07-10",95.29
"2017-07-11",95.61
"2017-07-12",96.87
"2017-07-13",97.18
"2017-07-14",96.92
"2017-07-17",98.
"2017-07-18",98.43
"2017-07-19",98.61
"2017-07-20",98.84
"2017-07-21",98.95
"2017-07-24",99.96
"2017-07-25",100.98
"2017-07-26",101.82
"2017-07-27",101.95
"2017-07-28",102.5
"2017-07-31",101.17
"2017-08-01",99.37
"2017-08-02",99.41
"2017-08-03",100.05
"2017-08-04",99.31
"2017-08-07",99.32
"2017-08-08",98.73
"2017-08-09",99.77
"2017-08-10",97.74
"2017-08-11",97.95
"2017-08-14",98.85
"2017-08-15",98.57
"2017-08-16",99.23
"2017-08-17",97.93
"2017-08-18",98.2
"2017-08-21",98.96
"2017-08-22",100.24
"2017-08-23",101.02
"2017-08-24",101.5
"2017-08-25",101.44
"2017-08-28",102.21
"2017-08-29",101.62
"2017-08-30",102.52
"2017-08-31",103.75
"2017-09-01",103.94
"2017-09-05",102.54
"2017-09-06",102.79
"2017-09-07",103.48
"2017-09-08",103.31
"2017-09-11",104.65
"2017-09-12",103.73
"2017-09-13",103.32
"2017-09-14",103.39
"2017-09-15",104.39
"2017-09-18",105.08
"2017-09-19",105.41
"2017-09-20",105.89
"2017-09-21",105.77
"2017-09-22",104.58
"2017-09-25",103.35
"2017-09-26",104.22
"2017-09-27",104.72
"2017-09-28",105.62
"2017-09-29",106.39
"2017-10-02",106.49
"2017-10-03",107.99
"2017-10-04",108.57
"2017-10-05",108.92
"2017-10-06",109.92
"2017-10-09",109.77
"2017-10-10",108.12
"2017-10-11",108.29
"2017-10-12",108.
"2017-10-13",108.22
"2017-10-16",108.46
"2017-10-17",108.55
"2017-10-18",109.26
"2017-10-19",108.19
"2017-10-20",108.94
"2017-10-23",107.96
"2017-10-24",108.89
"2017-10-25",107.75
"2017-10-26",109.2
"2017-10-27",109.07
"2017-10-30",107.58
"2017-10-31",107.52
"2017-11-01",108.86
"2017-11-02",109.38
"2017-11-03",108.49
"2017-11-06",109.85
"2017-11-07",109.1
"2017-11-08",109.97
"2017-11-09",109.42
"2017-11-10",109.75
"2017-11-13",111.18
"2017-11-14",111.17
"2017-11-15",110.42
"2017-11-16",112.97
"2017-11-17",113.75
"2017-11-20",115.18
"2017-11-21",116.06
"2017-11-22",115.77
"2017-11-24",117.24
"2017-11-27",117.09
"2017-11-28",117.01
"2017-11-29",114.74
"2017-11-30",115.1
"2017-12-01",114.96
"2017-12-04",112.56
"2017-12-05",112.44
"2017-12-06",112.4
"2017-12-07",112.82
"2017-12-08",112.98
"2017-12-11",114.32
"2017-12-12",114.37
"2017-12-13",113.78
"2017-12-14",114.14
"2017-12-15",115.03
"2017-12-18",116.1
"2017-12-19",115.55
"2017-12-20",116.01
"2017-12-21",114.19
"2017-12-22",113.99
"2017-12-26",113.91
"2017-12-27",114.38
"2017-12-28",115.5
"2017-12-29",114.44
"2018-01-02",109.47
"2018-01-03",110.9
"2018-01-04",111.47
"2018-01-05",113.
"2018-01-08",114.31
"2018-01-09",112.97
"2018-01-10",111.96
"2018-01-11",112.23
"2018-01-12",113.61
"2018-01-16",112.65
"2018-01-17",114.
"2018-01-18",114.54
"2018-01-19",114.48
"2018-01-22",114.46
"2018-01-23",115.77
"2018-01-24",115.77
"2018-01-25",115.99
"2018-01-26",115.31
"2018-01-29",112.41
"2018-01-30",112.15
"2018-01-31",114.92
"2018-02-01",114.7
"2018-02-02",112.51
"2018-02-05",108.73
"2018-02-06",109.41
"2018-02-07",109.11
"2018-02-08",105.62
"2018-02-09",109.09
"2018-02-12",111.03
"2018-02-13",110.57
"2018-02-14",113.98
"2018-02-15",116.35
"2018-02-16",120.55
"2018-02-20",116.34
"2018-02-21",115.7
"2018-02-22",114.92
"2018-02-23",117.64
"2018-02-26",117.25
"2018-02-27",116.41
"2018-02-28",116.02
"2018-03-01",115.02
"2018-03-02",115.78
"2018-03-05",117.26
"2018-03-06",117.45
"2018-03-07",117.93
"2018-03-08",118.35
"2018-03-09",120.46
"2018-03-12",120.24
"2018-03-13",120.51
"2018-03-14",123.01
"2018-03-15",125.31
"2018-03-16",125.92
"2018-03-19",124.22
"2018-03-20",125.2
"2018-03-21",124.6
"2018-03-22",122.65
"2018-03-23",119.48
"2018-03-26",121.47
"2018-03-27",117.48
"2018-03-28",116.4
"2018-03-29",118.56
"2018-04-02",115.74
"2018-04-03",117.15
"2018-04-04",117.84
"2018-04-05",119.22
"2018-04-06",117.69
"2018-04-09",118.3
"2018-04-10",120.53
"2018-04-11",120.39
"2018-04-12",121.71
"2018-04-13",122.
"2018-04-16",123.79
"2018-04-17",125.76
"2018-04-18",126.64
"2018-04-19",125.19
"2018-04-20",124.79
"2018-04-23",123.88
"2018-04-24",118.
"2018-04-25",118.61
"2018-04-26",120.9
"2018-04-27",118.3
"2018-04-30",117.42
"2018-05-01",117.94
"2018-05-02",118.05
"2018-05-03",120.
"2018-05-04",122.31
"2018-05-07",122.42
"2018-05-08",122.67
"2018-05-09",123.33
"2018-05-10",124.59
"2018-05-11",125.65
"2018-05-14",126.65
"2018-05-15",126.66
"2018-05-16",127.12
"2018-05-17",127.36
"2018-05-18",127.67
"2018-05-21",128.32
"2018-05-22",127.84
"2018-05-23",128.21
"2018-05-24",128.17
"2018-05-25",128.51
"2018-05-29",128.89
"2018-05-30",130.74
"2018-05-31",130.44
"2018-06-01",132.57
"2018-06-04",134.87
"2018-06-05",135.83
"2018-06-06",137.11
"2018-06-07",136.54
"2018-06-08",137.87
"2018-06-11",137.9
"2018-06-12",139.91
"2018-06-13",139.34
"2018-06-14",141.22
"2018-06-15",142.27
"2018-06-18",145.19
"2018-06-19",143.47
"2018-06-20",142.3
"2018-06-21",140.32
"2018-06-22",138.68
"2018-06-25",135.72
"2018-06-26",136.58
"2018-06-27",135.4
"2018-06-28",137.65
"2018-06-29",137.42
"2018-07-02",140.22
"2018-07-03",138.66
"2018-07-05",140.99
"2018-07-06",141.91
"2018-07-09",143.04
"2018-07-10",143.5
"2018-07-11",144.71
"2018-07-12",147.18
"2018-07-13",147.58
"2018-07-16",147.94
"2018-07-17",149.79
"2018-07-18",149.02
"2018-07-19",148.08
"2018-07-20",149.09
"2018-07-23",149.13
"2018-07-24",148.43
"2018-07-25",151.19
"2018-07-26",151.95
"2018-07-27",150.26
"2018-07-30",145.43
"2018-07-31",145.23
"2018-08-01",148.06
"2018-08-02",150.98
"2018-08-03",151.
"2018-08-06",152.06
"2018-08-07",152.3
"2018-08-08",152.16
"2018-08-09",153.35
"2018-08-10",152.92
"2018-08-13",152.54
"2018-08-14",154.
"2018-08-15",153.46
"2018-08-16",152.7
"2018-08-17",150.75
"2018-08-20",152.04
"2018-08-21",152.46
"2018-08-22",153.34
"2018-08-23",154.35
"2018-08-24",156.08
"2018-08-27",157.65
"2018-08-28",159.12
"2018-08-29",158.78
"2018-08-30",158.11
"2018-08-31",158.61
"2018-09-04",159.24
"2018-09-05",156.38
"2018-09-06",158.14
"2018-09-07",157.8
"2018-09-10",161.56
"2018-09-11",161.62
"2018-09-12",161.31
"2018-09-13",162.12
"2018-09-14",163.65
"2018-09-17",161.41
"2018-09-18",162.93
"2018-09-19",159.09
"2018-09-20",160.2
"2018-09-21",159.81
"2018-09-24",158.96
"2018-09-25",160.49
"2018-09-26",158.92
"2018-09-27",159.14
"2018-09-28",160.12
"2018-10-01",159.93
"2018-10-02",157.52
"2018-10-03",157.78
"2018-10-04",155.21
"2018-10-05",154.13
"2018-10-08",150.78
"2018-10-09",148.02
"2018-10-10",140.9
"2018-10-11",139.12
"2018-10-12",143.98
"2018-10-15",142.51
"2018-10-16",146.79
"2018-10-17",145.89
"2018-10-18",142.2
"2018-10-19",141.39
"2018-10-22",143.47
"2018-10-23",141.11
"2018-10-24",133.91
"2018-10-25",135.84
"2018-10-26",138.67
"2018-10-29",135.32
"2018-10-30",138.66
"2018-10-31",142.54
"2018-11-01",140.8
"2018-11-02",165.02
"2018-11-05",160.8
"2018-11-06",157.15
"2018-11-07",159.85
"2018-11-08",160.13
"2018-11-09",160.1
"2018-11-12",153.3
"2018-11-13",152.61
