"2003-01-31",50.48
"2003-02-03",49.85
"2003-02-04",50.45
"2003-02-05",50.44
"2003-02-06",50.4
"2003-02-07",50.26
"2003-02-10",50.43
"2003-02-11",49.98
"2003-02-12",49.8
"2003-02-13",50.
"2003-02-14",50.4
"2003-02-18",50.65
"2003-02-19",50.5
"2003-02-20",50.72
"2003-02-21",50.73
"2003-02-24",50.
"2003-02-25",50.49
"2003-02-26",50.54
"2003-02-27",50.89
"2003-02-28",50.95
"2003-03-03",50.91
"2003-03-04",50.68
"2003-03-05",50.95
"2003-03-06",50.6
"2003-03-07",50.81
"2003-03-10",50.42
"2003-03-11",50.8
"2003-03-12",50.59
"2003-03-13",51.1
"2003-03-14",51.09
"2003-03-17",51.7
"2003-03-18",51.4
"2003-03-19",52.5
"2003-03-20",52.7
"2003-03-21",54.9
"2003-03-24",53.15
"2003-03-25",53.57
"2003-03-26",53.4
"2003-03-27",53.
"2003-03-28",52.61
"2003-03-31",52.25
"2003-04-01",53.85
"2003-04-02",54.73
"2003-04-03",54.
"2003-04-04",53.65
"2003-04-07",54.5
"2003-04-08",54.1
"2003-04-09",54.65
"2003-04-10",54.12
"2003-04-11",53.79
"2003-04-14",54.49
"2003-04-15",54.1
"2003-04-16",55.17
"2003-04-17",55.25
"2003-04-21",55.34
"2003-04-22",56.48
"2003-04-23",56.63
"2003-04-24",55.9
"2003-04-25",55.36
"2003-04-28",55.2
"2003-04-29",55.35
"2003-04-30",54.97
"2003-05-01",56.48
"2003-05-02",56.45
"2003-05-05",56.65
"2003-05-06",57.59
"2003-05-07",57.17
"2003-05-08",56.97
"2003-05-09",57.3
"2003-05-12",57.25
"2003-05-13",57.57
"2003-05-14",57.02
"2003-05-15",57.08
"2003-05-16",57.
"2003-05-19",56.57
"2003-05-20",57.68
"2003-05-21",58.18
"2003-05-22",58.25
"2003-05-23",58.2
"2003-05-27",58.49
"2003-05-28",57.85
"2003-05-29",56.47
"2003-05-30",56.99
"2003-06-02",57.75
"2003-06-03",58.
"2003-06-04",58.55
"2003-06-05",58.5
"2003-06-06",58.77
"2003-06-09",58.51
"2003-06-10",59.32
"2003-06-11",59.37
"2003-06-12",58.63
"2003-06-13",57.97
"2003-06-16",58.34
"2003-06-17",58.18
"2003-06-18",57.91
"2003-06-19",57.55
"2003-06-20",57.49
"2003-06-23",56.62
"2003-06-24",57.45
"2003-06-25",57.84
"2003-06-26",56.7
"2003-06-27",57.25
"2003-06-30",57.25
"2003-07-01",58.25
"2003-07-02",58.66
"2003-07-03",59.
"2003-07-07",58.99
"2003-07-08",59.67
"2003-07-09",59.
"2003-07-10",58.61
"2003-07-11",59.44
"2003-07-14",59.41
"2003-07-15",59.4
"2003-07-16",59.37
"2003-07-17",57.8
"2003-07-18",58.3
"2003-07-21",57.65
"2003-07-22",57.73
"2003-07-23",57.4
"2003-07-24",58.17
"2003-07-25",58.81
"2003-07-28",59.25
"2003-07-29",59.95
"2003-07-30",61.28
"2003-07-31",60.6
"2003-08-01",60.04
"2003-08-04",60.12
"2003-08-05",60.2
"2003-08-06",60.47
"2003-08-07",60.9
"2003-08-08",61.11
"2003-08-11",61.63
"2003-08-12",61.48
"2003-08-13",60.91
"2003-08-14",62.1
"2003-08-15",61.5
"2003-08-18",61.75
"2003-08-19",61.49
"2003-08-20",62.4
"2003-08-21",63.5
"2003-08-22",63.
"2003-08-25",62.13
"2003-08-26",63.59
"2003-08-27",63.52
"2003-08-28",63.22
"2003-08-29",62.85
"2003-09-02",63.58
"2003-09-03",64.49
"2003-09-04",64.5
"2003-09-05",64.32
"2003-09-08",64.6
"2003-09-09",64.91
"2003-09-10",64.16
"2003-09-11",64.5
"2003-09-12",64.75
"2003-09-15",64.5
"2003-09-16",64.65
"2003-09-17",63.71
"2003-09-18",63.54
"2003-09-19",63.88
"2003-09-22",63.83
"2003-09-23",63.75
"2003-09-24",63.51
"2003-09-25",63.12
"2003-09-26",61.9
"2003-09-29",62.28
"2003-09-30",62.71
"2003-10-01",61.58
"2003-10-02",62.1
"2003-10-03",62.2
"2003-10-06",63.
"2003-10-07",62.62
"2003-10-08",62.7
"2003-10-09",63.72
"2003-10-10",63.37
"2003-10-13",63.51
"2003-10-14",63.78
"2003-10-15",63.62
"2003-10-16",63.35
"2003-10-17",63.08
"2003-10-20",63.15
"2003-10-21",63.42
"2003-10-22",62.4
"2003-10-23",62.15
"2003-10-24",61.05
"2003-10-27",61.95
"2003-10-28",62.02
"2003-10-29",61.99
"2003-10-30",60.85
"2003-10-31",59.88
"2003-11-03",61.32
"2003-11-04",61.47
"2003-11-05",61.35
"2003-11-06",62.51
"2003-11-07",61.97
"2003-11-10",61.71
"2003-11-11",61.5
"2003-11-12",62.72
"2003-11-13",62.8
"2003-11-14",62.88
"2003-11-17",62.75
"2003-11-18",62.17
"2003-11-19",62.1
"2003-11-20",62.28
"2003-11-21",62.5
"2003-11-24",62.53
"2003-11-25",63.1
"2003-11-26",63.75
"2003-11-28",63.95
"2003-12-01",64.7
"2003-12-02",64.98
"2003-12-03",64.8
"2003-12-04",64.62
"2003-12-05",64.67
"2003-12-08",65.11
"2003-12-09",65.17
"2003-12-10",64.9
"2003-12-11",65.49
"2003-12-12",66.08
"2003-12-15",65.25
"2003-12-16",64.75
"2003-12-17",64.88
"2003-12-18",64.85
"2003-12-19",65.15
"2003-12-22",65.64
"2003-12-23",65.35
"2003-12-24",65.73
"2003-12-26",65.88
"2003-12-29",64.99
"2003-12-30",65.01
"2003-12-31",64.22
"2004-01-02",64.14
"2004-01-05",63.35
"2004-01-06",62.99
"2004-01-07",62.78
"2004-01-08",62.73
"2004-01-09",62.58
"2004-01-12",62.
"2004-01-13",62.36
"2004-01-14",62.9
"2004-01-15",62.55
"2004-01-16",61.9
"2004-01-20",60.65
"2004-01-21",61.26
"2004-01-22",61.46
"2004-01-23",61.57
"2004-01-26",62.92
"2004-01-27",62.58
"2004-01-28",62.8
"2004-01-29",62.22
"2004-01-30",62.15
"2004-02-02",63.2
"2004-02-03",63.2
"2004-02-04",61.11
"2004-02-05",61.95
"2004-02-06",62.09
"2004-02-09",61.78
"2004-02-10",62.
"2004-02-11",63.8
"2004-02-12",63.25
"2004-02-13",62.45
"2004-02-17",62.73
"2004-02-18",62.05
"2004-02-19",61.8
"2004-02-20",62.35
"2004-02-23",62.33
"2004-02-24",62.47
"2004-02-25",62.9
"2004-02-26",63.05
"2004-02-27",62.97
"2004-03-01",63.8
"2004-03-02",63.9
"2004-03-03",63.96
"2004-03-04",64.75
"2004-03-05",65.56
"2004-03-08",65.46
"2004-03-09",65.6
"2004-03-10",65.55
"2004-03-11",64.65
"2004-03-12",65.83
"2004-03-15",64.95
"2004-03-16",65.
"2004-03-17",66.47
"2004-03-18",66.6
"2004-03-19",66.18
"2004-03-22",65.52
"2004-03-23",65.77
"2004-03-24",65.05
"2004-03-25",65.7
"2004-03-26",64.63
"2004-03-29",64.8
"2004-03-30",64.96
"2004-03-31",65.5
"2004-04-01",66.45
"2004-04-02",66.44
"2004-04-05",64.86
"2004-04-06",63.85
"2004-04-07",64.2
"2004-04-08",63.41
"2004-04-12",60.85
"2004-04-13",60.85
"2004-04-14",61.1
"2004-04-15",61.75
"2004-04-16",62.4
"2004-04-19",62.19
"2004-04-20",60.05
"2004-04-21",61.05
"2004-04-22",61.7
"2004-04-23",61.18
"2004-04-26",61.6
"2004-04-27",62.07
"2004-04-28",61.78
"2004-04-29",60.7
"2004-04-30",60.95
"2004-05-03",62.4
"2004-05-04",62.7
"2004-05-05",62.55
"2004-05-06",62.97
"2004-05-07",62.3
"2004-05-10",61.89
"2004-05-11",62.34
"2004-05-12",61.99
"2004-05-13",61.81
"2004-05-14",62.45
"2004-05-17",62.25
"2004-05-18",62.85
"2004-05-19",61.32
"2004-05-20",63.33
"2004-05-21",63.67
"2004-05-24",63.18
"2004-05-25",62.97
"2004-05-26",64.53
"2004-05-27",64.92
"2004-05-28",65.55
"2004-06-01",65.45
"2004-06-02",66.25
"2004-06-03",65.4
"2004-06-04",65.65
"2004-06-07",65.69
"2004-06-08",66.08
"2004-06-09",65.45
"2004-06-10",65.59
"2004-06-14",65.2
"2004-06-15",66.75
"2004-06-16",67.
"2004-06-17",68.2
"2004-06-18",67.75
"2004-06-21",68.8
"2004-06-22",68.94
"2004-06-23",69.07
"2004-06-24",68.92
"2004-06-25",69.22
"2004-06-28",68.6
"2004-06-29",67.44
"2004-06-30",68.35
"2004-07-01",68.25
"2004-07-02",69.4
"2004-07-06",68.95
"2004-07-07",69.34
"2004-07-08",68.25
"2004-07-09",67.8
"2004-07-12",68.25
"2004-07-13",67.95
"2004-07-14",68.6
"2004-07-15",69.29
"2004-07-16",68.51
"2004-07-19",68.95
"2004-07-20",69.72
"2004-07-21",68.67
"2004-07-22",67.4
"2004-07-23",66.7
"2004-07-26",66.46
"2004-07-27",66.36
"2004-07-28",66.78
"2004-07-29",66.65
"2004-07-30",65.9
"2004-08-02",65.9
"2004-08-03",67.11
"2004-08-04",67.97
"2004-08-05",67.26
"2004-08-06",67.14
"2004-08-09",67.35
"2004-08-10",67.79
"2004-08-11",68.78
"2004-08-12",66.65
"2004-08-13",66.69
"2004-08-16",68.3
"2004-08-17",69.37
"2004-08-18",70.8
"2004-08-19",69.51
"2004-08-20",71.
"2004-08-23",71.3
"2004-08-24",72.3
"2004-08-25",71.63
"2004-08-26",72.14
"2004-08-27",72.78
"2004-08-30",73.72
"2004-08-31",73.75
"2004-09-01",73.08
"2004-09-02",73.6
"2004-09-03",73.99
"2004-09-07",74.39
"2004-09-08",74.37
"2004-09-09",73.84
"2004-09-10",74.27
"2004-09-13",73.19
"2004-09-14",71.55
"2004-09-15",72.6
"2004-09-16",74.89
"2004-09-17",74.63
"2004-09-20",73.34
"2004-09-21",74.05
"2004-09-22",73.
"2004-09-23",72.04
"2004-09-24",71.9
"2004-09-27",71.51
"2004-09-28",71.71
"2004-09-29",71.7
"2004-09-30",71.85
"2004-10-01",73.05
"2004-10-04",73.35
"2004-10-05",74.43
"2004-10-06",75.3
"2004-10-07",74.
"2004-10-08",74.25
"2004-10-11",74.
"2004-10-12",75.11
"2004-10-13",74.63
"2004-10-14",75.7
"2004-10-15",76.15
"2004-10-18",76.76
"2004-10-19",76.8
"2004-10-20",77.08
"2004-10-21",78.57
"2004-10-22",77.53
"2004-10-25",77.18
"2004-10-26",78.57
"2004-10-27",79.05
"2004-10-28",78.76
"2004-10-29",78.46
"2004-11-01",79.06
"2004-11-02",79.
"2004-11-03",79.9
"2004-11-04",81.85
"2004-11-05",80.18
"2004-11-08",80.94
"2004-11-09",79.52
"2004-11-10",80.04
"2004-11-11",80.
"2004-11-12",81.72
"2004-11-15",83.7
"2004-11-16",82.15
"2004-11-17",79.63
"2004-11-18",79.84
"2004-11-19",78.1
"2004-11-22",80.38
"2004-11-23",80.61
"2004-11-24",81.94
"2004-11-26",81.3
"2004-11-29",80.63
"2004-11-30",80.53
"2004-12-01",80.81
"2004-12-02",80.4
"2004-12-03",81.29
"2004-12-06",82.78
"2004-12-07",81.46
"2004-12-08",82.35
"2004-12-09",83.14
"2004-12-10",84.35
"2004-12-13",84.46
"2004-12-14",84.76
"2004-12-15",85.11
"2004-12-16",83.58
"2004-12-17",84.5
"2004-12-20",83.61
"2004-12-21",84.54
"2004-12-22",84.54
"2004-12-23",83.55
"2004-12-27",82.8
"2004-12-28",83.2
"2004-12-29",82.63
"2004-12-30",82.5
"2004-12-31",83.8
"2005-01-03",82.77
"2005-01-04",81.02
"2005-01-05",78.09
"2005-01-06",77.7
"2005-01-07",77.19
"2005-01-10",75.8
"2005-01-11",74.54
"2005-01-12",73.58
"2005-01-13",73.38
"2005-01-14",75.43
"2005-01-18",76.29
"2005-01-19",76.36
"2005-01-20",76.22
"2005-01-21",76.01
"2005-01-24",75.2
"2005-01-25",73.
"2005-01-26",73.79
"2005-01-27",72.5
"2005-01-28",72.01
"2005-01-31",71.95
"2005-02-01",72.09
"2005-02-02",73.7
"2005-02-03",73.64
"2005-02-04",75.15
"2005-02-07",73.85
"2005-02-08",73.85
"2005-02-09",74.08
"2005-02-10",74.74
"2005-02-11",74.8
"2005-02-14",75.25
"2005-02-15",75.12
"2005-02-16",76.24
"2005-02-17",76.17
"2005-02-18",75.5
"2005-02-22",72.7
"2005-02-23",72.06
"2005-02-24",72.06
"2005-02-25",73.65
"2005-02-28",72.08
"2005-03-01",73.89
"2005-03-02",73.4
"2005-03-03",73.5
"2005-03-04",74.94
"2005-03-07",76.06
"2005-03-08",75.46
"2005-03-09",72.92
"2005-03-10",73.4
"2005-03-11",72.44
"2005-03-14",74.05
"2005-03-15",73.89
"2005-03-16",72.97
"2005-03-17",73.9
"2005-03-18",73.15
"2005-03-21",72.2
"2005-03-22",71.1
"2005-03-23",70.35
"2005-03-24",70.51
"2005-03-28",69.69
"2005-03-29",69.11
"2005-03-30",69.79
"2005-03-31",69.1
"2005-04-01",69.45
"2005-04-04",69.57
"2005-04-05",70.
"2005-04-06",70.17
"2005-04-07",71.02
"2005-04-08",70.89
"2005-04-11",71.
"2005-04-12",72.23
"2005-04-13",71.5
"2005-04-14",71.
"2005-04-15",71.05
"2005-04-18",71.3
"2005-04-19",71.93
"2005-04-20",70.75
"2005-04-21",71.34
"2005-04-22",71.93
"2005-04-25",73.98
"2005-04-26",73.79
"2005-04-27",74.8
"2005-04-28",74.02
"2005-04-29",75.95
"2005-05-02",75.95
"2005-05-03",74.64
"2005-05-04",74.75
"2005-05-05",77.07
"2005-05-06",77.6
"2005-05-09",79.2
"2005-05-10",79.25
"2005-05-11",79.65
"2005-05-12",79.11
"2005-05-13",78.53
"2005-05-16",79.35
"2005-05-17",79.78
"2005-05-18",80.6
"2005-05-19",81.37
"2005-05-20",82.28
"2005-05-23",81.5
"2005-05-24",80.4
"2005-05-25",79.05
"2005-05-26",78.29
"2005-05-27",78.9
"2005-05-31",80.
"2005-06-01",80.27
"2005-06-02",80.23
"2005-06-03",79.78
"2005-06-06",80.35
"2005-06-07",81.6
"2005-06-08",82.35
"2005-06-09",82.39
"2005-06-10",83.65
"2005-06-13",84.39
"2005-06-14",84.94
"2005-06-15",84.97
"2005-06-16",84.96
"2005-06-17",84.49
"2005-06-20",84.6
"2005-06-21",84.54
"2005-06-22",85.15
"2005-06-23",85.3
"2005-06-24",85.2
"2005-06-27",84.31
"2005-06-28",83.27
"2005-06-29",83.2
"2005-06-30",83.06
"2005-07-01",84.02
"2005-07-05",85.
"2005-07-06",84.97
"2005-07-07",85.38
"2005-07-08",87.25
"2005-07-11",88.95
"2005-07-12",89.33
"2005-07-13",88.65
"2005-07-14",87.3
"2005-07-15",87.5
"2005-07-18",87.57
"2005-07-19",88.7
"2005-07-20",89.75
"2005-07-21",88.3
"2005-07-22",89.09
"2005-07-25",89.98
"2005-07-26",91.44
"2005-07-27",91.6
"2005-07-28",92.6
"2005-07-29",91.86
"2005-08-01",92.25
"2005-08-02",92.85
"2005-08-03",92.17
"2005-08-04",91.95
"2005-08-05",86.8
"2005-08-08",83.4
"2005-08-09",84.
"2005-08-10",84.5
"2005-08-11",86.49
"2005-08-12",85.83
"2005-08-15",86.55
"2005-08-16",87.99
"2005-08-17",86.45
"2005-08-18",86.57
"2005-08-19",86.
"2005-08-22",85.87
"2005-08-23",86.48
"2005-08-24",86.7
"2005-08-25",87.15
"2005-08-26",86.6
"2005-08-29",86.49
"2005-08-30",85.98
"2005-08-31",87.95
"2005-09-01",89.1
"2005-09-02",88.15
"2005-09-06",90.99
"2005-09-07",90.02
"2005-09-08",90.37
"2005-09-09",90.88
"2005-09-12",90.8
"2005-09-13",90.06
"2005-09-14",90.17
"2005-09-15",90.74
"2005-09-16",90.59
"2005-09-19",90.2
"2005-09-20",89.8
"2005-09-21",88.17
"2005-09-22",89.25
"2005-09-23",88.99
"2005-09-26",89.45
"2005-09-27",89.65
"2005-09-28",86.9
"2005-09-29",89.01
"2005-09-30",90.
"2005-10-03",90.5
"2005-10-04",89.9
"2005-10-05",87.6
"2005-10-06",87.15
"2005-10-07",85.
"2005-10-10",83.74
"2005-10-11",82.2
"2005-10-12",81.43
"2005-10-13",81.21
"2005-10-14",83.
"2005-10-17",83.85
"2005-10-18",82.89
"2005-10-19",84.7
"2005-10-20",84.
"2005-10-21",85.25
"2005-10-24",87.39
"2005-10-25",87.4
"2005-10-26",87.19
"2005-10-27",86.82
"2005-10-28",88.16
"2005-10-31",89.88
"2005-11-01",88.82
"2005-11-02",90.1
"2005-11-03",89.8
"2005-11-04",89.94
"2005-11-07",89.39
"2005-11-08",88.2
"2005-11-09",89.29
"2005-11-10",91.25
"2005-11-11",91.89
"2005-11-14",92.35
"2005-11-15",91.94
"2005-11-16",90.85
"2005-11-17",91.75
"2005-11-18",92.16
"2005-11-21",92.23
"2005-11-22",92.47
"2005-11-23",92.45
"2005-11-25",92.93
"2005-11-28",91.9
"2005-11-29",92.08
"2005-11-30",91.7
"2005-12-01",92.02
"2005-12-02",92.03
"2005-12-05",91.88
"2005-12-06",92.41
"2005-12-07",92.25
"2005-12-08",92.09
"2005-12-09",92.18
"2005-12-12",92.1
"2005-12-13",92.37
"2005-12-14",92.17
"2005-12-15",91.53
"2005-12-16",91.3
"2005-12-19",90.69
"2005-12-20",91.
"2005-12-21",91.65
"2005-12-22",92.04
"2005-12-23",93.15
"2005-12-27",92.75
"2005-12-28",92.77
"2005-12-29",91.94
"2005-12-30",92.2
"2006-01-03",94.42
"2006-01-04",95.15
"2006-01-05",96.
"2006-01-06",96.
"2006-01-09",96.39
"2006-01-10",97.3
"2006-01-11",97.79
"2006-01-12",97.95
"2006-01-13",97.
"2006-01-17",97.3
"2006-01-18",96.3
"2006-01-19",98.35
"2006-01-20",97.55
"2006-01-23",97.9
"2006-01-24",99.17
"2006-01-25",98.97
"2006-01-26",99.15
"2006-01-27",100.
"2006-01-30",98.62
"2006-01-31",99.38
"2006-02-01",99.93
"2006-02-02",100.
"2006-02-03",98.54
"2006-02-06",99.32
"2006-02-07",98.5
"2006-02-08",97.85
"2006-02-09",97.4
"2006-02-10",99.
"2006-02-13",98.4
"2006-02-14",98.4
"2006-02-15",99.5
"2006-02-16",99.95
"2006-02-17",101.1
"2006-02-21",100.64
"2006-02-22",101.1
"2006-02-23",100.16
"2006-02-24",100.3
"2006-02-27",99.97
"2006-02-28",99.65
"2006-03-01",100.
"2006-03-02",99.4
"2006-03-03",99.55
"2006-03-06",101.41
"2006-03-07",100.86
"2006-03-08",101.75
"2006-03-09",104.98
"2006-03-10",105.5
"2006-03-13",104.4
"2006-03-14",104.5
"2006-03-15",106.99
"2006-03-16",108.53
"2006-03-17",111.1
"2006-03-20",109.5
"2006-03-21",108.48
"2006-03-22",107.8
"2006-03-23",107.82
"2006-03-24",107.7
"2006-03-27",107.02
"2006-03-28",108.71
"2006-03-29",109.12
"2006-03-30",107.5
"2006-03-31",108.73
"2006-04-03",106.7
"2006-04-04",106.05
"2006-04-05",106.83
"2006-04-06",106.93
"2006-04-07",105.15
"2006-04-10",104.42
"2006-04-11",102.55
"2006-04-12",102.55
"2006-04-13",101.5
"2006-04-17",101.01
"2006-04-18",103.7
"2006-04-19",106.25
"2006-04-20",107.59
"2006-04-21",108.07
"2006-04-24",107.78
"2006-04-25",107.99
"2006-04-26",108.85
"2006-04-27",109.29
"2006-04-28",109.1
"2006-05-01",108.
"2006-05-02",106.38
"2006-05-03",105.99
"2006-05-04",108.04
"2006-05-05",109.25
"2006-05-08",107.82
"2006-05-09",107.56
"2006-05-10",107.6
"2006-05-11",105.01
"2006-05-12",104.24
"2006-05-15",104.9
"2006-05-16",105.51
"2006-05-17",104.2
"2006-05-18",103.89
"2006-05-19",104.55
"2006-05-22",105.02
"2006-05-23",105.27
"2006-05-24",105.81
"2006-05-25",107.62
"2006-05-26",108.56
"2006-05-30",107.22
"2006-05-31",106.5
"2006-06-01",108.07
"2006-06-02",107.99
"2006-06-05",107.77
"2006-06-06",106.46
"2006-06-07",106.68
"2006-06-08",105.3
"2006-06-09",107.01
"2006-06-12",106.29
"2006-06-13",105.73
"2006-06-14",104.75
"2006-06-15",106.
"2006-06-16",105.35
"2006-06-19",104.8
"2006-06-20",104.1
"2006-06-21",105.64
"2006-06-22",105.75
"2006-06-23",105.6
"2006-06-26",106.35
"2006-06-27",106.12
"2006-06-28",107.21
"2006-06-29",109.24
"2006-06-30",111.66
"2006-07-03",113.29
"2006-07-05",114.8
"2006-07-06",114.9
"2006-07-07",113.94
"2006-07-10",115.16
"2006-07-11",115.46
"2006-07-12",117.29
"2006-07-13",116.2
"2006-07-14",113.87
"2006-07-17",114.15
"2006-07-18",115.4
"2006-07-19",116.71
"2006-07-20",115.78
"2006-07-21",112.88
"2006-07-24",114.88
"2006-07-25",115.22
"2006-07-26",115.85
"2006-07-27",115.85
"2006-07-28",116.8
"2006-07-31",117.09
"2006-08-01",116.6
"2006-08-02",117.12
"2006-08-03",119.15
"2006-08-04",121.5
"2006-08-07",119.61
"2006-08-08",117.82
"2006-08-09",117.
"2006-08-10",116.26
"2006-08-11",114.72
"2006-08-14",116.14
"2006-08-15",117.25
"2006-08-16",118.44
"2006-08-17",118.01
"2006-08-18",118.8
"2006-08-21",119.91
"2006-08-22",120.54
"2006-08-23",119.45
"2006-08-24",121.22
"2006-08-25",121.8
"2006-08-28",123.4
"2006-08-29",122.7
"2006-08-30",125.54
"2006-08-31",125.47
"2006-09-01",123.75
"2006-09-05",125.55
"2006-09-06",124.46
"2006-09-07",123.59
"2006-09-08",125.24
"2006-09-11",124.29
"2006-09-12",126.41
"2006-09-13",127.3
"2006-09-14",127.4
"2006-09-15",126.58
"2006-09-18",124.93
"2006-09-19",124.64
"2006-09-20",123.7
"2006-09-21",121.73
"2006-09-22",122.26
"2006-09-25",121.45
"2006-09-26",121.75
"2006-09-27",122.57
"2006-09-28",121.26
"2006-09-29",121.4
"2006-10-02",121.2
"2006-10-03",122.9
"2006-10-04",124.41
"2006-10-05",125.45
"2006-10-06",123.51
"2006-10-09",124.93
"2006-10-10",124.4
"2006-10-11",123.7
"2006-10-12",125.4
"2006-10-13",126.89
"2006-10-16",127.65
"2006-10-17",126.54
"2006-10-18",127.3
"2006-10-19",126.2
"2006-10-20",126.59
"2006-10-23",128.01
"2006-10-24",126.87
"2006-10-25",127.66
"2006-10-26",129.47
"2006-10-27",130.4
"2006-10-30",132.29
"2006-10-31",133.28
"2006-11-01",131.94
"2006-11-02",129.05
"2006-11-03",127.4
"2006-11-06",128.6
"2006-11-07",127.53
"2006-11-08",127.97
"2006-11-09",127.64
"2006-11-10",127.94
"2006-11-13",127.21
"2006-11-14",128.18
"2006-11-15",127.38
"2006-11-16",128.35
"2006-11-17",127.81
"2006-11-20",132.62
"2006-11-21",133.2
"2006-11-22",131.95
"2006-11-24",133.47
"2006-11-27",128.53
"2006-11-28",127.5
"2006-11-29",130.17
"2006-11-30",132.04
"2006-12-01",131.75
"2006-12-04",132.8
"2006-12-05",133.
"2006-12-06",131.8
"2006-12-07",131.72
"2006-12-08",131.
"2006-12-11",131.97
"2006-12-12",131.58
"2006-12-13",130.7
"2006-12-14",130.61
"2006-12-15",129.4
"2006-12-18",129.2
"2006-12-19",126.95
"2006-12-20",128.02
"2006-12-21",127.75
"2006-12-22",126.04
"2006-12-26",126.8
"2006-12-27",127.75
"2006-12-28",127.35
"2006-12-29",129.25
"2007-01-02",129.25
"2007-01-03",129.25
"2007-01-04",129.12
"2007-01-05",127.52
"2007-01-08",126.5
"2007-01-09",128.45
"2007-01-10",130.85
"2007-01-11",131.47
"2007-01-12",132.98
"2007-01-16",136.34
"2007-01-17",136.16
"2007-01-18",136.3
"2007-01-19",137.47
"2007-01-22",136.23
"2007-01-23",138.32
"2007-01-24",138.9
"2007-01-25",141.2
"2007-01-26",141.97
"2007-01-29",142.
"2007-01-30",143.26
"2007-01-31",144.34
"2007-02-01",145.07
"2007-02-02",145.51
"2007-02-05",145.47
"2007-02-06",145.84
"2007-02-07",146.25
"2007-02-08",146.4
"2007-02-09",145.
"2007-02-12",141.76
"2007-02-13",145.15
"2007-02-14",144.
"2007-02-15",145.21
"2007-02-16",144.23
"2007-02-20",145.8
"2007-02-21",145.24
"2007-02-22",144.5
"2007-02-23",141.39
"2007-02-26",140.
"2007-02-27",137.01
"2007-02-28",138.89
"2007-03-01",136.39
"2007-03-02",132.88
"2007-03-05",126.12
"2007-03-06",129.08
"2007-03-07",125.08
"2007-03-08",127.31
"2007-03-09",129.35
"2007-03-12",129.83
"2007-03-13",127.71
"2007-03-14",128.33
"2007-03-15",129.84
"2007-03-16",128.46
"2007-03-19",130.64
"2007-03-20",131.55
"2007-03-21",133.37
"2007-03-22",134.22
"2007-03-23",135.03
"2007-03-26",132.16
"2007-03-27",129.26
"2007-03-28",128.
"2007-03-29",127.87
"2007-03-30",129.48
"2007-04-02",130.
"2007-04-03",130.78
"2007-04-04",130.72
"2007-04-05",130.26
"2007-04-09",129.8
"2007-04-10",129.65
"2007-04-11",127.05
"2007-04-12",125.72
"2007-04-13",126.79
"2007-04-16",126.55
"2007-04-17",129.15
"2007-04-18",128.73
"2007-04-19",128.5
"2007-04-20",129.75
"2007-04-23",131.85
"2007-04-24",131.24
"2007-04-25",131.62
"2007-04-26",132.31
"2007-04-27",132.66
"2007-04-30",128.86
"2007-05-01",127.57
"2007-05-02",126.59
"2007-05-03",130.25
"2007-05-04",127.3
"2007-05-07",127.14
"2007-05-08",125.84
"2007-05-09",126.73
"2007-05-10",125.38
"2007-05-11",127.58
"2007-05-14",127.67
"2007-05-15",125.01
"2007-05-16",122.75
"2007-05-17",120.26
"2007-05-18",119.23
"2007-05-21",120.67
"2007-05-22",122.62
"2007-05-23",121.32
"2007-05-24",118.77
"2007-05-25",122.4
"2007-05-29",126.55
"2007-05-30",129.
"2007-05-31",127.23
"2007-06-01",126.7
"2007-06-04",126.2
"2007-06-05",123.01
"2007-06-06",122.32
"2007-06-07",118.41
"2007-06-08",120.42
"2007-06-11",119.47
"2007-06-12",117.14
"2007-06-13",122.12
"2007-06-14",120.69
"2007-06-15",121.26
"2007-06-18",119.23
"2007-06-19",120.5
"2007-06-20",117.34
"2007-06-21",117.99
"2007-06-22",118.66
"2007-06-25",117.46
"2007-06-26",116.35
"2007-06-27",118.82
"2007-06-28",117.37
"2007-06-29",116.3
"2007-07-02",118.22
"2007-07-03",117.84
"2007-07-05",120.11
"2007-07-06",120.22
"2007-07-09",118.82
"2007-07-10",115.71
"2007-07-11",115.84
"2007-07-12",118.14
"2007-07-13",119.53
"2007-07-16",119.47
"2007-07-17",119.52
"2007-07-18",118.77
"2007-07-19",120.14
"2007-07-20",117.98
"2007-07-23",116.01
"2007-07-24",113.66
"2007-07-25",112.67
"2007-07-26",109.49
"2007-07-27",107.81
"2007-07-30",108.3
"2007-07-31",107.58
"2007-08-01",110.67
"2007-08-02",110.5
"2007-08-03",107.39
"2007-08-06",107.8
"2007-08-07",109.29
"2007-08-08",112.85
"2007-08-09",112.26
"2007-08-10",110.3
"2007-08-13",108.87
"2007-08-14",105.9
"2007-08-15",104.28
"2007-08-16",106.15
"2007-08-17",110.5
"2007-08-20",113.3
"2007-08-21",116.65
"2007-08-22",116.45
"2007-08-23",116.73
"2007-08-24",115.68
"2007-08-27",114.28
"2007-08-28",110.43
"2007-08-29",113.03
"2007-08-30",114.24
"2007-08-31",117.79
"2007-09-04",117.91
"2007-09-05",115.84
"2007-09-06",114.76
"2007-09-07",112.5
"2007-09-10",111.53
"2007-09-11",112.68
"2007-09-12",112.53
"2007-09-13",114.3
"2007-09-14",115.1
"2007-09-17",114.83
"2007-09-18",118.43
"2007-09-19",119.77
"2007-09-20",116.6
"2007-09-21",116.1
"2007-09-24",118.
"2007-09-25",116.39
"2007-09-26",117.34
"2007-09-27",117.94
"2007-09-28",117.57
"2007-10-01",119.25
"2007-10-02",122.99
"2007-10-03",123.07
"2007-10-04",125.29
"2007-10-05",126.92
"2007-10-08",125.56
"2007-10-09",126.4
"2007-10-10",126.29
"2007-10-11",124.99
"2007-10-12",123.5
"2007-10-15",119.71
"2007-10-16",117.89
"2007-10-17",116.34
"2007-10-18",116.23
"2007-10-19",114.
"2007-10-22",114.58
"2007-10-23",117.88
"2007-10-24",117.84
"2007-10-25",118.36
"2007-10-26",122.33
"2007-10-29",121.62
"2007-10-30",122.74
"2007-10-31",123.43
"2007-11-01",115.1
"2007-11-02",111.7
"2007-11-05",108.79
"2007-11-06",108.18
"2007-11-07",104.54
"2007-11-08",103.5
"2007-11-09",103.07
"2007-11-12",102.86
"2007-11-13",108.55
"2007-11-14",106.59
"2007-11-15",106.8
"2007-11-16",104.17
"2007-11-19",103.56
"2007-11-20",101.81
"2007-11-21",102.29
"2007-11-23",104.1
"2007-11-26",99.28
"2007-11-27",100.25
"2007-11-28",101.57
"2007-11-29",101.49
"2007-11-30",103.74
"2007-12-03",101.67
"2007-12-04",98.91
"2007-12-05",102.02
"2007-12-06",105.98
"2007-12-07",105.44
"2007-12-10",107.13
"2007-12-11",101.48
"2007-12-12",100.66
"2007-12-13",99.95
"2007-12-14",98.5
"2007-12-17",96.74
"2007-12-18",98.08
"2007-12-19",99.03
"2007-12-20",98.27
"2007-12-21",98.45
"2007-12-24",101.76
"2007-12-26",98.35
"2007-12-27",97.4
"2007-12-28",95.34
"2007-12-31",97.49
"2008-01-02",95.81
"2008-01-03",92.
"2008-01-04",87.74
"2008-01-07",89.48
"2008-01-08",87.58
"2008-01-09",89.65
"2008-01-10",91.34
"2008-01-11",91.09
"2008-01-14",91.08
"2008-01-15",89.89
"2008-01-16",90.93
"2008-01-17",91.78
"2008-01-18",90.33
"2008-01-22",92.22
"2008-01-23",98.16
"2008-01-24",97.02
"2008-01-25",98.35
"2008-01-28",102.46
"2008-01-29",101.57
"2008-01-30",101.6
"2008-01-31",103.61
"2008-02-01",108.42
"2008-02-04",106.72
"2008-02-05",100.5
"2008-02-06",101.81
"2008-02-07",106.55
"2008-02-08",103.15
"2008-02-11",102.76
"2008-02-12",106.79
"2008-02-13",107.29
"2008-02-14",105.78
"2008-02-15",105.75
"2008-02-19",105.04
"2008-02-20",106.98
"2008-02-21",106.27
"2008-02-22",109.58
"2008-02-25",110.25
"2008-02-26",109.03
"2008-02-27",108.17
"2008-02-28",106.2
"2008-02-29",105.04
"2008-03-03",106.64
"2008-03-04",107.15
"2008-03-05",107.34
"2008-03-06",103.61
"2008-03-07",103.75
"2008-03-10",101.56
"2008-03-11",108.5
"2008-03-12",108.05
"2008-03-13",108.13
"2008-03-14",106.99
"2008-03-17",107.12
"2008-03-18",112.25
"2008-03-19",112.87
"2008-03-20",113.
"2008-03-24",116.54
"2008-03-25",116.39
"2008-03-26",112.07
"2008-03-27",112.9
"2008-03-28",111.92
"2008-03-31",113.98
"2008-04-01",121.48
"2008-04-02",117.66
"2008-04-03",119.17
"2008-04-04",116.47
"2008-04-07",116.97
"2008-04-08",115.9
"2008-04-09",112.55
"2008-04-10",110.73
"2008-04-11",110.56
"2008-04-14",111.02
"2008-04-15",112.07
"2008-04-16",117.35
"2008-04-17",118.42
"2008-04-18",117.11
"2008-04-21",117.05
"2008-04-22",115.63
"2008-04-23",117.8
"2008-04-24",120.25
"2008-04-25",122.21
"2008-04-28",120.35
"2008-04-29",119.04
"2008-04-30",119.
"2008-05-01",121.12
"2008-05-02",120.85
"2008-05-05",118.56
"2008-05-06",120.4
"2008-05-07",117.97
"2008-05-08",116.07
"2008-05-09",117.
"2008-05-12",120.68
"2008-05-13",120.36
"2008-05-14",120.27
"2008-05-15",120.8
"2008-05-16",120.97
"2008-05-19",120.64
"2008-05-20",119.12
"2008-05-21",116.5
"2008-05-22",115.68
"2008-05-23",117.04
"2008-05-27",118.02
"2008-05-28",119.26
"2008-05-29",120.1
"2008-05-30",119.47
"2008-06-02",116.99
"2008-06-03",118.58
"2008-06-04",119.73
"2008-06-05",124.33
"2008-06-06",120.21
"2008-06-09",114.35
"2008-06-10",115.63
"2008-06-11",114.
"2008-06-12",115.06
"2008-06-13",117.52
"2008-06-16",119.92
"2008-06-17",116.09
"2008-06-18",114.35
"2008-06-19",116.3
"2008-06-20",113.54
"2008-06-23",109.72
"2008-06-24",110.47
"2008-06-25",111.12
"2008-06-26",107.64
"2008-06-27",106.76
"2008-06-30",106.5
"2008-07-01",108.65
"2008-07-02",107.75
"2008-07-03",107.61
"2008-07-07",106.8
"2008-07-08",115.4
"2008-07-09",105.16
"2008-07-10",105.93
"2008-07-11",105.32
"2008-07-14",104.24
"2008-07-15",105.2
"2008-07-16",113.85
"2008-07-17",115.54
"2008-07-18",115.87
"2008-07-21",117.95
"2008-07-22",117.57
"2008-07-23",123.45
"2008-07-24",116.31
"2008-07-25",117.89
"2008-07-28",113.88
"2008-07-29",120.5
"2008-07-30",120.65
"2008-07-31",121.35
"2008-08-01",122.7
"2008-08-04",118.9
"2008-08-05",123.61
"2008-08-06",119.43
"2008-08-07",115.76
"2008-08-08",120.69
"2008-08-11",122.2
"2008-08-12",119.61
"2008-08-13",120.8
"2008-08-14",122.08
"2008-08-15",122.16
"2008-08-18",119.31
"2008-08-19",116.21
"2008-08-20",115.84
"2008-08-21",114.99
"2008-08-22",119.2
"2008-08-25",116.55
"2008-08-26",116.06
"2008-08-27",116.28
"2008-08-28",118.47
"2008-08-29",117.35
"2008-09-02",117.55
"2008-09-03",119.74
"2008-09-04",115.61
"2008-09-05",117.89
"2008-09-08",121.99
"2008-09-09",114.91
"2008-09-10",115.73
"2008-09-11",116.75
"2008-09-12",117.12
"2008-09-15",107.
"2008-09-16",117.17
"2008-09-17",112.3
"2008-09-18",129.
"2008-09-19",125.5
"2008-09-22",113.98
"2008-09-23",116.91
"2008-09-24",115.5
"2008-09-25",117.38
"2008-09-26",118.99
"2008-09-29",111.34
"2008-09-30",118.33
"2008-10-01",116.35
"2008-10-02",112.6
"2008-10-03",112.5
"2008-10-06",105.75
"2008-10-07",105.
"2008-10-08",104.68
"2008-10-09",97.
"2008-10-10",102.98
"2008-10-13",112.5
"2008-10-14",101.4
"2008-10-15",87.17
"2008-10-16",89.55
"2008-10-17",91.29
"2008-10-20",94.58
"2008-10-21",92.16
"2008-10-22",87.01
"2008-10-23",89.16
"2008-10-24",85.9
"2008-10-27",84.53
"2008-10-28",96.51
"2008-10-29",95.
"2008-10-30",91.85
"2008-10-31",97.3
"2008-11-03",87.58
"2008-11-04",87.59
"2008-11-05",79.2
"2008-11-06",78.28
"2008-11-07",83.55
"2008-11-10",79.78
"2008-11-11",77.54
"2008-11-12",74.33
"2008-11-13",82.03
"2008-11-14",72.97
"2008-11-17",69.19
"2008-11-18",70.02
"2008-11-19",63.95
"2008-11-20",66.76
"2008-11-21",70.02
"2008-11-24",78.1
"2008-11-25",84.01
"2008-11-26",86.42
"2008-11-28",86.47
"2008-12-01",69.43
"2008-12-02",77.79
"2008-12-03",82.79
"2008-12-04",80.14
"2008-12-05",85.59
"2008-12-08",86.09
"2008-12-09",79.
"2008-12-10",82.63
"2008-12-11",72.35
"2008-12-12",80.21
"2008-12-15",74.27
"2008-12-16",81.5
"2008-12-17",81.79
"2008-12-18",76.55
"2008-12-19",79.29
"2008-12-22",76.02
"2008-12-23",74.41
"2008-12-24",75.02
"2008-12-26",75.44
"2008-12-29",71.39
"2008-12-30",73.89
"2008-12-31",76.75
"2009-01-02",74.98
"2009-01-05",74.82
"2009-01-06",76.28
"2009-01-07",74.75
"2009-01-08",72.56
"2009-01-09",68.31
"2009-01-12",63.11
"2009-01-13",65.69
"2009-01-14",64.08
"2009-01-15",67.95
"2009-01-16",71.16
"2009-01-20",65.72
"2009-01-21",69.94
"2009-01-22",65.5
"2009-01-23",67.
"2009-01-26",66.61
"2009-01-27",68.15
"2009-01-28",71.89
"2009-01-29",68.8
"2009-01-30",66.05
"2009-02-02",65.47
"2009-02-03",63.08
"2009-02-04",61.74
"2009-02-05",56.14
"2009-02-06",58.98
"2009-02-09",61.47
"2009-02-10",57.88
"2009-02-11",58.9
"2009-02-12",57.06
"2009-02-13",54.6
"2009-02-17",52.16
"2009-02-18",52.75
"2009-02-19",51.15
"2009-02-20",55.17
"2009-02-23",53.05
"2009-02-24",56.29
"2009-02-25",56.09
"2009-02-26",53.95
"2009-02-27",54.4
"2009-03-02",50.76
"2009-03-03",53.78
"2009-03-04",56.49
"2009-03-05",54.41
"2009-03-06",55.19
"2009-03-09",56.32
"2009-03-10",63.
"2009-03-11",63.16
"2009-03-12",66.67
"2009-03-13",65.76
"2009-03-16",61.04
"2009-03-17",66.16
"2009-03-18",66.54
"2009-03-19",61.5
"2009-03-20",56.54
"2009-03-23",64.91
"2009-03-24",60.25
"2009-03-25",60.98
"2009-03-26",61.24
"2009-03-27",57.74
"2009-03-30",54.85
"2009-03-31",57.34
"2009-04-01",58.48
"2009-04-02",63.94
"2009-04-03",68.52
"2009-04-06",68.47
"2009-04-07",62.67
"2009-04-08",63.68
"2009-04-09",70.
"2009-04-13",68.14
"2009-04-14",61.81
"2009-04-15",65.53
"2009-04-16",67.28
"2009-04-17",67.03
"2009-04-20",60.89
"2009-04-21",64.7
"2009-04-22",62.95
"2009-04-23",64.65
"2009-04-24",67.71
"2009-04-27",63.14
"2009-04-28",63.41
"2009-04-29",67.02
"2009-04-30",63.49
"2009-05-01",61.9
"2009-05-04",66.1
"2009-05-05",63.58
"2009-05-06",67.66
"2009-05-07",64.28
"2009-05-08",67.66
"2009-05-11",65.01
"2009-05-12",65.3
"2009-05-13",62.05
"2009-05-14",63.7
"2009-05-15",62.44
"2009-05-18",65.88
"2009-05-19",63.69
"2009-05-20",62.89
"2009-05-21",63.56
"2009-05-22",62.28
"2009-05-26",66.59
"2009-05-27",64.75
"2009-05-28",66.12
"2009-05-29",68.09
"2009-06-01",69.23
"2009-06-02",68.12
"2009-06-03",69.23
"2009-06-04",68.86
"2009-06-05",68.06
"2009-06-08",67.13
"2009-06-09",66.88
"2009-06-10",66.14
"2009-06-11",63.82
"2009-06-12",65.91
"2009-06-15",63.29
"2009-06-16",63.07
"2009-06-17",62.77
"2009-06-18",63.9
"2009-06-19",63.38
"2009-06-22",61.52
"2009-06-23",62.72
"2009-06-24",63.64
"2009-06-25",62.68
"2009-06-26",61.59
"2009-06-29",62.11
"2009-06-30",62.23
"2009-07-01",62.63
"2009-07-02",59.21
"2009-07-06",62.42
"2009-07-07",59.89
"2009-07-08",58.69
"2009-07-09",57.85
"2009-07-10",57.05
"2009-07-13",59.33
"2009-07-14",59.38
"2009-07-15",60.98
"2009-07-16",61.33
"2009-07-17",59.69
"2009-07-20",61.56
"2009-07-21",60.42
"2009-07-22",60.12
"2009-07-23",61.75
"2009-07-24",63.39
"2009-07-27",65.16
"2009-07-28",65.67
"2009-07-29",64.81
"2009-07-30",66.38
"2009-07-31",65.01
"2009-08-03",65.5
"2009-08-04",70.34
"2009-08-05",72.41
"2009-08-06",72.53
"2009-08-07",75.16
"2009-08-10",73.14
"2009-08-11",73.12
"2009-08-12",73.16
"2009-08-13",73.47
"2009-08-14",73.12
"2009-08-17",70.04
"2009-08-18",71.49
"2009-08-19",71.13
"2009-08-20",72.48
"2009-08-21",73.47
"2009-08-24",73.57
"2009-08-25",74.08
"2009-08-26",73.91
"2009-08-27",74.57
"2009-08-28",74.12
"2009-08-31",74.61
"2009-09-01",72.27
"2009-09-02",70.11
"2009-09-03",70.86
"2009-09-04",72.13
"2009-09-08",74.16
"2009-09-09",75.39
"2009-09-10",75.47
"2009-09-11",74.89
"2009-09-14",76.16
"2009-09-15",77.65
"2009-09-16",83.09
"2009-09-17",82.97
"2009-09-18",84.32
"2009-09-21",84.24
"2009-09-22",86.06
"2009-09-23",82.66
"2009-09-24",81.15
"2009-09-25",80.6
"2009-09-28",81.75
"2009-09-29",80.47
"2009-09-30",79.58
"2009-10-01",75.7
"2009-10-02",74.83
"2009-10-05",76.69
"2009-10-06",75.82
"2009-10-07",75.73
"2009-10-08",77.85
"2009-10-09",78.66
"2009-10-12",77.94
"2009-10-13",77.56
"2009-10-14",80.29
"2009-10-15",78.88
"2009-10-16",77.59
"2009-10-19",80.03
"2009-10-20",77.6
"2009-10-21",75.72
"2009-10-22",77.69
"2009-10-23",76.97
"2009-10-26",77.17
"2009-10-27",77.55
"2009-10-28",75.46
"2009-10-29",77.35
"2009-10-30",75.18
"2009-11-02",75.86
"2009-11-03",76.8
"2009-11-04",77.5
"2009-11-05",78.94
"2009-11-06",77.32
"2009-11-09",79.67
"2009-11-10",80.39
"2009-11-11",80.39
"2009-11-12",81.42
"2009-11-13",81.42
"2009-11-16",83.21
"2009-11-17",83.21
"2009-11-18",81.02
"2009-11-19",79.12
"2009-11-20",78.06
"2009-11-23",79.44
"2009-11-24",77.61
"2009-11-25",78.25
"2009-11-27",78.25
"2009-11-30",79.75
"2009-12-01",81.36
"2009-12-02",82.85
"2009-12-03",81.18
"2009-12-04",82.7
"2009-12-07",82.7
"2009-12-08",81.29
"2009-12-09",81.45
"2009-12-10",81.98
"2009-12-11",83.3
"2009-12-14",83.3
"2009-12-15",84.87
"2009-12-16",84.77
"2009-12-17",83.9
"2009-12-18",84.8
"2009-12-21",85.63
"2009-12-22",86.52
"2009-12-23",86.44
"2009-12-24",87.34
"2009-12-28",87.02
"2009-12-29",85.36
"2009-12-30",84.9
"2009-12-31",83.65
"2010-01-04",82.62
"2010-01-05",83.12
"2010-01-06",83.7
"2010-01-07",84.57
"2010-01-08",83.7
"2010-01-11",83.76
"2010-01-12",82.65
"2010-01-13",84.29
"2010-01-14",84.86
"2010-01-15",84.29
"2010-01-19",85.44
"2010-01-20",85.69
"2010-01-21",83.46
"2010-01-22",80.88
"2010-01-25",81.45
"2010-01-26",81.
"2010-01-27",82.
"2010-01-28",81.42
"2010-01-29",79.69
"2010-02-01",80.99
"2010-02-02",82.39
"2010-02-03",80.02
"2010-02-04",77.66
"2010-02-05",77.66
"2010-02-08",77.87
"2010-02-09",78.25
"2010-02-10",78.42
"2010-02-11",79.44
"2010-02-12",80.21
"2010-02-16",82.22
"2010-02-17",83.65
"2010-02-18",84.25
"2010-02-19",84.19
"2010-02-22",84.62
"2010-02-23",84.59
"2010-02-24",85.22
"2010-02-25",85.42
"2010-02-26",85.9
"2010-03-01",86.52
"2010-03-02",87.1
"2010-03-03",87.13
"2010-03-04",88.06
"2010-03-05",90.38
"2010-03-08",90.54
"2010-03-09",89.84
"2010-03-10",89.86
"2010-03-11",89.86
"2010-03-12",91.1
"2010-03-15",90.46
"2010-03-16",92.37
"2010-03-17",93.42
"2010-03-18",92.92
"2010-03-19",92.17
"2010-03-22",92.9
"2010-03-23",91.77
"2010-03-24",91.75
"2010-03-25",91.12
"2010-03-26",89.81
"2010-03-29",88.5
"2010-03-30",89.82
"2010-03-31",89.95
"2010-04-01",90.86
"2010-04-05",93.35
"2010-04-06",96.
"2010-04-07",94.92
"2010-04-08",95.05
"2010-04-09",97.72
"2010-04-12",97.74
"2010-04-13",100.63
"2010-04-14",99.32
"2010-04-15",97.41
"2010-04-16",96.35
"2010-04-19",96.15
"2010-04-20",98.17
"2010-04-21",100.44
"2010-04-22",101.28
"2010-04-23",103.99
"2010-04-26",105.17
"2010-04-27",102.8
"2010-04-28",104.
"2010-04-29",109.76
"2010-04-30",105.82
"2010-05-03",110.24
"2010-05-04",110.94
"2010-05-05",110.
"2010-05-06",105.09
"2010-05-07",102.55
"2010-05-10",108.6
"2010-05-11",109.46
"2010-05-12",111.15
"2010-05-13",109.31
"2010-05-14",107.05
"2010-05-17",108.94
"2010-05-18",107.21
"2010-05-19",106.65
"2010-05-20",101.33
"2010-05-21",105.05
"2010-05-24",102.86
"2010-05-25",103.03
"2010-05-26",103.1
"2010-05-27",107.65
"2010-05-28",105.23
"2010-06-01",102.03
"2010-06-02",103.28
"2010-06-03",102.64
"2010-06-04",96.74
"2010-06-07",97.57
"2010-06-08",99.25
"2010-06-09",101.98
"2010-06-10",105.58
"2010-06-11",106.56
"2010-06-14",106.82
"2010-06-15",108.25
"2010-06-16",107.95
"2010-06-17",107.9
"2010-06-18",108.11
"2010-06-21",107.28
"2010-06-22",103.25
"2010-06-23",103.62
"2010-06-24",101.1
"2010-06-25",105.39
"2010-06-28",103.86
"2010-06-29",99.82
"2010-06-30",97.54
"2010-07-01",96.84
"2010-07-02",95.08
"2010-07-06",93.47
"2010-07-07",99.23
"2010-07-08",101.85
"2010-07-09",103.32
"2010-07-12",103.3
"2010-07-13",105.58
"2010-07-14",104.04
"2010-07-15",104.15
"2010-07-16",100.96
"2010-07-19",102.76
"2010-07-20",103.38
"2010-07-21",100.91
"2010-07-22",104.55
"2010-07-23",104.63
"2010-07-26",106.6
"2010-07-27",107.34
"2010-07-28",107.03
"2010-07-29",104.64
"2010-07-30",105.11
"2010-08-02",108.
"2010-08-03",107.11
"2010-08-04",107.05
"2010-08-05",106.37
"2010-08-06",106.04
"2010-08-09",107.27
"2010-08-10",106.77
"2010-08-11",103.85
"2010-08-12",102.56
"2010-08-13",102.58
"2010-08-16",101.66
"2010-08-17",104.19
"2010-08-18",104.21
"2010-08-19",102.42
"2010-08-20",102.51
"2010-08-23",101.95
"2010-08-24",102.07
"2010-08-25",103.86
"2010-08-26",103.55
"2010-08-27",105.02
"2010-08-30",103.3
"2010-08-31",105.77
"2010-09-01",109.12
"2010-09-02",109.82
"2010-09-03",110.66
"2010-09-07",109.97
"2010-09-08",108.97
"2010-09-09",108.4
"2010-09-10",109.49
"2010-09-13",110.93
"2010-09-14",109.83
"2010-09-15",110.38
"2010-09-16",109.5
"2010-09-17",110.75
"2010-09-20",114.72
"2010-09-21",111.95
"2010-09-22",110.63
"2010-09-23",107.66
"2010-09-24",110.57
"2010-09-27",108.6
"2010-09-28",108.23
"2010-09-29",108.49
"2010-09-30",109.44
"2010-10-01",109.08
"2010-10-04",109.69
"2010-10-05",110.6
"2010-10-06",109.47
"2010-10-07",109.86
"2010-10-08",109.81
"2010-10-11",110.06
"2010-10-12",111.48
"2010-10-13",112.02
"2010-10-14",111.6
"2010-10-15",111.32
"2010-10-18",112.92
"2010-10-19",112.72
"2010-10-20",115.17
"2010-10-21",115.57
"2010-10-22",115.76
"2010-10-25",116.06
"2010-10-26",114.77
"2010-10-27",113.97
"2010-10-28",112.65
"2010-10-29",112.96
"2010-11-01",113.63
"2010-11-02",113.55
"2010-11-03",113.36
"2010-11-04",116.05
"2010-11-05",116.94
"2010-11-08",115.24
"2010-11-09",110.03
"2010-11-10",112.11
"2010-11-11",112.04
"2010-11-12",111.24
"2010-11-15",110.91
"2010-11-16",106.82
"2010-11-17",107.69
"2010-11-18",108.64
"2010-11-19",108.91
"2010-11-22",109.19
"2010-11-23",108.4
"2010-11-24",110.34
"2010-11-26",109.76
"2010-11-29",110.55
"2010-11-30",110.84
"2010-12-01",113.21
"2010-12-02",114.22
"2010-12-03",113.98
"2010-12-06",114.37
"2010-12-07",115.06
"2010-12-08",112.65
"2010-12-09",110.46
"2010-12-10",112.73
"2010-12-13",113.2
"2010-12-14",111.99
"2010-12-15",110.59
"2010-12-16",110.55
"2010-12-17",110.17
"2010-12-20",111.49
"2010-12-21",113.03
"2010-12-22",114.04
"2010-12-23",113.58
"2010-12-27",114.95
"2010-12-28",115.21
"2010-12-29",114.9
"2010-12-30",114.15
"2010-12-31",114.22
"2011-01-03",117.19
"2011-01-04",115.3
"2011-01-05",116.1
"2011-01-06",115.37
"2011-01-07",113.66
"2011-01-10",113.36
"2011-01-11",113.2
"2011-01-12",113.85
"2011-01-13",113.24
"2011-01-14",113.59
"2011-01-18",114.71
"2011-01-19",112.33
"2011-01-20",110.77
"2011-01-21",111.08
"2011-01-24",113.36
"2011-01-25",115.46
"2011-01-26",115.49
"2011-01-27",116.47
"2011-01-28",114.66
"2011-01-31",116.
"2011-02-01",115.99
"2011-02-02",115.52
"2011-02-03",117.
"2011-02-04",112.52
"2011-02-07",113.87
"2011-02-08",114.13
"2011-02-09",115.32
"2011-02-10",115.66
"2011-02-11",115.9
"2011-02-14",116.54
"2011-02-15",116.42
"2011-02-16",116.14
"2011-02-17",115.72
"2011-02-18",117.14
"2011-02-22",117.72
"2011-02-23",117.5
"2011-02-24",117.51
"2011-02-25",121.1
"2011-02-28",123.78
"2011-03-01",120.38
"2011-03-02",118.3
"2011-03-03",118.87
"2011-03-04",118.02
"2011-03-07",116.75
"2011-03-08",118.86
"2011-03-09",118.8
"2011-03-10",117.33
"2011-03-11",119.3
"2011-03-14",118.89
"2011-03-15",119.8
"2011-03-16",119.1
"2011-03-17",120.44
"2011-03-18",121.04
"2011-03-21",121.51
"2011-03-22",121.12
"2011-03-23",119.71
"2011-03-24",120.27
"2011-03-25",122.05
"2011-03-28",121.55
"2011-03-29",120.77
"2011-03-30",122.02
"2011-03-31",124.
"2011-04-01",124.95
"2011-04-04",125.07
"2011-04-05",125.8
"2011-04-06",125.8
"2011-04-07",125.16
"2011-04-08",125.06
"2011-04-11",124.96
"2011-04-12",123.81
"2011-04-13",123.49
"2011-04-14",123.88
"2011-04-15",126.6
"2011-04-18",125.63
"2011-04-19",126.84
"2011-04-20",128.27
"2011-04-21",129.09
"2011-04-25",131.
"2011-04-26",132.68
"2011-04-27",133.9
"2011-04-28",137.03
"2011-04-29",135.48
"2011-05-02",135.52
"2011-05-03",134.5
"2011-05-04",133.41
"2011-05-05",133.75
"2011-05-06",132.97
"2011-05-09",134.02
"2011-05-10",136.64
"2011-05-11",134.76
"2011-05-12",134.09
"2011-05-13",133.63
"2011-05-16",133.65
"2011-05-17",134.44
"2011-05-18",134.6
"2011-05-19",134.9
"2011-05-20",132.72
"2011-05-23",131.24
"2011-05-24",132.19
"2011-05-25",133.39
"2011-05-26",134.6
"2011-05-27",134.96
"2011-05-31",137.61
"2011-06-01",134.05
"2011-06-02",133.6
"2011-06-03",135.62
"2011-06-06",134.77
"2011-06-07",137.17
"2011-06-08",136.53
"2011-06-09",136.26
"2011-06-10",133.51
"2011-06-13",133.34
"2011-06-14",135.05
"2011-06-15",132.28
"2011-06-16",133.12
"2011-06-17",134.6
"2011-06-20",136.29
"2011-06-21",137.71
"2011-06-22",135.8
"2011-06-23",133.15
"2011-06-24",133.96
"2011-06-27",133.29
"2011-06-28",133.73
"2011-06-29",134.23
"2011-06-30",135.29
"2011-07-01",137.59
"2011-07-05",138.93
"2011-07-06",141.54
"2011-07-07",142.81
"2011-07-08",143.
"2011-07-11",141.94
"2011-07-12",142.26
"2011-07-13",139.97
"2011-07-14",138.83
"2011-07-15",139.98
"2011-07-18",139.44
"2011-07-19",141.2
"2011-07-20",142.5
"2011-07-21",142.78
"2011-07-22",143.49
"2011-07-25",142.88
"2011-07-26",142.89
"2011-07-27",139.07
"2011-07-28",138.36
"2011-07-29",140.36
"2011-08-01",141.42
"2011-08-02",139.01
"2011-08-03",136.74
"2011-08-04",129.89
"2011-08-05",127.32
"2011-08-08",120.75
"2011-08-09",131.65
"2011-08-10",130.8
"2011-08-11",138.24
"2011-08-12",136.66
"2011-08-15",140.36
"2011-08-16",139.5
"2011-08-17",139.83
"2011-08-18",134.3
"2011-08-19",132.18
"2011-08-22",131.83
"2011-08-23",136.38
"2011-08-24",138.92
"2011-08-25",135.72
"2011-08-26",138.5
"2011-08-29",141.7
"2011-08-30",142.09
"2011-08-31",143.55
"2011-09-01",141.02
"2011-09-02",139.62
"2011-09-06",139.23
"2011-09-07",144.09
"2011-09-08",144.16
"2011-09-09",140.49
"2011-09-12",140.9
"2011-09-13",141.2
"2011-09-14",141.11
"2011-09-15",141.78
"2011-09-16",142.42
"2011-09-19",138.31
"2011-09-20",136.28
"2011-09-21",127.42
"2011-09-22",123.18
"2011-09-23",123.97
"2011-09-26",124.29
"2011-09-27",124.1
"2011-09-28",120.23
"2011-09-29",123.21
"2011-09-30",120.04
"2011-10-03",114.6
"2011-10-04",121.1
"2011-10-05",120.13
"2011-10-06",123.82
"2011-10-07",121.31
"2011-10-10",128.67
"2011-10-11",123.85
"2011-10-12",127.36
"2011-10-13",125.3
"2011-10-14",128.39
"2011-10-17",127.92
"2011-10-18",132.5
"2011-10-19",133.35
"2011-10-20",132.56
"2011-10-21",135.56
"2011-10-24",140.15
"2011-10-25",139.41
"2011-10-26",140.9
"2011-10-27",146.19
"2011-10-28",142.68
"2011-10-31",142.76
"2011-11-01",137.33
"2011-11-02",138.43
"2011-11-03",136.16
"2011-11-04",137.97
"2011-11-07",137.93
"2011-11-08",138.53
"2011-11-09",132.95
"2011-11-10",134.26
"2011-11-11",137.17
"2011-11-14",134.61
"2011-11-15",136.7
"2011-11-16",134.67
"2011-11-17",130.65
"2011-11-18",130.78
"2011-11-21",127.16
"2011-11-22",125.97
"2011-11-23",122.34
"2011-11-25",123.
"2011-11-28",124.91
"2011-11-29",125.97
"2011-11-30",132.85
"2011-12-01",133.94
"2011-12-02",133.47
"2011-12-05",132.89
"2011-12-06",132.03
"2011-12-07",134.79
"2011-12-08",132.2
"2011-12-09",134.72
"2011-12-12",132.19
"2011-12-13",131.9
"2011-12-14",132.94
"2011-12-15",135.92
"2011-12-16",137.54
"2011-12-19",135.96
"2011-12-20",139.3
"2011-12-21",139.88
"2011-12-22",141.78
"2011-12-23",142.15
"2011-12-27",143.42
"2011-12-28",141.11
"2011-12-29",140.58
"2011-12-30",140.51
"2012-01-03",140.31
"2012-01-04",138.
"2012-01-05",140.57
"2012-01-06",139.98
"2012-01-09",139.47
"2012-01-10",139.95
"2012-01-11",138.62
"2012-01-12",136.94
"2012-01-13",141.13
"2012-01-17",141.49
"2012-01-18",140.84
"2012-01-19",138.98
"2012-01-20",138.1
"2012-01-23",140.07
"2012-01-24",141.84
"2012-01-25",144.2
"2012-01-26",145.6
"2012-01-27",144.26
"2012-01-30",143.57
"2012-01-31",144.
"2012-02-01",147.29
"2012-02-02",147.11
"2012-02-03",149.11
"2012-02-06",146.5
"2012-02-07",146.26
"2012-02-08",145.27
"2012-02-09",143.74
"2012-02-10",142.46
"2012-02-13",142.76
"2012-02-14",142.03
"2012-02-15",141.58
"2012-02-16",142.33
"2012-02-17",143.68
"2012-02-21",139.82
"2012-02-22",138.2
"2012-02-23",139.83
"2012-02-24",141.2
"2012-02-27",140.77
"2012-02-28",138.61
"2012-02-29",139.99
"2012-03-01",140.83
"2012-03-02",140.29
"2012-03-05",143.
"2012-03-06",141.74
"2012-03-07",143.12
"2012-03-08",143.37
"2012-03-09",146.51
"2012-03-12",145.93
"2012-03-13",148.74
"2012-03-14",147.2
"2012-03-15",146.84
"2012-03-16",147.29
"2012-03-19",148.
"2012-03-20",148.43
"2012-03-21",147.15
"2012-03-22",145.77
"2012-03-23",146.93
"2012-03-26",149.65
"2012-03-27",149.7
"2012-03-28",148.58
"2012-03-29",149.91
"2012-03-30",151.51
"2012-04-02",151.12
"2012-04-03",151.69
"2012-04-04",150.72
"2012-04-05",150.66
"2012-04-09",149.62
"2012-04-10",147.09
"2012-04-11",148.96
"2012-04-12",150.78
"2012-04-13",150.88
"2012-04-16",153.77
"2012-04-17",154.09
"2012-04-18",153.89
"2012-04-19",154.28
"2012-04-20",156.89
"2012-04-23",156.29
"2012-04-24",158.06
"2012-04-25",158.08
"2012-04-26",158.52
"2012-04-27",158.74
"2012-04-30",157.97
"2012-05-01",158.74
"2012-05-02",157.97
"2012-05-03",156.29
"2012-05-04",156.07
"2012-05-07",158.16
"2012-05-08",158.07
"2012-05-09",158.05
"2012-05-10",157.54
"2012-05-11",157.87
"2012-05-14",156.1
"2012-05-15",155.34
"2012-05-16",153.85
"2012-05-17",150.07
"2012-05-18",149.81
"2012-05-21",151.25
"2012-05-22",151.73
"2012-05-23",152.
"2012-05-24",152.04
"2012-05-25",151.3
"2012-05-29",152.7
"2012-05-30",149.05
"2012-05-31",150.46
"2012-06-01",147.96
"2012-06-04",146.97
"2012-06-05",150.6
"2012-06-06",153.48
"2012-06-07",151.43
"2012-06-08",153.09
"2012-06-11",149.34
"2012-06-12",149.97
"2012-06-13",149.58
"2012-06-14",151.83
"2012-06-15",152.4
"2012-06-18",152.4
"2012-06-19",152.46
"2012-06-20",151.84
"2012-06-21",149.91
"2012-06-22",149.22
"2012-06-25",150.21
"2012-06-26",151.12
"2012-06-27",149.08
"2012-06-28",150.71
"2012-06-29",153.92
"2012-07-02",155.41
"2012-07-03",155.85
"2012-07-05",155.84
"2012-07-06",156.87
"2012-07-09",157.5
"2012-07-10",156.02
"2012-07-11",155.56
"2012-07-12",157.34
"2012-07-13",159.67
"2012-07-16",159.62
"2012-07-17",160.33
"2012-07-18",158.93
"2012-07-19",157.42
"2012-07-20",156.82
"2012-07-23",156.63
"2012-07-24",156.53
"2012-07-25",157.95
"2012-07-26",156.47
"2012-07-27",157.26
"2012-07-30",157.68
"2012-07-31",157.36
"2012-08-01",156.4
"2012-08-02",156.27
"2012-08-03",155.94
"2012-08-06",155.61
"2012-08-07",153.5
"2012-08-08",150.81
"2012-08-09",151.28
"2012-08-10",151.69
"2012-08-13",151.48
"2012-08-14",150.5
"2012-08-15",151.05
"2012-08-16",150.59
"2012-08-17",150.9
"2012-08-20",149.86
"2012-08-21",150.55
"2012-08-22",151.65
"2012-08-23",152.05
"2012-08-24",152.67
"2012-08-27",152.76
"2012-08-28",153.
"2012-08-29",152.4
"2012-08-30",151.47
"2012-08-31",151.98
"2012-09-04",153.25
"2012-09-05",153.49
"2012-09-06",154.04
"2012-09-07",154.7
"2012-09-10",153.4
"2012-09-11",153.62
"2012-09-12",152.83
"2012-09-13",155.13
"2012-09-14",155.44
"2012-09-17",154.74
"2012-09-18",154.35
"2012-09-19",154.07
"2012-09-20",151.65
"2012-09-21",151.53
"2012-09-24",151.07
"2012-09-25",149.25
"2012-09-26",148.52
"2012-09-27",148.89
"2012-09-28",148.24
"2012-10-01",146.22
"2012-10-02",148.34
"2012-10-03",147.48
"2012-10-04",147.68
"2012-10-05",147.84
"2012-10-08",146.57
"2012-10-09",145.74
"2012-10-10",146.53
"2012-10-11",146.07
"2012-10-12",145.5
"2012-10-15",145.6
"2012-10-16",146.7
"2012-10-17",146.02
"2012-10-18",148.88
"2012-10-19",148.14
"2012-10-22",147.02
"2012-10-23",145.83
"2012-10-24",145.91
"2012-10-25",145.
"2012-10-26",145.01
"2012-10-31",150.
"2012-11-01",147.81
"2012-11-02",148.34
"2012-11-05",146.67
"2012-11-06",146.37
"2012-11-07",145.06
"2012-11-08",143.25
"2012-11-09",142.76
"2012-11-12",141.59
"2012-11-13",141.54
"2012-11-14",138.91
"2012-11-15",138.08
"2012-11-16",138.48
"2012-11-19",139.62
"2012-11-20",140.02
"2012-11-21",139.15
"2012-11-23",140.24
"2012-11-26",140.09
"2012-11-27",140.05
"2012-11-28",139.38
"2012-11-29",140.52
"2012-11-30",140.49
"2012-12-03",141.52
"2012-12-04",142.37
"2012-12-05",140.72
"2012-12-06",142.53
"2012-12-07",142.62
"2012-12-10",142.38
"2012-12-11",143.03
"2012-12-12",143.83
"2012-12-13",143.38
"2012-12-14",143.26
"2012-12-17",143.64
"2012-12-18",144.51
"2012-12-19",143.9
"2012-12-20",146.66
"2012-12-21",146.23
"2012-12-24",147.4
"2012-12-26",146.81
"2012-12-27",147.79
"2012-12-28",146.07
"2012-12-31",146.65
"2013-01-02",148.25
"2013-01-03",148.76
"2013-01-04",148.92
"2013-01-07",149.17
"2013-01-08",149.68
"2013-01-09",150.24
"2013-01-10",151.26
"2013-01-11",151.11
"2013-01-14",151.85
"2013-01-15",153.14
"2013-01-16",152.82
"2013-01-17",152.66
"2013-01-18",152.8
"2013-01-22",153.82
"2013-01-23",154.42
"2013-01-24",154.43
"2013-01-25",154.27
"2013-01-28",154.53
"2013-01-29",155.05
"2013-01-30",153.4
"2013-01-31",153.78
"2013-02-01",154.28
"2013-02-04",153.59
"2013-02-05",152.56
"2013-02-06",151.21
"2013-02-07",150.49
"2013-02-08",151.86
"2013-02-11",151.86
"2013-02-12",152.65
"2013-02-13",152.85
"2013-02-14",152.49
"2013-02-15",151.69
"2013-02-19",153.65
"2013-02-20",152.41
"2013-02-21",151.26
"2013-02-22",151.48
"2013-02-25",149.44
"2013-02-26",149.85
"2013-02-27",149.74
"2013-02-28",148.99
"2013-03-01",149.24
"2013-03-04",148.52
"2013-03-05",150.8
"2013-03-06",150.79
"2013-03-07",149.62
"2013-03-08",150.05
"2013-03-11",149.89
"2013-03-12",149.64
"2013-03-13",149.98
"2013-03-14",151.12
"2013-03-15",152.59
"2013-03-18",151.81
"2013-03-19",152.05
"2013-03-20",151.54
"2013-03-21",150.29
"2013-03-22",149.97
"2013-03-25",149.49
"2013-03-26",150.29
"2013-03-27",150.85
"2013-03-28",150.58
"2013-04-01",151.5
"2013-04-02",152.38
"2013-04-03",151.9
"2013-04-04",155.73
"2013-04-05",156.62
"2013-04-08",157.39
"2013-04-09",155.8
"2013-04-10",155.47
"2013-04-11",156.72
"2013-04-12",158.14
"2013-04-15",155.01
"2013-04-16",156.91
"2013-04-17",154.05
"2013-04-18",154.01
"2013-04-19",155.21
"2013-04-22",154.
"2013-04-23",153.87
"2013-04-24",152.99
"2013-04-25",152.55
"2013-04-26",152.74
"2013-04-29",155.02
"2013-04-30",157.05
"2013-05-01",156.
"2013-05-02",154.8
"2013-05-03",154.77
"2013-05-06",154.9
"2013-05-07",157.75
"2013-05-08",158.72
"2013-05-09",159.1
"2013-05-10",161.98
"2013-05-13",163.86
"2013-05-14",164.76
"2013-05-15",165.79
"2013-05-16",166.68
"2013-05-17",168.25
"2013-05-20",168.98
"2013-05-21",170.47
"2013-05-22",167.72
"2013-05-23",164.31
"2013-05-24",163.9
"2013-05-28",163.54
"2013-05-29",161.13
"2013-05-30",158.33
"2013-05-31",157.14
"2013-06-03",157.95
"2013-06-04",155.94
"2013-06-05",154.45
"2013-06-06",156.17
"2013-06-07",155.95
"2013-06-10",156.
"2013-06-11",154.04
"2013-06-12",152.7
"2013-06-13",157.09
"2013-06-14",156.7
"2013-06-17",155.44
"2013-06-18",155.62
"2013-06-19",152.41
"2013-06-20",148.43
"2013-06-21",152.6
"2013-06-24",153.51
"2013-06-25",156.5
"2013-06-26",156.34
"2013-06-27",160.1
"2013-06-28",158.92
"2013-07-01",159.15
"2013-07-02",160.72
"2013-07-03",159.29
"2013-07-05",158.54
"2013-07-08",159.66
"2013-07-09",162.76
"2013-07-10",163.01
"2013-07-11",167.68
"2013-07-12",165.89
"2013-07-15",165.96
"2013-07-16",166.61
"2013-07-17",168.51
"2013-07-18",168.65
"2013-07-19",168.77
"2013-07-22",169.6
"2013-07-23",167.45
"2013-07-24",163.38
"2013-07-25",164.51
"2013-07-26",166.39
"2013-07-29",163.53
"2013-07-30",164.05
"2013-07-31",161.29
"2013-08-01",160.93
"2013-08-02",158.05
"2013-08-05",158.65
"2013-08-06",157.87
"2013-08-07",157.43
"2013-08-08",156.11
"2013-08-09",157.64
"2013-08-12",156.56
"2013-08-13",154.1
"2013-08-14",152.92
"2013-08-15",150.2
"2013-08-16",144.94
"2013-08-19",144.66
"2013-08-20",147.23
"2013-08-21",146.1
"2013-08-22",147.35
"2013-08-23",147.35
"2013-08-26",147.5
"2013-08-27",146.06
"2013-08-28",144.75
"2013-08-29",144.45
"2013-08-30",143.31
"2013-09-03",141.49
"2013-09-04",143.62
"2013-09-05",142.11
"2013-09-06",144.41
"2013-09-09",148.75
"2013-09-10",149.6
"2013-09-11",150.6
"2013-09-12",149.89
"2013-09-13",150.7
"2013-09-16",151.9
"2013-09-17",151.3
"2013-09-18",157.18
"2013-09-19",155.74
"2013-09-20",152.49
"2013-09-23",150.75
"2013-09-24",148.66
"2013-09-25",150.35
"2013-09-26",149.84
"2013-09-27",149.59
"2013-09-30",147.7
"2013-10-01",150.12
"2013-10-02",151.47
"2013-10-03",148.31
"2013-10-04",149.11
"2013-10-07",150.26
"2013-10-08",149.83
"2013-10-09",149.18
"2013-10-10",154.28
"2013-10-11",154.9
"2013-10-14",155.06
"2013-10-15",155.64
"2013-10-16",158.43
"2013-10-17",160.69
"2013-10-18",160.05
"2013-10-21",159.89
"2013-10-22",160.31
"2013-10-23",161.28
"2013-10-24",159.93
"2013-10-25",163.21
"2013-10-28",162.61
"2013-10-29",162.24
"2013-10-30",160.62
"2013-10-31",161.
"2013-11-01",163.89
"2013-11-04",164.
"2013-11-05",160.25
"2013-11-06",159.6
"2013-11-07",157.21
"2013-11-08",154.99
"2013-11-11",156.5
"2013-11-12",156.84
"2013-11-13",161.41
"2013-11-14",159.95
"2013-11-15",159.39
"2013-11-18",157.95
"2013-11-19",154.96
"2013-11-20",153.12
"2013-11-21",154.54
"2013-11-22",153.19
"2013-11-25",152.49
"2013-11-26",152.02
"2013-11-27",153.05
"2013-11-29",151.81
"2013-12-02",152.28
"2013-12-03",154.03
"2013-12-04",150.65
"2013-12-05",154.22
"2013-12-06",153.98
"2013-12-09",154.26
"2013-12-10",152.63
"2013-12-11",148.6
"2013-12-12",146.27
"2013-12-13",145.01
"2013-12-16",144.72
"2013-12-17",145.51
"2013-12-18",147.7
"2013-12-19",142.78
"2013-12-20",142.12
"2013-12-23",144.24
"2013-12-24",144.39
"2013-12-26",145.29
"2013-12-27",144.96
"2013-12-30",143.77
"2013-12-31",143.51
"2014-01-02",146.3
"2014-01-03",148.19
"2014-01-06",148.97
"2014-01-07",150.29
"2014-01-08",149.31
"2014-01-09",149.44
"2014-01-10",151.06
"2014-01-13",151.37
"2014-01-14",152.58
"2014-01-15",152.92
"2014-01-16",153.75
"2014-01-17",153.21
"2014-01-21",154.45
"2014-01-22",155.15
"2014-01-23",154.64
"2014-01-24",152.58
"2014-01-27",151.48
"2014-01-28",153.12
"2014-01-29",152.94
"2014-01-30",156.37
"2014-01-31",158.37
"2014-02-03",156.59
"2014-02-04",159.41
"2014-02-05",161.17
"2014-02-06",163.6
"2014-02-07",165.39
"2014-02-10",166.79
"2014-02-11",167.33
"2014-02-12",166.68
"2014-02-13",166.58
"2014-02-14",166.19
"2014-02-18",166.54
"2014-02-19",165.67
"2014-02-20",164.22
"2014-02-21",165.71
"2014-02-24",166.38
"2014-02-25",166.91
"2014-02-26",166.37
"2014-02-27",165.09
"2014-02-28",167.25
"2014-03-03",168.56
"2014-03-04",171.8
"2014-03-05",170.55
"2014-03-06",169.31
"2014-03-07",168.11
"2014-03-10",166.51
"2014-03-11",167.07
"2014-03-12",165.36
"2014-03-13",162.91
"2014-03-14",164.92
"2014-03-17",165.07
"2014-03-18",165.7
"2014-03-19",163.15
"2014-03-20",165.06
"2014-03-21",166.18
"2014-03-24",166.2
"2014-03-25",169.44
"2014-03-26",165.31
"2014-03-27",167.61
"2014-03-28",167.7
"2014-03-31",170.05
"2014-04-01",174.
"2014-04-02",172.3
"2014-04-03",168.84
"2014-04-04",170.12
"2014-04-07",168.56
"2014-04-08",169.61
"2014-04-09",169.02
"2014-04-10",167.16
"2014-04-11",164.82
"2014-04-14",166.03
"2014-04-15",167.09
"2014-04-16",168.33
"2014-04-17",167.89
"2014-04-21",169.62
"2014-04-22",170.39
"2014-04-23",168.79
"2014-04-24",170.67
"2014-04-25",169.92
"2014-04-28",172.89
"2014-04-29",172.56
"2014-04-30",173.26
"2014-05-01",174.69
"2014-05-02",175.85
"2014-05-05",177.31
"2014-05-06",176.48
"2014-05-07",179.61
"2014-05-08",180.02
"2014-05-09",180.34
"2014-05-12",180.64
"2014-05-13",179.27
"2014-05-14",179.47
"2014-05-15",179.43
"2014-05-16",181.06
"2014-05-19",179.28
"2014-05-20",179.19
"2014-05-21",178.61
"2014-05-22",178.62
"2014-05-23",179.62
"2014-05-27",179.57
"2014-05-28",178.93
"2014-05-29",179.53
"2014-05-30",180.96
"2014-06-02",181.41
"2014-06-03",180.99
"2014-06-04",182.
"2014-06-05",185.25
"2014-06-06",184.53
"2014-06-09",181.81
"2014-06-10",179.48
"2014-06-11",179.16
"2014-06-12",179.3
"2014-06-13",179.38
"2014-06-16",178.09
"2014-06-17",179.21
"2014-06-18",181.31
"2014-06-19",183.08
"2014-06-20",183.78
"2014-06-23",183.93
"2014-06-24",184.61
"2014-06-25",184.85
"2014-06-26",183.7
"2014-06-27",184.52
"2014-06-30",184.91
"2014-07-01",185.7
"2014-07-02",185.44
"2014-07-03",184.78
"2014-07-07",185.8
"2014-07-08",186.5
"2014-07-09",186.59
"2014-07-10",187.46
"2014-07-11",187.6
"2014-07-14",189.11
"2014-07-15",189.5
"2014-07-16",189.53
"2014-07-17",189.07
"2014-07-18",191.1
"2014-07-21",190.19
"2014-07-22",191.33
"2014-07-23",191.52
"2014-07-24",192.27
"2014-07-25",190.78
"2014-07-28",193.02
"2014-07-29",192.12
"2014-07-30",193.3
"2014-07-31",189.57
"2014-08-01",189.75
"2014-08-04",191.18
"2014-08-05",188.86
"2014-08-06",188.34
"2014-08-07",187.77
"2014-08-08",187.55
"2014-08-11",188.28
"2014-08-12",187.93
"2014-08-13",190.9
"2014-08-14",189.74
"2014-08-15",189.91
"2014-08-18",191.65
"2014-08-19",192.24
"2014-08-20",193.33
"2014-08-21",193.47
"2014-08-22",191.81
"2014-08-25",191.69
"2014-08-26",191.94
"2014-08-27",192.96
"2014-08-28",192.27
"2014-08-29",193.45
"2014-09-02",193.07
"2014-09-03",193.99
"2014-09-04",193.91
"2014-09-05",195.51
"2014-09-08",195.29
"2014-09-09",194.41
"2014-09-10",189.95
"2014-09-11",189.36
"2014-09-12",183.16
"2014-09-15",182.34
"2014-09-16",183.2
"2014-09-17",183.34
"2014-09-18",181.17
"2014-09-19",182.67
"2014-09-22",181.41
"2014-09-23",180.88
"2014-09-24",180.4
"2014-09-25",179.83
"2014-09-26",180.54
"2014-09-29",179.82
"2014-09-30",178.75
"2014-10-01",179.25
"2014-10-02",178.63
"2014-10-03",179.95
"2014-10-06",180.28
"2014-10-07",176.74
"2014-10-08",181.25
"2014-10-09",181.55
"2014-10-10",182.13
"2014-10-13",183.75
"2014-10-14",186.97
"2014-10-15",187.45
"2014-10-16",187.53
"2014-10-17",186.71
"2014-10-20",189.65
"2014-10-21",191.88
"2014-10-22",192.96
"2014-10-23",194.29
"2014-10-24",194.11
"2014-10-27",195.12
"2014-10-28",195.84
"2014-10-29",195.8
"2014-10-30",196.76
"2014-10-31",201.76
"2014-11-03",203.58
"2014-11-04",204.56
"2014-11-05",202.68
"2014-11-06",201.36
"2014-11-07",200.54
"2014-11-10",202.88
"2014-11-11",202.33
"2014-11-12",200.44
"2014-11-13",200.52
"2014-11-14",199.07
"2014-11-17",200.52
"2014-11-18",201.21
"2014-11-19",197.86
"2014-11-20",197.85
"2014-11-21",200.37
"2014-11-24",200.6
"2014-11-25",200.13
"2014-11-26",202.21
"2014-11-28",202.41
"2014-12-01",201.53
"2014-12-02",203.24
"2014-12-03",202.29
"2014-12-04",203.22
"2014-12-05",202.03
"2014-12-08",203.75
"2014-12-09",205.28
"2014-12-10",205.63
"2014-12-11",205.93
"2014-12-12",203.82
"2014-12-15",201.44
"2014-12-16",201.68
"2014-12-17",204.97
"2014-12-18",208.25
"2014-12-19",208.16
"2014-12-22",212.86
"2014-12-23",212.58
"2014-12-24",210.72
"2014-12-26",211.53
"2014-12-29",211.5
"2014-12-30",209.97
"2014-12-31",206.6
"2015-01-02",210.35
"2015-01-05",211.19
"2015-01-06",214.23
"2015-01-07",217.46
"2015-01-08",218.86
"2015-01-09",220.62
"2015-01-12",222.04
"2015-01-13",222.44
"2015-01-14",225.44
"2015-01-15",227.27
"2015-01-16",228.17
"2015-01-20",226.11
"2015-01-21",225.83
"2015-01-22",228.82
"2015-01-23",227.86
"2015-01-26",230.11
"2015-01-27",229.29
"2015-01-28",227.31
"2015-01-29",229.52
"2015-01-30",226.05
"2015-02-02",226.38
"2015-02-03",228.39
"2015-02-04",228.16
"2015-02-05",230.48
"2015-02-06",223.7
"2015-02-09",222.13
"2015-02-10",224.3
"2015-02-11",223.8
"2015-02-12",227.99
"2015-02-13",226.69
"2015-02-17",226.21
"2015-02-18",227.96
"2015-02-19",223.55
"2015-02-20",226.56
"2015-02-23",228.48
"2015-02-24",223.17
"2015-02-25",222.38
"2015-02-26",220.34
"2015-02-27",222.43
"2015-03-02",225.16
"2015-03-03",223.5
"2015-03-04",221.24
"2015-03-05",226.19
"2015-03-06",219.36
"2015-03-09",222.17
"2015-03-10",223.5
"2015-03-11",223.58
"2015-03-12",228.77
"2015-03-13",228.51
"2015-03-16",234.61
"2015-03-17",232.65
"2015-03-18",236.72
"2015-03-19",234.84
"2015-03-20",240.55
"2015-03-23",239.85
"2015-03-24",237.76
"2015-03-25",233.13
"2015-03-26",233.33
"2015-03-27",232.37
"2015-03-30",234.09
"2015-03-31",229.9
"2015-04-01",227.12
"2015-04-02",229.15
"2015-04-06",230.93
"2015-04-07",227.18
"2015-04-08",228.15
"2015-04-09",221.89
"2015-04-10",222.19
"2015-04-13",221.86
"2015-04-14",223.02
"2015-04-15",221.58
"2015-04-16",223.31
"2015-04-17",222.46
"2015-04-20",223.13
"2015-04-21",225.15
"2015-04-22",226.78
"2015-04-23",227.75
"2015-04-24",227.01
"2015-04-27",228.03
"2015-04-28",229.5
"2015-04-29",224.82
"2015-04-30",221.95
"2015-05-01",224.63
"2015-05-04",225.86
"2015-05-05",219.32
"2015-05-06",219.86
"2015-05-07",224.19
"2015-05-08",227.44
"2015-05-11",221.2
"2015-05-12",222.32
"2015-05-13",219.53
"2015-05-14",224.64
"2015-05-15",226.3
"2015-05-18",224.89
"2015-05-19",224.05
"2015-05-20",224.23
"2015-05-21",222.21
"2015-05-22",221.81
"2015-05-26",219.4
"2015-05-27",224.
"2015-05-28",224.98
"2015-05-29",222.62
"2015-06-01",226.26
"2015-06-02",221.77
"2015-06-03",216.77
"2015-06-04",216.08
"2015-06-05",214.46
"2015-06-08",213.89
"2015-06-09",211.51
"2015-06-10",213.47
"2015-06-11",214.27
"2015-06-12",214.37
"2015-06-15",214.
"2015-06-16",216.44
"2015-06-17",218.14
"2015-06-18",221.88
"2015-06-19",219.71
"2015-06-22",217.52
"2015-06-23",215.1
"2015-06-24",215.05
"2015-06-25",213.3
"2015-06-26",214.17
"2015-06-29",210.49
"2015-06-30",212.5
"2015-07-01",216.71
"2015-07-02",218.31
"2015-07-06",219.66
"2015-07-07",222.34
"2015-07-08",221.66
"2015-07-09",221.01
"2015-07-10",221.82
"2015-07-13",220.82
"2015-07-14",221.87
"2015-07-15",222.62
"2015-07-16",223.77
"2015-07-17",222.99
"2015-07-20",224.82
"2015-07-21",223.55
"2015-07-22",224.27
"2015-07-23",222.37
"2015-07-24",223.81
"2015-07-27",224.31
"2015-07-28",222.32
"2015-07-29",222.55
"2015-07-30",223.78
"2015-07-31",224.91
"2015-08-03",226.55
"2015-08-04",225.31
"2015-08-05",224.42
"2015-08-06",226.07
"2015-08-07",227.
"2015-08-10",227.12
"2015-08-11",228.15
"2015-08-12",228.33
"2015-08-13",227.93
"2015-08-14",228.55
"2015-08-17",231.11
"2015-08-18",231.93
"2015-08-19",228.27
"2015-08-20",227.61
"2015-08-21",222.95
"2015-08-24",211.86
"2015-08-25",209.5
"2015-08-26",215.12
"2015-08-27",220.25
"2015-08-28",220.66
"2015-08-31",214.62
"2015-09-01",210.18
"2015-09-02",211.82
"2015-09-03",212.16
"2015-09-04",207.17
"2015-09-08",210.46
"2015-09-09",207.65
"2015-09-10",208.58
"2015-09-11",214.53
"2015-09-14",212.51
"2015-09-15",215.36
"2015-09-16",217.74
"2015-09-17",219.56
"2015-09-18",219.48
"2015-09-21",221.63
"2015-09-22",219.52
"2015-09-23",220.95
"2015-09-24",217.89
"2015-09-25",218.48
"2015-09-28",214.85
"2015-09-29",219.42
"2015-09-30",223.42
"2015-10-01",225.68
"2015-10-02",227.63
"2015-10-05",228.45
"2015-10-06",226.73
"2015-10-07",229.02
"2015-10-08",229.57
"2015-10-09",228.56
"2015-10-12",230.47
"2015-10-13",228.97
"2015-10-14",226.26
"2015-10-15",231.03
"2015-10-16",233.37
"2015-10-19",237.55
"2015-10-20",237.21
"2015-10-21",234.29
"2015-10-22",231.99
"2015-10-23",230.25
"2015-10-26",229.66
"2015-10-27",227.3
"2015-10-28",223.19
"2015-10-29",226.25
"2015-10-30",220.44
"2015-11-02",226.02
"2015-11-03",223.13
"2015-11-04",221.84
"2015-11-05",223.58
"2015-11-06",218.74
"2015-11-09",216.19
"2015-11-10",218.26
"2015-11-11",220.66
"2015-11-12",218.87
"2015-11-13",217.75
"2015-11-16",220.8
"2015-11-17",222.25
"2015-11-18",223.62
"2015-11-19",225.97
"2015-11-20",228.25
"2015-11-23",230.05
"2015-11-24",227.85
"2015-11-25",230.6
"2015-11-27",233.83
"2015-11-30",230.79
"2015-12-01",235.36
"2015-12-02",228.92
"2015-12-03",227.61
"2015-12-04",233.38
"2015-12-07",232.56
"2015-12-08",231.95
"2015-12-09",230.22
"2015-12-10",229.43
"2015-12-11",230.81
"2015-12-14",232.86
"2015-12-15",235.
"2015-12-16",240.18
"2015-12-17",238.63
"2015-12-18",235.47
"2015-12-21",235.1
"2015-12-22",234.38
"2015-12-23",238.15
"2015-12-24",238.37
"2015-12-28",240.83
"2015-12-29",244.29
"2015-12-30",243.27
"2015-12-31",239.41
"2016-01-04",237.32
"2016-01-05",240.04
"2016-01-06",238.05
"2016-01-07",235.7
"2016-01-08",233.67
"2016-01-11",235.69
"2016-01-12",234.78
"2016-01-13",233.78
"2016-01-14",230.83
"2016-01-15",230.15
"2016-01-19",232.33
"2016-01-20",224.48
"2016-01-21",221.
"2016-01-22",224.85
"2016-01-25",223.11
"2016-01-26",226.32
"2016-01-27",220.44
"2016-01-28",210.78
"2016-01-29",213.11
"2016-02-01",214.23
"2016-02-02",208.32
"2016-02-03",210.38
"2016-02-04",210.92
"2016-02-05",202.5
"2016-02-08",198.17
"2016-02-09",193.49
"2016-02-10",196.79
"2016-02-11",192.26
"2016-02-12",195.54
"2016-02-16",198.63
"2016-02-17",201.57
"2016-02-18",202.03
"2016-02-19",207.12
"2016-02-22",209.53
"2016-02-23",209.17
"2016-02-24",207.42
"2016-02-25",211.
"2016-02-26",209.98
"2016-02-29",209.28
"2016-03-01",216.59
"2016-03-02",218.
"2016-03-03",221.05
"2016-03-04",222.49
"2016-03-07",223.17
"2016-03-08",221.93
"2016-03-09",222.24
"2016-03-10",220.67
"2016-03-11",224.43
"2016-03-14",221.11
"2016-03-15",221.32
"2016-03-16",222.02
"2016-03-17",226.38
"2016-03-18",226.07
"2016-03-21",226.25
"2016-03-22",228.48
"2016-03-23",228.51
"2016-03-24",226.21
"2016-03-28",228.27
"2016-03-29",233.67
"2016-03-30",232.35
"2016-03-31",233.86
"2016-04-01",232.82
"2016-04-04",233.79
"2016-04-05",231.86
"2016-04-06",232.4
"2016-04-07",230.6
"2016-04-08",231.43
"2016-04-11",227.14
"2016-04-12",228.65
"2016-04-13",222.95
"2016-04-14",218.89
"2016-04-15",224.87
"2016-04-18",226.44
"2016-04-19",229.27
"2016-04-20",222.81
"2016-04-21",222.3
"2016-04-22",224.51
"2016-04-25",227.46
"2016-04-26",225.43
"2016-04-27",224.65
"2016-04-28",224.33
"2016-04-29",220.45
"2016-05-02",222.93
"2016-05-03",223.52
"2016-05-04",225.91
"2016-05-05",228.87
"2016-05-06",232.16
"2016-05-09",233.51
"2016-05-10",236.11
"2016-05-11",230.6
"2016-05-12",229.93
"2016-05-13",227.75
"2016-05-16",229.49
"2016-05-17",224.28
"2016-05-18",223.52
"2016-05-19",221.32
"2016-05-20",222.83
"2016-05-23",222.17
"2016-05-24",223.49
"2016-05-25",226.
"2016-05-26",227.08
"2016-05-27",226.9
"2016-05-31",227.23
"2016-06-01",218.93
"2016-06-02",218.05
"2016-06-03",213.24
"2016-06-06",210.
"2016-06-07",209.2
"2016-06-08",209.19
"2016-06-09",209.26
"2016-06-10",209.34
"2016-06-13",211.36
"2016-06-14",212.27
"2016-06-15",216.38
"2016-06-16",217.47
"2016-06-17",218.04
"2016-06-20",218.64
"2016-06-21",219.88
"2016-06-22",220.22
"2016-06-23",218.45
"2016-06-24",216.9
"2016-06-27",218.55
"2016-06-28",223.23
"2016-06-29",224.52
"2016-06-30",228.09
"2016-07-01",228.65
"2016-07-05",231.21
"2016-07-06",230.06
"2016-07-07",228.76
"2016-07-08",231.33
"2016-07-11",231.33
"2016-07-12",232.07
"2016-07-13",234.26
"2016-07-14",229.54
"2016-07-15",226.6
"2016-07-18",225.63
"2016-07-19",226.59
"2016-07-20",226.35
"2016-07-21",226.44
"2016-07-22",226.99
"2016-07-25",226.4
"2016-07-26",222.73
"2016-07-27",218.81
"2016-07-28",220.59
"2016-07-29",233.88
"2016-08-01",234.62
"2016-08-02",231.51
"2016-08-03",230.43
"2016-08-04",229.51
"2016-08-05",230.61
"2016-08-08",233.2
"2016-08-09",233.59
"2016-08-10",232.71
"2016-08-11",228.68
"2016-08-12",229.42
"2016-08-15",231.65
"2016-08-16",230.1
"2016-08-17",228.03
"2016-08-18",227.59
"2016-08-19",224.58
"2016-08-22",224.02
"2016-08-23",224.02
"2016-08-24",223.18
"2016-08-25",225.52
"2016-08-26",222.02
"2016-08-29",225.4
"2016-08-30",225.75
"2016-08-31",227.1
"2016-09-01",226.86
"2016-09-02",225.89
"2016-09-06",229.99
"2016-09-07",229.92
"2016-09-08",226.83
"2016-09-09",219.97
"2016-09-12",225.02
"2016-09-13",219.
"2016-09-14",221.02
"2016-09-15",221.96
"2016-09-16",221.97
"2016-09-19",225.03
"2016-09-20",226.04
"2016-09-21",230.23
"2016-09-22",231.18
"2016-09-23",230.92
"2016-09-26",230.86
"2016-09-27",228.21
"2016-09-28",227.41
"2016-09-29",225.63
"2016-09-30",222.7
"2016-10-03",217.9
"2016-10-04",217.63
"2016-10-05",213.32
"2016-10-06",212.47
"2016-10-07",212.27
"2016-10-10",212.32
"2016-10-11",210.27
"2016-10-12",211.64
"2016-10-13",208.57
"2016-10-14",208.72
"2016-10-17",207.27
"2016-10-18",207.7
"2016-10-19",208.57
"2016-10-20",207.5
"2016-10-21",206.67
"2016-10-24",205.35
"2016-10-25",204.62
"2016-10-26",207.48
"2016-10-27",205.85
"2016-10-28",209.26
"2016-10-31",214.09
"2016-11-01",213.29
"2016-11-02",215.43
"2016-11-03",218.35
"2016-11-04",220.13
"2016-11-07",220.03
"2016-11-08",222.73
"2016-11-09",216.78
"2016-11-10",213.41
"2016-11-11",215.33
"2016-11-14",220.17
"2016-11-15",214.79
"2016-11-16",215.26
"2016-11-17",212.69
"2016-11-18",212.95
"2016-11-21",210.32
"2016-11-22",214.28
"2016-11-23",211.6
"2016-11-25",212.83
"2016-11-28",215.36
"2016-11-29",215.87
"2016-11-30",215.92
"2016-12-01",212.23
"2016-12-02",214.5
"2016-12-05",213.98
"2016-12-06",214.17
"2016-12-07",217.66
"2016-12-08",219.22
"2016-12-09",218.75
"2016-12-12",218.94
"2016-12-13",219.
"2016-12-14",219.77
"2016-12-15",221.48
"2016-12-16",227.
"2016-12-19",228.98
"2016-12-20",229.61
"2016-12-21",227.58
"2016-12-22",229.59
"2016-12-23",230.67
"2016-12-27",229.29
"2016-12-28",227.55
"2016-12-29",229.52
"2016-12-30",232.5
"2017-01-03",229.25
"2017-01-04",231.03
"2017-01-05",232.76
"2017-01-06",233.74
"2017-01-09",230.73
"2017-01-10",230.1
"2017-01-11",226.87
"2017-01-12",228.43
"2017-01-13",228.
"2017-01-17",229.58
"2017-01-18",227.9
"2017-01-19",226.67
"2017-01-20",228.54
"2017-01-23",231.11
"2017-01-24",226.71
"2017-01-25",225.85
"2017-01-26",225.38
"2017-01-27",225.41
"2017-01-30",223.24
"2017-01-31",224.3
"2017-02-01",221.72
"2017-02-02",226.34
"2017-02-03",223.08
"2017-02-06",223.17
"2017-02-07",223.96
"2017-02-08",228.07
"2017-02-09",226.55
"2017-02-10",228.38
"2017-02-13",226.71
"2017-02-14",226.02
"2017-02-15",225.43
"2017-02-16",227.88
"2017-02-17",228.1
"2017-02-21",230.97
"2017-02-22",229.5
"2017-02-23",231.58
"2017-02-24",232.35
"2017-02-27",234.32
"2017-02-28",234.7
"2017-03-01",232.62
"2017-03-02",231.74
"2017-03-03",230.55
"2017-03-06",231.42
"2017-03-07",233.7
"2017-03-08",230.61
"2017-03-09",225.93
"2017-03-10",224.25
"2017-03-13",224.04
"2017-03-14",225.11
"2017-03-15",232.13
"2017-03-16",232.96
"2017-03-17",233.15
"2017-03-20",233.11
"2017-03-21",233.6
"2017-03-22",235.31
"2017-03-23",236.77
"2017-03-24",236.65
"2017-03-27",233.46
"2017-03-28",233.
"2017-03-29",232.
"2017-03-30",232.57
"2017-03-31",231.53
"2017-04-03",230.87
"2017-04-04",230.97
"2017-04-05",231.37
"2017-04-06",232.23
"2017-04-07",233.42
"2017-04-10",235.27
"2017-04-11",236.79
"2017-04-12",234.75
"2017-04-13",233.57
"2017-04-17",236.09
"2017-04-18",236.94
"2017-04-19",235.22
"2017-04-20",235.06
"2017-04-21",235.49
"2017-04-24",234.25
"2017-04-25",238.4
"2017-04-26",241.03
"2017-04-27",241.44
"2017-04-28",244.47
"2017-05-01",247.98
"2017-05-02",248.55
"2017-05-03",247.54
"2017-05-04",250.49
"2017-05-05",250.37
"2017-05-08",249.86
"2017-05-09",250.43
"2017-05-10",251.3
"2017-05-11",251.33
"2017-05-12",252.67
"2017-05-15",253.93
"2017-05-16",254.33
"2017-05-17",253.74
"2017-05-18",255.88
"2017-05-19",254.55
"2017-05-22",254.59
"2017-05-23",251.93
"2017-05-24",256.83
"2017-05-25",256.29
"2017-05-26",256.3
"2017-05-30",255.19
"2017-05-31",256.92
"2017-06-01",258.49
"2017-06-02",262.63
"2017-06-05",266.13
"2017-06-06",262.7
"2017-06-07",263.58
"2017-06-08",265.68
"2017-06-09",266.23
"2017-06-12",262.64
"2017-06-13",262.31
"2017-06-14",262.51
"2017-06-15",263.77
"2017-06-16",266.3
"2017-06-19",268.39
"2017-06-20",267.12
"2017-06-21",266.49
"2017-06-22",263.93
"2017-06-23",265.79
"2017-06-26",265.5
"2017-06-27",260.52
"2017-06-28",260.24
"2017-06-29",260.18
"2017-06-30",257.27
"2017-07-03",261.24
"2017-07-05",259.72
"2017-07-06",254.03
"2017-07-07",255.74
"2017-07-10",253.09
"2017-07-11",251.73
"2017-07-12",254.
"2017-07-13",252.26
"2017-07-14",253.52
"2017-07-17",257.8
"2017-07-18",258.81
"2017-07-19",263.49
"2017-07-20",264.17
"2017-07-21",264.85
"2017-07-24",262.76
"2017-07-25",261.45
"2017-07-26",267.14
"2017-07-27",264.04
"2017-07-28",264.66
"2017-07-31",261.7
"2017-08-01",263.2
"2017-08-02",263.46
"2017-08-03",263.27
"2017-08-04",262.
"2017-08-07",261.51
"2017-08-08",262.69
"2017-08-09",264.66
"2017-08-10",262.53
"2017-08-11",259.14
"2017-08-14",263.46
"2017-08-15",265.08
"2017-08-16",262.7
"2017-08-17",262.61
"2017-08-18",260.76
"2017-08-21",264.2
"2017-08-22",265.23
"2017-08-23",267.16
"2017-08-24",266.41
"2017-08-25",265.65
"2017-08-28",266.07
"2017-08-29",264.64
"2017-08-30",266.35
"2017-08-31",265.97
"2017-09-01",265.77
"2017-09-05",266.09
"2017-09-06",262.77
"2017-09-07",266.05
"2017-09-08",266.58
"2017-09-11",269.39
"2017-09-12",264.59
"2017-09-13",261.18
"2017-09-14",262.16
"2017-09-15",261.99
"2017-09-18",260.17
"2017-09-19",257.41
"2017-09-20",256.13
"2017-09-21",255.27
"2017-09-22",255.
"2017-09-25",255.57
"2017-09-26",254.91
"2017-09-27",251.42
"2017-09-28",253.05
"2017-09-29",254.03
"2017-10-02",252.38
"2017-10-03",253.69
"2017-10-04",257.57
"2017-10-05",257.07
"2017-10-06",257.01
"2017-10-09",257.6
"2017-10-10",258.72
"2017-10-11",258.3
"2017-10-12",261.1
"2017-10-13",261.82
"2017-10-16",261.02
"2017-10-17",261.38
"2017-10-18",261.21
"2017-10-19",259.94
"2017-10-20",259.34
"2017-10-23",259.64
"2017-10-24",257.54
"2017-10-25",257.63
"2017-10-26",259.65
"2017-10-27",262.4
"2017-10-30",260.8
"2017-10-31",262.43
"2017-11-01",262.53
"2017-11-02",253.84
"2017-11-03",253.98
"2017-11-06",253.81
"2017-11-07",255.
"2017-11-08",258.79
"2017-11-09",256.95
"2017-11-10",256.38
"2017-11-13",258.63
"2017-11-14",256.82
"2017-11-15",252.15
"2017-11-16",253.94
"2017-11-17",250.85
"2017-11-20",250.21
"2017-11-21",252.11
"2017-11-22",249.97
"2017-11-24",250.37
"2017-11-27",247.61
"2017-11-28",246.77
"2017-11-29",247.68
"2017-11-30",246.99
"2017-12-01",247.04
"2017-12-04",246.28
"2017-12-05",242.99
"2017-12-06",241.96
"2017-12-07",240.61
"2017-12-08",244.31
"2017-12-11",249.16
"2017-12-12",249.15
"2017-12-13",247.98
"2017-12-14",249.
"2017-12-15",249.79
"2017-12-18",249.87
"2017-12-19",242.82
"2017-12-20",240.3
"2017-12-21",237.57
"2017-12-22",239.39
"2017-12-26",240.56
"2017-12-27",241.23
"2017-12-28",240.91
"2017-12-29",241.37
"2018-01-02",240.08
"2018-01-03",242.54
"2018-01-04",238.72
"2018-01-05",239.37
"2018-01-08",238.16
"2018-01-09",236.27
"2018-01-10",232.22
"2018-01-11",232.44
"2018-01-12",227.1
"2018-01-16",227.6
"2018-01-17",227.36
"2018-01-18",224.6
"2018-01-19",223.63
"2018-01-22",226.6
"2018-01-23",231.83
"2018-01-24",231.55
"2018-01-25",231.26
"2018-01-26",229.83
"2018-01-29",227.74
"2018-01-30",226.75
"2018-01-31",232.98
"2018-02-01",227.17
"2018-02-02",225.38
"2018-02-05",217.99
"2018-02-06",218.82
"2018-02-07",217.81
"2018-02-08",218.28
"2018-02-09",227.94
"2018-02-12",227.85
"2018-02-13",228.28
"2018-02-14",224.76
"2018-02-15",229.57
"2018-02-16",229.67
"2018-02-20",225.44
"2018-02-21",220.15
"2018-02-22",221.59
"2018-02-23",227.27
"2018-02-26",227.11
"2018-02-27",221.83
"2018-02-28",223.83
"2018-03-01",223.97
"2018-03-02",222.22
"2018-03-05",225.71
"2018-03-06",230.05
"2018-03-07",231.48
"2018-03-08",234.15
"2018-03-09",237.52
"2018-03-12",238.74
"2018-03-13",238.05
"2018-03-14",238.67
"2018-03-15",241.71
"2018-03-16",243.67
"2018-03-19",241.99
"2018-03-20",239.46
"2018-03-21",236.79
"2018-03-22",233.6
"2018-03-23",229.17
"2018-03-26",232.63
"2018-03-27",233.95
"2018-03-28",239.63
"2018-03-29",240.68
"2018-04-02",237.
"2018-04-03",240.1
"2018-04-04",242.31
"2018-04-05",241.5
"2018-04-06",242.38
"2018-04-09",241.38
"2018-04-10",241.95
"2018-04-11",241.21
"2018-04-12",240.26
"2018-04-13",242.99
"2018-04-16",242.45
"2018-04-17",246.19
"2018-04-18",245.29
"2018-04-19",240.24
"2018-04-20",239.39
"2018-04-23",237.32
"2018-04-24",237.63
"2018-04-25",236.65
"2018-04-26",237.78
"2018-04-27",241.19
"2018-04-30",239.69
"2018-05-01",240.86
"2018-05-02",240.29
"2018-05-03",238.43
"2018-05-04",241.17
"2018-05-07",241.62
"2018-05-08",241.46
"2018-05-09",243.9
"2018-05-10",243.91
"2018-05-11",242.43
"2018-05-14",242.06
"2018-05-15",233.78
"2018-05-16",230.13
"2018-05-17",227.4
"2018-05-18",228.87
"2018-05-21",232.78
"2018-05-22",232.58
"2018-05-23",236.08
"2018-05-24",233.15
"2018-05-25",234.2
"2018-05-29",234.4
"2018-05-30",241.3
"2018-05-31",239.03
"2018-06-01",238.5
"2018-06-04",241.89
"2018-06-05",240.92
"2018-06-06",242.61
"2018-06-07",240.73
"2018-06-08",240.99
"2018-06-11",239.28
"2018-06-12",238.63
"2018-06-13",232.99
"2018-06-14",234.83
"2018-06-15",234.49
"2018-06-18",232.48
"2018-06-19",232.52
"2018-06-20",233.52
"2018-06-21",234.61
"2018-06-22",235.38
"2018-06-25",234.44
"2018-06-26",234.61
"2018-06-27",233.03
"2018-06-28",235.59
"2018-06-29",239.07
"2018-07-02",236.22
"2018-07-03",236.22
"2018-07-05",238.7
"2018-07-06",240.02
"2018-07-09",238.68
"2018-07-10",240.62
"2018-07-11",242.61
"2018-07-12",242.69
"2018-07-13",239.62
"2018-07-16",236.14
"2018-07-17",232.74
"2018-07-18",231.58
"2018-07-19",232.54
"2018-07-20",229.35
"2018-07-23",229.65
"2018-07-24",229.72
"2018-07-25",232.74
"2018-07-26",233.5
"2018-07-27",233.29
"2018-07-30",233.8
"2018-07-31",240.45
"2018-08-01",240.89
"2018-08-02",234.18
"2018-08-03",242.41
"2018-08-06",242.77
"2018-08-07",243.31
"2018-08-08",239.25
"2018-08-09",239.54
"2018-08-10",236.62
"2018-08-13",236.13
"2018-08-14",236.8
"2018-08-15",239.7
"2018-08-16",240.99
"2018-08-17",243.34
"2018-08-20",243.
"2018-08-21",241.23
"2018-08-22",241.69
"2018-08-23",242.17
"2018-08-24",244.14
"2018-08-27",244.38
"2018-08-28",246.79
"2018-08-29",247.29
"2018-08-30",245.29
"2018-08-31",246.28
"2018-09-04",243.89
"2018-09-05",245.17
"2018-09-06",246.31
"2018-09-07",246.14
"2018-09-10",249.3
"2018-09-11",250.24
"2018-09-12",248.
"2018-09-13",248.28
"2018-09-14",246.31
"2018-09-17",246.25
"2018-09-18",245.41
"2018-09-19",243.9
"2018-09-20",245.36
"2018-09-21",247.24
"2018-09-24",240.77
"2018-09-25",243.14
"2018-09-26",240.1
"2018-09-27",241.89
"2018-09-28",246.71
"2018-10-01",245.5
"2018-10-02",245.53
"2018-10-03",244.24
"2018-10-04",243.21
"2018-10-05",243.7
"2018-10-08",248.03
"2018-10-09",250.35
"2018-10-10",246.89
"2018-10-11",239.69
"2018-10-12",238.62
"2018-10-15",240.6
"2018-10-16",244.71
"2018-10-17",242.8
"2018-10-18",244.14
"2018-10-19",245.64
"2018-10-22",242.46
"2018-10-23",244.34
"2018-10-24",251.82
"2018-10-25",254.41
"2018-10-26",247.91
"2018-10-29",256.55
"2018-10-30",255.64
"2018-10-31",250.78
"2018-11-01",252.65
"2018-11-02",247.88
"2018-11-05",249.58
"2018-11-06",250.04
"2018-11-07",255.
"2018-11-08",253.72
"2018-11-09",253.93
"2018-11-12",254.7
"2018-11-13",255.22
