"2003-01-31",20.9
"2003-02-03",21.4
"2003-02-04",21.84
"2003-02-05",22.01
"2003-02-06",21.96
"2003-02-07",21.76
"2003-02-10",22.11
"2003-02-11",22.26
"2003-02-12",21.69
"2003-02-13",21.58
"2003-02-14",21.44
"2003-02-18",22.42
"2003-02-19",22.08
"2003-02-20",22.06
"2003-02-21",22.44
"2003-02-24",22.55
"2003-02-25",22.52
"2003-02-26",22.66
"2003-02-27",22.68
"2003-02-28",23.09
"2003-03-03",23.03
"2003-03-04",22.9
"2003-03-05",23.38
"2003-03-06",23.32
"2003-03-07",23.45
"2003-03-10",23.41
"2003-03-11",23.15
"2003-03-12",22.48
"2003-03-13",22.5
"2003-03-14",22.25
"2003-03-17",22.89
"2003-03-18",23.12
"2003-03-19",23.33
"2003-03-20",23.52
"2003-03-21",23.18
"2003-03-24",23.25
"2003-03-25",23.46
"2003-03-26",23.54
"2003-03-27",23.88
"2003-03-28",24.04
"2003-03-31",23.97
"2003-04-01",24.39
"2003-04-02",24.15
"2003-04-03",23.77
"2003-04-04",23.99
"2003-04-07",23.7
"2003-04-08",23.37
"2003-04-09",23.3
"2003-04-10",23.12
"2003-04-11",23.04
"2003-04-14",23.2
"2003-04-15",23.49
"2003-04-16",23.12
"2003-04-17",23.21
"2003-04-21",23.12
"2003-04-22",23.22
"2003-04-23",22.94
"2003-04-24",22.85
"2003-04-25",22.67
"2003-04-28",22.95
"2003-04-29",22.56
"2003-04-30",22.77
"2003-05-01",22.82
"2003-05-02",23.19
"2003-05-05",23.2
"2003-05-06",23.42
"2003-05-07",23.85
"2003-05-08",23.63
"2003-05-09",23.5
"2003-05-12",23.58
"2003-05-13",24.03
"2003-05-14",24.3
"2003-05-15",24.58
"2003-05-16",24.68
"2003-05-19",23.92
"2003-05-20",23.94
"2003-05-21",24.35
"2003-05-22",24.5
"2003-05-23",25.05
"2003-05-27",25.62
"2003-05-28",25.39
"2003-05-29",25.36
"2003-05-30",25.73
"2003-06-02",25.87
"2003-06-03",26.13
"2003-06-04",26.29
"2003-06-05",26.46
"2003-06-06",26.49
"2003-06-09",26.24
"2003-06-10",26.37
"2003-06-11",27.
"2003-06-12",26.65
"2003-06-13",26.58
"2003-06-16",27.
"2003-06-17",26.68
"2003-06-18",26.58
"2003-06-19",26.47
"2003-06-20",26.83
"2003-06-23",26.48
"2003-06-24",26.13
"2003-06-25",26.18
"2003-06-26",26.15
"2003-06-27",26.23
"2003-06-30",26.35
"2003-07-01",26.51
"2003-07-02",26.6
"2003-07-03",26.52
"2003-07-07",26.45
"2003-07-08",26.71
"2003-07-09",26.7
"2003-07-10",26.15
"2003-07-11",26.27
"2003-07-14",26.15
"2003-07-15",25.7
"2003-07-16",25.67
"2003-07-17",25.99
"2003-07-18",26.55
"2003-07-21",26.07
"2003-07-22",26.13
"2003-07-23",26.01
"2003-07-24",26.09
"2003-07-25",26.3
"2003-07-28",26.02
"2003-07-29",25.69
"2003-07-30",25.73
"2003-07-31",25.74
"2003-08-01",25.44
"2003-08-04",25.24
"2003-08-05",25.01
"2003-08-06",25.38
"2003-08-07",25.49
"2003-08-08",25.95
"2003-08-11",26.65
"2003-08-12",26.75
"2003-08-13",27.25
"2003-08-14",27.42
"2003-08-15",27.37
"2003-08-18",27.07
"2003-08-19",27.
"2003-08-20",26.9
"2003-08-21",27.2
"2003-08-22",26.82
"2003-08-25",27.12
"2003-08-26",26.94
"2003-08-27",27.43
"2003-08-28",27.68
"2003-08-29",27.89
"2003-09-02",28.35
"2003-09-03",28.64
"2003-09-04",28.8
"2003-09-05",28.74
"2003-09-08",29.42
"2003-09-09",28.93
"2003-09-10",28.64
"2003-09-11",28.44
"2003-09-12",28.64
"2003-09-15",28.65
"2003-09-16",28.41
"2003-09-17",28.09
"2003-09-18",28.23
"2003-09-19",28.35
"2003-09-22",28.21
"2003-09-23",28.21
"2003-09-24",28.35
"2003-09-25",28.05
"2003-09-26",28.18
"2003-09-29",28.18
"2003-09-30",28.5
"2003-10-01",29.12
"2003-10-02",28.91
"2003-10-03",28.97
"2003-10-06",29.03
"2003-10-07",29.45
"2003-10-08",29.5
"2003-10-09",29.58
"2003-10-10",30.21
"2003-10-13",30.35
"2003-10-14",30.25
"2003-10-15",30.12
"2003-10-16",30.2
"2003-10-17",30.08
"2003-10-20",29.96
"2003-10-21",29.88
"2003-10-22",29.63
"2003-10-23",29.55
"2003-10-24",29.27
"2003-10-27",29.53
"2003-10-28",29.32
"2003-10-29",29.19
"2003-10-30",29.16
"2003-10-31",29.57
"2003-11-03",29.69
"2003-11-04",29.35
"2003-11-05",29.38
"2003-11-06",29.42
"2003-11-07",29.75
"2003-11-10",29.29
"2003-11-11",29.11
"2003-11-12",29.2
"2003-11-13",29.6
"2003-11-14",29.84
"2003-11-17",29.35
"2003-11-18",28.95
"2003-11-19",29.18
"2003-11-20",29.1
"2003-11-21",29.24
"2003-11-24",29.29
"2003-11-25",29.66
"2003-11-26",29.67
"2003-11-28",29.61
"2003-12-01",30.05
"2003-12-02",30.19
"2003-12-03",29.81
"2003-12-04",30.16
"2003-12-05",30.22
"2003-12-08",30.22
"2003-12-09",30.3
"2003-12-10",30.46
"2003-12-11",30.87
"2003-12-12",30.89
"2003-12-15",30.49
"2003-12-16",30.74
"2003-12-17",31.06
"2003-12-18",32.14
"2003-12-19",32.15
"2003-12-22",32.23
"2003-12-23",32.16
"2003-12-24",32.55
"2003-12-26",32.67
"2003-12-29",33.2
"2003-12-30",33.37
"2003-12-31",33.09
"2004-01-02",33.25
"2004-01-05",34.08
"2004-01-06",34.09
"2004-01-07",33.95
"2004-01-08",34.1
"2004-01-09",34.
"2004-01-12",33.98
"2004-01-13",34.23
"2004-01-14",33.96
"2004-01-15",33.5
"2004-01-16",33.41
"2004-01-20",34.12
"2004-01-21",34.48
"2004-01-22",34.11
"2004-01-23",34.23
"2004-01-26",34.56
"2004-01-27",34.45
"2004-01-28",33.45
"2004-01-29",32.94
"2004-01-30",32.48
"2004-02-02",32.65
"2004-02-03",32.83
"2004-02-04",31.88
"2004-02-05",31.66
"2004-02-06",32.26
"2004-02-09",32.54
"2004-02-10",32.85
"2004-02-11",33.5
"2004-02-12",33.38
"2004-02-13",33.49
"2004-02-17",33.76
"2004-02-18",33.9
"2004-02-19",34.
"2004-02-20",33.89
"2004-02-23",34.03
"2004-02-24",33.97
"2004-02-25",34.12
"2004-02-26",34.44
"2004-02-27",35.14
"2004-03-01",36.06
"2004-03-02",35.05
"2004-03-03",35.17
"2004-03-04",34.97
"2004-03-05",35.32
"2004-03-08",35.5
"2004-03-09",35.37
"2004-03-10",34.86
"2004-03-11",34.11
"2004-03-12",34.52
"2004-03-15",34.53
"2004-03-16",34.47
"2004-03-17",35.19
"2004-03-18",35.41
"2004-03-19",33.97
"2004-03-22",33.44
"2004-03-23",33.13
"2004-03-24",32.28
"2004-03-25",30.78
"2004-03-26",31.5
"2004-03-29",31.5
"2004-03-30",32.68
"2004-03-31",33.67
"2004-04-01",32.87
"2004-04-02",32.76
"2004-04-05",33.15
"2004-04-06",33.15
"2004-04-07",32.9
"2004-04-08",33.6
"2004-04-12",34.05
"2004-04-13",33.67
"2004-04-14",33.37
"2004-04-15",33.99
"2004-04-16",34.41
"2004-04-19",34.3
"2004-04-20",33.3
"2004-04-21",33.43
"2004-04-22",33.96
"2004-04-23",34.08
"2004-04-26",34.34
"2004-04-27",35.14
"2004-04-28",34.2
"2004-04-29",33.09
"2004-04-30",33.56
"2004-05-03",33.74
"2004-05-04",34.32
"2004-05-05",34.55
"2004-05-06",34.72
"2004-05-07",33.67
"2004-05-10",32.65
"2004-05-11",33.7
"2004-05-12",33.89
"2004-05-13",33.11
"2004-05-14",33.59
"2004-05-17",33.1
"2004-05-18",32.73
"2004-05-19",32.22
"2004-05-20",32.45
"2004-05-21",32.48
"2004-05-24",32.76
"2004-05-25",33.48
"2004-05-26",33.67
"2004-05-27",32.95
"2004-05-28",33.34
"2004-06-01",34.25
"2004-06-02",34.3
"2004-06-03",33.62
"2004-06-04",33.16
"2004-06-07",34.25
"2004-06-08",34.2
"2004-06-09",33.9
"2004-06-10",34.5
"2004-06-14",34.12
"2004-06-15",34.86
"2004-06-16",35.52
"2004-06-17",36.36
"2004-06-18",36.64
"2004-06-21",36.76
"2004-06-22",36.53
"2004-06-23",37.46
"2004-06-24",37.24
"2004-06-25",37.42
"2004-06-28",36.99
"2004-06-29",37.
"2004-06-30",37.84
"2004-07-01",37.47
"2004-07-02",38.
"2004-07-06",37.83
"2004-07-07",37.09
"2004-07-08",37.35
"2004-07-09",37.14
"2004-07-12",36.69
"2004-07-13",36.5
"2004-07-14",36.98
"2004-07-15",37.21
"2004-07-16",37.59
"2004-07-19",37.42
"2004-07-20",37.57
"2004-07-21",36.96
"2004-07-22",37.1
"2004-07-23",36.85
"2004-07-26",36.52
"2004-07-27",36.79
"2004-07-28",36.87
"2004-07-29",37.44
"2004-07-30",37.67
"2004-08-02",37.65
"2004-08-03",37.67
"2004-08-04",36.55
"2004-08-05",35.8
"2004-08-06",35.17
"2004-08-09",35.91
"2004-08-10",35.55
"2004-08-11",34.86
"2004-08-12",34.62
"2004-08-13",35.16
"2004-08-16",35.62
"2004-08-17",34.44
"2004-08-18",34.59
"2004-08-19",34.46
"2004-08-20",34.38
"2004-08-23",33.98
"2004-08-24",34.3
"2004-08-25",34.9
"2004-08-26",35.35
"2004-08-27",35.59
"2004-08-30",35.42
"2004-08-31",36.27
"2004-09-01",36.64
"2004-09-02",37.09
"2004-09-03",36.9
"2004-09-07",37.
"2004-09-08",37.
"2004-09-09",37.58
"2004-09-10",37.44
"2004-09-13",37.7
"2004-09-14",38.08
"2004-09-15",37.99
"2004-09-16",38.12
"2004-09-17",38.7
"2004-09-20",38.89
"2004-09-21",40.13
"2004-09-22",40.
"2004-09-23",39.59
"2004-09-24",40.52
"2004-09-27",40.46
"2004-09-28",41.52
"2004-09-29",40.83
"2004-09-30",41.28
"2004-10-01",41.96
"2004-10-04",41.69
"2004-10-05",41.6
"2004-10-06",42.13
"2004-10-07",41.25
"2004-10-08",41.24
"2004-10-11",41.02
"2004-10-12",40.67
"2004-10-13",39.31
"2004-10-14",40.25
"2004-10-15",40.2
"2004-10-18",39.76
"2004-10-19",39.43
"2004-10-20",40.36
"2004-10-21",40.13
"2004-10-22",40.3
"2004-10-25",40.15
"2004-10-26",39.34
"2004-10-27",38.06
"2004-10-28",37.66
"2004-10-29",38.11
"2004-11-01",37.63
"2004-11-02",37.05
"2004-11-03",37.55
"2004-11-04",38.02
"2004-11-05",38.42
"2004-11-08",37.72
"2004-11-09",37.44
"2004-11-10",37.34
"2004-11-11",37.42
"2004-11-12",38.21
"2004-11-15",36.83
"2004-11-16",36.94
"2004-11-17",37.39
"2004-11-18",37.53
"2004-11-19",38.36
"2004-11-22",39.05
"2004-11-23",39.23
"2004-11-24",39.58
"2004-11-26",39.85
"2004-11-29",39.63
"2004-11-30",39.44
"2004-12-01",38.2
"2004-12-02",37.35
"2004-12-03",37.51
"2004-12-06",37.33
"2004-12-07",36.74
"2004-12-08",36.9
"2004-12-09",36.96
"2004-12-10",36.67
"2004-12-13",36.92
"2004-12-14",37.02
"2004-12-15",37.55
"2004-12-16",37.29
"2004-12-17",37.32
"2004-12-20",37.11
"2004-12-21",37.4
"2004-12-22",37.1
"2004-12-23",37.29
"2004-12-27",36.84
"2004-12-28",36.82
"2004-12-29",37.17
"2004-12-30",37.43
"2004-12-31",37.61
"2005-01-03",36.58
"2005-01-04",36.17
"2005-01-05",35.73
"2005-01-06",36.28
"2005-01-07",36.81
"2005-01-10",37.27
"2005-01-11",37.54
"2005-01-12",37.9
"2005-01-13",38.3
"2005-01-14",38.3
"2005-01-18",38.76
"2005-01-19",38.45
"2005-01-20",37.74
"2005-01-21",38.06
"2005-01-24",38.57
"2005-01-25",39.17
"2005-01-26",39.4
"2005-01-27",38.89
"2005-01-28",38.36
"2005-01-31",38.73
"2005-02-01",39.18
"2005-02-02",40.
"2005-02-03",40.59
"2005-02-04",40.5
"2005-02-07",40.35
"2005-02-08",40.7
"2005-02-09",41.13
"2005-02-10",42.25
"2005-02-11",42.69
"2005-02-14",42.29
"2005-02-15",42.99
"2005-02-16",43.88
"2005-02-17",43.48
"2005-02-18",44.53
"2005-02-22",44.06
"2005-02-23",44.28
"2005-02-24",45.19
"2005-02-25",46.63
"2005-02-28",47.34
"2005-03-01",46.8
"2005-03-02",46.9
"2005-03-03",48.
"2005-03-04",48.76
"2005-03-07",48.72
"2005-03-08",48.42
"2005-03-09",46.79
"2005-03-10",45.7
"2005-03-11",45.93
"2005-03-14",46.27
"2005-03-15",45.65
"2005-03-16",45.86
"2005-03-17",46.9
"2005-03-18",46.94
"2005-03-21",47.13
"2005-03-22",45.82
"2005-03-23",45.47
"2005-03-24",45.65
"2005-03-28",45.4
"2005-03-29",45.03
"2005-03-30",45.81
"2005-03-31",46.92
"2005-04-01",48.25
"2005-04-04",48.25
"2005-04-05",47.73
"2005-04-06",48.39
"2005-04-07",48.41
"2005-04-08",47.75
"2005-04-11",48.5
"2005-04-12",47.15
"2005-04-13",45.63
"2005-04-14",45.84
"2005-04-15",44.
"2005-04-18",44.91
"2005-04-19",46.14
"2005-04-20",46.1
"2005-04-21",47.22
"2005-04-22",47.94
"2005-04-25",48.49
"2005-04-26",47.88
"2005-04-27",47.25
"2005-04-28",45.86
"2005-04-29",46.57
"2005-05-02",47.85
"2005-05-03",46.71
"2005-05-04",47.5
"2005-05-05",48.09
"2005-05-06",48.32
"2005-05-09",49.28
"2005-05-10",48.66
"2005-05-11",48.47
"2005-05-12",46.02
"2005-05-13",45.34
"2005-05-16",44.7
"2005-05-17",45.44
"2005-05-18",45.79
"2005-05-19",46.71
"2005-05-20",46.22
"2005-05-23",47.1
"2005-05-24",47.54
"2005-05-25",47.9
"2005-05-26",48.37
"2005-05-27",48.9
"2005-05-31",48.49
"2005-06-01",49.61
"2005-06-02",49.56
"2005-06-03",49.99
"2005-06-06",49.9
"2005-06-07",49.79
"2005-06-08",50.61
"2005-06-09",51.92
"2005-06-10",51.94
"2005-06-13",51.77
"2005-06-14",52.05
"2005-06-15",52.76
"2005-06-16",53.74
"2005-06-17",54.94
"2005-06-20",54.64
"2005-06-21",52.85
"2005-06-22",54.05
"2005-06-23",54.45
"2005-06-24",54.78
"2005-06-27",55.58
"2005-06-28",53.96
"2005-06-29",53.46
"2005-06-30",53.37
"2005-07-01",55.54
"2005-07-05",56.82
"2005-07-06",55.14
"2005-07-07",56.2
"2005-07-08",56.13
"2005-07-11",56.43
"2005-07-12",57.7
"2005-07-13",57.67
"2005-07-14",55.68
"2005-07-15",55.23
"2005-07-18",54.69
"2005-07-19",55.64
"2005-07-20",55.91
"2005-07-21",55.92
"2005-07-22",57.4
"2005-07-25",57.99
"2005-07-26",57.68
"2005-07-27",57.88
"2005-07-28",58.99
"2005-07-29",58.36
"2005-08-01",59.67
"2005-08-02",60.64
"2005-08-03",60.23
"2005-08-04",60.29
"2005-08-05",59.96
"2005-08-08",61.41
"2005-08-09",61.64
"2005-08-10",62.82
"2005-08-11",63.67
"2005-08-12",63.41
"2005-08-15",62.27
"2005-08-16",60.92
"2005-08-17",59.08
"2005-08-18",58.95
"2005-08-19",60.2
"2005-08-22",60.25
"2005-08-23",59.62
"2005-08-24",60.14
"2005-08-25",59.56
"2005-08-26",59.2
"2005-08-29",60.09
"2005-08-30",61.99
"2005-08-31",64.31
"2005-09-01",66.82
"2005-09-02",65.07
"2005-09-06",65.7
"2005-09-07",66.01
"2005-09-08",65.64
"2005-09-09",67.75
"2005-09-12",66.94
"2005-09-13",66.43
"2005-09-14",67.14
"2005-09-15",67.43
"2005-09-16",68.
"2005-09-19",69.2
"2005-09-20",68.44
"2005-09-21",70.83
"2005-09-22",70.48
"2005-09-23",68.57
"2005-09-26",69.59
"2005-09-27",69.9
"2005-09-28",70.25
"2005-09-29",69.93
"2005-09-30",68.93
"2005-10-03",69.21
"2005-10-04",64.86
"2005-10-05",61.07
"2005-10-06",59.95
"2005-10-07",62.35
"2005-10-10",62.05
"2005-10-11",63.58
"2005-10-12",62.19
"2005-10-13",59.9
"2005-10-14",59.75
"2005-10-17",61.44
"2005-10-18",58.87
"2005-10-19",60.02
"2005-10-20",56.28
"2005-10-21",57.32
"2005-10-24",59.6
"2005-10-25",60.77
"2005-10-26",61.08
"2005-10-27",57.28
"2005-10-28",59.94
"2005-10-31",60.16
"2005-11-01",59.67
"2005-11-02",61.54
"2005-11-03",63.13
"2005-11-04",60.93
"2005-11-07",58.98
"2005-11-08",59.65
"2005-11-09",59.2
"2005-11-10",56.33
"2005-11-11",57.25
"2005-11-14",58.31
"2005-11-15",57.12
"2005-11-16",58.38
"2005-11-17",58.66
"2005-11-18",59.02
"2005-11-21",59.76
"2005-11-22",61.15
"2005-11-23",60.72
"2005-11-25",61.
"2005-11-28",57.87
"2005-11-29",58.61
"2005-11-30",59.29
"2005-12-01",61.13
"2005-12-02",60.79
"2005-12-05",61.71
"2005-12-06",61.53
"2005-12-07",61.49
"2005-12-08",62.42
"2005-12-09",61.71
"2005-12-12",61.87
"2005-12-13",61.93
"2005-12-14",64.24
"2005-12-15",62.88
"2005-12-16",61.79
"2005-12-19",61.43
"2005-12-20",61.43
"2005-12-21",61.94
"2005-12-22",62.52
"2005-12-23",62.16
"2005-12-27",59.96
"2005-12-28",61.3
"2005-12-29",60.7
"2005-12-30",60.97
"2006-01-03",65.24
"2006-01-04",66.1
"2006-01-05",65.88
"2006-01-06",66.69
"2006-01-09",67.96
"2006-01-10",69.5
"2006-01-11",69.88
"2006-01-12",69.3
"2006-01-13",71.32
"2006-01-17",71.59
"2006-01-18",71.44
"2006-01-19",72.35
"2006-01-20",72.62
"2006-01-23",72.55
"2006-01-24",72.84
"2006-01-25",71.96
"2006-01-26",72.5
"2006-01-27",75.04
"2006-01-30",76.55
"2006-01-31",76.87
"2006-02-01",75.93
"2006-02-02",73.12
"2006-02-03",71.61
"2006-02-06",73.17
"2006-02-07",69.84
"2006-02-08",69.35
"2006-02-09",67.9
"2006-02-10",66.43
"2006-02-13",67.44
"2006-02-14",66.53
"2006-02-15",67.53
"2006-02-16",69.48
"2006-02-17",71.13
"2006-02-21",71.
"2006-02-22",70.94
"2006-02-23",71.19
"2006-02-24",72.21
"2006-02-27",71.49
"2006-02-28",70.6
"2006-03-01",72.49
"2006-03-02",72.65
"2006-03-03",72.34
"2006-03-06",69.79
"2006-03-07",68.93
"2006-03-08",69.53
"2006-03-09",68.81
"2006-03-10",69.5
"2006-03-13",71.08
"2006-03-14",73.12
"2006-03-15",74.72
"2006-03-16",77.53
"2006-03-17",76.36
"2006-03-20",74.72
"2006-03-21",75.68
"2006-03-22",76.24
"2006-03-23",77.11
"2006-03-24",77.3
"2006-03-27",78.15
"2006-03-28",78.
"2006-03-29",76.96
"2006-03-30",77.01
"2006-03-31",76.17
"2006-04-03",76.7
"2006-04-04",78.12
"2006-04-05",79.65
"2006-04-06",79.27
"2006-04-07",78.1
"2006-04-10",79.14
"2006-04-11",79.26
"2006-04-12",79.28
"2006-04-13",79.67
"2006-04-17",82.37
"2006-04-18",84.52
"2006-04-19",84.52
"2006-04-20",84.67
"2006-04-21",86.04
"2006-04-24",83.85
"2006-04-25",82.79
"2006-04-26",81.89
"2006-04-27",78.58
"2006-04-28",79.36
"2006-05-01",81.13
"2006-05-02",82.17
"2006-05-03",80.96
"2006-05-04",80.5
"2006-05-05",81.25
"2006-05-08",80.82
"2006-05-09",80.85
"2006-05-10",81.98
"2006-05-11",80.64
"2006-05-12",78.36
"2006-05-15",75.25
"2006-05-16",76.72
"2006-05-17",74.83
"2006-05-18",74.71
"2006-05-19",75.5
"2006-05-22",72.43
"2006-05-23",74.17
"2006-05-24",73.35
"2006-05-25",75.71
"2006-05-26",76.
"2006-05-30",74.48
"2006-05-31",75.05
"2006-06-01",76.81
"2006-06-02",78.39
"2006-06-05",77.
"2006-06-06",77.01
"2006-06-07",74.14
"2006-06-08",74.4
"2006-06-09",73.37
"2006-06-12",72.28
"2006-06-13",69.83
"2006-06-14",71.77
"2006-06-15",74.83
"2006-06-16",74.55
"2006-06-19",71.82
"2006-06-20",71.83
"2006-06-21",74.15
"2006-06-22",74.88
"2006-06-23",76.72
"2006-06-26",76.88
"2006-06-27",79.81
"2006-06-28",81.8
"2006-06-29",83.55
"2006-06-30",83.3
"2006-07-03",83.27
"2006-07-05",84.91
"2006-07-06",85.92
"2006-07-07",85.73
"2006-07-10",85.86
"2006-07-11",88.63
"2006-07-12",86.55
"2006-07-13",86.9
"2006-07-14",87.86
"2006-07-17",84.95
"2006-07-18",86.2
"2006-07-19",86.75
"2006-07-20",85.34
"2006-07-21",84.13
"2006-07-24",87.78
"2006-07-25",88.99
"2006-07-26",90.85
"2006-07-27",89.48
"2006-07-28",89.35
"2006-07-31",90.64
"2006-08-01",90.54
"2006-08-02",88.61
"2006-08-03",86.65
"2006-08-04",87.2
"2006-08-07",88.75
"2006-08-08",90.48
"2006-08-09",92.19
"2006-08-10",91.11
"2006-08-11",89.35
"2006-08-14",86.33
"2006-08-15",87.85
"2006-08-16",88.5
"2006-08-17",86.35
"2006-08-18",87.21
"2006-08-21",89.94
"2006-08-22",91.3
"2006-08-23",90.25
"2006-08-24",91.56
"2006-08-25",92.13
"2006-08-28",89.67
"2006-08-29",87.9
"2006-08-30",84.9
"2006-08-31",83.5
"2006-09-01",84.99
"2006-09-05",83.1
"2006-09-06",79.53
"2006-09-07",79.46
"2006-09-08",77.25
"2006-09-11",74.88
"2006-09-12",74.6
"2006-09-13",75.52
"2006-09-14",73.57
"2006-09-15",73.21
"2006-09-18",75.54
"2006-09-19",73.44
"2006-09-20",70.73
"2006-09-21",71.7
"2006-09-22",71.2
"2006-09-25",71.32
"2006-09-26",73.98
"2006-09-27",76.32
"2006-09-28",76.
"2006-09-29",76.9
"2006-10-02",75.65
"2006-10-03",71.94
"2006-10-04",73.94
"2006-10-05",75.43
"2006-10-06",76.86
"2006-10-09",76.45
"2006-10-10",79.49
"2006-10-11",79.08
"2006-10-12",80.29
"2006-10-13",83.13
"2006-10-16",85.12
"2006-10-17",84.74
"2006-10-18",84.55
"2006-10-19",86.28
"2006-10-20",86.63
"2006-10-23",87.28
"2006-10-24",87.17
"2006-10-25",87.6
"2006-10-26",86.83
"2006-10-27",86.35
"2006-10-30",85.29
"2006-10-31",86.4
"2006-11-01",85.97
"2006-11-02",85.99
"2006-11-03",88.53
"2006-11-06",89.76
"2006-11-07",88.14
"2006-11-08",88.36
"2006-11-09",89.49
"2006-11-10",88.49
"2006-11-13",89.3
"2006-11-14",89.4
"2006-11-15",89.85
"2006-11-16",86.87
"2006-11-17",88.99
"2006-11-20",89.08
"2006-11-21",91.25
"2006-11-22",90.75
"2006-11-24",91.29
"2006-11-27",91.76
"2006-11-28",91.94
"2006-11-29",94.58
"2006-11-30",94.38
"2006-12-01",95.65
"2006-12-04",95.43
"2006-12-05",95.09
"2006-12-06",95.81
"2006-12-07",93.81
"2006-12-08",93.73
"2006-12-11",93.98
"2006-12-12",93.52
"2006-12-13",95.01
"2006-12-14",97.57
"2006-12-15",95.5
"2006-12-18",92.46
"2006-12-19",95.1
"2006-12-20",93.54
"2006-12-21",91.81
"2006-12-22",90.77
"2006-12-26",91.02
"2006-12-27",92.7
"2006-12-28",93.13
"2006-12-29",92.5
"2007-01-02",92.5
"2007-01-03",87.35
"2007-01-04",84.24
"2007-01-05",85.92
"2007-01-08",86.74
"2007-01-09",85.81
"2007-01-10",84.9
"2007-01-11",83.43
"2007-01-12",86.77
"2007-01-16",85.17
"2007-01-17",86.02
"2007-01-18",85.18
"2007-01-19",87.17
"2007-01-22",87.49
"2007-01-23",90.22
"2007-01-24",90.75
"2007-01-25",88.86
"2007-01-26",88.82
"2007-01-29",87.2
"2007-01-30",89.31
"2007-01-31",90.34
"2007-02-01",90.91
"2007-02-02",89.62
"2007-02-05",90.19
"2007-02-06",89.53
"2007-02-07",89.25
"2007-02-08",92.18
"2007-02-09",91.13
"2007-02-12",90.02
"2007-02-13",92.39
"2007-02-14",92.8
"2007-02-15",91.27
"2007-02-16",91.03
"2007-02-20",90.41
"2007-02-21",91.81
"2007-02-22",92.12
"2007-02-23",92.59
"2007-02-26",92.75
"2007-02-27",89.78
"2007-02-28",90.72
"2007-03-01",91.13
"2007-03-02",89.24
"2007-03-05",89.17
"2007-03-06",91.05
"2007-03-07",93.02
"2007-03-08",94.15
"2007-03-09",94.73
"2007-03-12",93.52
"2007-03-13",91.84
"2007-03-14",93.41
"2007-03-15",93.9
"2007-03-16",93.29
"2007-03-19",95.5
"2007-03-20",98.
"2007-03-21",99.24
"2007-03-22",101.47
"2007-03-23",101.12
"2007-03-26",102.56
"2007-03-27",102.41
"2007-03-28",102.3
"2007-03-29",101.86
"2007-03-30",98.83
"2007-04-02",100.46
"2007-04-03",100.72
"2007-04-04",102.
"2007-04-05",102.79
"2007-04-09",101.93
"2007-04-10",101.36
"2007-04-11",101.35
"2007-04-12",102.45
"2007-04-13",101.99
"2007-04-16",102.2
"2007-04-17",99.93
"2007-04-18",101.32
"2007-04-19",100.52
"2007-04-20",100.55
"2007-04-23",100.38
"2007-04-24",99.78
"2007-04-25",102.55
"2007-04-26",103.2
"2007-04-27",102.8
"2007-04-30",101.55
"2007-05-01",101.27
"2007-05-02",102.34
"2007-05-03",103.58
"2007-05-04",104.41
"2007-05-07",104.4
"2007-05-08",105.42
"2007-05-09",106.51
"2007-05-10",105.55
"2007-05-11",107.39
"2007-05-14",108.92
"2007-05-15",111.46
"2007-05-16",111.76
"2007-05-17",113.45
"2007-05-18",114.52
"2007-05-21",116.07
"2007-05-22",116.32
"2007-05-23",117.84
"2007-05-24",117.
"2007-05-25",119.6
"2007-05-29",118.89
"2007-05-30",122.1
"2007-05-31",123.81
"2007-06-01",126.76
"2007-06-04",128.37
"2007-06-05",127.26
"2007-06-06",124.99
"2007-06-07",123.49
"2007-06-08",125.45
"2007-06-11",124.92
"2007-06-12",122.97
"2007-06-13",126.09
"2007-06-14",129.
"2007-06-15",132.51
"2007-06-18",131.37
"2007-06-19",64.69
"2007-06-20",61.78
"2007-06-21",63.25
"2007-06-22",62.12
"2007-06-25",62.1
"2007-06-26",60.51
"2007-06-27",59.89
"2007-06-28",59.74
"2007-06-29",59.96
"2007-07-02",61.2
"2007-07-03",62.97
"2007-07-05",62.75
"2007-07-06",63.59
"2007-07-09",63.9
"2007-07-10",64.06
"2007-07-11",62.87
"2007-07-12",63.77
"2007-07-13",65.04
"2007-07-16",63.2
"2007-07-17",62.13
"2007-07-18",63.48
"2007-07-19",63.1
"2007-07-20",61.26
"2007-07-23",61.23
"2007-07-24",58.06
"2007-07-25",59.42
"2007-07-26",56.95
"2007-07-27",55.15
"2007-07-30",57.
"2007-07-31",55.2
"2007-08-01",54.22
"2007-08-02",51.74
"2007-08-03",49.81
"2007-08-06",49.24
"2007-08-07",52.4
"2007-08-08",52.06
"2007-08-09",49.24
"2007-08-10",51.86
"2007-08-13",53.76
"2007-08-14",52.23
"2007-08-15",50.
"2007-08-16",50.25
"2007-08-17",53.44
"2007-08-20",51.9
"2007-08-21",51.19
"2007-08-22",51.94
"2007-08-23",51.15
"2007-08-24",53.73
"2007-08-27",52.85
"2007-08-28",50.62
"2007-08-29",53.7
"2007-08-30",53.24
"2007-08-31",53.89
"2007-09-04",55.69
"2007-09-05",56.06
"2007-09-06",56.58
"2007-09-07",54.51
"2007-09-10",53.21
"2007-09-11",52.88
"2007-09-12",53.97
"2007-09-13",54.87
"2007-09-14",55.9
"2007-09-17",56.43
"2007-09-18",57.72
"2007-09-19",58.38
"2007-09-20",58.34
"2007-09-21",58.25
"2007-09-24",57.77
"2007-09-25",56.95
"2007-09-26",57.54
"2007-09-27",57.3
"2007-09-28",57.02
"2007-10-01",57.54
"2007-10-02",57.41
"2007-10-03",56.83
"2007-10-04",57.7
"2007-10-05",58.46
"2007-10-08",58.58
"2007-10-09",58.38
"2007-10-10",59.05
"2007-10-11",57.78
"2007-10-12",58.34
"2007-10-15",59.36
"2007-10-16",59.43
"2007-10-17",57.91
"2007-10-18",59.44
"2007-10-19",58.11
"2007-10-22",58.1
"2007-10-23",57.73
"2007-10-24",58.77
"2007-10-25",59.64
"2007-10-26",60.74
"2007-10-29",60.5
"2007-10-30",57.37
"2007-10-31",59.13
"2007-11-01",57.67
"2007-11-02",59.68
"2007-11-05",58.75
"2007-11-06",61.33
"2007-11-07",60.11
"2007-11-08",61.01
"2007-11-09",59.69
"2007-11-12",57.4
"2007-11-13",57.55
"2007-11-14",55.94
"2007-11-15",54.4
"2007-11-16",57.51
"2007-11-19",56.33
"2007-11-20",57.49
"2007-11-21",56.27
"2007-11-23",56.37
"2007-11-26",53.79
"2007-11-27",53.34
"2007-11-28",54.83
"2007-11-29",55.31
"2007-11-30",55.9
"2007-12-03",56.78
"2007-12-04",55.89
"2007-12-05",56.64
"2007-12-06",58.49
"2007-12-07",59.23
"2007-12-10",59.02
"2007-12-11",58.5
"2007-12-12",59.42
"2007-12-13",59.66
"2007-12-14",58.32
"2007-12-17",57.06
"2007-12-18",58.54
"2007-12-19",58.56
"2007-12-20",59.84
"2007-12-21",61.41
"2007-12-24",61.88
"2007-12-26",62.59
"2007-12-27",61.94
"2007-12-28",62.38
"2007-12-31",60.86
"2008-01-02",61.4
"2008-01-03",61.88
"2008-01-04",59.57
"2008-01-07",58.95
"2008-01-08",58.57
"2008-01-09",57.23
"2008-01-10",55.97
"2008-01-11",54.5
"2008-01-14",54.88
"2008-01-15",52.17
"2008-01-16",50.45
"2008-01-17",47.73
"2008-01-18",47.49
"2008-01-22",46.69
"2008-01-23",47.23
"2008-01-24",49.99
"2008-01-25",49.02
"2008-01-28",50.08
"2008-01-29",52.13
"2008-01-30",50.91
"2008-01-31",47.07
"2008-02-01",49.09
"2008-02-04",48.93
"2008-02-05",46.98
"2008-02-06",45.88
"2008-02-07",46.28
"2008-02-08",49.38
"2008-02-11",49.2
"2008-02-12",49.35
"2008-02-13",50.61
"2008-02-14",50.72
"2008-02-15",50.85
"2008-02-19",52.53
"2008-02-20",52.76
"2008-02-21",50.8
"2008-02-22",51.55
"2008-02-25",52.43
"2008-02-26",53.43
"2008-02-27",54.36
"2008-02-28",54.15
"2008-02-29",53.16
"2008-03-03",53.81
"2008-03-04",52.86
"2008-03-05",53.64
"2008-03-06",51.95
"2008-03-07",51.46
"2008-03-10",51.91
"2008-03-11",54.35
"2008-03-12",51.85
"2008-03-13",52.38
"2008-03-14",50.67
"2008-03-17",46.7
"2008-03-18",48.55
"2008-03-19",45.23
"2008-03-20",46.52
"2008-03-24",47.24
"2008-03-25",47.1
"2008-03-26",47.68
"2008-03-27",47.
"2008-03-28",46.46
"2008-03-31",45.6
"2008-04-01",46.41
"2008-04-02",47.47
"2008-04-03",47.8
"2008-04-04",48.8
"2008-04-07",48.58
"2008-04-08",48.3
"2008-04-09",47.19
"2008-04-10",45.74
"2008-04-11",44.92
"2008-04-14",46.31
"2008-04-15",45.87
"2008-04-16",47.67
"2008-04-17",48.65
"2008-04-18",48.79
"2008-04-21",49.21
"2008-04-22",48.4
"2008-04-23",48.04
"2008-04-24",46.47
"2008-04-25",46.4
"2008-04-28",46.41
"2008-04-29",45.88
"2008-04-30",45.57
"2008-05-01",47.91
"2008-05-02",50.8
"2008-05-05",51.66
"2008-05-06",52.81
"2008-05-07",52.06
"2008-05-08",52.91
"2008-05-09",52.56
"2008-05-12",53.34
"2008-05-13",53.5
"2008-05-14",52.25
"2008-05-15",53.2
"2008-05-16",55.05
"2008-05-19",53.44
"2008-05-20",53.16
"2008-05-21",54.11
"2008-05-22",52.86
"2008-05-23",51.79
"2008-05-27",50.95
"2008-05-28",51.17
"2008-05-29",50.67
"2008-05-30",51.39
"2008-06-02",51.61
"2008-06-03",51.78
"2008-06-04",49.93
"2008-06-05",51.
"2008-06-06",49.52
"2008-06-09",50.62
"2008-06-10",50.83
"2008-06-11",50.97
"2008-06-12",51.19
"2008-06-13",51.39
"2008-06-16",51.49
"2008-06-17",53.07
"2008-06-18",53.35
"2008-06-19",52.14
"2008-06-20",50.74
"2008-06-23",52.52
"2008-06-24",52.94
"2008-06-25",52.51
"2008-06-26",50.89
"2008-06-27",51.22
"2008-06-30",51.87
"2008-07-01",52.78
"2008-07-02",51.56
"2008-07-03",51.24
"2008-07-07",49.85
"2008-07-08",48.89
"2008-07-09",47.84
"2008-07-10",46.98
"2008-07-11",46.58
"2008-07-14",45.66
"2008-07-15",43.74
"2008-07-16",43.53
"2008-07-17",43.53
"2008-07-18",43.38
"2008-07-21",44.17
"2008-07-22",43.78
"2008-07-23",42.69
"2008-07-24",41.39
"2008-07-25",42.56
"2008-07-28",42.36
"2008-07-29",42.27
"2008-07-30",45.13
"2008-07-31",49.47
"2008-08-01",47.81
"2008-08-04",45.21
"2008-08-05",44.38
"2008-08-06",46.04
"2008-08-07",45.01
"2008-08-08",45.99
"2008-08-11",46.73
"2008-08-12",45.56
"2008-08-13",47.29
"2008-08-14",45.92
"2008-08-15",44.85
"2008-08-18",44.25
"2008-08-19",44.6
"2008-08-20",45.56
"2008-08-21",46.01
"2008-08-22",44.97
"2008-08-25",44.34
"2008-08-26",44.5
"2008-08-27",45.74
"2008-08-28",45.48
"2008-08-29",45.07
"2008-09-02",43.04
"2008-09-03",44.11
"2008-09-04",43.76
"2008-09-05",43.62
"2008-09-08",43.9
"2008-09-09",39.77
"2008-09-10",42.02
"2008-09-11",43.7
"2008-09-12",46.04
"2008-09-15",40.82
"2008-09-16",42.15
"2008-09-17",40.02
"2008-09-18",39.87
"2008-09-19",43.34
"2008-09-22",41.31
"2008-09-23",38.94
"2008-09-24",40.23
"2008-09-25",41.56
"2008-09-26",40.83
"2008-09-29",37.48
"2008-09-30",39.87
"2008-10-01",38.81
"2008-10-02",35.94
"2008-10-03",35.58
"2008-10-06",33.46
"2008-10-07",30.56
"2008-10-08",29.3
"2008-10-09",26.88
"2008-10-10",25.56
"2008-10-13",31.53
"2008-10-14",29.85
"2008-10-15",24.01
"2008-10-16",26.41
"2008-10-17",25.95
"2008-10-20",27.38
"2008-10-21",26.36
"2008-10-22",22.49
"2008-10-23",25.2
"2008-10-24",23.56
"2008-10-27",22.18
"2008-10-28",24.95
"2008-10-29",25.64
"2008-10-30",27.73
"2008-10-31",29.1
"2008-11-03",27.91
"2008-11-04",30.89
"2008-11-05",29.96
"2008-11-06",28.02
"2008-11-07",28.6
"2008-11-10",28.51
"2008-11-11",26.74
"2008-11-12",24.14
"2008-11-13",27.9
"2008-11-14",26.69
"2008-11-17",24.83
"2008-11-18",25.3
"2008-11-19",24.11
"2008-11-20",19.58
"2008-11-21",22.52
"2008-11-24",24.51
"2008-11-25",25.21
"2008-11-26",26.43
"2008-11-28",26.18
"2008-12-01",23.21
"2008-12-02",24.02
"2008-12-03",23.34
"2008-12-04",21.57
"2008-12-05",22.31
"2008-12-08",23.82
"2008-12-09",24.13
"2008-12-10",25.44
"2008-12-11",25.
"2008-12-12",24.92
"2008-12-15",24.71
"2008-12-16",26.45
"2008-12-17",26.9
"2008-12-18",25.58
"2008-12-19",25.95
"2008-12-22",24.89
"2008-12-23",24.77
"2008-12-24",24.46
"2008-12-26",24.77
"2008-12-29",25.92
"2008-12-30",26.65
"2008-12-31",27.36
"2009-01-02",28.98
"2009-01-05",29.34
"2009-01-06",29.87
"2009-01-07",28.71
"2009-01-08",29.71
"2009-01-09",28.86
"2009-01-12",27.76
"2009-01-13",28.64
"2009-01-14",27.44
"2009-01-15",27.66
"2009-01-16",28.46
"2009-01-20",26.49
"2009-01-21",28.56
"2009-01-22",28.21
"2009-01-23",29.03
"2009-01-26",29.61
"2009-01-27",28.61
"2009-01-28",29.49
"2009-01-29",28.32
"2009-01-30",27.23
"2009-02-02",26.88
"2009-02-03",26.84
"2009-02-04",26.84
"2009-02-05",26.72
"2009-02-06",27.15
"2009-02-09",27.96
"2009-02-10",26.34
"2009-02-11",26.46
"2009-02-12",26.8
"2009-02-13",27.
"2009-02-17",24.77
"2009-02-18",24.47
"2009-02-19",24.76
"2009-02-20",23.75
"2009-02-23",22.54
"2009-02-24",24.17
"2009-02-25",23.82
"2009-02-26",24.15
"2009-02-27",23.27
"2009-03-02",20.92
"2009-03-03",20.99
"2009-03-04",21.96
"2009-03-05",21.25
"2009-03-06",20.92
"2009-03-09",21.22
"2009-03-10",22.65
"2009-03-11",22.59
"2009-03-12",23.57
"2009-03-13",23.63
"2009-03-16",24.44
"2009-03-17",24.95
"2009-03-18",24.92
"2009-03-19",25.5
"2009-03-20",24.28
"2009-03-23",26.7
"2009-03-24",26.81
"2009-03-25",26.89
"2009-03-26",27.61
"2009-03-27",27.31
"2009-03-30",25.46
"2009-03-31",26.29
"2009-04-01",27.08
"2009-04-02",28.76
"2009-04-03",29.07
"2009-04-06",28.46
"2009-04-07",27.74
"2009-04-08",28.38
"2009-04-09",29.27
"2009-04-13",28.85
"2009-04-14",28.4
"2009-04-15",28.45
"2009-04-16",29.5
"2009-04-17",30.02
"2009-04-20",28.55
"2009-04-21",29.3
"2009-04-22",28.88
"2009-04-23",29.55
"2009-04-24",31.08
"2009-04-27",29.63
"2009-04-28",29.31
"2009-04-29",30.51
"2009-04-30",29.7
"2009-05-01",30.84
"2009-05-04",31.33
"2009-05-05",31.03
"2009-05-06",32.75
"2009-05-07",31.66
"2009-05-08",32.56
"2009-05-11",30.97
"2009-05-12",30.91
"2009-05-13",29.04
"2009-05-14",29.09
"2009-05-15",28.63
"2009-05-18",29.79
"2009-05-19",29.7
"2009-05-20",30.38
"2009-05-21",29.41
"2009-05-22",29.43
"2009-05-26",29.97
"2009-05-27",29.24
"2009-05-28",31.01
"2009-05-29",31.88
"2009-06-01",33.32
"2009-06-02",33.41
"2009-06-03",30.99
"2009-06-04",31.58
"2009-06-05",31.7
"2009-06-08",32.45
"2009-06-09",32.73
"2009-06-10",32.69
"2009-06-11",32.84
"2009-06-12",32.42
"2009-06-15",31.58
"2009-06-16",31.4
"2009-06-17",30.9
"2009-06-18",30.86
"2009-06-19",30.64
"2009-06-22",28.77
"2009-06-23",28.87
"2009-06-24",29.17
"2009-06-25",29.45
"2009-06-26",29.52
"2009-06-29",29.81
"2009-06-30",30.13
"2009-07-01",30.3
"2009-07-02",29.
"2009-07-06",28.76
"2009-07-07",28.23
"2009-07-08",28.03
"2009-07-09",28.67
"2009-07-10",28.33
"2009-07-13",28.98
"2009-07-14",29.42
"2009-07-15",30.26
"2009-07-16",30.14
"2009-07-17",30.26
"2009-07-20",30.81
"2009-07-21",31.05
"2009-07-22",30.73
"2009-07-23",31.79
"2009-07-24",32.15
"2009-07-27",32.51
"2009-07-28",32.32
"2009-07-29",31.22
"2009-07-30",31.94
"2009-07-31",32.25
"2009-08-03",32.64
"2009-08-04",32.47
"2009-08-05",31.52
"2009-08-06",31.01
"2009-08-07",30.65
"2009-08-10",30.64
"2009-08-11",29.93
"2009-08-12",30.58
"2009-08-13",31.53
"2009-08-14",31.02
"2009-08-17",29.66
"2009-08-18",30.09
"2009-08-19",30.65
"2009-08-20",30.89
"2009-08-21",31.84
"2009-08-24",31.91
"2009-08-25",31.48
"2009-08-26",31.79
"2009-08-27",31.61
"2009-08-28",31.51
"2009-08-31",30.87
"2009-09-01",30.33
"2009-09-02",30.29
"2009-09-03",30.4
"2009-09-04",30.74
"2009-09-08",31.51
"2009-09-09",31.69
"2009-09-10",32.29
"2009-09-11",32.25
"2009-09-14",32.69
"2009-09-15",32.94
"2009-09-16",33.85
"2009-09-17",33.88
"2009-09-18",33.53
"2009-09-21",33.15
"2009-09-22",33.49
"2009-09-23",32.68
"2009-09-24",32.03
"2009-09-25",31.64
"2009-09-28",32.42
"2009-09-29",32.1
"2009-09-30",31.9
"2009-10-01",30.98
"2009-10-02",30.48
"2009-10-05",30.93
"2009-10-06",31.92
"2009-10-07",31.97
"2009-10-08",32.56
"2009-10-09",32.32
"2009-10-12",32.71
"2009-10-13",33.1
"2009-10-14",33.89
"2009-10-15",35.05
"2009-10-16",34.88
"2009-10-19",35.27
"2009-10-20",34.91
"2009-10-21",34.73
"2009-10-22",34.58
"2009-10-23",34.01
"2009-10-26",33.48
"2009-10-27",33.62
"2009-10-28",32.42
"2009-10-29",33.4
"2009-10-30",31.97
"2009-11-02",31.97
"2009-11-03",32.39
"2009-11-04",32.75
"2009-11-05",33.63
"2009-11-06",33.68
"2009-11-09",34.59
"2009-11-10",34.94
"2009-11-11",34.94
"2009-11-12",34.38
"2009-11-13",34.38
"2009-11-16",35.17
"2009-11-17",35.17
"2009-11-18",34.7
"2009-11-19",33.33
"2009-11-20",33.02
"2009-11-23",33.09
"2009-11-24",33.
"2009-11-25",33.53
"2009-11-27",33.53
"2009-11-30",32.62
"2009-12-01",32.86
"2009-12-02",32.38
"2009-12-03",32.15
"2009-12-04",31.63
"2009-12-07",31.63
"2009-12-08",30.94
"2009-12-09",31.05
"2009-12-10",31.14
"2009-12-11",31.3
"2009-12-14",31.3
"2009-12-15",31.25
"2009-12-16",31.47
"2009-12-17",30.91
"2009-12-18",30.91
"2009-12-21",31.29
"2009-12-22",31.54
"2009-12-23",31.51
"2009-12-24",31.65
"2009-12-28",31.46
"2009-12-29",31.31
"2009-12-30",31.47
"2009-12-31",31.22
"2010-01-04",32.11
"2010-01-05",32.14
"2010-01-06",32.85
"2010-01-07",32.65
"2010-01-08",32.7
"2010-01-11",32.7
"2010-01-12",32.25
"2010-01-13",32.14
"2010-01-14",31.97
"2010-01-15",31.64
"2010-01-19",32.13
"2010-01-20",32.19
"2010-01-21",31.5
"2010-01-22",30.58
"2010-01-25",30.71
"2010-01-26",30.4
"2010-01-27",30.37
"2010-01-28",30.17
"2010-01-29",29.81
"2010-02-01",30.65
"2010-02-02",30.9
"2010-02-03",30.37
"2010-02-04",28.86
"2010-02-05",28.86
"2010-02-08",28.04
"2010-02-09",28.62
"2010-02-10",28.39
"2010-02-11",28.83
"2010-02-12",28.61
"2010-02-16",29.69
"2010-02-17",29.63
"2010-02-18",29.95
"2010-02-19",29.97
"2010-02-22",29.51
"2010-02-23",28.87
"2010-02-24",29.17
"2010-02-25",28.94
"2010-02-26",28.95
"2010-03-01",29.16
"2010-03-02",29.36
"2010-03-03",29.47
"2010-03-04",29.58
"2010-03-05",30.61
"2010-03-08",30.8
"2010-03-09",30.88
"2010-03-10",31.49
"2010-03-11",31.49
"2010-03-12",31.48
"2010-03-15",31.23
"2010-03-16",31.71
"2010-03-17",32.33
"2010-03-18",32.1
"2010-03-19",31.98
"2010-03-22",31.66
"2010-03-23",31.74
"2010-03-24",31.38
"2010-03-25",31.1
"2010-03-26",30.84
"2010-03-29",31.46
"2010-03-30",31.4
"2010-03-31",31.64
"2010-04-01",32.09
"2010-04-05",32.42
"2010-04-06",32.58
"2010-04-07",31.95
"2010-04-08",31.87
"2010-04-09",32.19
"2010-04-12",32.2
"2010-04-13",32.21
"2010-04-14",32.82
"2010-04-15",32.7
"2010-04-16",32.02
"2010-04-19",32.05
"2010-04-20",32.6
"2010-04-21",32.54
"2010-04-22",32.48
"2010-04-23",33.08
"2010-04-26",33.04
"2010-04-27",31.98
"2010-04-28",32.21
"2010-04-29",32.4
"2010-04-30",32.15
"2010-05-03",32.27
"2010-05-04",32.15
"2010-05-05",31.77
"2010-05-06",30.66
"2010-05-07",30.44
"2010-05-10",31.58
"2010-05-11",31.07
"2010-05-12",31.71
"2010-05-13",31.68
"2010-05-14",31.29
"2010-05-17",31.61
"2010-05-18",32.25
"2010-05-19",32.53
"2010-05-20",31.41
"2010-05-21",31.42
"2010-05-24",31.6
"2010-05-25",30.62
"2010-05-26",30.37
"2010-05-27",31.64
"2010-05-28",31.09
"2010-06-01",30.19
"2010-06-02",31.33
"2010-06-03",31.74
"2010-06-04",30.7
"2010-06-07",31.04
"2010-06-08",31.51
"2010-06-09",30.92
"2010-06-10",32.19
"2010-06-11",32.37
"2010-06-14",32.56
"2010-06-15",33.4
"2010-06-16",33.22
"2010-06-17",33.39
"2010-06-18",33.79
"2010-06-21",34.11
"2010-06-22",33.11
"2010-06-23",33.25
"2010-06-24",32.85
"2010-06-25",32.75
"2010-06-28",32.29
"2010-06-29",31.37
"2010-06-30",31.09
"2010-07-01",30.85
"2010-07-02",30.83
"2010-07-06",31.01
"2010-07-07",32.04
"2010-07-08",32.08
"2010-07-09",32.08
"2010-07-12",32.1
"2010-07-13",32.97
"2010-07-14",32.54
"2010-07-15",32.52
"2010-07-16",31.7
"2010-07-19",31.79
"2010-07-20",32.68
"2010-07-21",32.22
"2010-07-22",32.7
"2010-07-23",32.88
"2010-07-26",33.37
"2010-07-27",33.23
"2010-07-28",33.18
"2010-07-29",33.36
"2010-07-30",33.45
"2010-08-02",34.28
"2010-08-03",34.15
"2010-08-04",34.7
"2010-08-05",34.98
"2010-08-06",34.39
"2010-08-09",34.48
"2010-08-10",34.18
"2010-08-11",33.25
"2010-08-12",32.97
"2010-08-13",32.76
"2010-08-16",32.53
"2010-08-17",32.63
"2010-08-18",32.54
"2010-08-19",32.
"2010-08-20",31.52
"2010-08-23",31.66
"2010-08-24",31.23
"2010-08-25",30.77
"2010-08-26",30.21
"2010-08-27",30.94
"2010-08-30",30.55
"2010-08-31",30.49
"2010-09-01",31.55
"2010-09-02",31.87
"2010-09-03",32.16
"2010-09-07",31.74
"2010-09-08",31.74
"2010-09-09",31.77
"2010-09-10",32.32
"2010-09-13",32.25
"2010-09-14",32.04
"2010-09-15",32.11
"2010-09-16",32.
"2010-09-17",31.61
"2010-09-20",32.34
"2010-09-21",32.26
"2010-09-22",31.99
"2010-09-23",31.46
"2010-09-24",32.21
"2010-09-27",32.19
"2010-09-28",32.49
"2010-09-29",33.01
"2010-09-30",33.1
"2010-10-01",33.81
"2010-10-04",33.37
"2010-10-05",34.32
"2010-10-06",35.1
"2010-10-07",34.85
"2010-10-08",35.48
"2010-10-11",35.26
"2010-10-12",35.28
"2010-10-13",35.69
"2010-10-14",35.51
"2010-10-15",35.75
"2010-10-18",35.87
"2010-10-19",35.1
"2010-10-20",35.68
"2010-10-21",35.55
"2010-10-22",35.61
"2010-10-25",35.89
"2010-10-26",35.6
"2010-10-27",35.29
"2010-10-28",35.27
"2010-10-29",35.57
"2010-11-01",35.49
"2010-11-02",33.61
"2010-11-03",33.07
"2010-11-04",33.83
"2010-11-05",33.92
"2010-11-08",33.93
"2010-11-09",33.61
"2010-11-10",34.03
"2010-11-11",34.14
"2010-11-12",33.74
"2010-11-15",33.67
"2010-11-16",33.31
"2010-11-17",33.23
"2010-11-18",34.16
"2010-11-19",34.27
"2010-11-22",34.3
"2010-11-23",33.32
"2010-11-24",33.79
"2010-11-26",33.48
"2010-11-29",33.69
"2010-11-30",33.47
"2010-12-01",34.15
"2010-12-02",35.04
"2010-12-03",35.11
"2010-12-06",34.78
"2010-12-07",35.
"2010-12-08",35.17
"2010-12-09",34.83
"2010-12-10",35.15
"2010-12-13",34.97
"2010-12-14",34.97
"2010-12-15",34.86
"2010-12-16",35.17
"2010-12-17",35.21
"2010-12-20",35.91
"2010-12-21",36.19
"2010-12-22",36.53
"2010-12-23",36.41
"2010-12-27",36.51
"2010-12-28",36.49
"2010-12-29",36.92
"2010-12-30",36.84
"2010-12-31",37.03
"2011-01-03",37.59
"2011-01-04",37.38
"2011-01-05",37.34
"2011-01-06",37.6
"2011-01-07",38.63
"2011-01-10",39.15
"2011-01-11",39.72
"2011-01-12",40.53
"2011-01-13",42.98
"2011-01-14",42.59
"2011-01-18",42.47
"2011-01-19",42.05
"2011-01-20",41.85
"2011-01-21",42.04
"2011-01-24",42.15
"2011-01-25",43.55
"2011-01-26",45.38
"2011-01-27",44.66
"2011-01-28",44.76
"2011-01-31",45.7
"2011-02-01",46.6
"2011-02-02",45.89
"2011-02-03",45.95
"2011-02-04",45.86
"2011-02-07",46.4
"2011-02-08",46.28
"2011-02-09",46.34
"2011-02-10",46.43
"2011-02-11",46.48
"2011-02-14",49.05
"2011-02-15",48.07
"2011-02-16",49.31
"2011-02-17",50.08
"2011-02-18",49.51
"2011-02-22",47.71
"2011-02-23",49.18
"2011-02-24",48.13
"2011-02-25",48.62
"2011-02-28",49.6
"2011-03-01",50.75
"2011-03-02",50.93
"2011-03-03",52.66
"2011-03-04",51.66
"2011-03-07",51.42
"2011-03-08",50.18
"2011-03-09",49.62
"2011-03-10",48.59
"2011-03-11",50.17
"2011-03-14",49.67
"2011-03-15",48.97
"2011-03-16",48.73
"2011-03-17",49.54
"2011-03-18",49.65
"2011-03-21",51.84
"2011-03-22",51.21
"2011-03-23",50.56
"2011-03-24",50.73
"2011-03-25",51.7
"2011-03-28",51.14
"2011-03-29",52.22
"2011-03-30",52.95
"2011-03-31",53.31
"2011-04-01",53.55
"2011-04-04",53.09
"2011-04-05",53.43
"2011-04-06",52.9
"2011-04-07",53.
"2011-04-08",52.76
"2011-04-11",51.77
"2011-04-12",50.18
"2011-04-13",50.33
"2011-04-14",51.17
"2011-04-15",51.33
"2011-04-18",51.09
"2011-04-19",51.28
"2011-04-20",53.32
"2011-04-21",53.84
"2011-04-25",52.59
"2011-04-26",52.66
"2011-04-27",52.64
"2011-04-28",52.61
"2011-04-29",54.04
"2011-05-02",53.41
"2011-05-03",52.56
"2011-05-04",51.55
"2011-05-05",49.55
"2011-05-06",49.57
"2011-05-09",52.19
"2011-05-10",52.43
"2011-05-11",50.83
"2011-05-12",51.17
"2011-05-13",51.1
"2011-05-16",50.29
"2011-05-17",50.03
"2011-05-18",51.53
"2011-05-19",51.92
"2011-05-20",51.2
"2011-05-23",50.48
"2011-05-24",51.88
"2011-05-25",52.76
"2011-05-26",53.58
"2011-05-27",53.37
"2011-05-31",54.17
"2011-06-01",52.65
"2011-06-02",52.51
"2011-06-03",51.8
"2011-06-06",50.59
"2011-06-07",51.2
"2011-06-08",50.87
"2011-06-09",51.15
"2011-06-10",50.25
"2011-06-13",49.79
"2011-06-14",52.01
"2011-06-15",50.77
"2011-06-16",51.19
"2011-06-17",50.59
"2011-06-20",51.1
"2011-06-21",52.15
"2011-06-22",52.79
"2011-06-23",51.62
"2011-06-24",49.55
"2011-06-27",49.06
"2011-06-28",51.38
"2011-06-29",51.63
"2011-06-30",52.68
"2011-07-01",32.95
"2011-07-05",34.07
"2011-07-06",32.81
"2011-07-07",33.1
"2011-07-08",32.67
"2011-07-11",32.01
"2011-07-12",31.52
"2011-07-13",31.71
"2011-07-14",31.3
"2011-07-15",31.68
"2011-07-18",31.4
"2011-07-19",31.23
"2011-07-20",31.03
"2011-07-21",31.99
"2011-07-22",32.01
"2011-07-25",32.48
"2011-07-26",32.33
"2011-07-27",31.5
"2011-07-28",31.09
"2011-07-29",30.97
"2011-08-01",30.64
"2011-08-02",29.12
"2011-08-03",27.63
"2011-08-04",25.1
"2011-08-05",26.12
"2011-08-08",23.37
"2011-08-09",25.47
"2011-08-10",25.29
"2011-08-11",26.43
"2011-08-12",26.65
"2011-08-15",27.54
"2011-08-16",27.11
"2011-08-17",27.43
"2011-08-18",25.59
"2011-08-19",25.17
"2011-08-22",25.3
"2011-08-23",25.99
"2011-08-24",25.7
"2011-08-25",25.19
"2011-08-26",25.89
"2011-08-29",26.41
"2011-08-30",26.5
"2011-08-31",26.92
"2011-09-01",26.78
"2011-09-02",25.78
"2011-09-06",25.05
"2011-09-07",26.51
"2011-09-08",25.8
"2011-09-09",24.82
"2011-09-12",24.39
"2011-09-13",24.58
"2011-09-14",24.63
"2011-09-15",25.69
"2011-09-16",25.33
"2011-09-19",25.17
"2011-09-20",24.77
"2011-09-21",23.73
"2011-09-22",22.05
"2011-09-23",22.06
"2011-09-26",23.23
"2011-09-27",23.16
"2011-09-28",22.15
"2011-09-29",22.32
"2011-09-30",21.58
"2011-10-03",20.27
"2011-10-04",21.09
"2011-10-05",22.64
"2011-10-06",23.2
"2011-10-07",22.53
"2011-10-10",23.9
"2011-10-11",23.55
"2011-10-12",23.49
"2011-10-13",23.65
"2011-10-14",24.55
"2011-10-17",23.84
"2011-10-18",24.84
"2011-10-19",24.65
"2011-10-20",24.84
"2011-10-21",25.81
"2011-10-24",26.26
"2011-10-25",25.74
"2011-10-26",26.34
"2011-10-27",27.76
"2011-10-28",27.97
"2011-10-31",26.03
"2011-11-01",25.38
"2011-11-02",26.01
"2011-11-03",26.74
"2011-11-04",27.03
"2011-11-07",27.52
"2011-11-08",28.26
"2011-11-09",26.86
"2011-11-10",27.33
"2011-11-11",28.33
"2011-11-14",27.67
"2011-11-15",27.76
"2011-11-16",27.63
"2011-11-17",26.46
"2011-11-18",26.13
"2011-11-21",26.3
"2011-11-22",26.01
"2011-11-23",24.84
"2011-11-25",24.66
"2011-11-28",25.98
"2011-11-29",26.52
"2011-11-30",27.96
"2011-12-01",27.72
"2011-12-02",27.77
"2011-12-05",28.53
"2011-12-06",28.48
"2011-12-07",28.41
"2011-12-08",27.36
"2011-12-09",28.33
"2011-12-12",27.32
"2011-12-13",27.64
"2011-12-14",26.99
"2011-12-15",27.08
"2011-12-16",27.38
"2011-12-19",26.45
"2011-12-20",27.5
"2011-12-21",28.14
"2011-12-22",28.88
"2011-12-23",29.22
"2011-12-27",29.34
"2011-12-28",28.83
"2011-12-29",29.3
"2011-12-30",29.27
"2012-01-03",30.96
"2012-01-04",31.03
"2012-01-05",31.26
"2012-01-06",30.69
"2012-01-09",30.64
"2012-01-10",31.08
"2012-01-11",30.58
"2012-01-12",30.65
"2012-01-13",30.47
"2012-01-17",30.94
"2012-01-18",31.9
"2012-01-19",31.97
"2012-01-20",32.04
"2012-01-23",32.23
"2012-01-24",32.19
"2012-01-25",32.57
"2012-01-26",31.54
"2012-01-27",31.24
"2012-01-30",30.96
"2012-01-31",31.39
"2012-02-01",31.58
"2012-02-02",31.43
"2012-02-03",32.3
"2012-02-06",32.9
"2012-02-07",33.16
"2012-02-08",32.69
"2012-02-09",32.6
"2012-02-10",33.15
"2012-02-13",33.24
"2012-02-14",32.97
"2012-02-15",32.65
"2012-02-16",33.59
"2012-02-17",33.77
"2012-02-21",34.56
"2012-02-22",34.39
"2012-02-23",34.84
"2012-02-24",35.01
"2012-02-27",35.03
"2012-02-28",35.06
"2012-02-29",33.89
"2012-03-01",34.26
"2012-03-02",33.52
"2012-03-05",33.46
"2012-03-06",32.42
"2012-03-07",32.97
"2012-03-08",33.53
"2012-03-09",33.34
"2012-03-12",33.67
"2012-03-13",33.99
"2012-03-14",33.67
"2012-03-15",33.65
"2012-03-16",34.61
"2012-03-19",34.49
"2012-03-20",33.82
"2012-03-21",33.24
"2012-03-22",32.22
"2012-03-23",32.46
"2012-03-26",32.51
"2012-03-27",32.04
"2012-03-28",31.67
"2012-03-29",31.75
"2012-03-30",31.7
"2012-04-02",32.23
"2012-04-03",31.65
"2012-04-04",30.94
"2012-04-05",30.54
"2012-04-09",30.14
"2012-04-10",29.25
"2012-04-11",29.23
"2012-04-12",30.34
"2012-04-13",29.7
"2012-04-16",29.48
"2012-04-17",29.54
"2012-04-18",29.51
"2012-04-19",29.41
"2012-04-20",29.47
"2012-04-23",29.39
"2012-04-24",29.39
"2012-04-25",29.29
"2012-04-26",29.9
"2012-04-27",29.71
"2012-04-30",29.34
"2012-05-01",30.19
"2012-05-02",28.88
"2012-05-03",27.65
"2012-05-04",26.8
"2012-05-07",26.32
"2012-05-08",26.17
"2012-05-09",26.44
"2012-05-10",26.98
"2012-05-11",26.18
"2012-05-14",25.45
"2012-05-15",24.81
"2012-05-16",24.51
"2012-05-17",24.16
"2012-05-18",24.13
"2012-05-21",24.52
"2012-05-22",24.33
"2012-05-23",24.52
"2012-05-24",24.88
"2012-05-25",25.29
"2012-05-29",25.52
"2012-05-30",24.86
"2012-05-31",24.91
"2012-06-01",23.89
"2012-06-04",23.84
"2012-06-05",23.99
"2012-06-06",24.96
"2012-06-07",25.
"2012-06-08",25.03
"2012-06-11",24.42
"2012-06-12",24.76
"2012-06-13",24.47
"2012-06-14",24.61
"2012-06-15",24.87
"2012-06-18",24.21
"2012-06-19",24.81
"2012-06-20",24.69
"2012-06-21",23.32
"2012-06-22",23.74
"2012-06-25",23.69
"2012-06-26",24.
"2012-06-27",24.4
"2012-06-28",24.66
"2012-06-29",25.57
"2012-07-02",25.3
"2012-07-03",26.01
"2012-07-05",25.47
"2012-07-06",24.96
"2012-07-09",24.55
"2012-07-10",24.09
"2012-07-11",24.64
"2012-07-12",24.27
"2012-07-13",24.87
"2012-07-16",25.58
"2012-07-17",26.01
"2012-07-18",26.58
"2012-07-19",26.75
"2012-07-20",26.54
"2012-07-23",25.95
"2012-07-24",25.42
"2012-07-25",25.34
"2012-07-26",26.3
"2012-07-27",27.03
"2012-07-30",26.9
"2012-07-31",26.47
"2012-08-01",26.52
"2012-08-02",25.73
"2012-08-03",26.72
"2012-08-06",26.71
"2012-08-07",27.4
"2012-08-08",27.58
"2012-08-09",27.59
"2012-08-10",27.9
"2012-08-13",27.55
"2012-08-14",27.38
"2012-08-15",27.48
"2012-08-16",27.36
"2012-08-17",27.1
"2012-08-20",27.16
"2012-08-21",27.02
"2012-08-22",27.68
"2012-08-23",27.7
"2012-08-24",27.84
"2012-08-27",27.62
"2012-08-28",27.96
"2012-08-29",27.67
"2012-08-30",27.26
"2012-08-31",27.82
"2012-09-04",27.45
"2012-09-05",27.18
"2012-09-06",28.28
"2012-09-07",28.61
"2012-09-10",28.47
"2012-09-11",29.22
"2012-09-12",29.06
"2012-09-13",29.85
"2012-09-14",31.09
"2012-09-17",30.8
"2012-09-18",30.31
"2012-09-19",30.4
"2012-09-20",30.39
"2012-09-21",30.78
"2012-09-24",30.34
"2012-09-25",30.03
"2012-09-26",29.57
"2012-09-27",30.02
"2012-09-28",29.57
"2012-10-01",29.85
"2012-10-02",29.88
"2012-10-03",29.41
"2012-10-04",29.84
"2012-10-05",29.54
"2012-10-08",29.6
"2012-10-09",29.6
"2012-10-10",29.56
"2012-10-11",29.3
"2012-10-12",29.38
"2012-10-15",29.87
"2012-10-16",30.64
"2012-10-17",31.33
"2012-10-18",31.23
"2012-10-19",30.59
"2012-10-22",30.09
"2012-10-23",29.56
"2012-10-24",29.86
"2012-10-25",30.2
"2012-10-26",29.91
"2012-10-31",30.06
"2012-11-01",30.37
"2012-11-02",29.95
"2012-11-05",30.51
"2012-11-06",31.21
"2012-11-07",29.96
"2012-11-08",29.86
"2012-11-09",30.44
"2012-11-12",30.23
"2012-11-13",30.16
"2012-11-14",30.05
"2012-11-15",30.53
"2012-11-16",30.86
"2012-11-19",31.13
"2012-11-20",31.5
"2012-11-21",31.5
"2012-11-23",31.93
"2012-11-26",31.
"2012-11-27",31.04
"2012-11-28",31.07
"2012-11-29",30.69
"2012-11-30",30.85
"2012-12-03",30.8
"2012-12-04",30.04
"2012-12-05",30.47
"2012-12-06",30.72
"2012-12-07",30.92
"2012-12-10",30.36
"2012-12-11",30.22
"2012-12-12",30.51
"2012-12-13",30.19
"2012-12-14",30.82
"2012-12-17",30.7
"2012-12-18",31.28
"2012-12-19",31.23
"2012-12-20",31.46
"2012-12-21",31.05
"2012-12-24",30.69
"2012-12-26",30.47
"2012-12-27",30.32
"2012-12-28",29.81
"2012-12-31",30.66
"2013-01-02",31.65
"2013-01-03",31.59
"2013-01-04",32.01
"2013-01-07",31.85
"2013-01-08",31.94
"2013-01-09",31.65
"2013-01-10",32.28
"2013-01-11",32.15
"2013-01-14",32.06
"2013-01-15",31.93
"2013-01-16",32.32
"2013-01-17",33.16
"2013-01-18",33.08
"2013-01-22",33.54
"2013-01-23",33.66
"2013-01-24",33.77
"2013-01-25",33.78
"2013-01-28",33.52
"2013-01-29",33.93
"2013-01-30",33.55
"2013-01-31",33.61
"2013-02-01",34.21
"2013-02-04",34.17
"2013-02-05",34.72
"2013-02-06",34.4
"2013-02-07",34.
"2013-02-08",34.53
"2013-02-11",34.31
"2013-02-12",34.61
"2013-02-13",34.96
"2013-02-14",35.34
"2013-02-15",34.66
"2013-02-19",35.71
"2013-02-20",34.57
"2013-02-21",34.38
"2013-02-22",34.71
"2013-02-25",32.94
"2013-02-26",32.86
"2013-02-27",33.42
"2013-02-28",33.5
"2013-03-01",32.89
"2013-03-04",32.37
"2013-03-05",32.54
"2013-03-06",32.75
"2013-03-07",33.34
"2013-03-08",33.51
"2013-03-11",33.72
"2013-03-12",34.07
"2013-03-13",34.37
"2013-03-14",34.76
"2013-03-15",35.07
"2013-03-18",34.98
"2013-03-19",33.96
"2013-03-20",34.6
"2013-03-21",34.15
"2013-03-22",34.16
"2013-03-25",33.72
"2013-03-26",34.07
"2013-03-27",34.01
"2013-03-28",33.72
"2013-04-01",33.6
"2013-04-02",33.57
"2013-04-03",33.19
"2013-04-04",32.69
"2013-04-05",32.48
"2013-04-08",32.84
"2013-04-09",33.47
"2013-04-10",33.91
"2013-04-11",33.8
"2013-04-12",32.54
"2013-04-15",30.62
"2013-04-16",31.06
"2013-04-17",29.99
"2013-04-18",30.11
"2013-04-19",29.85
"2013-04-22",30.4
"2013-04-23",30.69
"2013-04-24",31.37
"2013-04-25",31.87
"2013-04-26",31.72
"2013-04-29",32.6
"2013-04-30",32.67
"2013-05-01",31.89
"2013-05-02",32.46
"2013-05-03",33.53
"2013-05-06",33.58
"2013-05-07",34.33
"2013-05-08",34.72
"2013-05-09",34.78
"2013-05-10",34.35
"2013-05-13",34.46
"2013-05-14",35.38
"2013-05-15",35.
"2013-05-16",35.15
"2013-05-17",36.15
"2013-05-20",36.38
"2013-05-21",36.09
"2013-05-22",35.39
"2013-05-23",35.23
"2013-05-24",35.15
"2013-05-28",35.48
"2013-05-29",35.46
"2013-05-30",35.15
"2013-05-31",34.39
"2013-06-03",35.46
"2013-06-04",34.94
"2013-06-05",34.05
"2013-06-06",34.63
"2013-06-07",34.73
"2013-06-10",34.71
"2013-06-11",34.03
"2013-06-12",33.4
"2013-06-13",34.37
"2013-06-14",34.38
"2013-06-17",34.99
"2013-06-18",36.05
"2013-06-19",35.67
"2013-06-20",34.29
"2013-06-21",34.27
"2013-06-24",33.71
"2013-06-25",35.01
"2013-06-26",35.36
"2013-06-27",35.12
"2013-06-28",34.58
"2013-07-01",34.83
"2013-07-02",34.6
"2013-07-03",35.17
"2013-07-05",35.62
"2013-07-08",35.83
"2013-07-09",36.37
"2013-07-10",36.24
"2013-07-11",36.62
"2013-07-12",36.84
"2013-07-15",36.57
"2013-07-16",36.19
"2013-07-17",36.55
"2013-07-18",36.75
"2013-07-19",37.48
"2013-07-22",37.23
"2013-07-23",37.73
"2013-07-24",36.81
"2013-07-25",36.8
"2013-07-26",36.41
"2013-07-29",36.18
"2013-07-30",36.28
"2013-07-31",36.36
"2013-08-01",37.52
"2013-08-02",37.56
"2013-08-05",37.83
"2013-08-06",36.88
"2013-08-07",35.13
"2013-08-08",34.67
"2013-08-09",34.55
"2013-08-12",34.65
"2013-08-13",34.36
"2013-08-14",34.6
"2013-08-15",34.65
"2013-08-16",34.26
"2013-08-19",32.61
"2013-08-20",33.25
"2013-08-21",32.8
"2013-08-22",33.47
"2013-08-23",33.38
"2013-08-26",33.32
"2013-08-27",33.38
"2013-08-28",34.6
"2013-08-29",34.54
"2013-08-30",34.43
"2013-09-03",35.17
"2013-09-04",35.5
"2013-09-05",35.89
"2013-09-06",35.69
"2013-09-09",36.24
"2013-09-10",35.77
"2013-09-11",36.49
"2013-09-12",35.98
"2013-09-13",35.57
"2013-09-16",35.46
"2013-09-17",35.93
"2013-09-18",36.4
"2013-09-19",36.42
"2013-09-20",35.9
"2013-09-23",35.55
"2013-09-24",35.57
"2013-09-25",35.46
"2013-09-26",35.28
"2013-09-27",34.9
"2013-09-30",34.88
"2013-10-01",35.04
"2013-10-02",34.6
"2013-10-03",34.06
"2013-10-04",34.79
"2013-10-07",34.72
"2013-10-08",34.16
"2013-10-09",34.21
"2013-10-10",35.06
"2013-10-11",34.86
"2013-10-14",34.83
"2013-10-15",34.71
"2013-10-16",34.87
"2013-10-17",34.9
"2013-10-18",35.28
"2013-10-21",35.01
"2013-10-22",35.33
"2013-10-23",34.85
"2013-10-24",35.6
"2013-10-25",35.59
"2013-10-28",36.07
"2013-10-29",35.99
"2013-10-30",35.76
"2013-10-31",35.26
"2013-11-01",35.27
"2013-11-04",35.5
"2013-11-05",35.67
"2013-11-06",36.45
"2013-11-07",35.73
"2013-11-08",36.39
"2013-11-11",36.29
"2013-11-12",35.82
"2013-11-13",36.15
"2013-11-14",36.43
"2013-11-15",36.73
"2013-11-18",36.51
"2013-11-19",36.93
"2013-11-20",37.26
"2013-11-21",37.93
"2013-11-22",37.61
"2013-11-25",36.95
"2013-11-26",36.78
"2013-11-27",36.23
"2013-11-29",36.04
"2013-12-02",36.46
"2013-12-03",36.22
"2013-12-04",36.74
"2013-12-05",36.31
"2013-12-06",36.56
"2013-12-09",36.41
"2013-12-10",36.1
"2013-12-11",35.69
"2013-12-12",36.18
"2013-12-13",35.8
"2013-12-16",35.59
"2013-12-17",34.85
"2013-12-18",34.72
"2013-12-19",34.91
"2013-12-20",35.16
"2013-12-23",35.18
"2013-12-24",35.25
"2013-12-26",35.28
"2013-12-27",35.63
"2013-12-30",35.2
"2013-12-31",35.3
"2014-01-02",34.91
"2014-01-03",34.52
"2014-01-06",34.43
"2014-01-07",34.88
"2014-01-08",34.4
"2014-01-09",34.5
"2014-01-10",34.64
"2014-01-13",34.11
"2014-01-14",34.56
"2014-01-15",34.01
"2014-01-16",34.17
"2014-01-17",33.96
"2014-01-21",34.28
"2014-01-22",34.4
"2014-01-23",33.71
"2014-01-24",33.
"2014-01-27",32.92
"2014-01-28",33.36
"2014-01-29",33.04
"2014-01-30",33.04
"2014-01-31",32.79
"2014-02-03",32.06
"2014-02-04",32.34
"2014-02-05",32.1
"2014-02-06",31.81
"2014-02-07",32.6
"2014-02-10",32.27
"2014-02-11",32.7
"2014-02-12",33.29
"2014-02-13",33.27
"2014-02-14",33.22
"2014-02-18",33.54
"2014-02-19",33.34
"2014-02-20",33.48
"2014-02-21",33.26
"2014-02-24",33.89
"2014-02-25",34.03
"2014-02-26",33.77
"2014-02-27",33.32
"2014-02-28",33.5
"2014-03-03",33.54
"2014-03-04",33.87
"2014-03-05",33.61
"2014-03-06",33.82
"2014-03-07",34.24
"2014-03-10",34.3
"2014-03-11",33.93
"2014-03-12",33.46
"2014-03-13",32.87
"2014-03-14",33.08
"2014-03-17",33.18
"2014-03-18",33.65
"2014-03-19",33.29
"2014-03-20",33.82
"2014-03-21",34.39
"2014-03-24",34.23
"2014-03-25",34.57
"2014-03-26",34.5
"2014-03-27",34.49
"2014-03-28",35.22
"2014-03-31",35.52
"2014-04-01",35.42
"2014-04-02",35.38
"2014-04-03",35.71
"2014-04-04",35.59
"2014-04-07",34.9
"2014-04-08",35.27
"2014-04-09",35.47
"2014-04-10",35.4
"2014-04-11",35.07
"2014-04-14",35.54
"2014-04-15",35.9
"2014-04-16",36.47
"2014-04-17",36.73
"2014-04-21",36.57
"2014-04-22",36.37
"2014-04-23",36.47
"2014-04-24",36.38
"2014-04-25",36.08
"2014-04-28",36.21
"2014-04-29",36.9
"2014-04-30",36.15
"2014-05-01",36.32
"2014-05-02",36.54
"2014-05-05",36.45
"2014-05-06",36.19
"2014-05-07",35.52
"2014-05-08",35.7
"2014-05-09",35.91
"2014-05-12",36.3
"2014-05-13",36.48
"2014-05-14",36.58
"2014-05-15",36.22
"2014-05-16",35.85
"2014-05-19",35.63
"2014-05-20",35.4
"2014-05-21",35.95
"2014-05-22",36.18
"2014-05-23",36.28
"2014-05-27",36.29
"2014-05-28",36.55
"2014-05-29",36.66
"2014-05-30",36.66
"2014-06-02",36.44
"2014-06-03",36.81
"2014-06-04",36.66
"2014-06-05",37.07
"2014-06-06",37.31
"2014-06-09",37.84
"2014-06-10",38.17
"2014-06-11",38.48
"2014-06-12",39.15
"2014-06-13",39.08
"2014-06-16",39.01
"2014-06-17",38.88
"2014-06-18",38.94
"2014-06-19",39.3
"2014-06-20",39.72
"2014-06-23",40.16
"2014-06-24",39.03
"2014-06-25",39.71
"2014-06-26",39.63
"2014-06-27",39.44
"2014-06-30",39.92
"2014-07-01",39.76
"2014-07-02",39.62
"2014-07-03",40.32
"2014-07-07",39.57
"2014-07-08",39.44
"2014-07-09",39.57
"2014-07-10",39.39
"2014-07-11",39.14
"2014-07-14",39.69
"2014-07-15",39.31
"2014-07-16",40.27
"2014-07-17",39.52
"2014-07-18",39.8
"2014-07-21",39.77
"2014-07-22",40.2
"2014-07-23",40.48
"2014-07-24",40.71
"2014-07-25",40.51
"2014-07-28",40.23
"2014-07-29",39.94
"2014-07-30",39.66
"2014-07-31",38.75
"2014-08-01",38.61
"2014-08-04",39.22
"2014-08-05",38.46
"2014-08-06",38.93
"2014-08-07",38.09
"2014-08-08",39.08
"2014-08-11",39.11
"2014-08-12",39.04
"2014-08-13",39.15
"2014-08-14",39.
"2014-08-15",39.02
"2014-08-18",38.93
"2014-08-19",39.73
"2014-08-20",39.92
"2014-08-21",40.29
"2014-08-22",40.
"2014-08-25",40.37
"2014-08-26",40.67
"2014-08-27",40.89
"2014-08-28",40.91
"2014-08-29",41.69
"2014-09-02",41.02
"2014-09-03",41.28
"2014-09-04",40.53
"2014-09-05",40.91
"2014-09-08",40.21
"2014-09-09",40.06
"2014-09-10",40.02
"2014-09-11",40.02
"2014-09-12",39.58
"2014-09-15",39.83
"2014-09-16",40.12
"2014-09-17",40.33
"2014-09-18",39.32
"2014-09-19",39.23
"2014-09-22",38.71
"2014-09-23",38.41
"2014-09-24",38.69
"2014-09-25",38.13
"2014-09-26",38.54
"2014-09-29",38.6
"2014-09-30",37.59
"2014-10-01",37.13
"2014-10-02",36.9
"2014-10-03",36.65
"2014-10-06",36.63
"2014-10-07",35.84
"2014-10-08",36.16
"2014-10-09",34.71
"2014-10-10",34.23
"2014-10-13",32.92
"2014-10-14",32.55
"2014-10-15",32.73
"2014-10-16",33.5
"2014-10-17",33.93
"2014-10-20",34.26
"2014-10-21",34.88
"2014-10-22",34.03
"2014-10-23",34.73
"2014-10-24",34.5
"2014-10-27",33.
"2014-10-28",34.27
"2014-10-29",34.38
"2014-10-30",34.11
"2014-10-31",35.4
"2014-11-03",34.57
"2014-11-04",33.36
"2014-11-05",33.57
"2014-11-06",34.34
"2014-11-07",34.39
"2014-11-10",33.25
"2014-11-11",33.13
"2014-11-12",32.65
"2014-11-13",31.95
"2014-11-14",32.36
"2014-11-17",31.82
"2014-11-18",32.06
"2014-11-19",32.77
"2014-11-20",33.28
"2014-11-21",33.83
"2014-11-24",33.57
"2014-11-25",33.11
"2014-11-26",32.5
"2014-11-28",28.92
"2014-12-01",28.99
"2014-12-02",29.73
"2014-12-03",30.53
"2014-12-04",29.84
"2014-12-05",29.23
"2014-12-08",27.25
"2014-12-09",27.78
"2014-12-10",26.43
"2014-12-11",26.25
"2014-12-12",25.45
"2014-12-15",24.8
"2014-12-16",25.31
"2014-12-17",26.67
"2014-12-18",27.56
"2014-12-19",28.23
"2014-12-22",28.27
"2014-12-23",28.7
"2014-12-24",28.36
"2014-12-26",28.26
"2014-12-29",28.58
"2014-12-30",28.42
"2014-12-31",28.29
"2015-01-02",28.6
"2015-01-05",27.27
"2015-01-06",26.86
"2015-01-07",27.19
"2015-01-08",27.74
"2015-01-09",27.65
"2015-01-12",26.24
"2015-01-13",25.89
"2015-01-14",25.96
"2015-01-15",25.47
"2015-01-16",26.6
"2015-01-20",25.94
"2015-01-21",26.59
"2015-01-22",26.83
"2015-01-23",26.52
"2015-01-26",27.27
"2015-01-27",26.97
"2015-01-28",25.55
"2015-01-29",25.57
"2015-01-30",26.6
"2015-02-02",27.9
"2015-02-03",28.79
"2015-02-04",27.98
"2015-02-05",28.38
"2015-02-06",27.96
"2015-02-09",28.31
"2015-02-10",28.38
"2015-02-11",28.08
"2015-02-12",28.78
"2015-02-13",29.49
"2015-02-17",29.63
"2015-02-18",29.02
"2015-02-19",29.01
"2015-02-20",28.47
"2015-02-23",28.54
"2015-02-24",28.83
"2015-02-25",29.06
"2015-02-26",28.
"2015-02-27",27.86
"2015-03-02",27.67
"2015-03-03",27.74
"2015-03-04",27.61
"2015-03-05",27.34
"2015-03-06",26.78
"2015-03-09",26.3
"2015-03-10",25.82
"2015-03-11",25.79
"2015-03-12",25.61
"2015-03-13",25.78
"2015-03-16",26.01
"2015-03-17",25.56
"2015-03-18",26.34
"2015-03-19",25.69
"2015-03-20",26.18
"2015-03-23",25.91
"2015-03-24",25.9
"2015-03-25",26.41
"2015-03-26",26.38
"2015-03-27",25.9
"2015-03-30",26.43
"2015-03-31",26.11
"2015-04-01",26.64
"2015-04-02",27.07
"2015-04-06",27.9
"2015-04-07",28.16
"2015-04-08",27.96
"2015-04-09",28.77
"2015-04-10",29.18
"2015-04-13",28.9
"2015-04-14",29.4
"2015-04-15",30.7
"2015-04-16",30.7
"2015-04-17",30.52
"2015-04-20",30.97
"2015-04-21",30.13
"2015-04-22",30.35
"2015-04-23",30.55
"2015-04-24",30.33
"2015-04-27",30.41
"2015-04-28",30.72
"2015-04-29",31.19
"2015-04-30",31.1
"2015-05-01",30.77
"2015-05-04",31.08
"2015-05-05",29.97
"2015-05-06",29.81
"2015-05-07",28.92
"2015-05-08",29.31
"2015-05-11",28.4
"2015-05-12",28.39
"2015-05-13",28.15
"2015-05-14",27.62
"2015-05-15",27.68
"2015-05-18",27.71
"2015-05-19",27.33
"2015-05-20",27.46
"2015-05-21",28.18
"2015-05-22",28.09
"2015-05-26",27.68
"2015-05-27",27.58
"2015-05-28",27.22
"2015-05-29",27.19
"2015-06-01",27.09
"2015-06-02",27.08
"2015-06-03",27.08
"2015-06-04",26.65
"2015-06-05",26.95
"2015-06-08",26.58
"2015-06-09",26.73
"2015-06-10",27.06
"2015-06-11",26.93
"2015-06-12",26.49
"2015-06-15",26.44
"2015-06-16",26.72
"2015-06-17",26.54
"2015-06-18",26.53
"2015-06-19",25.92
"2015-06-22",26.12
"2015-06-23",26.61
"2015-06-24",26.61
"2015-06-25",26.81
"2015-06-26",27.75
"2015-06-29",26.69
"2015-06-30",26.54
"2015-07-01",25.79
"2015-07-02",25.73
"2015-07-06",25.12
"2015-07-07",25.71
"2015-07-08",24.73
"2015-07-09",24.78
"2015-07-10",24.46
"2015-07-13",24.73
"2015-07-14",25.08
"2015-07-15",24.4
"2015-07-16",24.27
"2015-07-17",23.57
"2015-07-20",23.24
"2015-07-21",23.17
"2015-07-22",22.34
"2015-07-23",22.1
"2015-07-24",21.41
"2015-07-27",20.69
"2015-07-28",21.2
"2015-07-29",21.76
"2015-07-30",21.86
"2015-07-31",21.01
"2015-08-03",20.57
"2015-08-04",20.51
"2015-08-05",19.79
"2015-08-06",19.45
"2015-08-07",18.4
"2015-08-10",18.98
"2015-08-11",18.88
"2015-08-12",19.06
"2015-08-13",18.02
"2015-08-14",17.4
"2015-08-17",17.36
"2015-08-18",17.48
"2015-08-19",16.23
"2015-08-20",16.13
"2015-08-21",15.73
"2015-08-24",14.39
"2015-08-25",14.04
"2015-08-26",14.65
"2015-08-27",15.97
"2015-08-28",16.65
"2015-08-31",17.29
"2015-09-01",16.85
"2015-09-02",16.87
"2015-09-03",16.87
"2015-09-04",16.36
"2015-09-08",16.32
"2015-09-09",14.91
"2015-09-10",14.98
"2015-09-11",15.09
"2015-09-14",15.41
"2015-09-15",15.45
"2015-09-16",16.21
"2015-09-17",16.43
"2015-09-18",15.84
"2015-09-21",16.11
"2015-09-22",15.66
"2015-09-23",15.3
"2015-09-24",15.45
"2015-09-25",15.75
"2015-09-28",14.76
"2015-09-29",14.97
"2015-09-30",15.4
"2015-10-01",15.31
"2015-10-02",16.66
"2015-10-05",18.05
"2015-10-06",19.17
"2015-10-07",19.17
"2015-10-08",20.18
"2015-10-09",19.59
"2015-10-12",18.96
"2015-10-13",18.59
"2015-10-14",18.91
"2015-10-15",19.43
"2015-10-16",19.28
"2015-10-19",18.28
"2015-10-20",18.56
"2015-10-21",18.02
"2015-10-22",18.48
"2015-10-23",18.3
"2015-10-26",17.59
"2015-10-27",17.11
"2015-10-28",17.68
"2015-10-29",17.55
"2015-10-30",18.38
"2015-11-02",19.01
"2015-11-03",19.66
"2015-11-04",19.4
"2015-11-05",19.
"2015-11-06",18.29
"2015-11-09",18.36
"2015-11-10",18.78
"2015-11-11",17.3
"2015-11-12",17.2
"2015-11-13",17.14
"2015-11-16",17.87
"2015-11-17",17.71
"2015-11-18",17.9
"2015-11-19",17.64
"2015-11-20",17.42
"2015-11-23",17.53
"2015-11-24",18.5
"2015-11-25",18.11
"2015-11-27",17.44
"2015-11-30",17.51
"2015-12-01",17.63
"2015-12-02",16.67
"2015-12-03",16.55
"2015-12-04",16.12
"2015-12-07",14.78
"2015-12-08",14.92
"2015-12-09",14.5
"2015-12-10",14.74
"2015-12-11",14.34
"2015-12-14",13.96
"2015-12-15",14.46
"2015-12-16",13.78
"2015-12-17",12.78
"2015-12-18",12.47
"2015-12-21",12.52
"2015-12-22",12.69
"2015-12-23",13.96
"2015-12-24",13.93
"2015-12-28",12.98
"2015-12-29",13.03
"2015-12-30",12.38
"2015-12-31",12.59
"2016-01-04",12.82
"2016-01-05",12.76
"2016-01-06",11.28
"2016-01-07",10.67
"2016-01-08",10.35
"2016-01-11",9.62
"2016-01-12",9.19
"2016-01-13",8.54
"2016-01-14",9.07
"2016-01-15",8.14
"2016-01-19",7.68
"2016-01-20",7.86
"2016-01-21",8.79
"2016-01-22",9.02
"2016-01-25",8.14
"2016-01-26",8.45
"2016-01-27",8.75
"2016-01-28",9.17
"2016-01-29",9.73
"2016-02-01",9.74
"2016-02-02",8.74
"2016-02-03",9.42
"2016-02-04",9.19
"2016-02-05",8.46
"2016-02-08",7.82
"2016-02-09",7.29
"2016-02-10",7.13
"2016-02-11",7.06
"2016-02-12",7.49
"2016-02-16",7.4
"2016-02-17",7.41
"2016-02-18",6.93
"2016-02-19",6.73
"2016-02-22",7.49
"2016-02-23",7.03
"2016-02-24",7.22
"2016-02-25",7.39
"2016-02-26",8.03
"2016-02-29",8.21
"2016-03-01",7.96
"2016-03-02",9.1
"2016-03-03",9.97
"2016-03-04",11.
"2016-03-07",11.03
"2016-03-08",10.12
"2016-03-09",10.48
"2016-03-10",10.59
"2016-03-11",11.16
"2016-03-14",11.09
"2016-03-15",11.31
"2016-03-16",11.52
"2016-03-17",11.45
"2016-03-18",11.63
"2016-03-21",11.43
"2016-03-22",11.31
"2016-03-23",10.19
"2016-03-24",10.29
"2016-03-28",10.16
"2016-03-29",10.4
"2016-03-30",10.53
"2016-03-31",11.14
"2016-04-01",10.56
"2016-04-04",10.53
"2016-04-05",10.63
"2016-04-06",11.02
"2016-04-07",11.22
"2016-04-08",11.78
"2016-04-11",11.67
"2016-04-12",13.12
"2016-04-13",12.92
"2016-04-14",13.11
"2016-04-15",13.01
"2016-04-18",13.36
"2016-04-19",13.95
"2016-04-20",14.06
"2016-04-21",13.86
"2016-04-22",14.34
"2016-04-25",13.83
"2016-04-26",14.44
"2016-04-27",14.84
"2016-04-28",14.35
"2016-04-29",14.09
"2016-05-02",13.55
"2016-05-03",12.79
"2016-05-04",12.17
"2016-05-05",12.07
"2016-05-06",12.03
"2016-05-09",11.44
"2016-05-10",11.94
"2016-05-11",12.46
"2016-05-12",12.33
"2016-05-13",12.3
"2016-05-16",12.78
"2016-05-17",12.86
"2016-05-18",12.66
"2016-05-19",12.74
"2016-05-20",13.11
"2016-05-23",13.19
"2016-05-24",13.02
"2016-05-25",13.54
"2016-05-26",13.17
"2016-05-27",12.9
"2016-05-31",13.07
"2016-06-01",13.23
"2016-06-02",13.38
"2016-06-03",13.32
"2016-06-06",13.96
"2016-06-07",14.62
"2016-06-08",14.53
"2016-06-09",14.26
"2016-06-10",13.42
"2016-06-13",13.28
"2016-06-14",13.23
"2016-06-15",13.06
"2016-06-16",12.67
"2016-06-17",13.16
"2016-06-20",14.48
"2016-06-21",15.09
"2016-06-22",14.75
"2016-06-23",15.27
"2016-06-24",14.59
"2016-06-27",13.66
"2016-06-28",14.78
"2016-06-29",15.14
"2016-06-30",15.01
"2016-07-01",15.68
"2016-07-05",14.72
"2016-07-06",14.84
"2016-07-07",14.74
"2016-07-08",14.92
"2016-07-11",14.69
"2016-07-12",15.6
"2016-07-13",15.29
"2016-07-14",15.27
"2016-07-15",15.21
"2016-07-18",15.18
"2016-07-19",14.75
"2016-07-20",14.84
"2016-07-21",14.42
"2016-07-22",14.11
"2016-07-25",13.58
"2016-07-26",13.78
"2016-07-27",13.13
"2016-07-28",13.35
"2016-07-29",13.64
"2016-08-01",12.92
"2016-08-02",12.9
"2016-08-03",13.42
"2016-08-04",13.41
"2016-08-05",13.87
"2016-08-08",14.25
"2016-08-09",14.42
"2016-08-10",13.98
"2016-08-11",14.45
"2016-08-12",14.72
"2016-08-15",14.9
"2016-08-16",15.17
"2016-08-17",15.7
"2016-08-18",16.68
"2016-08-19",16.8
"2016-08-22",15.64
"2016-08-23",16.43
"2016-08-24",16.06
"2016-08-25",16.01
"2016-08-26",15.95
"2016-08-29",15.99
"2016-08-30",15.55
"2016-08-31",15.02
"2016-09-01",15.11
"2016-09-02",15.49
"2016-09-06",15.64
"2016-09-07",15.69
"2016-09-08",16.74
"2016-09-09",15.67
"2016-09-12",15.47
"2016-09-13",14.34
"2016-09-14",14.01
"2016-09-15",14.26
"2016-09-16",14.24
"2016-09-19",14.09
"2016-09-20",13.87
"2016-09-21",14.65
"2016-09-22",14.87
"2016-09-23",14.49
"2016-09-26",14.41
"2016-09-27",14.06
"2016-09-28",15.18
"2016-09-29",15.9
"2016-09-30",15.81
"2016-10-03",15.98
"2016-10-04",15.63
"2016-10-05",16.12
"2016-10-06",16.08
"2016-10-07",15.56
"2016-10-10",15.72
"2016-10-11",15.08
"2016-10-12",14.94
"2016-10-13",14.78
"2016-10-14",14.58
"2016-10-17",14.18
"2016-10-18",14.2
"2016-10-19",14.65
"2016-10-20",14.7
"2016-10-21",14.64
"2016-10-24",14.59
"2016-10-25",14.18
"2016-10-26",14.25
"2016-10-27",13.95
"2016-10-28",13.72
"2016-10-31",13.18
"2016-11-01",13.27
"2016-11-02",12.78
"2016-11-03",14.15
"2016-11-04",13.69
"2016-11-07",14.15
"2016-11-08",14.25
"2016-11-09",14.88
"2016-11-10",15.14
"2016-11-11",14.89
"2016-11-14",14.93
"2016-11-15",15.7
"2016-11-16",15.56
"2016-11-17",15.46
"2016-11-18",15.62
"2016-11-21",16.48
"2016-11-22",16.55
"2016-11-23",16.78
"2016-11-25",16.28
"2016-11-28",15.54
"2016-11-29",14.95
"2016-11-30",18.06
"2016-12-01",17.89
"2016-12-02",18.2
"2016-12-05",18.39
"2016-12-06",18.35
"2016-12-07",18.42
"2016-12-08",18.38
"2016-12-09",18.25
"2016-12-12",18.49
"2016-12-13",18.8
"2016-12-14",18.2
"2016-12-15",18.24
"2016-12-16",18.59
"2016-12-19",18.51
"2016-12-20",18.31
"2016-12-21",18.08
"2016-12-22",18.04
"2016-12-23",18.06
"2016-12-27",18.14
"2016-12-28",17.85
"2016-12-29",17.57
"2016-12-30",17.31
"2017-01-03",17.76
"2017-01-04",18.05
"2017-01-05",18.18
"2017-01-06",17.88
"2017-01-09",17.4
"2017-01-10",17.48
"2017-01-11",17.69
"2017-01-12",17.44
"2017-01-13",17.45
"2017-01-17",17.44
"2017-01-18",17.33
"2017-01-19",17.27
"2017-01-20",17.61
"2017-01-23",17.42
"2017-01-24",17.7
"2017-01-25",17.75
"2017-01-26",17.75
"2017-01-27",17.41
"2017-01-30",16.53
"2017-01-31",16.75
"2017-02-01",16.59
"2017-02-02",16.68
"2017-02-03",17.23
"2017-02-06",16.52
"2017-02-07",16.03
"2017-02-08",15.88
"2017-02-09",16.05
"2017-02-10",16.19
"2017-02-13",16.06
"2017-02-14",16.41
"2017-02-15",16.3
"2017-02-16",16.17
"2017-02-17",16.23
"2017-02-21",16.38
"2017-02-22",15.76
"2017-02-23",15.98
"2017-02-24",15.73
"2017-02-27",15.85
"2017-02-28",16.
"2017-03-01",16.45
"2017-03-02",16.14
"2017-03-03",16.18
"2017-03-06",16.47
"2017-03-07",16.28
"2017-03-08",14.87
"2017-03-09",16.07
"2017-03-10",16.16
"2017-03-13",15.84
"2017-03-14",15.32
"2017-03-15",15.56
"2017-03-16",15.55
"2017-03-17",15.46
"2017-03-20",15.48
"2017-03-21",15.05
"2017-03-22",15.02
"2017-03-23",14.68
"2017-03-24",14.61
"2017-03-27",14.75
"2017-03-28",15.23
"2017-03-29",15.85
"2017-03-30",15.85
"2017-03-31",15.8
"2017-04-03",15.82
"2017-04-04",16.14
"2017-04-05",15.98
"2017-04-06",16.31
"2017-04-07",16.26
"2017-04-10",16.56
"2017-04-11",16.6
"2017-04-12",16.41
"2017-04-13",15.91
"2017-04-17",16.02
"2017-04-18",15.74
"2017-04-19",15.06
"2017-04-20",15.09
"2017-04-21",15.16
"2017-04-24",15.15
"2017-04-25",15.61
"2017-04-26",15.31
"2017-04-27",14.88
"2017-04-28",14.87
"2017-05-01",14.82
"2017-05-02",14.64
"2017-05-03",14.85
"2017-05-04",14.17
"2017-05-05",14.29
"2017-05-08",14.59
"2017-05-09",14.4
"2017-05-10",14.7
"2017-05-11",14.48
"2017-05-12",14.33
"2017-05-15",14.54
"2017-05-16",14.43
"2017-05-17",14.35
"2017-05-18",14.12
"2017-05-19",14.53
"2017-05-22",14.44
"2017-05-23",14.56
"2017-05-24",14.53
"2017-05-25",13.5
"2017-05-26",13.52
"2017-05-30",13.12
"2017-05-31",13.02
"2017-06-01",13.1
"2017-06-02",12.72
"2017-06-05",12.78
"2017-06-06",12.88
"2017-06-07",12.21
"2017-06-08",12.09
"2017-06-09",12.54
"2017-06-12",12.62
"2017-06-13",13.01
"2017-06-14",12.64
"2017-06-15",12.37
"2017-06-16",12.52
"2017-06-19",12.49
"2017-06-20",12.06
"2017-06-21",11.61
"2017-06-22",11.59
"2017-06-23",11.53
"2017-06-26",11.53
"2017-06-27",11.35
"2017-06-28",11.45
"2017-06-29",11.71
"2017-06-30",11.85
"2017-07-03",12.14
"2017-07-05",11.74
"2017-07-06",11.59
"2017-07-07",11.47
"2017-07-10",11.52
"2017-07-11",11.59
"2017-07-12",11.43
"2017-07-13",11.45
"2017-07-14",11.65
"2017-07-17",11.59
"2017-07-18",11.68
"2017-07-19",12.25
"2017-07-20",12.1
"2017-07-21",11.85
"2017-07-24",11.88
"2017-07-25",12.34
"2017-07-26",12.18
"2017-07-27",12.23
"2017-07-28",12.36
"2017-07-31",12.23
"2017-08-01",11.91
"2017-08-02",12.04
"2017-08-03",12.51
"2017-08-04",12.9
"2017-08-07",12.35
"2017-08-08",12.37
"2017-08-09",12.2
"2017-08-10",12.05
"2017-08-11",12.12
"2017-08-14",11.63
"2017-08-15",11.53
"2017-08-16",11.19
"2017-08-17",10.82
"2017-08-18",10.87
"2017-08-21",10.77
"2017-08-22",10.89
"2017-08-23",11.02
"2017-08-24",10.99
"2017-08-25",11.05
"2017-08-28",10.92
"2017-08-29",10.88
"2017-08-30",10.9
"2017-08-31",11.12
"2017-09-01",11.27
"2017-09-05",11.29
"2017-09-06",11.73
"2017-09-07",11.78
"2017-09-08",11.31
"2017-09-11",11.49
"2017-09-12",11.59
"2017-09-13",11.91
"2017-09-14",11.93
"2017-09-15",12.
"2017-09-18",12.02
"2017-09-19",12.
"2017-09-20",12.42
"2017-09-21",12.73
"2017-09-22",12.79
"2017-09-25",13.19
"2017-09-26",13.4
"2017-09-27",13.73
"2017-09-28",13.53
"2017-09-29",13.56
"2017-10-02",13.59
"2017-10-03",13.76
"2017-10-04",13.9
"2017-10-05",13.88
"2017-10-06",13.55
"2017-10-09",13.58
"2017-10-10",13.62
"2017-10-11",13.68
"2017-10-12",13.62
"2017-10-13",13.75
"2017-10-16",13.85
"2017-10-17",13.96
"2017-10-18",13.77
"2017-10-19",13.74
"2017-10-20",13.93
"2017-10-23",13.63
"2017-10-24",13.71
"2017-10-25",13.48
"2017-10-26",13.56
"2017-10-27",13.81
"2017-10-30",14.16
"2017-10-31",14.22
"2017-11-01",14.87
"2017-11-02",15.44
"2017-11-03",15.58
"2017-11-06",16.33
"2017-11-07",16.16
"2017-11-08",15.75
"2017-11-09",15.78
"2017-11-10",15.62
"2017-11-13",15.55
"2017-11-14",14.84
"2017-11-15",14.79
"2017-11-16",14.52
"2017-11-17",15.05
"2017-11-20",14.47
"2017-11-21",14.52
"2017-11-22",14.88
"2017-11-24",15.13
"2017-11-27",14.48
"2017-11-28",14.56
"2017-11-29",14.75
"2017-11-30",14.84
"2017-12-01",15.08
"2017-12-04",14.9
"2017-12-05",14.88
"2017-12-06",14.45
"2017-12-07",14.74
"2017-12-08",15.15
"2017-12-11",15.15
"2017-12-12",15.18
"2017-12-13",15.2
"2017-12-14",15.12
"2017-12-15",15.01
"2017-12-18",15.43
"2017-12-19",16.02
"2017-12-20",16.32
"2017-12-21",17.05
"2017-12-22",16.9
"2017-12-26",17.26
"2017-12-27",17.01
"2017-12-28",17.07
"2017-12-29",16.93
"2018-01-02",17.38
"2018-01-03",17.67
"2018-01-04",18.12
"2018-01-05",17.89
"2018-01-08",17.97
"2018-01-09",18.05
"2018-01-10",17.9
"2018-01-11",18.6
"2018-01-12",18.82
"2018-01-16",18.24
"2018-01-17",18.84
"2018-01-18",18.69
"2018-01-19",18.58
"2018-01-22",19.28
"2018-01-23",19.22
"2018-01-24",19.28
"2018-01-25",18.68
"2018-01-26",18.84
"2018-01-29",18.62
"2018-01-30",18.06
"2018-01-31",18.19
"2018-02-01",18.43
"2018-02-02",17.52
"2018-02-05",16.78
"2018-02-06",17.23
"2018-02-07",16.33
"2018-02-08",15.68
"2018-02-09",15.51
"2018-02-12",16.27
"2018-02-13",16.07
"2018-02-14",16.95
"2018-02-15",16.32
"2018-02-16",15.65
"2018-02-20",15.85
"2018-02-21",15.3
"2018-02-22",15.18
"2018-02-23",15.54
"2018-02-26",15.34
"2018-02-27",15.
"2018-02-28",14.52
"2018-03-01",14.53
"2018-03-02",14.86
"2018-03-05",15.15
"2018-03-06",15.03
"2018-03-07",14.8
"2018-03-08",14.83
"2018-03-09",15.22
"2018-03-12",15.09
"2018-03-13",14.82
"2018-03-14",14.87
"2018-03-15",14.91
"2018-03-16",15.12
"2018-03-19",14.85
"2018-03-20",15.26
"2018-03-21",16.32
"2018-03-22",15.84
"2018-03-23",15.76
"2018-03-26",16.27
"2018-03-27",15.82
"2018-03-28",15.32
"2018-03-29",16.13
"2018-04-02",15.57
"2018-04-03",16.
"2018-04-04",15.89
"2018-04-05",16.8
"2018-04-06",16.24
"2018-04-09",16.35
"2018-04-10",17.06
"2018-04-11",17.52
"2018-04-12",17.63
"2018-04-13",18.16
"2018-04-16",18.19
"2018-04-17",18.15
"2018-04-18",18.23
"2018-04-19",17.99
"2018-04-20",18.02
"2018-04-23",17.98
"2018-04-24",17.71
"2018-04-25",17.97
"2018-04-26",18.46
"2018-04-27",18.11
"2018-04-30",18.25
"2018-05-01",18.2
"2018-05-02",18.3
"2018-05-03",19.44
"2018-05-04",19.72
"2018-05-07",19.77
"2018-05-08",20.44
"2018-05-09",21.26
"2018-05-10",21.14
"2018-05-11",21.
"2018-05-14",21.42
"2018-05-15",21.27
"2018-05-16",21.18
"2018-05-17",21.65
"2018-05-18",21.41
"2018-05-21",21.9
"2018-05-22",21.54
"2018-05-23",21.63
"2018-05-24",21.47
"2018-05-25",20.71
"2018-05-29",20.68
"2018-05-30",21.53
"2018-05-31",21.43
"2018-06-01",21.52
"2018-06-04",21.08
"2018-06-05",20.58
"2018-06-06",20.7
"2018-06-07",21.1
"2018-06-08",20.99
"2018-06-11",21.47
"2018-06-12",21.36
"2018-06-13",21.47
"2018-06-14",21.12
"2018-06-15",19.99
"2018-06-18",20.32
"2018-06-19",20.53
"2018-06-20",21.06
"2018-06-21",19.92
"2018-06-22",21.48
"2018-06-25",20.3
"2018-06-26",20.73
"2018-06-27",21.22
"2018-06-28",20.7
"2018-06-29",20.86
"2018-07-02",20.66
"2018-07-03",21.27
"2018-07-05",20.7
"2018-07-06",21.09
"2018-07-09",21.91
"2018-07-10",21.98
"2018-07-11",21.3
"2018-07-12",21.43
"2018-07-13",21.48
"2018-07-16",20.04
"2018-07-17",20.06
"2018-07-18",20.37
"2018-07-19",20.54
"2018-07-20",20.48
"2018-07-23",20.46
"2018-07-24",20.85
"2018-07-25",21.18
"2018-07-26",21.24
"2018-07-27",20.83
"2018-07-30",21.11
"2018-07-31",21.12
"2018-08-01",20.31
"2018-08-02",20.83
"2018-08-03",20.54
"2018-08-06",20.61
"2018-08-07",20.72
"2018-08-08",20.14
"2018-08-09",20.09
"2018-08-10",20.38
"2018-08-13",20.08
"2018-08-14",20.45
"2018-08-15",19.
"2018-08-16",19.32
"2018-08-17",19.83
"2018-08-20",19.98
"2018-08-21",20.21
"2018-08-22",20.87
"2018-08-23",20.78
"2018-08-24",20.61
"2018-08-27",20.87
"2018-08-28",20.7
"2018-08-29",21.77
"2018-08-30",21.63
"2018-08-31",21.51
"2018-09-04",21.06
"2018-09-05",21.21
"2018-09-06",20.36
"2018-09-07",20.52
"2018-09-10",20.35
"2018-09-11",20.54
"2018-09-12",20.56
"2018-09-13",20.67
"2018-09-14",20.88
"2018-09-17",20.87
"2018-09-18",21.5
"2018-09-19",21.76
"2018-09-20",21.55
"2018-09-21",21.86
"2018-09-24",22.34
"2018-09-25",22.49
"2018-09-26",22.44
"2018-09-27",22.73
"2018-09-28",23.28
"2018-10-01",23.86
"2018-10-02",23.51
"2018-10-03",23.99
"2018-10-04",23.72
"2018-10-05",23.41
"2018-10-08",22.88
"2018-10-09",22.93
"2018-10-10",21.16
"2018-10-11",19.96
"2018-10-12",20.52
"2018-10-15",20.84
"2018-10-16",21.18
"2018-10-17",20.89
"2018-10-18",20.55
"2018-10-19",20.67
"2018-10-22",20.46
"2018-10-23",19.48
"2018-10-24",18.35
"2018-10-25",18.79
"2018-10-26",18.69
"2018-10-29",18.15
"2018-10-30",18.68
"2018-10-31",18.99
"2018-11-01",18.61
"2018-11-02",18.21
"2018-11-05",18.69
"2018-11-06",18.33
"2018-11-07",18.51
"2018-11-08",18.05
"2018-11-09",17.84
"2018-11-12",17.26
"2018-11-13",16.47
