"2003-01-31",2224.
"2003-02-03",2266.
"2003-02-04",2206.
"2003-02-05",2240.
"2003-02-06",2164.
"2003-02-07",2133.
"2003-02-10",2106.
"2003-02-11",2122.
"2003-02-12",2098.
"2003-02-13",2059.
"2003-02-14",2035.
"2003-02-18",2094.
"2003-02-19",2143.
"2003-02-20",2090.
"2003-02-21",2106.
"2003-02-24",2115.
"2003-02-25",2100.
"2003-02-26",2094.9
"2003-02-27",2094.5
"2003-02-28",2065.
"2003-03-03",2110.
"2003-03-04",2133.
"2003-03-05",2102.
"2003-03-06",2112.
"2003-03-07",2136.
"2003-03-10",2259.
"2003-03-11",2243.
"2003-03-12",2254.
"2003-03-13",2285.
"2003-03-14",2270.
"2003-03-17",2290.
"2003-03-18",2263.
"2003-03-19",2299.9
"2003-03-20",2301.
"2003-03-21",2293.
"2003-03-24",2224.
"2003-03-25",2215.
"2003-03-26",2198.
"2003-03-27",2185.
"2003-03-28",2172.
"2003-03-31",2137.
"2003-04-01",2188.
"2003-04-02",2320.
"2003-04-03",2294.
"2003-04-04",2309.
"2003-04-07",2315.
"2003-04-08",2313.
"2003-04-09",2328.
"2003-04-10",2328.
"2003-04-11",2334.
"2003-04-14",2374.
"2003-04-15",2361.
"2003-04-16",2360.
"2003-04-17",2393.
"2003-04-21",2406.5
"2003-04-22",2441.
"2003-04-23",2426.
"2003-04-24",2399.
"2003-04-25",2359.
"2003-04-28",2350.
"2003-04-29",2347.
"2003-04-30",2332.
"2003-05-01",2332.
"2003-05-02",2350.
"2003-05-05",2429.
"2003-05-06",2464.
"2003-05-07",2461.
"2003-05-08",2427.01
"2003-05-09",2414.
"2003-05-12",2467.
"2003-05-13",2461.
"2003-05-14",2451.
"2003-05-15",2452.
"2003-05-16",2459.
"2003-05-19",2449.
"2003-05-20",2446.
"2003-05-21",2427.
"2003-05-22",2446.
"2003-05-23",2465.
"2003-05-27",2460.
"2003-05-28",2428.
"2003-05-29",2393.
"2003-05-30",2374.
"2003-06-02",2381.
"2003-06-03",2417.5
"2003-06-04",2417.
"2003-06-05",2400.
"2003-06-06",2398.
"2003-06-09",2396.
"2003-06-10",2400.
"2003-06-11",2400.
"2003-06-12",2415.
"2003-06-13",2450.
"2003-06-16",2465.
"2003-06-17",2485.
"2003-06-18",2500.
"2003-06-19",2491.
"2003-06-20",2494.
"2003-06-23",2501.1
"2003-06-24",2502.
"2003-06-25",2464.
"2003-06-26",2457.
"2003-06-27",2436.
"2003-06-30",2430.
"2003-07-01",2420.
"2003-07-02",2428.
"2003-07-03",2407.
"2003-07-07",2400.
"2003-07-08",2371.
"2003-07-09",2415.
"2003-07-10",2441.
"2003-07-11",2440.
"2003-07-14",2473.
"2003-07-15",2428.
"2003-07-16",2400.
"2003-07-17",2396.
"2003-07-18",2389.
"2003-07-21",2368.
"2003-07-22",2372.5
"2003-07-23",2398.
"2003-07-24",2395.
"2003-07-25",2386.88
"2003-07-28",2400.
"2003-07-29",2414.
"2003-07-30",2406.07
"2003-07-31",2403.
"2003-08-01",2393.
"2003-08-04",2403.25
"2003-08-05",2388.
"2003-08-06",2395.06
"2003-08-07",2402.
"2003-08-08",2415.
"2003-08-11",2494.
"2003-08-12",2517.9
"2003-08-13",2507.
"2003-08-14",2511.5
"2003-08-15",2510.
"2003-08-18",2517.9
"2003-08-19",2528.4
"2003-08-20",2536.73
"2003-08-21",2542.
"2003-08-22",2544.
"2003-08-25",2514.
"2003-08-26",2526.
"2003-08-27",2524.
"2003-08-28",2529.
"2003-08-29",2530.
"2003-09-02",2530.5
"2003-09-03",2530.
"2003-09-04",2522.5
"2003-09-05",2516.
"2003-09-08",2515.5
"2003-09-09",2523.
"2003-09-10",2524.
"2003-09-11",2515.
"2003-09-12",2508.
"2003-09-15",2482.
"2003-09-16",2521.
"2003-09-17",2490.
"2003-09-18",2500.
"2003-09-19",2537.
"2003-09-22",2525.
"2003-09-23",2524.
"2003-09-24",2512.
"2003-09-25",2510.
"2003-09-26",2500.
"2003-09-29",2505.
"2003-09-30",2496.
"2003-10-01",2512.
"2003-10-02",2516.
"2003-10-03",2534.5
"2003-10-06",2525.
"2003-10-07",2522.
"2003-10-08",2524.
"2003-10-09",2523.5
"2003-10-10",2519.
"2003-10-13",2532.53
"2003-10-14",2550.
"2003-10-15",2556.
"2003-10-16",2592.5
"2003-10-17",2560.
"2003-10-20",2528.
"2003-10-21",2542.
"2003-10-22",2526.
"2003-10-23",2530.
"2003-10-24",2542.
"2003-10-27",2551.
"2003-10-28",2586.5
"2003-10-29",2590.
"2003-10-30",2600.1
"2003-10-31",2592.5
"2003-11-03",2628.5
"2003-11-04",2668.
"2003-11-05",2670.01
"2003-11-06",2671.
"2003-11-07",2668.
"2003-11-10",2659.
"2003-11-11",2673.
"2003-11-12",2687.
"2003-11-13",2690.
"2003-11-14",2710.
"2003-11-17",2722.
"2003-11-18",2729.
"2003-11-19",2735.
"2003-11-20",2741.
"2003-11-21",2758.01
"2003-11-24",2778.
"2003-11-25",2811.
"2003-11-26",2785.
"2003-11-28",2801.
"2003-12-01",2802.
"2003-12-02",2804.
"2003-12-03",2798.51
"2003-12-04",2803.
"2003-12-05",2799.8
"2003-12-08",2798.5
"2003-12-09",2795.
"2003-12-10",2795.
"2003-12-11",2792.
"2003-12-12",2783.
"2003-12-15",2763.
"2003-12-16",2763.
"2003-12-17",2736.
"2003-12-18",2761.
"2003-12-19",2768.
"2003-12-22",2775.
"2003-12-23",2757.3
"2003-12-24",2770.
"2003-12-26",2766.9
"2003-12-29",2800.
"2003-12-30",2815.
"2003-12-31",2815.
"2004-01-02",2803.
"2004-01-05",2833.
"2004-01-06",2858.01
"2004-01-07",2874.
"2004-01-08",2836.
"2004-01-09",2855.
"2004-01-12",2845.
"2004-01-13",2864.9
"2004-01-14",2871.75
"2004-01-15",2857.
"2004-01-16",2872.5
"2004-01-20",2890.
"2004-01-21",2915.
"2004-01-22",2950.
"2004-01-23",2987.
"2004-01-26",3016.5
"2004-01-27",3002.
"2004-01-28",2964.9
"2004-01-29",2948.
"2004-01-30",2981.
"2004-02-02",2990.
"2004-02-03",3024.
"2004-02-04",3015.
"2004-02-05",2996.
"2004-02-06",3002.
"2004-02-09",3012.01
"2004-02-10",3062.
"2004-02-11",3057.
"2004-02-12",3060.
"2004-02-13",3063.5
"2004-02-17",3072.
"2004-02-18",3093.
"2004-02-19",3108.11
"2004-02-20",3113.
"2004-02-23",3150.01
"2004-02-24",3170.
"2004-02-25",3173.
"2004-02-26",3162.
"2004-02-27",3133.
"2004-03-01",3121.
"2004-03-02",3105.
"2004-03-03",3063.
"2004-03-04",3055.
"2004-03-05",3098.
"2004-03-08",3131.74
"2004-03-09",3156.
"2004-03-10",3120.
"2004-03-11",3050.1
"2004-03-12",3065.
"2004-03-15",3070.
"2004-03-16",3058.
"2004-03-17",3068.
"2004-03-18",3063.5
"2004-03-19",3075.
"2004-03-22",3066.
"2004-03-23",3040.
"2004-03-24",3032.9
"2004-03-25",3045.5
"2004-03-26",3059.
"2004-03-29",3075.
"2004-03-30",3100.
"2004-03-31",3111.01
"2004-04-01",3129.
"2004-04-02",3145.
"2004-04-05",3167.
"2004-04-06",3150.
"2004-04-07",3149.
"2004-04-08",3140.5
"2004-04-12",3184.
"2004-04-13",3118.
"2004-04-14",3136.
"2004-04-15",3084.
"2004-04-16",3077.5
"2004-04-19",3100.
"2004-04-20",3079.
"2004-04-21",3065.51
"2004-04-22",3056.
"2004-04-23",3109.
"2004-04-26",3104.
"2004-04-27",3102.
"2004-04-28",3115.
"2004-04-29",3110.
"2004-04-30",3119.
"2004-05-03",3100.
"2004-05-04",3079.
"2004-05-05",3105.1
"2004-05-06",3043.
"2004-05-07",3043.
"2004-05-10",2890.
"2004-05-11",2932.
"2004-05-12",2889.5
"2004-05-13",2851.
"2004-05-14",2890.
"2004-05-17",2881.
"2004-05-18",2937.5
"2004-05-19",2960.
"2004-05-20",2987.
"2004-05-21",2972.
"2004-05-24",2934.
"2004-05-25",2900.
"2004-05-26",2919.
"2004-05-27",2960.
"2004-05-28",2972.
"2004-06-01",2996.
"2004-06-02",2993.
"2004-06-03",2953.
"2004-06-04",2979.
"2004-06-07",2994.
"2004-06-08",2988.
"2004-06-09",2990.
"2004-06-10",2985.
"2004-06-14",2961.75
"2004-06-15",2970.
"2004-06-16",2944.89
"2004-06-17",2939.
"2004-06-18",2909.9
"2004-06-21",2898.
"2004-06-22",2874.
"2004-06-23",2898.
"2004-06-24",2910.
"2004-06-25",2925.
"2004-06-28",2912.5
"2004-06-29",2938.
"2004-06-30",2955.
"2004-07-01",2988.
"2004-07-02",3000.
"2004-07-06",3006.
"2004-07-07",2998.
"2004-07-08",3000.01
"2004-07-09",2996.
"2004-07-12",3006.
"2004-07-13",3023.
"2004-07-14",3003.
"2004-07-15",3008.5
"2004-07-16",3021.
"2004-07-19",3016.49
"2004-07-20",2996.
"2004-07-21",2994.
"2004-07-22",2954.5
"2004-07-23",2940.95
"2004-07-26",2904.
"2004-07-27",2911.
"2004-07-28",2899.
"2004-07-29",2930.
"2004-07-30",2894.
"2004-08-02",2899.9
"2004-08-03",2873.
"2004-08-04",2843.
"2004-08-05",2851.
"2004-08-06",2856.75
"2004-08-09",2790.
"2004-08-10",2870.
"2004-08-11",2845.
"2004-08-12",2831.
"2004-08-13",2830.
"2004-08-16",2832.
"2004-08-17",2881.
"2004-08-18",2883.
"2004-08-19",2881.1
"2004-08-20",2894.
"2004-08-23",2866.
"2004-08-24",2830.
"2004-08-25",2872.
"2004-08-26",2870.
"2004-08-27",2871.
"2004-08-30",2867.5
"2004-08-31",2894.
"2004-09-01",2872.
"2004-09-02",2882.
"2004-09-03",2869.
"2004-09-07",2889.
"2004-09-08",2899.
"2004-09-09",2882.
"2004-09-10",2871.9
"2004-09-13",2870.
"2004-09-14",2881.
"2004-09-15",2873.
"2004-09-16",2871.5
"2004-09-17",2871.
"2004-09-20",2872.
"2004-09-21",2882.
"2004-09-22",2900.
"2004-09-23",2909.
"2004-09-24",2881.
"2004-09-27",2871.5
"2004-09-28",2878.
"2004-09-29",2873.5
"2004-09-30",2871.
"2004-10-01",2840.
"2004-10-04",2838.
"2004-10-05",2853.
"2004-10-06",2840.99
"2004-10-07",2836.
"2004-10-08",2840.
"2004-10-11",2840.
"2004-10-12",2844.
"2004-10-13",2840.5
"2004-10-14",2810.
"2004-10-15",2837.
"2004-10-18",2842.
"2004-10-19",2815.
"2004-10-20",2795.
"2004-10-21",2717.
"2004-10-22",2712.
"2004-10-25",2703.
"2004-10-26",2814.
"2004-10-27",2799.
"2004-10-28",2792.
"2004-10-29",2804.
"2004-11-01",2808.9
"2004-11-02",2800.
"2004-11-03",2766.
"2004-11-04",2792.
"2004-11-05",2765.
"2004-11-08",2802.
"2004-11-09",2832.
"2004-11-10",2824.9
"2004-11-11",2818.9
"2004-11-12",2761.
"2004-11-15",2793.
"2004-11-16",2836.
"2004-11-17",2861.
"2004-11-18",2839.
"2004-11-19",2845.
"2004-11-22",2789.
"2004-11-23",2790.
"2004-11-24",2800.
"2004-11-26",2803.
"2004-11-29",2799.
"2004-11-30",2780.
"2004-12-01",2788.51
"2004-12-02",2815.
"2004-12-03",2828.
"2004-12-06",2799.
"2004-12-07",2801.01
"2004-12-08",2817.1
"2004-12-09",2802.
"2004-12-10",2792.
"2004-12-13",2791.
"2004-12-14",2801.9
"2004-12-15",2830.
"2004-12-16",2860.5
"2004-12-17",2862.06
"2004-12-20",2873.99
"2004-12-21",2906.01
"2004-12-22",2972.5
"2004-12-23",2969.
"2004-12-27",2937.
"2004-12-28",2954.
"2004-12-29",2965.
"2004-12-30",2956.
"2004-12-31",2936.
"2005-01-03",2899.
"2005-01-04",2855.
"2005-01-05",2860.
"2005-01-06",2874.
"2005-01-07",2918.9
"2005-01-10",2926.
"2005-01-11",2876.5
"2005-01-12",2876.
"2005-01-13",2870.
"2005-01-14",2863.5
"2005-01-18",2889.99
"2005-01-19",2888.99
"2005-01-20",2918.
"2005-01-21",3004.5
"2005-01-24",3000.
"2005-01-25",2984.9
"2005-01-26",2964.01
"2005-01-27",2942.
"2005-01-28",3000.
"2005-01-31",2994.11
"2005-02-01",3017.
"2005-02-02",3004.
"2005-02-03",3004.
"2005-02-04",3024.5
"2005-02-07",3043.
"2005-02-08",3036.
"2005-02-09",3033.
"2005-02-10",3030.
"2005-02-11",3058.
"2005-02-14",3042.
"2005-02-15",3031.
"2005-02-16",3023.
"2005-02-17",3012.
"2005-02-18",3002.5
"2005-02-22",3003.95
"2005-02-23",3034.09
"2005-02-24",3012.
"2005-02-25",3016.
"2005-02-28",3015.
"2005-03-01",3021.1
"2005-03-02",3004.
"2005-03-03",2976.
"2005-03-04",2979.
"2005-03-07",3001.01
"2005-03-08",3010.75
"2005-03-09",3025.
"2005-03-10",3007.
"2005-03-11",3001.
"2005-03-14",3006.
"2005-03-15",2978.01
"2005-03-16",2868.01
"2005-03-17",2933.
"2005-03-18",2918.65
"2005-03-21",2901.
"2005-03-22",2884.95
"2005-03-23",2860.1
"2005-03-24",2895.
"2005-03-28",2870.
"2005-03-29",2864.
"2005-03-30",2888.
"2005-03-31",2856.
"2005-04-01",2815.
"2005-04-04",2885.
"2005-04-05",2921.
"2005-04-06",2924.01
"2005-04-07",2902.3
"2005-04-08",2882.5
"2005-04-11",2915.
"2005-04-12",2917.99
"2005-04-13",2885.5
"2005-04-14",2861.
"2005-04-15",2847.
"2005-04-18",2824.
"2005-04-19",2824.
"2005-04-20",2760.26
"2005-04-21",2798.
"2005-04-22",2743.
"2005-04-25",2753.
"2005-04-26",2751.
"2005-04-27",2743.5
"2005-04-28",2790.
"2005-04-29",2798.01
"2005-05-02",2830.
"2005-05-03",2813.
"2005-05-04",2833.
"2005-05-05",2811.
"2005-05-06",2796.
"2005-05-09",2776.
"2005-05-10",2762.
"2005-05-11",2767.
"2005-05-12",2774.
"2005-05-13",2767.
"2005-05-16",2752.
"2005-05-17",2755.
"2005-05-18",2762.
"2005-05-19",2793.
"2005-05-20",2802.5
"2005-05-23",2781.
"2005-05-24",2859.
"2005-05-25",2845.
"2005-05-26",2821.
"2005-05-27",2840.
"2005-05-31",2810.
"2005-06-01",2808.95
"2005-06-02",2808.
"2005-06-03",2791.
"2005-06-06",2777.
"2005-06-07",2773.
"2005-06-08",2766.
"2005-06-09",2770.
"2005-06-10",2770.
"2005-06-13",2788.
"2005-06-14",2810.
"2005-06-15",2793.
"2005-06-16",2789.88
"2005-06-17",2751.
"2005-06-20",2757.
"2005-06-21",2787.
"2005-06-22",2767.
"2005-06-23",2780.
"2005-06-24",2757.
"2005-06-27",2775.
"2005-06-28",2771.
"2005-06-29",2770.
"2005-06-30",2783.5
"2005-07-01",2784.
"2005-07-05",2820.
"2005-07-06",2840.
"2005-07-07",2842.
"2005-07-08",2828.
"2005-07-11",2837.
"2005-07-12",2807.
"2005-07-13",2807.
"2005-07-14",2782.
"2005-07-15",2795.
"2005-07-18",2787.5
"2005-07-19",2786.
"2005-07-20",2792.
"2005-07-21",2787.
"2005-07-22",2798.
"2005-07-25",2805.
"2005-07-26",2793.
"2005-07-27",2790.
"2005-07-28",2785.
"2005-07-29",2782.
"2005-08-01",2798.
"2005-08-02",2780.
"2005-08-03",2778.
"2005-08-04",2785.
"2005-08-05",2787.
"2005-08-08",2773.
"2005-08-09",2772.
"2005-08-10",2768.
"2005-08-11",2789.
"2005-08-12",2800.
"2005-08-15",2770.5
"2005-08-16",2773.95
"2005-08-17",2764.
"2005-08-18",2837.
"2005-08-19",2830.
"2005-08-22",2820.
"2005-08-23",2820.
"2005-08-24",2807.
"2005-08-25",2790.51
"2005-08-26",2772.
"2005-08-29",2770.9
"2005-08-30",2758.
"2005-08-31",2776.
"2005-09-01",2753.
"2005-09-02",2756.
"2005-09-06",2782.
"2005-09-07",2797.
"2005-09-08",2808.
"2005-09-09",2792.
"2005-09-12",2768.3
"2005-09-13",2764.5
"2005-09-14",2758.
"2005-09-15",2746.9
"2005-09-16",2725.
"2005-09-19",2716.01
"2005-09-20",2713.
"2005-09-21",2674.9
"2005-09-22",2692.83
"2005-09-23",2752.75
"2005-09-26",2745.
"2005-09-27",2744.
"2005-09-28",2726.
"2005-09-29",2707.
"2005-09-30",2731.
"2005-10-03",2736.
"2005-10-04",2746.
"2005-10-05",2762.
"2005-10-06",2750.
"2005-10-07",2748.
"2005-10-10",2770.
"2005-10-11",2770.
"2005-10-12",2798.
"2005-10-13",2780.
"2005-10-14",2787.
"2005-10-17",2790.45
"2005-10-18",2790.
"2005-10-19",2787.
"2005-10-20",2782.
"2005-10-21",2788.9
"2005-10-24",2811.
"2005-10-25",2830.
"2005-10-26",2809.
"2005-10-27",2804.
"2005-10-28",2799.
"2005-10-31",2815.
"2005-11-01",2834.
"2005-11-02",2856.
"2005-11-03",2935.
"2005-11-04",2919.
"2005-11-07",2977.
"2005-11-08",2987.
"2005-11-09",2985.
"2005-11-10",2982.
"2005-11-11",2985.
"2005-11-14",2970.
"2005-11-15",2960.
"2005-11-16",2919.
"2005-11-17",2959.
"2005-11-18",2957.
"2005-11-21",2911.
"2005-11-22",2895.
"2005-11-23",2920.
"2005-11-25",2907.
"2005-11-28",2912.
"2005-11-29",2935.51
"2005-11-30",2955.
"2005-12-01",3007.05
"2005-12-02",3019.
"2005-12-05",2960.
"2005-12-06",2990.
"2005-12-07",2984.8
"2005-12-08",2980.
"2005-12-09",2982.
"2005-12-12",2975.
"2005-12-13",2970.
"2005-12-14",2957.
"2005-12-15",2952.
"2005-12-16",2974.
"2005-12-19",2954.
"2005-12-20",2947.5
"2005-12-21",2953.
"2005-12-22",2944.
"2005-12-23",2953.
"2005-12-27",2944.
"2005-12-28",2935.5
"2005-12-29",2949.
"2005-12-30",2935.5
"2006-01-03",2965.
"2006-01-04",2967.
"2006-01-05",2960.
"2006-01-06",2970.
"2006-01-09",2979.
"2006-01-10",2970.
"2006-01-11",2964.
"2006-01-12",2945.
"2006-01-13",2952.
"2006-01-17",2943.
"2006-01-18",2964.
"2006-01-19",2963.5
"2006-01-20",2942.
"2006-01-23",2939.5
"2006-01-24",2948.
"2006-01-25",2965.
"2006-01-26",2940.99
"2006-01-27",2938.
"2006-01-30",2928.01
"2006-01-31",2932.
"2006-02-01",2915.
"2006-02-02",2907.
"2006-02-03",2892.
"2006-02-06",2885.
"2006-02-07",2876.5
"2006-02-08",2892.
"2006-02-09",2891.
"2006-02-10",2896.05
"2006-02-13",2917.
"2006-02-14",2927.
"2006-02-15",2915.
"2006-02-16",2905.
"2006-02-17",2900.
"2006-02-21",2884.
"2006-02-22",2882.
"2006-02-23",2881.
"2006-02-24",2879.
"2006-02-27",2897.
"2006-02-28",2888.
"2006-03-01",2891.5
"2006-03-02",2893.
"2006-03-03",2911.4
"2006-03-06",2938.5
"2006-03-07",2940.
"2006-03-08",2958.
"2006-03-09",2981.5
"2006-03-10",2995.
"2006-03-13",3004.9
"2006-03-14",2981.
"2006-03-15",2973.
"2006-03-16",2975.
"2006-03-17",2961.
"2006-03-20",2985.
"2006-03-21",2987.
"2006-03-22",2999.9
"2006-03-23",2996.
"2006-03-24",3009.
"2006-03-27",2995.
"2006-03-28",2994.
"2006-03-29",2994.7
"2006-03-30",2992.
"2006-03-31",3012.
"2006-04-03",3012.
"2006-04-04",3001.
"2006-04-05",2990.
"2006-04-06",2990.
"2006-04-07",2972.
"2006-04-10",2949.5
"2006-04-11",2920.
"2006-04-12",2899.99
"2006-04-13",2893.
"2006-04-17",2868.
"2006-04-18",2850.
"2006-04-19",2871.
"2006-04-20",2870.
"2006-04-21",2881.
"2006-04-24",2873.
"2006-04-25",2882.5
"2006-04-26",2935.
"2006-04-27",2914.
"2006-04-28",2952.
"2006-05-01",2980.
"2006-05-02",2960.
"2006-05-03",2953.
"2006-05-04",2910.
"2006-05-05",2945.
"2006-05-08",2954.
"2006-05-09",2985.
"2006-05-10",2981.
"2006-05-11",2987.
"2006-05-12",2980.
"2006-05-15",2994.
"2006-05-16",3009.
"2006-05-17",3025.
"2006-05-18",3070.
"2006-05-19",3059.
"2006-05-22",3090.5
"2006-05-23",3039.
"2006-05-24",3084.
"2006-05-25",3067.
"2006-05-26",3067.
"2006-05-30",3063.5
"2006-05-31",3069.
"2006-06-01",3065.
"2006-06-02",3056.
"2006-06-05",3058.5
"2006-06-06",3048.
"2006-06-07",3020.
"2006-06-08",3007.96
"2006-06-09",3022.
"2006-06-12",3023.
"2006-06-13",3014.5
"2006-06-14",3004.9
"2006-06-15",3060.
"2006-06-16",3056.
"2006-06-19",3087.9
"2006-06-20",3080.
"2006-06-21",3084.
"2006-06-22",3066.
"2006-06-23",3071.01
"2006-06-26",3043.01
"2006-06-27",3043.
"2006-06-28",3072.95
"2006-06-29",3065.
"2006-06-30",3043.
"2006-07-03",3050.
"2006-07-05",2990.
"2006-07-06",3006.5
"2006-07-07",3005.01
"2006-07-10",3033.8
"2006-07-11",3028.97
"2006-07-12",3014.5
"2006-07-13",2998.89
"2006-07-14",2995.
"2006-07-17",3007.
"2006-07-18",3013.
"2006-07-19",3030.
"2006-07-20",3027.
"2006-07-21",3006.6
"2006-07-24",3030.
"2006-07-25",3025.
"2006-07-26",3035.
"2006-07-27",3045.
"2006-07-28",3043.
"2006-07-31",3047.
"2006-08-01",3045.5
"2006-08-02",3041.
"2006-08-03",3042.
"2006-08-04",3050.
"2006-08-07",3085.
"2006-08-08",3095.
"2006-08-09",3094.99
"2006-08-10",3103.
"2006-08-11",3102.
"2006-08-14",3080.
"2006-08-15",3078.
"2006-08-16",3145.
"2006-08-17",3140.
"2006-08-18",3179.
"2006-08-21",3191.95
"2006-08-22",3181.
"2006-08-23",3173.
"2006-08-24",3208.
"2006-08-25",3202.
"2006-08-28",3196.5
"2006-08-29",3204.39
"2006-08-30",3197.
"2006-08-31",3203.5
"2006-09-01",3195.
"2006-09-05",3213.
"2006-09-06",3200.1
"2006-09-07",3200.5
"2006-09-08",3207.
"2006-09-11",3206.
"2006-09-12",3210.
"2006-09-13",3219.9
"2006-09-14",3225.
"2006-09-15",3215.
"2006-09-18",3187.
"2006-09-19",3140.
"2006-09-20",3164.01
"2006-09-21",3139.1
"2006-09-22",3119.5
"2006-09-25",3123.
"2006-09-26",3154.01
"2006-09-27",3169.5
"2006-09-28",3162.
"2006-09-29",3174.
"2006-10-02",3175.
"2006-10-03",3239.5
"2006-10-04",3250.
"2006-10-05",3280.
"2006-10-06",3280.
"2006-10-09",3271.
"2006-10-10",3313.75
"2006-10-11",3304.01
"2006-10-12",3329.
"2006-10-13",3280.
"2006-10-16",3301.
"2006-10-17",3291.
"2006-10-18",3309.
"2006-10-19",3328.
"2006-10-20",3328.
"2006-10-23",3333.
"2006-10-24",3354.9
"2006-10-25",3392.
"2006-10-26",3490.
"2006-10-27",3457.01
"2006-10-30",3482.
"2006-10-31",3515.
"2006-11-01",3493.25
"2006-11-02",3473.
"2006-11-03",3501.
"2006-11-06",3587.
"2006-11-07",3571.
"2006-11-08",3593.01
"2006-11-09",3566.
"2006-11-10",3570.
"2006-11-13",3548.2
"2006-11-14",3560.
"2006-11-15",3570.
"2006-11-16",3564.75
"2006-11-17",3558.
"2006-11-20",3571.25
"2006-11-21",3581.
"2006-11-22",3593.
"2006-11-24",3587.5
"2006-11-27",3556.85
"2006-11-28",3531.9
"2006-11-29",3519.
"2006-11-30",3555.
"2006-12-01",3560.
"2006-12-04",3572.01
"2006-12-05",3604.
"2006-12-06",3631.75
"2006-12-07",3583.
"2006-12-08",3574.9
"2006-12-11",3592.
"2006-12-12",3665.
"2006-12-13",3663.
"2006-12-14",3675.
"2006-12-15",3800.
"2006-12-18",3781.2
"2006-12-19",3770.
"2006-12-20",3721.
"2006-12-21",3658.
"2006-12-22",3659.5
"2006-12-26",3659.
"2006-12-27",3663.9
"2006-12-28",3667.5
"2006-12-29",3666.
"2007-01-02",3666.
"2007-01-03",3643.
"2007-01-04",3610.
"2007-01-05",3578.
"2007-01-08",3586.01
"2007-01-09",3650.
"2007-01-10",3650.91
"2007-01-11",3669.95
"2007-01-12",3667.8
"2007-01-16",3619.1
"2007-01-17",3620.31
"2007-01-18",3633.5
"2007-01-19",3656.
"2007-01-22",3639.9
"2007-01-23",3623.8
"2007-01-24",3581.15
"2007-01-25",3585.91
"2007-01-26",3545.5
"2007-01-29",3606.9
"2007-01-30",3636.
"2007-01-31",3667.35
"2007-02-01",3681.
"2007-02-02",3632.
"2007-02-05",3624.29
"2007-02-06",3632.
"2007-02-07",3624.
"2007-02-08",3611.
"2007-02-09",3635.
"2007-02-12",3624.
"2007-02-13",3609.9
"2007-02-14",3610.05
"2007-02-15",3560.
"2007-02-16",3620.
"2007-02-20",3632.9
"2007-02-21",3587.
"2007-02-22",3575.
"2007-02-23",3562.
"2007-02-26",3558.
"2007-02-27",3479.
"2007-02-28",3523.
"2007-03-01",3554.
"2007-03-02",3561.9
"2007-03-05",3562.
"2007-03-06",3576.
"2007-03-07",3594.
"2007-03-08",3633.
"2007-03-09",3646.
"2007-03-12",3644.
"2007-03-13",3603.05
"2007-03-14",3562.
"2007-03-15",3550.25
"2007-03-16",3532.
"2007-03-19",3599.
"2007-03-20",3598.95
"2007-03-21",3643.9
"2007-03-22",3609.
"2007-03-23",3600.5
"2007-03-26",3603.5
"2007-03-27",3605.
"2007-03-28",3604.
"2007-03-29",3603.5
"2007-03-30",3640.
"2007-04-02",3603.2
"2007-04-03",3618.
"2007-04-04",3629.
"2007-04-05",3626.
"2007-04-09",3634.75
"2007-04-10",3665.
"2007-04-11",3654.
"2007-04-12",3659.8
"2007-04-13",3659.82
"2007-04-16",3667.32
"2007-04-17",3667.
"2007-04-18",3645.1
"2007-04-19",3632.8
"2007-04-20",3628.
"2007-04-23",3636.
"2007-04-24",3624.
"2007-04-25",3620.
"2007-04-26",3628.
"2007-04-27",3629.5
"2007-04-30",3628.
"2007-05-01",3606.
"2007-05-02",3618.9
"2007-05-03",3617.75
"2007-05-04",3631.
"2007-05-07",3679.
"2007-05-08",3618.
"2007-05-09",3636.9
"2007-05-10",3636.88
"2007-05-11",3668.
"2007-05-14",3640.
"2007-05-15",3633.
"2007-05-16",3630.
"2007-05-17",3613.1
"2007-05-18",3604.3
"2007-05-21",3630.9
"2007-05-22",3643.4
"2007-05-23",3639.
"2007-05-24",3622.5
"2007-05-25",3660.
"2007-05-29",3633.9
"2007-05-30",3628.
"2007-05-31",3625.
"2007-06-01",3635.
"2007-06-04",3644.75
"2007-06-05",3619.
"2007-06-06",3606.
"2007-06-07",3627.
"2007-06-08",3612.
"2007-06-11",3631.7
"2007-06-12",3618.
"2007-06-13",3625.
"2007-06-14",3621.
"2007-06-15",3621.95
"2007-06-18",3614.
"2007-06-19",3628.5
"2007-06-20",3611.5
"2007-06-21",3594.
"2007-06-22",3578.
"2007-06-25",3553.2
"2007-06-26",3540.6
"2007-06-27",3559.74
"2007-06-28",3592.
"2007-06-29",3605.
"2007-07-02",3624.5
"2007-07-03",3636.8
"2007-07-05",3667.85
"2007-07-06",3704.9
"2007-07-09",3714.
"2007-07-10",3704.
"2007-07-11",3690.
"2007-07-12",3677.5
"2007-07-13",3677.5
"2007-07-16",3653.94
"2007-07-17",3663.
"2007-07-18",3649.
"2007-07-19",3638.
"2007-07-20",3642.5
"2007-07-23",3638.5
"2007-07-24",3636.
"2007-07-25",3638.5
"2007-07-26",3595.5
"2007-07-27",3615.
"2007-07-30",3599.
"2007-07-31",3604.
"2007-08-01",3599.5
"2007-08-02",3588.
"2007-08-03",3599.
"2007-08-06",3670.
"2007-08-07",3692.
"2007-08-08",3687.
"2007-08-09",3643.
"2007-08-10",3625.
"2007-08-13",3639.
"2007-08-14",3628.75
"2007-08-15",3655.1
"2007-08-16",3791.5
"2007-08-17",3948.
"2007-08-20",3962.
"2007-08-21",3982.5
"2007-08-22",3939.
"2007-08-23",3945.
"2007-08-24",3995.
"2007-08-27",3965.5
"2007-08-28",3965.
"2007-08-29",3950.
"2007-08-30",3948.25
"2007-08-31",3890.
"2007-09-04",3957.
"2007-09-05",3978.95
"2007-09-06",3999.7
"2007-09-07",3979.5
"2007-09-10",3943.
"2007-09-11",3948.5
"2007-09-12",3948.5
"2007-09-13",3956.95
"2007-09-14",3995.95
"2007-09-17",3947.5
"2007-09-18",3952.
"2007-09-19",3900.25
"2007-09-20",3915.
"2007-09-21",3890.
"2007-09-24",3904.
"2007-09-25",3894.5
"2007-09-26",3899.
"2007-09-27",3913.33
"2007-09-28",3952.
"2007-10-01",3959.
"2007-10-02",3996.5
"2007-10-03",3982.
"2007-10-04",3970.
"2007-10-05",4029.
"2007-10-08",4109.99
"2007-10-09",4089.
"2007-10-10",4160.
"2007-10-11",4195.
"2007-10-12",4233.9
"2007-10-15",4208.
"2007-10-16",4232.
"2007-10-17",4335.
"2007-10-18",4300.
"2007-10-19",4243.
"2007-10-22",4213.
"2007-10-23",4256.
"2007-10-24",4247.
"2007-10-25",4252.5
"2007-10-26",4233.
"2007-10-29",4273.
"2007-10-30",4290.
"2007-10-31",4414.
"2007-11-01",4377.
"2007-11-02",4402.
"2007-11-05",4437.1
"2007-11-06",4473.5
"2007-11-07",4502.75
"2007-11-08",4485.
"2007-11-09",4433.
"2007-11-12",4469.
"2007-11-13",4524.
"2007-11-14",4570.
"2007-11-15",4505.5
"2007-11-16",4543.9
"2007-11-19",4565.
"2007-11-20",4551.5
"2007-11-21",4471.5
"2007-11-23",4475.
"2007-11-26",4563.
"2007-11-27",4577.
"2007-11-28",4575.
"2007-11-29",4638.
"2007-11-30",4690.
"2007-12-03",4750.
"2007-12-04",4822.5
"2007-12-05",4905.
"2007-12-06",4951.
"2007-12-07",4950.
"2007-12-10",4985.
"2007-12-11",4922.
"2007-12-12",4809.
"2007-12-13",4735.
"2007-12-14",4754.
"2007-12-17",4525.
"2007-12-18",4510.
"2007-12-19",4478.
"2007-12-20",4441.
"2007-12-21",4475.
"2007-12-24",4540.
"2007-12-26",4570.
"2007-12-27",4573.
"2007-12-28",4685.
"2007-12-31",4736.
"2008-01-02",4605.
"2008-01-03",4650.
"2008-01-04",4550.
"2008-01-07",4438.
"2008-01-08",4415.
"2008-01-09",4315.
"2008-01-10",4460.9
"2008-01-11",4377.
"2008-01-14",4327.5
"2008-01-15",4266.
"2008-01-16",4225.
"2008-01-17",4348.
"2008-01-18",4405.
"2008-01-22",4569.
"2008-01-23",4600.
"2008-01-24",4619.
"2008-01-25",4630.
"2008-01-28",4520.
"2008-01-29",4645.
"2008-01-30",4616.
"2008-01-31",4550.
"2008-02-01",4523.
"2008-02-04",4501.
"2008-02-05",4545.
"2008-02-06",4540.
"2008-02-07",4538.
"2008-02-08",4592.
"2008-02-11",4645.
"2008-02-12",4659.
"2008-02-13",4768.1
"2008-02-14",4769.
"2008-02-15",4795.
"2008-02-19",4790.
"2008-02-20",4775.
"2008-02-21",4701.
"2008-02-22",4648.
"2008-02-25",4656.
"2008-02-26",4626.
"2008-02-27",4684.25
"2008-02-28",4660.
"2008-02-29",4674.5
"2008-03-03",4509.
"2008-03-04",4575.
"2008-03-05",4609.
"2008-03-06",4521.9
"2008-03-07",4461.9
"2008-03-10",4363.
"2008-03-11",4400.
"2008-03-12",4357.
"2008-03-13",4334.
"2008-03-14",4318.05
"2008-03-17",4245.
"2008-03-18",4305.5
"2008-03-19",4265.25
"2008-03-20",4347.88
"2008-03-24",4341.
"2008-03-25",4300.
"2008-03-26",4282.27
"2008-03-27",4370.
"2008-03-28",4452.
"2008-03-31",4472.9
"2008-04-01",4440.
"2008-04-02",4364.5
"2008-04-03",4342.
"2008-04-04",4369.
"2008-04-07",4405.
"2008-04-08",4415.
"2008-04-09",4390.
"2008-04-10",4379.
"2008-04-11",4354.
"2008-04-14",4286.
"2008-04-15",4290.
"2008-04-16",4320.
"2008-04-17",4282.
"2008-04-18",4288.
"2008-04-21",4275.
"2008-04-22",4241.
"2008-04-23",4236.
"2008-04-24",4225.
"2008-04-25",4230.
"2008-04-28",4271.
"2008-04-29",4382.9
"2008-04-30",4457.
"2008-05-01",4460.
"2008-05-02",4448.
"2008-05-05",4333.5
"2008-05-06",4345.
"2008-05-07",4262.5
"2008-05-08",4280.
"2008-05-09",4179.
"2008-05-12",4095.
"2008-05-13",4148.
"2008-05-14",4119.5
"2008-05-15",4065.
"2008-05-16",4076.9
"2008-05-19",4119.5
"2008-05-20",4101.
"2008-05-21",4060.
"2008-05-22",4105.5
"2008-05-23",4130.
"2008-05-27",4295.
"2008-05-28",4338.
"2008-05-29",4401.
"2008-05-30",4498.
"2008-06-02",4390.
"2008-06-03",4470.
"2008-06-04",4350.
"2008-06-05",4355.
"2008-06-06",4286.
"2008-06-09",4242.
"2008-06-10",4225.
"2008-06-11",4220.
"2008-06-12",4225.
"2008-06-13",4247.
"2008-06-16",4198.
"2008-06-17",4207.
"2008-06-18",4199.
"2008-06-19",4163.
"2008-06-20",4154.
"2008-06-23",4065.
"2008-06-24",4092.
"2008-06-25",4067.
"2008-06-26",4037.5
"2008-06-27",4016.5
"2008-06-30",4012.
"2008-07-01",3999.
"2008-07-02",3947.9
"2008-07-03",3895.
"2008-07-07",3940.9
"2008-07-08",3967.
"2008-07-09",3985.
"2008-07-10",3974.
"2008-07-11",3909.
"2008-07-14",3857.
"2008-07-15",3832.
"2008-07-16",3790.
"2008-07-17",3865.
"2008-07-18",3914.
"2008-07-21",3936.9
"2008-07-22",3936.
"2008-07-23",3925.
"2008-07-24",3846.
"2008-07-25",3770.
"2008-07-28",3730.
"2008-07-29",3715.
"2008-07-30",3805.
"2008-07-31",3829.
"2008-08-01",3887.
"2008-08-04",3827.
"2008-08-05",3849.
"2008-08-06",3878.
"2008-08-07",3854.
"2008-08-08",3848.
"2008-08-11",3910.
"2008-08-12",3838.
"2008-08-13",3805.
"2008-08-14",3893.
"2008-08-15",3999.99
"2008-08-18",3924.
"2008-08-19",3900.1
"2008-08-20",3855.1
"2008-08-21",3835.
"2008-08-22",3870.
"2008-08-25",3866.5
"2008-08-26",3852.
"2008-08-27",3855.
"2008-08-28",3930.
"2008-08-29",3902.
"2008-09-02",3999.5
"2008-09-03",4014.5
"2008-09-04",3946.
"2008-09-05",3912.
"2008-09-08",3996.
"2008-09-09",3953.33
"2008-09-10",3895.
"2008-09-11",3911.
"2008-09-12",3980.
"2008-09-15",4015.
"2008-09-16",4175.
"2008-09-17",4165.
"2008-09-18",4250.
"2008-09-19",4595.
"2008-09-22",4355.
"2008-09-23",4300.
"2008-09-24",4475.
"2008-09-25",4440.
"2008-09-26",4425.
"2008-09-29",4458.
"2008-09-30",4395.
"2008-10-01",4565.
"2008-10-02",4608.
"2008-10-03",4650.
"2008-10-06",4390.
"2008-10-07",4125.
"2008-10-08",3930.
"2008-10-09",3855.
"2008-10-10",3780.
"2008-10-13",3945.
"2008-10-14",3958.
"2008-10-15",3796.
"2008-10-16",3765.
"2008-10-17",3976.
"2008-10-20",4129.
"2008-10-21",4060.
"2008-10-22",3948.55
"2008-10-23",3850.
"2008-10-24",3713.
"2008-10-27",3520.
"2008-10-28",3510.
"2008-10-29",3695.
"2008-10-30",3730.
"2008-10-31",3840.
"2008-11-03",3860.
"2008-11-04",3950.
"2008-11-05",3890.
"2008-11-06",3700.
"2008-11-07",3686.
"2008-11-10",3539.
"2008-11-11",3460.
"2008-11-12",3360.
"2008-11-13",3425.
"2008-11-14",3389.
"2008-11-17",3140.
"2008-11-18",3125.
"2008-11-19",2783.
"2008-11-20",2620.
"2008-11-21",2914.
"2008-11-24",2950.
"2008-11-25",3214.
"2008-11-26",3360.
"2008-11-28",3499.
"2008-12-01",3280.
"2008-12-02",3336.
"2008-12-03",3375.5
"2008-12-04",3280.
"2008-12-05",3360.
"2008-12-08",3539.5
"2008-12-09",3543.
"2008-12-10",3445.
"2008-12-11",3339.9
"2008-12-12",3242.
"2008-12-15",3166.
"2008-12-16",3328.
"2008-12-17",3300.
"2008-12-18",3280.
"2008-12-19",3212.
"2008-12-22",3199.
"2008-12-23",3143.
"2008-12-24",3115.
"2008-12-26",3113.
"2008-12-29",3088.
"2008-12-30",3056.
"2008-12-31",3214.
"2009-01-02",3323.
"2009-01-05",3349.
"2009-01-06",3333.
"2009-01-07",3190.
"2009-01-08",3267.
"2009-01-09",3141.
"2009-01-12",3139.
"2009-01-13",3198.
"2009-01-14",3100.
"2009-01-15",3093.
"2009-01-16",3025.
"2009-01-20",2883.
"2009-01-21",2939.
"2009-01-22",2958.
"2009-01-23",2849.
"2009-01-26",2800.
"2009-01-27",2855.5
"2009-01-28",2994.
"2009-01-29",2900.
"2009-01-30",2989.
"2009-02-02",2954.
"2009-02-03",2980.
"2009-02-04",2994.
"2009-02-05",2871.
"2009-02-06",2910.
"2009-02-09",2926.05
"2009-02-10",2832.9
"2009-02-11",2895.
"2009-02-12",2896.5
"2009-02-13",2860.02
"2009-02-17",2769.99
"2009-02-18",2615.
"2009-02-19",2516.5
"2009-02-20",2387.
"2009-02-23",2360.
"2009-02-24",2552.5
"2009-02-25",2567.
"2009-02-26",2564.
"2009-02-27",2564.
"2009-03-02",2444.
"2009-03-03",2370.
"2009-03-04",2450.06
"2009-03-05",2300.
"2009-03-06",2327.
"2009-03-09",2310.05
"2009-03-10",2755.
"2009-03-11",2740.
"2009-03-12",2780.5
"2009-03-13",2741.5
"2009-03-16",2642.
"2009-03-17",2704.
"2009-03-18",2737.
"2009-03-19",2775.
"2009-03-20",2753.
"2009-03-23",2941.07
"2009-03-24",2922.
"2009-03-25",2900.
"2009-03-26",2958.
"2009-03-27",2920.
"2009-03-30",2810.
"2009-03-31",2820.
"2009-04-01",2819.
"2009-04-02",2906.
"2009-04-03",3004.
"2009-04-06",2997.
"2009-04-07",2920.
"2009-04-08",2915.
"2009-04-09",3051.
"2009-04-13",3072.
"2009-04-14",2994.
"2009-04-15",2983.
"2009-04-16",3025.
"2009-04-17",3012.
"2009-04-20",2929.99
"2009-04-21",2900.
"2009-04-22",2801.
"2009-04-23",2813.
"2009-04-24",2910.
"2009-04-27",2931.
"2009-04-28",2911.5
"2009-04-29",3073.5
"2009-04-30",3065.
"2009-05-01",3043.95
"2009-05-04",3114.9
"2009-05-05",3096.91
"2009-05-06",3090.
"2009-05-07",3052.
"2009-05-08",3132.
"2009-05-11",2960.
"2009-05-12",2939.
"2009-05-13",2870.5
"2009-05-14",2919.5
"2009-05-15",2899.8
"2009-05-18",2943.
"2009-05-19",3000.
"2009-05-20",2980.
"2009-05-21",2929.
"2009-05-22",2908.
"2009-05-26",2989.
"2009-05-27",2932.99
"2009-05-28",2900.1
"2009-05-29",2972.
"2009-06-01",2984.5
"2009-06-02",2998.
"2009-06-03",2924.
"2009-06-04",2933.
"2009-06-05",2919.95
"2009-06-08",2932.
"2009-06-09",2978.
"2009-06-10",2925.
"2009-06-11",2965.
"2009-06-12",2973.3
"2009-06-15",2929.
"2009-06-16",2911.25
"2009-06-17",2874.
"2009-06-18",2829.
"2009-06-19",2805.
"2009-06-22",2780.
"2009-06-23",2761.5
"2009-06-24",2793.95
"2009-06-25",2802.
"2009-06-26",2801.
"2009-06-29",2845.13
"2009-06-30",2895.73
"2009-07-01",2924.
"2009-07-02",2892.97
"2009-07-06",2855.
"2009-07-07",2810.
"2009-07-08",2811.
"2009-07-09",2770.79
"2009-07-10",2745.
"2009-07-13",2828.
"2009-07-14",2869.95
"2009-07-15",2940.
"2009-07-16",2923.
"2009-07-17",2951.
"2009-07-20",2973.49
"2009-07-21",2974.96
"2009-07-22",3001.5
"2009-07-23",3067.
"2009-07-24",3127.36
"2009-07-27",3132.97
"2009-07-28",3135.
"2009-07-29",3121.
"2009-07-30",3183.
"2009-07-31",3180.5
"2009-08-03",3270.
"2009-08-04",3299.5
"2009-08-05",3452.
"2009-08-06",3517.31
"2009-08-07",3540.
"2009-08-10",3390.
"2009-08-11",3269.95
"2009-08-12",3321.5
"2009-08-13",3355.
"2009-08-14",3329.
"2009-08-17",3230.
"2009-08-18",3275.
"2009-08-19",3260.
"2009-08-20",3274.5
"2009-08-21",3329.5
"2009-08-24",3325.5
"2009-08-25",3344.
"2009-08-26",3298.
"2009-08-27",3288.
"2009-08-28",3307.
"2009-08-31",3286.
"2009-09-01",3230.
"2009-09-02",3190.08
"2009-09-03",3210.
"2009-09-04",3212.
"2009-09-08",3200.
"2009-09-09",3240.
"2009-09-10",3250.29
"2009-09-11",3264.
"2009-09-14",3257.
"2009-09-15",3299.5
"2009-09-16",3381.
"2009-09-17",3369.
"2009-09-18",3330.
"2009-09-21",3321.
"2009-09-22",3359.95
"2009-09-23",3360.04
"2009-09-24",3311.
"2009-09-25",3268.05
"2009-09-28",3291.
"2009-09-29",3341.
"2009-09-30",3323.
"2009-10-01",3261.
"2009-10-02",3264.6
"2009-10-05",3285.
"2009-10-06",3289.
"2009-10-07",3290.
"2009-10-08",3285.25
"2009-10-09",3287.
"2009-10-12",3280.
"2009-10-13",3290.
"2009-10-14",3353.
"2009-10-15",3360.5
"2009-10-16",3306.
"2009-10-19",3328.
"2009-10-20",3300.5
"2009-10-21",3283.24
"2009-10-22",3339.
"2009-10-23",3318.
"2009-10-26",3292.93
"2009-10-27",3303.35
"2009-10-28",3279.97
"2009-10-29",3306.
"2009-10-30",3283.
"2009-11-02",3265.
"2009-11-03",3325.35
"2009-11-04",3381.
"2009-11-05",3395.
"2009-11-06",3425.
"2009-11-09",3425.
"2009-11-10",3385.
"2009-11-11",3385.
"2009-11-12",3403.5
"2009-11-13",3403.5
"2009-11-16",3431.5
"2009-11-17",3431.5
"2009-11-18",3452.
"2009-11-19",3450.
"2009-11-20",3447.
"2009-11-23",3440.
"2009-11-24",3415.
"2009-11-25",3403.
"2009-11-27",3403.
"2009-11-30",3353.
"2009-12-01",3352.3
"2009-12-02",3336.78
"2009-12-03",3291.
"2009-12-04",3320.
"2009-12-07",3320.
"2009-12-08",3314.
"2009-12-09",3284.
"2009-12-10",3275.99
"2009-12-11",3287.
"2009-12-14",3287.
"2009-12-15",3310.
"2009-12-16",3308.5
"2009-12-17",3288.5
"2009-12-18",3303.63
"2009-12-21",3298.95
"2009-12-22",3305.
"2009-12-23",3285.87
"2009-12-24",3287.
"2009-12-28",3285.37
"2009-12-29",3280.
"2009-12-30",3289.65
"2009-12-31",3286.
"2010-01-04",3311.
"2010-01-05",3327.
"2010-01-06",3310.
"2010-01-07",3322.95
"2010-01-08",3322.
"2010-01-11",3324.99
"2010-01-12",3300.1
"2010-01-13",3300.
"2010-01-14",3298.
"2010-01-15",3247.
"2010-01-19",3332.
"2010-01-20",3476.
"2010-01-21",72.72
"2010-01-22",70.1
"2010-01-25",68.84
"2010-01-26",68.
"2010-01-27",71.36
"2010-01-28",73.75
"2010-01-29",76.43
"2010-02-01",75.41
"2010-02-02",75.51
"2010-02-03",74.36
"2010-02-04",72.61
"2010-02-05",72.61
"2010-02-08",74.23
"2010-02-09",74.53
"2010-02-10",74.42
"2010-02-11",76.69
"2010-02-12",76.9
"2010-02-16",76.05
"2010-02-17",76.25
"2010-02-18",76.64
"2010-02-19",78.74
"2010-02-22",79.56
"2010-02-23",79.15
"2010-02-24",79.68
"2010-02-25",79.4
"2010-02-26",80.13
"2010-03-01",81.91
"2010-03-02",80.77
"2010-03-03",82.95
"2010-03-04",82.68
"2010-03-05",83.36
"2010-03-08",82.79
"2010-03-09",82.47
"2010-03-10",82.07
"2010-03-11",82.07
"2010-03-12",82.24
"2010-03-15",82.17
"2010-03-16",82.3
"2010-03-17",82.5
"2010-03-18",82.35
"2010-03-19",82.06
"2010-03-22",82.37
"2010-03-23",82.33
"2010-03-24",81.44
"2010-03-25",81.7
"2010-03-26",81.3
"2010-03-29",81.75
"2010-03-30",81.6
"2010-03-31",81.27
"2010-04-01",81.65
"2010-04-05",81.16
"2010-04-06",80.91
"2010-04-07",79.95
"2010-04-08",79.68
"2010-04-09",80.49
"2010-04-12",80.48
"2010-04-13",80.45
"2010-04-14",80.89
"2010-04-15",80.07
"2010-04-16",78.72
"2010-04-19",79.48
"2010-04-20",80.01
"2010-04-21",78.87
"2010-04-22",78.68
"2010-04-23",78.95
"2010-04-26",79.24
"2010-04-27",76.69
"2010-04-28",77.17
"2010-04-29",78.09
"2010-04-30",77.
"2010-05-03",78.44
"2010-05-04",76.61
"2010-05-05",76.7
"2010-05-06",74.59
"2010-05-07",74.41
"2010-05-10",78.23
"2010-05-11",77.61
"2010-05-12",78.
"2010-05-13",77.27
"2010-05-14",76.23
"2010-05-17",76.31
"2010-05-18",75.47
"2010-05-19",75.83
"2010-05-20",72.28
"2010-05-21",73.01
"2010-05-24",70.78
"2010-05-25",70.73
"2010-05-26",70.32
"2010-05-27",73.35
"2010-05-28",70.55
"2010-06-01",70.26
"2010-06-02",72.25
"2010-06-03",72.34
"2010-06-04",70.19
"2010-06-07",70.04
"2010-06-08",72.64
"2010-06-09",71.81
"2010-06-10",74.1
"2010-06-11",74.41
"2010-06-14",74.92
"2010-06-15",77.25
"2010-06-16",77.51
"2010-06-17",79.23
"2010-06-18",79.93
"2010-06-21",79.81
"2010-06-22",79.53
"2010-06-23",79.14
"2010-06-24",78.86
"2010-06-25",81.9
"2010-06-28",81.02
"2010-06-29",80.03
"2010-06-30",79.69
"2010-07-01",78.81
"2010-07-02",77.24
"2010-07-06",77.57
"2010-07-07",79.92
"2010-07-08",79.41
"2010-07-09",79.75
"2010-07-12",79.47
"2010-07-13",79.86
"2010-07-14",79.35
"2010-07-15",79.71
"2010-07-16",77.1
"2010-07-19",77.31
"2010-07-20",78.24
"2010-07-21",76.63
"2010-07-22",78.35
"2010-07-23",78.71
"2010-07-26",78.72
"2010-07-27",78.51
"2010-07-28",77.82
"2010-07-29",78.04
"2010-07-30",78.12
"2010-08-02",79.92
"2010-08-03",79.83
"2010-08-04",80.76
"2010-08-05",80.83
"2010-08-06",80.47
"2010-08-09",80.7
"2010-08-10",79.73
"2010-08-11",77.5
"2010-08-12",77.02
"2010-08-13",76.78
"2010-08-16",76.84
"2010-08-17",77.53
"2010-08-18",78.79
"2010-08-19",77.54
"2010-08-20",77.73
"2010-08-23",77.23
"2010-08-24",76.58
"2010-08-25",76.8
"2010-08-26",76.37
"2010-08-27",78.78
"2010-08-30",77.9
"2010-08-31",78.78
"2010-09-01",80.91
"2010-09-02",81.19
"2010-09-03",81.61
"2010-09-07",80.79
"2010-09-08",81.69
"2010-09-09",82.31
"2010-09-10",82.72
"2010-09-13",83.34
"2010-09-14",83.05
"2010-09-15",83.48
"2010-09-16",83.54
"2010-09-17",82.72
"2010-09-20",83.51
"2010-09-21",83.09
"2010-09-22",82.42
"2010-09-23",81.24
"2010-09-24",83.32
"2010-09-27",82.87
"2010-09-28",83.07
"2010-09-29",82.44
"2010-09-30",82.68
"2010-10-01",82.71
"2010-10-04",82.11
"2010-10-05",83.43
"2010-10-06",83.54
"2010-10-07",83.17
"2010-10-08",83.16
"2010-10-11",82.95
"2010-10-12",83.3
"2010-10-13",83.66
"2010-10-14",83.61
"2010-10-15",83.37
"2010-10-18",83.5
"2010-10-19",82.36
"2010-10-20",82.92
"2010-10-21",83.01
"2010-10-22",83.34
"2010-10-25",83.33
"2010-10-26",82.22
"2010-10-27",80.55
"2010-10-28",80.1
"2010-10-29",79.56
"2010-11-01",79.9
"2010-11-02",80.42
"2010-11-03",81.27
"2010-11-04",82.96
"2010-11-05",83.72
"2010-11-08",82.32
"2010-11-09",80.85
"2010-11-10",81.93
"2010-11-11",81.13
"2010-11-12",80.25
"2010-11-15",80.19
"2010-11-16",79.91
"2010-11-17",79.53
"2010-11-18",80.86
"2010-11-19",80.77
"2010-11-22",80.
"2010-11-23",79.09
"2010-11-24",80.3
"2010-11-26",79.76
"2010-11-29",79.51
"2010-11-30",79.68
"2010-12-01",80.68
"2010-12-02",81.42
"2010-12-03",80.9
"2010-12-06",80.38
"2010-12-07",79.87
"2010-12-08",80.54
"2010-12-09",80.49
"2010-12-10",80.68
"2010-12-13",80.34
"2010-12-14",80.24
"2010-12-15",79.55
"2010-12-16",79.88
"2010-12-17",79.95
"2010-12-20",79.57
"2010-12-21",80.49
"2010-12-22",80.14
"2010-12-23",79.86
"2010-12-27",80.16
"2010-12-28",79.99
"2010-12-29",79.89
"2010-12-30",79.4
"2010-12-31",80.11
"2011-01-03",80.41
"2011-01-04",80.17
"2011-01-05",80.91
"2011-01-06",80.37
"2011-01-07",79.74
"2011-01-10",79.65
"2011-01-11",79.4
"2011-01-12",80.74
"2011-01-13",80.76
"2011-01-14",81.65
"2011-01-18",81.82
"2011-01-19",80.92
"2011-01-20",80.73
"2011-01-21",80.45
"2011-01-24",82.94
"2011-01-25",83.25
"2011-01-26",83.07
"2011-01-27",83.03
"2011-01-28",81.56
"2011-01-31",81.75
"2011-02-01",83.35
"2011-02-02",82.45
"2011-02-03",83.02
"2011-02-04",83.17
"2011-02-07",84.1
"2011-02-08",84.27
"2011-02-09",83.89
"2011-02-10",84.45
"2011-02-11",84.91
"2011-02-14",85.3
"2011-02-15",84.98
"2011-02-16",84.96
"2011-02-17",84.93
"2011-02-18",85.05
"2011-02-22",83.17
"2011-02-23",82.86
"2011-02-24",83.36
"2011-02-25",84.87
"2011-02-28",87.28
"2011-03-01",85.25
"2011-03-02",85.02
"2011-03-03",86.7
"2011-03-04",85.5
"2011-03-07",85.04
"2011-03-08",86.35
"2011-03-09",86.02
"2011-03-10",84.98
"2011-03-11",85.3
"2011-03-14",84.21
"2011-03-15",82.52
"2011-03-16",80.95
"2011-03-17",82.73
"2011-03-18",83.48
"2011-03-21",85.17
"2011-03-22",84.98
"2011-03-23",84.74
"2011-03-24",85.16
"2011-03-25",85.24
"2011-03-28",84.37
"2011-03-29",84.71
"2011-03-30",85.46
"2011-03-31",83.63
"2011-04-01",83.68
"2011-04-04",83.1
"2011-04-05",82.04
"2011-04-06",81.99
"2011-04-07",81.93
"2011-04-08",81.8
"2011-04-11",82.26
"2011-04-12",81.68
"2011-04-13",80.76
"2011-04-14",80.74
"2011-04-15",80.89
"2011-04-18",80.3
"2011-04-19",80.5
"2011-04-20",81.72
"2011-04-21",82.36
"2011-04-25",82.38
"2011-04-26",82.92
"2011-04-27",82.99
"2011-04-28",83.27
"2011-04-29",83.3
"2011-05-02",81.92
"2011-05-03",82.32
"2011-05-04",81.58
"2011-05-05",79.66
"2011-05-06",80.21
"2011-05-09",80.73
"2011-05-10",81.23
"2011-05-11",80.1
"2011-05-12",80.7
"2011-05-13",79.65
"2011-05-16",79.48
"2011-05-17",78.93
"2011-05-18",79.62
"2011-05-19",79.28
"2011-05-20",78.72
"2011-05-23",77.89
"2011-05-24",77.67
"2011-05-25",78.16
"2011-05-26",78.31
"2011-05-27",78.04
"2011-05-31",79.07
"2011-06-01",77.08
"2011-06-02",77.16
"2011-06-03",76.25
"2011-06-06",75.34
"2011-06-07",74.86
"2011-06-08",74.33
"2011-06-09",75.01
"2011-06-10",74.06
"2011-06-13",74.29
"2011-06-14",75.11
"2011-06-15",73.83
"2011-06-16",75.01
"2011-06-17",75.51
"2011-06-20",76.1
"2011-06-21",76.49
"2011-06-22",75.97
"2011-06-23",75.61
"2011-06-24",75.62
"2011-06-27",75.63
"2011-06-28",76.42
"2011-06-29",77.03
"2011-06-30",77.39
"2011-07-01",78.09
"2011-07-05",77.31
"2011-07-06",76.52
"2011-07-07",77.77
"2011-07-08",76.9
"2011-07-11",75.27
"2011-07-12",75.78
"2011-07-13",76.32
"2011-07-14",76.1
"2011-07-15",75.36
"2011-07-18",75.11
"2011-07-19",76.29
"2011-07-20",76.14
"2011-07-21",77.34
"2011-07-22",77.05
"2011-07-25",75.91
"2011-07-26",75.51
"2011-07-27",74.69
"2011-07-28",74.85
"2011-07-29",74.17
"2011-08-01",74.93
"2011-08-02",73.37
"2011-08-03",74.01
"2011-08-04",70.99
"2011-08-05",71.25
"2011-08-08",66.65
"2011-08-09",72.93
"2011-08-10",67.6
"2011-08-11",71.74
"2011-08-12",71.52
"2011-08-15",72.54
"2011-08-16",71.78
"2011-08-17",72.38
"2011-08-18",69.56
"2011-08-19",68.33
"2011-08-22",67.8
"2011-08-23",69.59
"2011-08-24",70.75
"2011-08-25",68.99
"2011-08-26",69.84
"2011-08-29",72.6
"2011-08-30",72.26
"2011-08-31",73.
"2011-09-01",71.37
"2011-09-02",69.37
"2011-09-06",68.37
"2011-09-07",70.7
"2011-09-08",69.41
"2011-09-09",67.77
"2011-09-12",69.24
"2011-09-13",68.85
"2011-09-14",69.41
"2011-09-15",70.83
"2011-09-16",71.55
"2011-09-19",69.66
"2011-09-20",69.72
"2011-09-21",67.22
"2011-09-22",66.
"2011-09-23",66.37
"2011-09-26",72.09
"2011-09-27",72.07
"2011-09-28",70.78
"2011-09-29",72.71
"2011-09-30",71.04
"2011-10-03",70.06
"2011-10-04",73.17
"2011-10-05",73.23
"2011-10-06",73.63
"2011-10-07",71.7
"2011-10-10",74.11
"2011-10-11",73.41
"2011-10-12",74.71
"2011-10-13",74.05
"2011-10-14",74.75
"2011-10-17",72.89
"2011-10-18",75.07
"2011-10-19",74.11
"2011-10-20",75.87
"2011-10-21",77.45
"2011-10-24",77.24
"2011-10-25",75.74
"2011-10-26",78.02
"2011-10-27",79.895
"2011-10-28",79.96
"2011-10-31",77.86
"2011-11-01",75.52
"2011-11-02",77.49
"2011-11-03",78.82
"2011-11-04",77.24
"2011-11-07",77.1
"2011-11-08",78.16
"2011-11-09",75.4
"2011-11-10",75.99
"2011-11-11",76.97
"2011-11-14",75.86
"2011-11-15",75.93
"2011-11-16",74.67
"2011-11-17",74.3
"2011-11-18",75.37
"2011-11-21",74.32
"2011-11-22",74.36
"2011-11-23",72.75
"2011-11-25",72.89
"2011-11-28",75.48
"2011-11-29",75.13
"2011-11-30",78.76
"2011-12-01",77.81
"2011-12-02",77.44
"2011-12-05",78.11
"2011-12-06",78.15
"2011-12-07",78.72
"2011-12-08",76.94
"2011-12-09",77.61
"2011-12-12",76.27
"2011-12-13",75.86
"2011-12-14",75.52
"2011-12-15",74.9
"2011-12-16",75.13
"2011-12-19",74.04
"2011-12-20",76.1
"2011-12-21",76.22
"2011-12-22",76.89
"2011-12-23",77.74
"2011-12-27",77.23
"2011-12-28",76.52
"2011-12-29",76.9
"2011-12-30",76.3
"2012-01-03",77.68
"2012-01-04",76.8
"2012-01-05",76.93
"2012-01-06",76.39
"2012-01-09",76.29
"2012-01-10",77.42
"2012-01-11",78.
"2012-01-12",78.5
"2012-01-13",77.77
"2012-01-17",77.97
"2012-01-18",78.92
"2012-01-19",79.59
"2012-01-20",79.91
"2012-01-23",79.15
"2012-01-24",78.48
"2012-01-25",79.85
"2012-01-26",79.66
"2012-01-27",79.42
"2012-01-30",78.69
"2012-01-31",78.37
"2012-02-01",78.66
"2012-02-02",78.73
"2012-02-03",80.
"2012-02-06",79.85
"2012-02-07",79.88
"2012-02-08",79.66
"2012-02-09",79.2
"2012-02-10",78.79
"2012-02-13",79.44
"2012-02-14",78.92
"2012-02-15",78.07
"2012-02-16",78.91
"2012-02-17",79.42
"2012-02-21",79.63
"2012-02-22",78.93
"2012-02-23",79.37
"2012-02-24",80.04
"2012-02-27",80.25
"2012-02-28",79.44
"2012-02-29",78.45
"2012-03-01",78.78
"2012-03-02",78.29
"2012-03-05",79.17
"2012-03-06",78.47
"2012-03-07",78.82
"2012-03-08",78.87
"2012-03-09",79.41
"2012-03-12",79.54
"2012-03-13",80.76
"2012-03-14",80.71
"2012-03-15",81.34
"2012-03-16",81.07
"2012-03-19",81.48
"2012-03-20",81.45
"2012-03-21",81.21
"2012-03-22",80.93
"2012-03-23",81.38
"2012-03-26",82.34
"2012-03-27",81.76
"2012-03-28",81.78
"2012-03-29",81.35
"2012-03-30",81.15
"2012-04-02",81.84
"2012-04-03",81.54
"2012-04-04",81.05
"2012-04-05",80.91
"2012-04-09",79.76
"2012-04-10",78.7
"2012-04-11",79.05
"2012-04-12",80.06
"2012-04-13",78.82
"2012-04-16",79.67
"2012-04-17",80.76
"2012-04-18",79.74
"2012-04-19",79.28
"2012-04-20",78.9
"2012-04-23",78.8
"2012-04-24",79.79
"2012-04-25",79.94
"2012-04-26",80.4
"2012-04-27",80.56
"2012-04-30",80.45
"2012-05-01",81.46
"2012-05-02",81.13
"2012-05-03",81.26
"2012-05-04",80.94
"2012-05-07",82.47
"2012-05-08",82.22
"2012-05-09",81.43
"2012-05-10",81.78
"2012-05-11",81.6
"2012-05-14",80.53
"2012-05-15",80.21
"2012-05-16",80.59
"2012-05-17",79.87
"2012-05-18",78.91
"2012-05-21",79.8
"2012-05-22",79.65
"2012-05-23",79.75
"2012-05-24",79.8
"2012-05-25",79.25
"2012-05-29",79.82
"2012-05-30",78.83
"2012-05-31",79.36
"2012-06-01",79.02
"2012-06-04",79.04
"2012-06-05",79.12
"2012-06-06",80.68
"2012-06-07",80.66
"2012-06-08",81.36
"2012-06-11",80.28
"2012-06-12",81.26
"2012-06-13",80.59
"2012-06-14",81.72
"2012-06-15",82.57
"2012-06-18",82.15
"2012-06-19",82.98
"2012-06-20",82.46
"2012-06-21",81.19
"2012-06-22",81.87
"2012-06-25",80.47
"2012-06-26",81.33
"2012-06-27",81.98
"2012-06-28",82.34
"2012-06-29",83.33
"2012-07-02",83.65
"2012-07-03",83.78
"2012-07-05",83.22
"2012-07-06",82.54
"2012-07-09",83.39
"2012-07-10",83.05
"2012-07-11",84.09
"2012-07-12",83.54
"2012-07-13",84.48
"2012-07-16",83.98
"2012-07-17",85.19
"2012-07-18",84.98
"2012-07-19",84.63
"2012-07-20",83.83
"2012-07-23",83.59
"2012-07-24",83.7
"2012-07-25",84.04
"2012-07-26",84.67
"2012-07-27",85.2
"2012-07-30",85.23
"2012-07-31",84.84
"2012-08-01",84.62
"2012-08-02",84.08
"2012-08-03",85.58
"2012-08-06",85.15
"2012-08-07",84.67
"2012-08-08",84.65
"2012-08-09",84.54
"2012-08-10",84.77
"2012-08-13",84.99
"2012-08-14",84.94
"2012-08-15",84.71
"2012-08-16",85.22
"2012-08-17",85.87
"2012-08-20",85.75
"2012-08-21",85.22
"2012-08-22",85.69
"2012-08-23",85.15
"2012-08-24",85.39
"2012-08-27",85.41
"2012-08-28",84.92
"2012-08-29",84.55
"2012-08-30",84.01
"2012-08-31",84.34
"2012-09-04",84.25
"2012-09-05",85.19
"2012-09-06",86.47
"2012-09-07",86.64
"2012-09-10",86.61
"2012-09-11",86.76
"2012-09-12",86.73
"2012-09-13",88.56
"2012-09-14",88.7
"2012-09-17",88.52
"2012-09-18",88.61
"2012-09-19",88.95
"2012-09-20",89.33
"2012-09-21",89.54
"2012-09-24",88.66
"2012-09-25",88.12
"2012-09-26",88.33
"2012-09-27",88.26
"2012-09-28",88.2
"2012-10-01",88.66
"2012-10-02",88.83
"2012-10-03",89.49
"2012-10-04",90.36
"2012-10-05",90.42
"2012-10-08",90.17
"2012-10-09",89.26
"2012-10-10",88.73
"2012-10-11",88.71
"2012-10-12",88.25
"2012-10-15",89.11
"2012-10-16",89.93
"2012-10-17",90.4997
"2012-10-18",90.62
"2012-10-19",89.26
"2012-10-22",88.51
"2012-10-23",86.95
"2012-10-24",86.94
"2012-10-25",87.15
"2012-10-26",86.66
"2012-10-31",86.35
"2012-11-01",87.68
"2012-11-02",86.93
"2012-11-05",86.86
"2012-11-06",87.29
"2012-11-07",85.45
"2012-11-08",84.58
"2012-11-09",85.18
"2012-11-12",85.27
"2012-11-13",85.87
"2012-11-14",84.88
"2012-11-15",85.3
"2012-11-16",85.91
"2012-11-19",86.76
"2012-11-20",86.79
"2012-11-21",87.58
"2012-11-23",88.5
"2012-11-26",88.29
"2012-11-27",88.08
"2012-11-28",88.27
"2012-11-29",87.97
"2012-11-30",88.08
"2012-12-03",87.75
"2012-12-04",87.27
"2012-12-05",87.62
"2012-12-06",87.49
"2012-12-07",87.33
"2012-12-10",87.1
"2012-12-11",87.27
"2012-12-12",89.32
"2012-12-13",89.44
"2012-12-14",89.15
"2012-12-17",89.98
"2012-12-18",90.37
"2012-12-19",90.1
"2012-12-20",90.69
"2012-12-21",89.83
"2012-12-24",89.83
"2012-12-26",89.26
"2012-12-27",89.22
"2012-12-28",88.55
"2012-12-31",89.7
"2013-01-02",93.2
"2013-01-03",93.6211
"2013-01-04",93.85
"2013-01-07",93.45
"2013-01-08",93.81
"2013-01-09",93.32
"2013-01-10",94.65
"2013-01-11",94.39
"2013-01-14",95.36
"2013-01-15",95.36
"2013-01-16",95.03
"2013-01-17",95.3
"2013-01-18",95.16
"2013-01-22",95.91
"2013-01-23",96.48
"2013-01-24",97.31
"2013-01-25",97.39
"2013-01-28",97.12
"2013-01-29",97.24
"2013-01-30",96.88
"2013-01-31",96.93
"2013-02-01",98.
"2013-02-04",96.51
"2013-02-05",97.91
"2013-02-06",97.83
"2013-02-07",97.11
"2013-02-08",97.25
"2013-02-11",97.13
"2013-02-12",97.7
"2013-02-13",97.97
"2013-02-14",99.21
"2013-02-15",99.77
"2013-02-19",101.02
"2013-02-20",100.22
"2013-02-21",100.17
"2013-02-22",101.21
"2013-02-25",98.58
"2013-02-26",98.72
"2013-02-27",101.21
"2013-02-28",102.16
"2013-03-01",102.05
"2013-03-04",101.95
"2013-03-05",102.66
"2013-03-06",103.24
"2013-03-07",103.41
"2013-03-08",103.63
"2013-03-11",104.07
"2013-03-12",103.01
"2013-03-13",103.65
"2013-03-14",103.99
"2013-03-15",102.79
"2013-03-18",102.12
"2013-03-19",101.77
"2013-03-20",102.34
"2013-03-21",101.96
"2013-03-22",102.57
"2013-03-25",102.4
"2013-03-26",103.82
"2013-03-27",103.16
"2013-03-28",104.2
"2013-04-01",103.47
"2013-04-02",105.14
"2013-04-03",104.24
"2013-04-04",105.13
"2013-04-05",104.15
"2013-04-08",105.26
"2013-04-09",105.12
"2013-04-10",106.33
"2013-04-11",106.73
"2013-04-12",107.04
"2013-04-15",104.52
"2013-04-16",107.16
"2013-04-17",105.17
"2013-04-18",103.
"2013-04-19",105.28
"2013-04-22",105.02
"2013-04-23",106.68
"2013-04-24",106.75
"2013-04-25",107.47
"2013-04-26",107.1
"2013-04-29",106.61
"2013-04-30",106.32
"2013-05-01",106.12
"2013-05-02",107.3
"2013-05-03",108.64
"2013-05-06",110.
"2013-05-07",109.9
"2013-05-08",110.94
"2013-05-09",110.66
"2013-05-10",111.82
"2013-05-13",111.74
"2013-05-14",112.67
"2013-05-15",112.77
"2013-05-16",111.54
"2013-05-17",113.02
"2013-05-20",113.
"2013-05-21",112.7
"2013-05-22",111.85
"2013-05-23",111.29
"2013-05-24",110.83
"2013-05-28",112.28
"2013-05-29",113.03
"2013-05-30",114.84
"2013-05-31",114.07
"2013-06-03",114.07
"2013-06-04",113.42
"2013-06-05",111.51
"2013-06-06",113.1
"2013-06-07",115.31
"2013-06-10",115.15
"2013-06-11",113.51
"2013-06-12",112.95
"2013-06-13",114.99
"2013-06-14",114.16
"2013-06-17",114.92
"2013-06-18",115.17
"2013-06-19",113.84
"2013-06-20",111.41
"2013-06-21",112.38
"2013-06-24",110.71
"2013-06-25",112.07
"2013-06-26",112.91
"2013-06-27",113.
"2013-06-28",111.92
"2013-07-01",113.04
"2013-07-02",112.52
"2013-07-03",112.63
"2013-07-05",114.96
"2013-07-08",115.01
"2013-07-09",115.8
"2013-07-10",114.88
"2013-07-11",116.98
"2013-07-12",117.12
"2013-07-15",117.21
"2013-07-16",117.2
"2013-07-17",117.63
"2013-07-18",118.56
"2013-07-19",118.9
"2013-07-22",118.94
"2013-07-23",118.21
"2013-07-24",116.46
"2013-07-25",117.07
"2013-07-26",117.34
"2013-07-29",116.42
"2013-07-30",115.79
"2013-07-31",115.87
"2013-08-01",117.28
"2013-08-02",117.82
"2013-08-05",118.23
"2013-08-06",117.91
"2013-08-07",116.8
"2013-08-08",117.64
"2013-08-09",116.71
"2013-08-12",117.13
"2013-08-13",117.28
"2013-08-14",116.57
"2013-08-15",114.8
"2013-08-16",115.24
"2013-08-19",114.3
"2013-08-20",115.01
"2013-08-21",113.98
"2013-08-22",114.75
"2013-08-23",114.27
"2013-08-26",113.85
"2013-08-27",111.54
"2013-08-28",112.2
"2013-08-29",111.99
"2013-08-30",111.22
"2013-09-03",112.08
"2013-09-04",112.08
"2013-09-05",112.27
"2013-09-06",111.86
"2013-09-09",112.67
"2013-09-10",113.59
"2013-09-11",114.28
"2013-09-12",113.38
"2013-09-13",113.54
"2013-09-16",114.84
"2013-09-17",115.39
"2013-09-18",116.7
"2013-09-19",117.17
"2013-09-20",117.9
"2013-09-23",115.64
"2013-09-24",115.05
"2013-09-25",115.51
"2013-09-26",115.79
"2013-09-27",114.85
"2013-09-30",113.51
"2013-10-01",114.14
"2013-10-02",114.41
"2013-10-03",113.37
"2013-10-04",113.75
"2013-10-07",112.86
"2013-10-08",111.37
"2013-10-09",111.77
"2013-10-10",114.84
"2013-10-11",115.81
"2013-10-14",116.
"2013-10-15",114.63
"2013-10-16",116.69
"2013-10-17",116.92
"2013-10-18",116.97
"2013-10-21",116.89
"2013-10-22",117.49
"2013-10-23",116.41
"2013-10-24",116.84
"2013-10-25",117.03
"2013-10-28",116.94
"2013-10-29",117.41
"2013-10-30",116.34
"2013-10-31",115.09
"2013-11-01",115.27
"2013-11-04",114.87
"2013-11-05",114.36
"2013-11-06",114.91
"2013-11-07",113.83
"2013-11-08",115.88
"2013-11-11",115.65
"2013-11-12",114.21
"2013-11-13",114.81
"2013-11-14",115.69
"2013-11-15",116.3
"2013-11-18",115.9
"2013-11-19",115.84
"2013-11-20",114.9
"2013-11-21",116.42
"2013-11-22",116.96
"2013-11-25",115.63
"2013-11-26",116.58
"2013-11-27",116.58
"2013-11-29",116.53
"2013-12-02",115.33
"2013-12-03",114.79
"2013-12-04",115.3
"2013-12-05",114.96
"2013-12-06",116.66
"2013-12-09",117.14
"2013-12-10",115.61
"2013-12-11",114.51
"2013-12-12",114.38
"2013-12-13",114.06
"2013-12-16",113.96
"2013-12-17",113.63
"2013-12-18",116.14
"2013-12-19",116.36
"2013-12-20",115.6
"2013-12-23",117.04
"2013-12-24",117.43
"2013-12-26",117.99
"2013-12-27",118.
"2013-12-30",118.04
"2013-12-31",118.56
"2014-01-02",117.5
"2014-01-03",117.57
"2014-01-06",116.28
"2014-01-07",116.19
"2014-01-08",115.34
"2014-01-09",115.32
"2014-01-10",114.97
"2014-01-13",114.01
"2014-01-14",114.96
"2014-01-15",115.85
"2014-01-16",115.24
"2014-01-17",115.07
"2014-01-21",115.15
"2014-01-22",115.26
"2014-01-23",113.5
"2014-01-24",111.81
"2014-01-27",111.5
"2014-01-28",112.01
"2014-01-29",111.28
"2014-01-30",113.
"2014-01-31",111.6
"2014-02-03",108.99
"2014-02-04",109.13
"2014-02-05",108.78
"2014-02-06",110.16
"2014-02-07",112.61
"2014-02-10",112.61
"2014-02-11",113.61
"2014-02-12",113.3
"2014-02-13",114.7
"2014-02-14",114.95
"2014-02-18",114.73
"2014-02-19",113.36
"2014-02-20",113.1
"2014-02-21",113.18
"2014-02-24",113.2
"2014-02-25",113.94
"2014-02-26",113.7
"2014-02-27",114.58
"2014-02-28",115.78
"2014-03-03",116.06
"2014-03-04",118.57
"2014-03-05",118.98
"2014-03-06",121.2
"2014-03-07",122.67
"2014-03-10",124.1
"2014-03-11",124.69
"2014-03-12",125.17
"2014-03-13",123.61
"2014-03-14",122.51
"2014-03-17",123.36
"2014-03-18",123.28
"2014-03-19",122.62
"2014-03-20",124.44
"2014-03-21",125.2
"2014-03-24",124.32
"2014-03-25",124.47
"2014-03-26",123.01
"2014-03-27",123.47
"2014-03-28",123.53
"2014-03-31",124.97
"2014-04-01",124.88
"2014-04-02",124.47
"2014-04-03",124.31
"2014-04-04",123.9
"2014-04-07",123.12
"2014-04-08",123.13
"2014-04-09",124.01
"2014-04-10",122.27
"2014-04-11",121.7
"2014-04-14",122.29
"2014-04-15",123.77
"2014-04-16",126.
"2014-04-17",127.18
"2014-04-21",126.5
"2014-04-22",127.15
"2014-04-23",127.2
"2014-04-24",126.95
"2014-04-25",127.26
"2014-04-28",127.7
"2014-04-29",128.49
"2014-04-30",128.85
"2014-05-01",129.06
"2014-05-02",128.09
"2014-05-05",126.61
"2014-05-06",124.67
"2014-05-07",127.45
"2014-05-08",126.67
"2014-05-09",127.34
"2014-05-12",127.29
"2014-05-13",127.89
"2014-05-14",127.53
"2014-05-15",126.36
"2014-05-16",126.86
"2014-05-19",127.13
"2014-05-20",126.06
"2014-05-21",126.66
"2014-05-22",126.98
"2014-05-23",126.8
"2014-05-27",127.52
"2014-05-28",127.46
"2014-05-29",128.11
"2014-05-30",128.34
"2014-06-02",127.88
"2014-06-03",126.93
"2014-06-04",127.23
"2014-06-05",128.2
"2014-06-06",128.65
"2014-06-09",127.99
"2014-06-10",128.25
"2014-06-11",128.22
"2014-06-12",127.28
"2014-06-13",126.54
"2014-06-16",126.15
"2014-06-17",126.03
"2014-06-18",127.17
"2014-06-19",127.25
"2014-06-20",126.74
"2014-06-23",126.67
"2014-06-24",126.78
"2014-06-25",127.13
"2014-06-26",127.1
"2014-06-27",127.32
"2014-06-30",126.56
"2014-07-01",127.24
"2014-07-02",127.73
"2014-07-03",129.3
"2014-07-07",128.7
"2014-07-08",128.22
"2014-07-09",128.75
"2014-07-10",128.45
"2014-07-11",128.63
"2014-07-14",128.98
"2014-07-15",128.49
"2014-07-16",128.11
"2014-07-17",126.52
"2014-07-18",128.28
"2014-07-21",128.58
"2014-07-22",128.42
"2014-07-23",128.13
"2014-07-24",128.35
"2014-07-25",127.55
"2014-07-28",128.37
"2014-07-29",127.36
"2014-07-30",127.74
"2014-07-31",125.43
"2014-08-01",125.83
"2014-08-04",129.72
"2014-08-05",127.99
"2014-08-06",129.11
"2014-08-07",128.95
"2014-08-08",130.9
"2014-08-11",131.95
"2014-08-12",133.06
"2014-08-13",133.08
"2014-08-14",135.3
"2014-08-15",134.34
"2014-08-18",135.03
"2014-08-19",134.9
"2014-08-20",134.91
"2014-08-21",136.81
"2014-08-22",135.75
"2014-08-25",136.23
"2014-08-26",136.25
"2014-08-27",136.52
"2014-08-28",136.11
"2014-08-29",137.25
"2014-09-02",137.96
"2014-09-03",137.73
"2014-09-04",137.95
"2014-09-05",138.07
"2014-09-08",138.28
"2014-09-09",136.89
"2014-09-10",137.72
"2014-09-11",137.92
"2014-09-12",137.09
"2014-09-15",138.04
"2014-09-16",138.69
"2014-09-17",139.61
"2014-09-18",141.28
"2014-09-19",140.56
"2014-09-22",139.26
"2014-09-23",138.78
"2014-09-24",139.95
"2014-09-25",137.09
"2014-09-26",138.68
"2014-09-29",138.33
"2014-09-30",138.14
"2014-10-01",136.62
"2014-10-02",137.64
"2014-10-03",139.5
"2014-10-06",139.16
"2014-10-07",136.72
"2014-10-08",139.94
"2014-10-09",137.09
"2014-10-10",136.76
"2014-10-13",136.38
"2014-10-14",137.39
"2014-10-15",135.64
"2014-10-16",134.7
"2014-10-17",137.09
"2014-10-20",137.23
"2014-10-21",138.97
"2014-10-22",137.65
"2014-10-23",138.68
"2014-10-24",139.4
"2014-10-27",139.53
"2014-10-28",140.46
"2014-10-29",139.99
"2014-10-30",139.54
"2014-10-31",140.16
"2014-11-03",140.81
"2014-11-04",142.18
"2014-11-05",142.92
"2014-11-06",143.29
"2014-11-07",143.61
"2014-11-10",145.05
"2014-11-11",144.95
"2014-11-12",145.52
"2014-11-13",146.29
"2014-11-14",145.52
"2014-11-17",145.37
"2014-11-18",145.81
"2014-11-19",145.65
"2014-11-20",145.72
"2014-11-21",146.7
"2014-11-24",147.27
"2014-11-25",147.81
"2014-11-26",148.19
"2014-11-28",148.69
"2014-12-01",148.52
"2014-12-02",149.87
"2014-12-03",149.73
"2014-12-04",150.05
"2014-12-05",150.68
"2014-12-08",151.94
"2014-12-09",150.46
"2014-12-10",149.08
"2014-12-11",150.13
"2014-12-12",146.46
"2014-12-15",146.12
"2014-12-16",145.28
"2014-12-17",148.45
"2014-12-18",152.67
"2014-12-19",151.56
"2014-12-22",151.9
"2014-12-23",151.75
"2014-12-24",151.54
"2014-12-26",151.35
"2014-12-29",152.05
"2014-12-30",152.09
"2014-12-31",150.15
"2015-01-02",149.17
"2015-01-05",147.
"2015-01-06",146.84
"2015-01-07",148.88
"2015-01-08",151.37
"2015-01-09",149.47
"2015-01-12",148.28
"2015-01-13",148.63
"2015-01-14",147.82
"2015-01-15",147.58
"2015-01-16",149.21
"2015-01-20",148.63
"2015-01-21",147.18
"2015-01-22",150.15
"2015-01-23",149.12
"2015-01-26",149.7
"2015-01-27",147.65
"2015-01-28",144.78
"2015-01-29",146.29
"2015-01-30",143.91
"2015-02-02",146.73
"2015-02-03",148.29
"2015-02-04",147.53
"2015-02-05",149.67
"2015-02-06",150.18
"2015-02-09",149.13
"2015-02-10",149.92
"2015-02-11",149.68
"2015-02-12",149.79
"2015-02-13",148.34
"2015-02-17",149.17
"2015-02-18",148.67
"2015-02-19",147.48
"2015-02-20",148.72
"2015-02-23",147.37
"2015-02-24",148.95
"2015-02-25",148.78
"2015-02-26",148.34
"2015-02-27",147.41
"2015-03-02",147.08
"2015-03-03",145.93
"2015-03-04",144.92
"2015-03-05",146.06
"2015-03-06",145.28
"2015-03-09",146.13
"2015-03-10",143.19
"2015-03-11",143.44
"2015-03-12",145.67
"2015-03-13",143.97
"2015-03-16",145.98
"2015-03-17",144.75
"2015-03-18",146.
"2015-03-19",144.88
"2015-03-20",145.53
"2015-03-23",145.56
"2015-03-24",144.29
"2015-03-25",143.56
"2015-03-26",143.03
"2015-03-27",143.89
"2015-03-30",145.98
"2015-03-31",144.32
"2015-04-01",143.45
"2015-04-02",143.56
"2015-04-06",143.76
"2015-04-07",143.06
"2015-04-08",143.28
"2015-04-09",143.65
"2015-04-10",143.5
"2015-04-13",143.46
"2015-04-14",142.75
"2015-04-15",142.71
"2015-04-16",142.1
"2015-04-17",140.7
"2015-04-20",142.09
"2015-04-21",141.14
"2015-04-22",141.99
"2015-04-23",142.43
"2015-04-24",142.09
"2015-04-27",141.09
"2015-04-28",142.52
"2015-04-29",142.41
"2015-04-30",141.21
"2015-05-01",143.36
"2015-05-04",146.15
"2015-05-05",144.56
"2015-05-06",143.78
"2015-05-07",145.31
"2015-05-08",148.31
"2015-05-11",146.17
"2015-05-12",144.79
"2015-05-13",144.26
"2015-05-14",145.78
"2015-05-15",145.26
"2015-05-18",145.83
"2015-05-19",146.54
"2015-05-20",145.94
"2015-05-21",145.27
"2015-05-22",144.6
"2015-05-26",143.63
"2015-05-27",144.75
"2015-05-28",144.74
"2015-05-29",143.
"2015-06-01",143.35
"2015-06-02",143.03
"2015-06-03",143.19
"2015-06-04",141.37
"2015-06-05",140.76
"2015-06-08",139.52
"2015-06-09",139.63
"2015-06-10",140.86
"2015-06-11",141.36
"2015-06-12",140.29
"2015-06-15",139.4
"2015-06-16",139.71
"2015-06-17",139.97
"2015-06-18",142.67
"2015-06-19",140.96
"2015-06-22",141.53
"2015-06-23",141.33
"2015-06-24",140.09
"2015-06-25",139.45
"2015-06-26",139.78
"2015-06-29",136.51
"2015-06-30",136.11
"2015-07-01",137.52
"2015-07-02",137.39
"2015-07-06",136.89
"2015-07-07",138.44
"2015-07-08",136.9
"2015-07-09",138.25
"2015-07-10",139.73
"2015-07-13",141.39
"2015-07-14",141.12
"2015-07-15",142.61
"2015-07-16",143.92
"2015-07-17",143.88
"2015-07-20",144.51
"2015-07-21",143.6
"2015-07-22",143.52
"2015-07-23",142.18
"2015-07-24",141.25
"2015-07-27",140.72
"2015-07-28",143.22
"2015-07-29",142.92
"2015-07-30",142.85
"2015-07-31",142.74
"2015-08-03",142.33
"2015-08-04",142.68
"2015-08-05",143.5
"2015-08-06",143.35
"2015-08-07",143.55
"2015-08-10",143.42
"2015-08-11",142.8
"2015-08-12",141.6
"2015-08-13",141.95
"2015-08-14",142.57
"2015-08-17",142.32
"2015-08-18",141.36
"2015-08-19",140.47
"2015-08-20",138.39
"2015-08-21",134.22
"2015-08-24",129.57
"2015-08-25",127.74
"2015-08-26",132.61
"2015-08-27",136.23
"2015-08-28",135.74
"2015-08-31",134.04
"2015-09-01",130.41
"2015-09-02",132.22
"2015-09-03",132.15
"2015-09-04",129.64
"2015-09-08",132.9
"2015-09-09",130.59
"2015-09-10",130.66
"2015-09-11",131.37
"2015-09-14",130.9
"2015-09-15",132.26
"2015-09-16",132.58
"2015-09-17",131.47
"2015-09-18",129.1
"2015-09-21",130.98
"2015-09-22",129.3
"2015-09-23",129.16
"2015-09-24",128.83
"2015-09-25",129.64
"2015-09-28",128.62
"2015-09-29",128.81
"2015-09-30",130.4
"2015-10-01",129.88
"2015-10-02",129.83
"2015-10-05",132.38
"2015-10-06",131.19
"2015-10-07",132.68
"2015-10-08",133.75
"2015-10-09",133.03
"2015-10-12",133.4
"2015-10-13",132.19
"2015-10-14",131.18
"2015-10-15",133.8
"2015-10-16",133.81
"2015-10-19",133.62
"2015-10-20",134.16
"2015-10-21",133.22
"2015-10-22",137.29
"2015-10-23",137.78
"2015-10-26",137.
"2015-10-27",135.63
"2015-10-28",138.16
"2015-10-29",137.89
"2015-10-30",136.02
"2015-11-02",138.4
"2015-11-03",137.94
"2015-11-04",137.43
"2015-11-05",136.57
"2015-11-06",136.33
"2015-11-09",134.
"2015-11-10",134.73
"2015-11-11",134.96
"2015-11-12",132.78
"2015-11-13",131.96
"2015-11-16",133.3
"2015-11-17",133.09
"2015-11-18",136.22
"2015-11-19",136.63
"2015-11-20",136.63
"2015-11-23",135.99
"2015-11-24",135.54
"2015-11-25",135.13
"2015-11-27",134.63
"2015-11-30",134.09
"2015-12-01",136.43
"2015-12-02",135.27
"2015-12-03",132.66
"2015-12-04",136.48
"2015-12-07",135.6
"2015-12-08",133.36
"2015-12-09",131.71
"2015-12-10",131.71
"2015-12-11",130.31
"2015-12-14",132.02
"2015-12-15",134.88
"2015-12-16",135.88
"2015-12-17",133.97
"2015-12-18",129.53
"2015-12-21",131.19
"2015-12-22",133.14
"2015-12-23",134.15
"2015-12-24",133.89
"2015-12-28",133.12
"2015-12-29",134.14
"2015-12-30",133.26
"2015-12-31",132.04
"2016-01-04",130.75
"2016-01-05",131.25
"2016-01-06",131.33
"2016-01-07",129.48
"2016-01-08",128.33
"2016-01-11",128.36
"2016-01-12",128.8
"2016-01-13",126.25
"2016-01-14",128.07
"2016-01-15",126.14
"2016-01-19",127.76
"2016-01-20",124.83
"2016-01-21",125.62
"2016-01-22",127.04
"2016-01-25",124.13
"2016-01-26",125.89
"2016-01-27",125.19
"2016-01-28",126.01
"2016-01-29",129.77
"2016-02-01",128.66
"2016-02-02",125.7
"2016-02-03",126.24
"2016-02-04",127.44
"2016-02-05",126.56
"2016-02-08",126.78
"2016-02-09",127.72
"2016-02-10",126.58
"2016-02-11",125.09
"2016-02-12",128.07
"2016-02-16",128.56
"2016-02-17",130.26
"2016-02-18",130.86
"2016-02-19",131.05
"2016-02-22",131.99
"2016-02-23",130.74
"2016-02-24",131.03
"2016-02-25",132.31
"2016-02-26",131.92
"2016-02-29",134.17
"2016-03-01",136.94
"2016-03-02",136.73
"2016-03-03",136.84
"2016-03-04",137.97
"2016-03-07",138.72
"2016-03-08",137.8
"2016-03-09",139.13
"2016-03-10",138.62
"2016-03-11",140.65
"2016-03-14",139.72
"2016-03-15",140.4
"2016-03-16",139.83
"2016-03-17",142.4
"2016-03-18",142.16
"2016-03-21",142.13
"2016-03-22",142.18
"2016-03-23",140.96
"2016-03-24",140.11
"2016-03-28",141.29
"2016-03-29",141.9
"2016-03-30",142.46
"2016-03-31",141.88
"2016-04-01",143.79
"2016-04-04",143.22
"2016-04-05",141.2
"2016-04-06",141.7
"2016-04-07",140.81
"2016-04-08",141.06
"2016-04-11",140.99
"2016-04-12",142.4
"2016-04-13",144.04
"2016-04-14",143.72
"2016-04-15",143.45
"2016-04-18",144.38
"2016-04-19",145.95
"2016-04-20",146.09
"2016-04-21",144.86
"2016-04-22",146.11
"2016-04-25",146.18
"2016-04-26",147.02
"2016-04-27",147.6
"2016-04-28",146.07
"2016-04-29",145.48
"2016-05-02",146.89
"2016-05-03",144.83
"2016-05-04",144.24
"2016-05-05",143.88
"2016-05-06",144.62
"2016-05-09",142.91
"2016-05-10",144.78
"2016-05-11",142.87
"2016-05-12",143.31
"2016-05-13",141.4
"2016-05-16",141.85
"2016-05-17",140.34
"2016-05-18",141.47
"2016-05-19",140.79
"2016-05-20",141.83
"2016-05-23",141.48
"2016-05-24",143.71
"2016-05-25",144.08
"2016-05-26",143.05
"2016-05-27",143.35
"2016-05-31",140.54
"2016-06-01",141.99
"2016-06-02",142.11
"2016-06-03",141.14
"2016-06-06",141.82
"2016-06-07",141.41
"2016-06-08",142.53
"2016-06-09",142.23
"2016-06-10",141.76
"2016-06-13",140.94
"2016-06-14",141.3
"2016-06-15",140.45
"2016-06-16",141.99
"2016-06-17",140.73
"2016-06-20",141.67
"2016-06-21",143.53
"2016-06-22",143.94
"2016-06-23",145.98
"2016-06-24",139.71
"2016-06-27",138.5
"2016-06-28",140.28
"2016-06-29",142.12
"2016-06-30",144.79
"2016-07-01",143.96
"2016-07-05",142.23
"2016-07-06",142.51
"2016-07-07",141.91
"2016-07-08",143.65
"2016-07-11",143.93
"2016-07-12",144.67
"2016-07-13",145.93
"2016-07-14",145.73
"2016-07-15",145.97
"2016-07-18",146.57
"2016-07-19",146.92
"2016-07-20",146.17
"2016-07-21",144.35
"2016-07-22",144.6
"2016-07-25",144.14
"2016-07-26",144.34
"2016-07-27",144.19
"2016-07-28",144.42
"2016-07-29",144.27
"2016-08-01",143.93
"2016-08-02",143.31
"2016-08-03",143.63
"2016-08-04",143.12
"2016-08-05",145.65
"2016-08-08",145.56
"2016-08-09",147.22
"2016-08-10",146.69
"2016-08-11",147.74
"2016-08-12",147.72
"2016-08-15",147.78
"2016-08-16",147.24
"2016-08-17",149.08
"2016-08-18",148.81
"2016-08-19",148.75
"2016-08-22",148.45
"2016-08-23",148.77
"2016-08-24",148.41
"2016-08-25",148.64
"2016-08-26",147.91
"2016-08-29",149.3
"2016-08-30",150.23
"2016-08-31",150.49
"2016-09-01",150.35
"2016-09-02",150.72
"2016-09-06",150.43
"2016-09-07",149.58
"2016-09-08",149.78
"2016-09-09",146.62
"2016-09-12",148.97
"2016-09-13",146.23
"2016-09-14",145.78
"2016-09-15",146.66
"2016-09-16",145.01
"2016-09-19",145.24
"2016-09-20",144.92
"2016-09-21",146.46
"2016-09-22",146.53
"2016-09-23",145.
"2016-09-26",144.18
"2016-09-27",145.34
"2016-09-28",145.28
"2016-09-29",143.59
"2016-09-30",144.47
"2016-10-03",143.76
"2016-10-04",143.17
"2016-10-05",144.15
"2016-10-06",143.87
"2016-10-07",144.52
"2016-10-10",145.2
"2016-10-11",143.95
"2016-10-12",144.91
"2016-10-13",143.22
"2016-10-14",144.18
"2016-10-17",143.8
"2016-10-18",144.3
"2016-10-19",144.86
"2016-10-20",144.49
"2016-10-21",143.6
"2016-10-24",143.83
"2016-10-25",143.42
"2016-10-26",143.94
"2016-10-27",144.45
"2016-10-28",144.
"2016-10-31",144.3
"2016-11-01",143.63
"2016-11-02",143.19
"2016-11-03",143.64
"2016-11-04",142.95
"2016-11-07",146.91
"2016-11-08",147.79
"2016-11-09",151.28
"2016-11-10",156.06
"2016-11-11",156.92
"2016-11-14",157.93
"2016-11-15",157.46
"2016-11-16",157.08
"2016-11-17",158.39
"2016-11-18",157.75
"2016-11-21",158.71
"2016-11-22",158.66
"2016-11-23",158.11
"2016-11-25",158.18
"2016-11-28",156.97
"2016-11-29",157.68
"2016-11-30",157.44
"2016-12-01",160.12
"2016-12-02",159.39
"2016-12-05",160.21
"2016-12-06",161.34
"2016-12-07",164.69
"2016-12-08",164.11
"2016-12-09",164.86
"2016-12-12",166.12
"2016-12-13",166.62
"2016-12-14",165.06
"2016-12-15",165.73
"2016-12-16",164.76
"2016-12-19",165.35
"2016-12-20",166.36
"2016-12-21",165.95
"2016-12-22",166.03
"2016-12-23",165.32
"2016-12-27",164.95
"2016-12-28",163.75
"2016-12-29",163.05
"2016-12-30",162.98
"2017-01-03",163.83
"2017-01-04",164.08
"2017-01-05",163.3
"2017-01-06",163.41
"2017-01-09",162.02
"2017-01-10",161.47
"2017-01-11",162.23
"2017-01-12",161.41
"2017-01-13",161.9
"2017-01-17",159.64
"2017-01-18",160.49
"2017-01-19",159.41
"2017-01-20",160.21
"2017-01-23",158.81
"2017-01-24",160.72
"2017-01-25",164.25
"2017-01-26",164.92
"2017-01-27",164.4
"2017-01-30",164.8
"2017-01-31",164.14
"2017-02-01",163.61
"2017-02-02",163.
"2017-02-03",163.94
"2017-02-06",163.42
"2017-02-07",162.93
"2017-02-08",162.87
"2017-02-09",164.04
"2017-02-10",164.01
"2017-02-13",165.85
"2017-02-14",166.95
"2017-02-15",167.28
"2017-02-16",167.74
"2017-02-17",168.57
"2017-02-21",168.92
"2017-02-22",169.61
"2017-02-23",170.15
"2017-02-24",170.22
"2017-02-27",170.63
"2017-02-28",171.42
"2017-03-01",177.28
"2017-03-02",175.89
"2017-03-03",175.68
"2017-03-06",175.4
"2017-03-07",175.3
"2017-03-08",174.97
"2017-03-09",175.37
"2017-03-10",174.98
"2017-03-13",175.39
"2017-03-14",174.73
"2017-03-15",174.67
"2017-03-16",174.08
"2017-03-17",172.82
"2017-03-20",172.07
"2017-03-21",169.47
"2017-03-22",169.3
"2017-03-23",169.89
"2017-03-24",168.66
"2017-03-27",167.44
"2017-03-28",168.31
"2017-03-29",166.59
"2017-03-30",167.36
"2017-03-31",166.68
"2017-04-03",166.87
"2017-04-04",166.86
"2017-04-05",165.83
"2017-04-06",166.47
"2017-04-07",166.17
"2017-04-10",166.35
"2017-04-11",165.7
"2017-04-12",165.11
"2017-04-13",162.9
"2017-04-17",164.35
"2017-04-18",163.69
"2017-04-19",162.76
"2017-04-20",164.98
"2017-04-21",163.41
"2017-04-24",165.78
"2017-04-25",167.53
"2017-04-26",167.63
"2017-04-27",166.55
"2017-04-28",165.21
"2017-05-01",165.44
"2017-05-02",166.05
"2017-05-03",166.73
"2017-05-04",166.34
"2017-05-05",166.55
"2017-05-08",165.02
"2017-05-09",163.46
"2017-05-10",163.72
"2017-05-11",163.27
"2017-05-12",163.32
"2017-05-15",163.8
"2017-05-16",163.61
"2017-05-17",161.26
"2017-05-18",161.62
"2017-05-19",163.24
"2017-05-22",165.13
"2017-05-23",165.48
"2017-05-24",164.93
"2017-05-25",165.3
"2017-05-26",165.69
"2017-05-30",165.11
"2017-05-31",165.28
"2017-06-01",166.66
"2017-06-02",166.29
"2017-06-05",166.52
"2017-06-06",166.13
"2017-06-07",166.5
"2017-06-08",166.94
"2017-06-09",170.
"2017-06-12",170.5
"2017-06-13",171.47
"2017-06-14",171.45
"2017-06-15",170.55
"2017-06-16",170.48
"2017-06-19",171.55
"2017-06-20",170.55
"2017-06-21",169.62
"2017-06-22",168.32
"2017-06-23",167.22
"2017-06-26",167.49
"2017-06-27",167.35
"2017-06-28",169.89
"2017-06-29",169.3
"2017-06-30",169.37
"2017-07-03",171.8
"2017-07-05",171.85
"2017-07-06",170.2
"2017-07-07",171.14
"2017-07-10",170.25
"2017-07-11",169.24
"2017-07-12",169.92
"2017-07-13",169.69
"2017-07-14",169.47
"2017-07-17",170.16
"2017-07-18",170.31
"2017-07-19",171.2
"2017-07-20",171.33
"2017-07-21",171.34
"2017-07-24",171.37
"2017-07-25",172.94
"2017-07-26",173.02
"2017-07-27",173.05
"2017-07-28",174.
"2017-07-31",174.97
"2017-08-01",176.29
"2017-08-02",177.85
"2017-08-03",178.99
"2017-08-04",179.92
"2017-08-07",178.04
"2017-08-08",176.43
"2017-08-09",178.06
"2017-08-10",176.36
"2017-08-11",175.34
"2017-08-14",177.29
"2017-08-15",177.47
"2017-08-16",178.54
"2017-08-17",177.16
"2017-08-18",177.56
"2017-08-21",178.34
"2017-08-22",180.45
"2017-08-23",179.98
"2017-08-24",178.43
"2017-08-25",179.6
"2017-08-28",178.7
"2017-08-29",178.62
"2017-08-30",180.35
"2017-08-31",181.16
"2017-09-01",180.73
"2017-09-05",176.98
"2017-09-06",176.79
"2017-09-07",173.99
"2017-09-08",175.5
"2017-09-11",177.87
"2017-09-12",178.63
"2017-09-13",178.92
"2017-09-14",178.57
"2017-09-15",179.89
"2017-09-18",181.47
"2017-09-19",183.01
"2017-09-20",183.82
"2017-09-21",183.16
"2017-09-22",181.86
"2017-09-25",182.52
"2017-09-26",181.86
"2017-09-27",183.27
"2017-09-28",183.21
"2017-09-29",183.32
"2017-10-02",185.41
"2017-10-03",185.67
"2017-10-04",185.83
"2017-10-05",187.12
"2017-10-06",187.43
"2017-10-09",187.5
"2017-10-10",188.
"2017-10-11",187.46
"2017-10-12",186.3
"2017-10-13",187.37
"2017-10-16",187.96
"2017-10-17",187.39
"2017-10-18",187.85
"2017-10-19",187.21
"2017-10-20",189.04
"2017-10-23",189.39
"2017-10-24",189.78
"2017-10-25",188.71
"2017-10-26",188.61
"2017-10-27",188.59
"2017-10-30",187.85
"2017-10-31",186.94
"2017-11-01",187.17
"2017-11-02",188.61
"2017-11-03",187.27
"2017-11-06",186.68
"2017-11-07",186.3
"2017-11-08",184.6
"2017-11-09",184.49
"2017-11-10",183.68
"2017-11-13",184.4
"2017-11-14",183.34
"2017-11-15",181.81
"2017-11-16",182.05
"2017-11-17",181.06
"2017-11-20",181.63
"2017-11-21",183.18
"2017-11-22",182.56
"2017-11-24",182.36
"2017-11-27",183.49
"2017-11-28",187.54
"2017-11-29",189.85
"2017-11-30",193.01
"2017-12-01",194.56
"2017-12-04",196.96
"2017-12-05",196.07
"2017-12-06",196.01
"2017-12-07",196.34
"2017-12-08",196.44
"2017-12-11",196.7
"2017-12-12",199.07
"2017-12-13",197.4
"2017-12-14",196.66
"2017-12-15",197.78
"2017-12-18",199.34
"2017-12-19",197.91
"2017-12-20",197.79
"2017-12-21",198.89
"2017-12-22",197.92
"2017-12-26",197.57
"2017-12-27",198.69
"2017-12-28",199.56
"2017-12-29",198.22
"2018-01-02",197.22
"2018-01-03",199.79
"2018-01-04",200.69
"2018-01-05",201.42
"2018-01-08",202.74
"2018-01-09",203.02
"2018-01-10",205.61
"2018-01-11",206.69
"2018-01-12",210.16
"2018-01-16",210.29
"2018-01-17",214.16
"2018-01-18",213.19
"2018-01-19",213.25
"2018-01-22",215.97
"2018-01-23",215.56
"2018-01-24",215.61
"2018-01-25",215.1
"2018-01-26",217.19
"2018-01-29",215.46
"2018-01-30",214.41
"2018-01-31",214.38
"2018-02-01",217.25
"2018-02-02",209.12
"2018-02-05",196.8
"2018-02-06",201.24
"2018-02-07",200.37
"2018-02-08",191.42
"2018-02-09",196.02
"2018-02-12",198.89
"2018-02-13",197.99
"2018-02-14",200.54
"2018-02-15",203.9
"2018-02-16",203.79
"2018-02-20",203.05
"2018-02-21",201.02
"2018-02-22",200.73
"2018-02-23",202.76
"2018-02-26",210.62
"2018-02-27",209.66
"2018-02-28",207.2
"2018-03-01",201.53
"2018-03-02",201.34
"2018-03-05",203.24
"2018-03-06",204.55
"2018-03-07",204.3
"2018-03-08",205.29
"2018-03-09",212.94
"2018-03-12",211.82
"2018-03-13",209.13
"2018-03-14",206.99
"2018-03-15",207.82
"2018-03-16",206.96
"2018-03-19",203.99
"2018-03-20",204.75
"2018-03-21",204.83
"2018-03-22",197.63
"2018-03-23",192.46
"2018-03-26",199.34
"2018-03-27",196.15
"2018-03-28",196.67
"2018-03-29",199.48
"2018-04-02",195.
"2018-04-03",197.96
"2018-04-04",200.11
"2018-04-05",200.85
"2018-04-06",195.49
"2018-04-09",195.33
"2018-04-10",197.8
"2018-04-11",195.22
"2018-04-12",198.13
"2018-04-13",197.
"2018-04-16",198.22
"2018-04-17",199.27
"2018-04-18",199.51
"2018-04-19",200.38
"2018-04-20",200.13
"2018-04-23",199.42
"2018-04-24",196.8
"2018-04-25",196.8
"2018-04-26",197.03
"2018-04-27",197.23
"2018-04-30",193.73
"2018-05-01",195.11
"2018-05-02",193.31
"2018-05-03",191.61
"2018-05-04",195.64
"2018-05-07",197.06
"2018-05-08",196.24
"2018-05-09",199.87
"2018-05-10",201.2
"2018-05-11",199.3
"2018-05-14",199.18
"2018-05-15",197.36
"2018-05-16",197.83
"2018-05-17",197.49
"2018-05-18",196.06
"2018-05-21",197.91
"2018-05-22",198.13
"2018-05-23",195.95
"2018-05-24",194.83
"2018-05-25",194.15
"2018-05-29",189.87
"2018-05-30",194.1
"2018-05-31",191.53
"2018-06-01",192.23
"2018-06-04",191.3
"2018-06-05",190.77
"2018-06-06",193.99
"2018-06-07",195.57
"2018-06-08",196.01
"2018-06-11",195.33
"2018-06-12",195.27
"2018-06-13",194.55
"2018-06-14",192.5
"2018-06-15",191.76
"2018-06-18",191.11
"2018-06-19",190.35
"2018-06-20",189.5
"2018-06-21",188.86
"2018-06-22",188.91
"2018-06-25",186.73
"2018-06-26",186.44
"2018-06-27",184.91
"2018-06-28",187.09
"2018-06-29",186.65
"2018-07-02",187.83
"2018-07-03",186.02
"2018-07-05",187.5
"2018-07-06",187.56
"2018-07-09",189.64
"2018-07-10",189.9
"2018-07-11",189.91
"2018-07-12",189.96
"2018-07-13",190.96
"2018-07-16",192.
"2018-07-17",190.41
"2018-07-18",200.44
"2018-07-19",197.49
"2018-07-20",196.78
"2018-07-23",197.85
"2018-07-24",198.46
"2018-07-25",197.61
"2018-07-26",197.46
"2018-07-27",197.95
"2018-07-30",199.09
"2018-07-31",197.87
"2018-08-01",197.85
"2018-08-02",198.06
"2018-08-03",200.24
"2018-08-06",206.06
"2018-08-07",208.72
"2018-08-08",208.94
"2018-08-09",209.1
"2018-08-10",206.63
"2018-08-13",205.17
"2018-08-14",205.83
"2018-08-15",204.5
"2018-08-16",207.56
"2018-08-17",208.14
"2018-08-20",208.46
"2018-08-21",208.49
"2018-08-22",207.33
"2018-08-23",207.24
"2018-08-24",207.98
"2018-08-27",210.51
"2018-08-28",210.77
"2018-08-29",211.27
"2018-08-30",209.75
"2018-08-31",208.72
"2018-09-04",210.05
"2018-09-05",212.26
"2018-09-06",212.88
"2018-09-07",214.04
"2018-09-10",215.11
"2018-09-11",215.1
"2018-09-12",214.59
"2018-09-13",214.89
"2018-09-14",216.37
"2018-09-17",216.29
"2018-09-18",218.3
"2018-09-19",220.95
"2018-09-20",221.68
"2018-09-21",220.52
"2018-09-24",218.13
"2018-09-25",218.05
"2018-09-26",216.11
"2018-09-27",216.7
"2018-09-28",214.11
"2018-10-01",214.78
"2018-10-02",215.29
"2018-10-03",216.4
"2018-10-04",218.97
"2018-10-05",219.46
"2018-10-08",222.06
"2018-10-09",223.76
"2018-10-10",213.1
"2018-10-11",205.19
"2018-10-12",206.8
"2018-10-15",205.03
"2018-10-16",209.83
"2018-10-17",210.52
"2018-10-18",208.7
"2018-10-19",209.83
"2018-10-22",206.19
"2018-10-23",204.
"2018-10-24",199.81
"2018-10-25",201.98
"2018-10-26",198.49
"2018-10-29",200.04
"2018-10-30",203.35
"2018-10-31",205.28
"2018-11-01",205.86
"2018-11-02",206.57
"2018-11-05",216.24
"2018-11-06",218.51
"2018-11-07",221.24
"2018-11-08",222.42
"2018-11-09",219.63
"2018-11-12",215.42
"2018-11-13",217.92
