"2003-01-31",43.98
"2003-02-03",44.25
"2003-02-04",43.74
"2003-02-05",43.66
"2003-02-06",42.97
"2003-02-07",42.63
"2003-02-10",42.58
"2003-02-11",42.58
"2003-02-12",42.04
"2003-02-13",42.12
"2003-02-14",43.25
"2003-02-18",44.55
"2003-02-19",45.95
"2003-02-20",46.3
"2003-02-21",46.54
"2003-02-24",45.81
"2003-02-25",45.82
"2003-02-26",45.75
"2003-02-27",46.72
"2003-02-28",47.
"2003-03-03",47.08
"2003-03-04",45.22
"2003-03-05",45.63
"2003-03-06",44.6
"2003-03-07",45.8
"2003-03-10",44.79
"2003-03-11",44.5
"2003-03-12",44.22
"2003-03-13",46.93
"2003-03-14",47.02
"2003-03-17",50.23
"2003-03-18",49.8
"2003-03-19",49.79
"2003-03-20",50.62
"2003-03-21",52.55
"2003-03-24",50.73
"2003-03-25",51.
"2003-03-26",50.2
"2003-03-27",50.72
"2003-03-28",50.24
"2003-03-31",49.2
"2003-04-01",49.67
"2003-04-02",51.71
"2003-04-03",51.8
"2003-04-04",51.47
"2003-04-07",51.7
"2003-04-08",52.1
"2003-04-09",51.71
"2003-04-10",52.83
"2003-04-11",52.98
"2003-04-14",53.64
"2003-04-15",52.7
"2003-04-16",51.41
"2003-04-17",51.98
"2003-04-21",51.84
"2003-04-22",52.96
"2003-04-23",52.86
"2003-04-24",52.75
"2003-04-25",51.93
"2003-04-28",52.78
"2003-04-29",52.39
"2003-04-30",52.6
"2003-05-01",51.85
"2003-05-02",52.35
"2003-05-05",52.68
"2003-05-06",53.9
"2003-05-07",53.33
"2003-05-08",51.97
"2003-05-09",53.15
"2003-05-12",54.25
"2003-05-13",53.17
"2003-05-14",52.79
"2003-05-15",53.4
"2003-05-16",52.97
"2003-05-19",51.5
"2003-05-20",51.25
"2003-05-21",50.43
"2003-05-22",51.22
"2003-05-23",51.
"2003-05-27",52.51
"2003-05-28",52.51
"2003-05-29",50.5
"2003-05-30",52.15
"2003-06-02",52.18
"2003-06-03",52.95
"2003-06-04",53.92
"2003-06-05",54.37
"2003-06-06",54.61
"2003-06-09",54.22
"2003-06-10",54.62
"2003-06-11",56.66
"2003-06-12",56.13
"2003-06-13",56.05
"2003-06-16",57.89
"2003-06-17",57.76
"2003-06-18",57.02
"2003-06-19",56.5
"2003-06-20",57.25
"2003-06-23",56.66
"2003-06-24",56.45
"2003-06-25",56.15
"2003-06-26",56.76
"2003-06-27",55.83
"2003-06-30",55.66
"2003-07-01",54.74
"2003-07-02",55.74
"2003-07-03",55.57
"2003-07-07",56.41
"2003-07-08",56.71
"2003-07-09",56.43
"2003-07-10",56.22
"2003-07-11",57.38
"2003-07-14",57.88
"2003-07-15",58.07
"2003-07-16",58.64
"2003-07-17",63.54
"2003-07-18",65.61
"2003-07-21",65.32
"2003-07-22",64.2
"2003-07-23",64.85
"2003-07-24",63.82
"2003-07-25",65.3
"2003-07-28",65.1
"2003-07-29",65.35
"2003-07-30",66.45
"2003-07-31",67.47
"2003-08-01",67.22
"2003-08-04",67.1
"2003-08-05",66.69
"2003-08-06",66.11
"2003-08-07",67.16
"2003-08-08",68.21
"2003-08-11",68.68
"2003-08-12",70.3
"2003-08-13",70.4
"2003-08-14",70.65
"2003-08-15",70.96
"2003-08-18",73.04
"2003-08-19",72.9
"2003-08-20",72.26
"2003-08-21",73.41
"2003-08-22",71.69
"2003-08-25",69.66
"2003-08-26",69.55
"2003-08-27",70.16
"2003-08-28",70.65
"2003-08-29",71.83
"2003-09-02",72.46
"2003-09-03",71.95
"2003-09-04",71.09
"2003-09-05",70.13
"2003-09-08",70.51
"2003-09-09",69.4
"2003-09-10",69.
"2003-09-11",68.07
"2003-09-12",68.02
"2003-09-15",69.
"2003-09-16",69.7
"2003-09-17",70.23
"2003-09-18",71.3
"2003-09-19",71.19
"2003-09-22",70.47
"2003-09-23",71.45
"2003-09-24",70.44
"2003-09-25",68.9
"2003-09-26",68.25
"2003-09-29",69.19
"2003-09-30",68.84
"2003-10-01",71.34
"2003-10-02",72.7
"2003-10-03",73.38
"2003-10-06",74.01
"2003-10-07",74.42
"2003-10-08",75.31
"2003-10-09",76.08
"2003-10-10",75.75
"2003-10-13",76.9
"2003-10-14",76.87
"2003-10-15",78.72
"2003-10-16",74.33
"2003-10-17",73.58
"2003-10-20",74.
"2003-10-21",72.76
"2003-10-22",71.57
"2003-10-23",71.36
"2003-10-24",71.05
"2003-10-27",71.7
"2003-10-28",72.78
"2003-10-29",73.46
"2003-10-30",73.86
"2003-10-31",73.28
"2003-11-03",74.05
"2003-11-04",74.81
"2003-11-05",74.94
"2003-11-06",74.53
"2003-11-07",72.57
"2003-11-10",72.09
"2003-11-11",71.95
"2003-11-12",73.66
"2003-11-13",73.48
"2003-11-14",72.61
"2003-11-17",72.5
"2003-11-18",71.29
"2003-11-19",72.77
"2003-11-20",72.75
"2003-11-21",72.89
"2003-11-24",73.34
"2003-11-25",75.04
"2003-11-26",75.4
"2003-11-28",76.05
"2003-12-01",76.79
"2003-12-02",75.58
"2003-12-03",75.48
"2003-12-04",74.94
"2003-12-05",76.5
"2003-12-08",76.78
"2003-12-09",76.48
"2003-12-10",76.
"2003-12-11",77.94
"2003-12-12",78.02
"2003-12-15",78.52
"2003-12-16",81.02
"2003-12-17",82.02
"2003-12-18",83.71
"2003-12-19",84.75
"2003-12-22",83.78
"2003-12-23",83.65
"2003-12-24",83.51
"2003-12-26",83.71
"2003-12-29",84.6
"2003-12-30",84.07
"2003-12-31",83.02
"2004-01-02",82.65
"2004-01-05",84.9
"2004-01-06",83.4
"2004-01-07",82.49
"2004-01-08",81.85
"2004-01-09",80.45
"2004-01-12",82.45
"2004-01-13",82.5
"2004-01-14",83.7
"2004-01-15",83.38
"2004-01-16",84.14
"2004-01-20",82.15
"2004-01-21",83.4
"2004-01-22",84.
"2004-01-23",84.17
"2004-01-26",85.01
"2004-01-27",82.
"2004-01-28",79.62
"2004-01-29",77.26
"2004-01-30",78.13
"2004-02-02",77.49
"2004-02-03",77.04
"2004-02-04",75.9
"2004-02-05",76.32
"2004-02-06",78.5
"2004-02-09",77.67
"2004-02-10",76.56
"2004-02-11",78.96
"2004-02-12",78.69
"2004-02-13",77.42
"2004-02-17",79.52
"2004-02-18",78.91
"2004-02-19",78.53
"2004-02-20",76.82
"2004-02-23",77.22
"2004-02-24",76.7
"2004-02-25",77.18
"2004-02-26",77.95
"2004-02-27",75.75
"2004-03-01",76.84
"2004-03-02",77.59
"2004-03-03",77.32
"2004-03-04",76.9
"2004-03-05",76.37
"2004-03-08",76.89
"2004-03-09",76.4
"2004-03-10",73.51
"2004-03-11",73.15
"2004-03-12",74.93
"2004-03-15",73.98
"2004-03-16",75.35
"2004-03-17",77.22
"2004-03-18",77.2
"2004-03-19",76.3
"2004-03-22",75.5
"2004-03-23",75.85
"2004-03-24",76.33
"2004-03-25",77.15
"2004-03-26",77.44
"2004-03-29",79.48
"2004-03-30",80.
"2004-03-31",79.07
"2004-04-01",79.
"2004-04-02",81.2
"2004-04-05",82.41
"2004-04-06",82.91
"2004-04-07",82.1
"2004-04-08",81.98
"2004-04-12",83.75
"2004-04-13",82.02
"2004-04-14",81.03
"2004-04-15",80.8
"2004-04-16",81.97
"2004-04-19",81.
"2004-04-20",79.98
"2004-04-21",81.08
"2004-04-22",84.1
"2004-04-23",81.96
"2004-04-26",80.9
"2004-04-27",81.8
"2004-04-28",79.7
"2004-04-29",77.58
"2004-04-30",77.73
"2004-05-03",79.37
"2004-05-04",79.01
"2004-05-05",78.8
"2004-05-06",77.85
"2004-05-07",77.12
"2004-05-10",72.88
"2004-05-11",73.1
"2004-05-12",74.86
"2004-05-13",74.66
"2004-05-14",75.69
"2004-05-17",73.54
"2004-05-18",73.75
"2004-05-19",73.8
"2004-05-20",72.26
"2004-05-21",73.03
"2004-05-24",74.
"2004-05-25",74.65
"2004-05-26",74.85
"2004-05-27",75.17
"2004-05-28",75.35
"2004-06-01",75.96
"2004-06-02",76.42
"2004-06-03",75.15
"2004-06-04",75.5
"2004-06-07",77.7
"2004-06-08",77.12
"2004-06-09",75.4
"2004-06-10",75.6
"2004-06-14",74.76
"2004-06-15",75.39
"2004-06-16",74.01
"2004-06-17",74.72
"2004-06-18",74.42
"2004-06-21",74.98
"2004-06-22",76.65
"2004-06-23",77.89
"2004-06-24",79.1
"2004-06-25",78.15
"2004-06-28",77.48
"2004-06-29",78.82
"2004-06-30",79.44
"2004-07-01",78.18
"2004-07-02",76.72
"2004-07-06",76.73
"2004-07-07",77.5
"2004-07-08",76.53
"2004-07-09",77.08
"2004-07-12",78.23
"2004-07-13",79.27
"2004-07-14",78.78
"2004-07-15",79.4
"2004-07-16",77.81
"2004-07-19",78.19
"2004-07-20",78.07
"2004-07-21",76.95
"2004-07-22",73.53
"2004-07-23",73.22
"2004-07-26",72.6
"2004-07-27",72.17
"2004-07-28",73.43
"2004-07-29",73.93
"2004-07-30",73.49
"2004-08-02",73.1
"2004-08-03",71.68
"2004-08-04",71.7
"2004-08-05",69.62
"2004-08-06",70.25
"2004-08-09",70.07
"2004-08-10",71.26
"2004-08-11",72.06
"2004-08-12",71.76
"2004-08-13",71.75
"2004-08-16",72.87
"2004-08-17",72.48
"2004-08-18",72.5
"2004-08-19",71.29
"2004-08-20",72.24
"2004-08-23",72.05
"2004-08-24",73.15
"2004-08-25",73.87
"2004-08-26",73.71
"2004-08-27",73.7
"2004-08-30",72.25
"2004-08-31",72.7
"2004-09-01",72.62
"2004-09-02",73.15
"2004-09-03",73.56
"2004-09-07",75.44
"2004-09-08",75.2
"2004-09-09",74.87
"2004-09-10",75.1
"2004-09-13",75.96
"2004-09-14",75.72
"2004-09-15",74.65
"2004-09-16",74.84
"2004-09-17",76.12
"2004-09-20",75.88
"2004-09-21",76.33
"2004-09-22",75.36
"2004-09-23",74.5
"2004-09-24",74.76
"2004-09-27",74.42
"2004-09-28",76.9
"2004-09-29",80.5
"2004-09-30",80.45
"2004-10-01",80.6
"2004-10-04",81.25
"2004-10-05",80.37
"2004-10-06",81.
"2004-10-07",80.
"2004-10-08",79.5
"2004-10-11",79.41
"2004-10-12",79.74
"2004-10-13",79.09
"2004-10-14",79.5
"2004-10-15",81.09
"2004-10-18",81.13
"2004-10-19",80.87
"2004-10-20",80.79
"2004-10-21",77.03
"2004-10-22",77.34
"2004-10-25",78.34
"2004-10-26",79.41
"2004-10-27",80.8
"2004-10-28",79.53
"2004-10-29",80.54
"2004-11-01",81.84
"2004-11-02",81.99
"2004-11-03",84.25
"2004-11-04",85.88
"2004-11-05",87.17
"2004-11-08",87.01
"2004-11-09",88.31
"2004-11-10",88.74
"2004-11-11",89.85
"2004-11-12",89.97
"2004-11-15",89.69
"2004-11-16",89.88
"2004-11-17",90.88
"2004-11-18",91.44
"2004-11-19",90.18
"2004-11-22",90.1
"2004-11-23",90.89
"2004-11-24",92.06
"2004-11-26",92.8
"2004-11-29",91.16
"2004-11-30",91.55
"2004-12-01",92.65
"2004-12-02",91.73
"2004-12-03",90.92
"2004-12-06",90.57
"2004-12-07",90.82
"2004-12-08",90.63
"2004-12-09",91.47
"2004-12-10",91.62
"2004-12-13",93.98
"2004-12-14",93.7
"2004-12-15",94.88
"2004-12-16",94.79
"2004-12-17",94.24
"2004-12-20",94.35
"2004-12-21",96.26
"2004-12-22",97.15
"2004-12-23",97.31
"2004-12-27",96.1
"2004-12-28",98.47
"2004-12-29",98.47
"2004-12-30",97.54
"2004-12-31",97.51
"2005-01-03",95.07
"2005-01-04",94.02
"2005-01-05",92.22
"2005-01-06",93.58
"2005-01-07",93.38
"2005-01-10",92.52
"2005-01-11",91.24
"2005-01-12",92.37
"2005-01-13",92.86
"2005-01-14",93.69
"2005-01-18",92.53
"2005-01-19",91.51
"2005-01-20",90.08
"2005-01-21",89.23
"2005-01-24",88.12
"2005-01-25",90.5
"2005-01-26",91.12
"2005-01-27",86.52
"2005-01-28",87.46
"2005-01-31",89.1
"2005-02-01",90.12
"2005-02-02",91.01
"2005-02-03",91.8
"2005-02-04",91.9
"2005-02-07",91.36
"2005-02-08",91.48
"2005-02-09",90.64
"2005-02-10",92.06
"2005-02-11",92.78
"2005-02-14",92.22
"2005-02-15",91.5
"2005-02-16",92.54
"2005-02-17",91.82
"2005-02-18",90.84
"2005-02-22",89.46
"2005-02-23",90.46
"2005-02-24",93.16
"2005-02-25",94.82
"2005-02-28",95.05
"2005-03-01",97.37
"2005-03-02",97.17
"2005-03-03",97.74
"2005-03-04",99.96
"2005-03-07",98.9
"2005-03-08",99.
"2005-03-09",96.81
"2005-03-10",98.26
"2005-03-11",99.
"2005-03-14",96.53
"2005-03-15",96.75
"2005-03-16",96.27
"2005-03-17",96.82
"2005-03-18",96.4
"2005-03-21",96.18
"2005-03-22",94.71
"2005-03-23",93.64
"2005-03-24",93.58
"2005-03-28",94.22
"2005-03-29",89.8
"2005-03-30",91.48
"2005-03-31",91.44
"2005-04-01",90.15
"2005-04-04",90.21
"2005-04-05",90.36
"2005-04-06",91.39
"2005-04-07",91.58
"2005-04-08",90.69
"2005-04-11",90.17
"2005-04-12",91.39
"2005-04-13",88.6
"2005-04-14",85.4
"2005-04-15",83.46
"2005-04-18",83.58
"2005-04-19",84.95
"2005-04-20",88.04
"2005-04-21",89.66
"2005-04-22",89.81
"2005-04-25",91.13
"2005-04-26",88.86
"2005-04-27",88.05
"2005-04-28",86.7
"2005-04-29",88.05
"2005-05-02",88.4
"2005-05-03",87.58
"2005-05-04",89.42
"2005-05-05",89.85
"2005-05-06",90.16
"2005-05-09",90.28
"2005-05-10",89.65
"2005-05-11",90.9
"2005-05-12",88.88
"2005-05-13",89.
"2005-05-16",90.38
"2005-05-17",91.96
"2005-05-18",93.52
"2005-05-19",93.5
"2005-05-20",93.63
"2005-05-23",94.04
"2005-05-24",93.83
"2005-05-25",92.47
"2005-05-26",94.43
"2005-05-27",94.31
"2005-05-31",94.11
"2005-06-01",95.47
"2005-06-02",95.18
"2005-06-03",93.97
"2005-06-06",94.15
"2005-06-07",94.53
"2005-06-08",96.58
"2005-06-09",97.45
"2005-06-10",97.02
"2005-06-13",97.58
"2005-06-14",98.57
"2005-06-15",98.58
"2005-06-16",98.31
"2005-06-17",100.2
"2005-06-20",100.8
"2005-06-21",102.2
"2005-06-22",100.57
"2005-06-23",98.47
"2005-06-24",96.86
"2005-06-27",96.92
"2005-06-28",97.8
"2005-06-29",96.64
"2005-06-30",95.31
"2005-07-01",95.93
"2005-07-05",96.17
"2005-07-06",95.3
"2005-07-07",97.35
"2005-07-08",98.7
"2005-07-11",99.97
"2005-07-12",98.96
"2005-07-13",99.84
"2005-07-14",51.
"2005-07-15",50.67
"2005-07-18",50.82
"2005-07-19",53.4
"2005-07-20",53.2
"2005-07-21",52.3
"2005-07-22",52.41
"2005-07-25",51.85
"2005-07-26",51.82
"2005-07-27",52.79
"2005-07-28",54.45
"2005-07-29",53.91
"2005-08-01",54.02
"2005-08-02",54.46
"2005-08-03",54.39
"2005-08-04",54.02
"2005-08-05",53.61
"2005-08-08",53.68
"2005-08-09",54.34
"2005-08-10",55.
"2005-08-11",55.5
"2005-08-12",54.8
"2005-08-15",55.26
"2005-08-16",53.69
"2005-08-17",53.46
"2005-08-18",53.15
"2005-08-19",54.82
"2005-08-22",54.81
"2005-08-23",54.69
"2005-08-24",53.21
"2005-08-25",53.4
"2005-08-26",53.49
"2005-08-29",53.7
"2005-08-30",53.78
"2005-08-31",55.49
"2005-09-01",56.94
"2005-09-02",58.25
"2005-09-06",58.51
"2005-09-07",59.07
"2005-09-08",58.33
"2005-09-09",58.86
"2005-09-12",59.29
"2005-09-13",59.4
"2005-09-14",58.3
"2005-09-15",57.74
"2005-09-16",57.72
"2005-09-19",56.97
"2005-09-20",56.81
"2005-09-21",57.11
"2005-09-22",58.
"2005-09-23",58.92
"2005-09-26",58.34
"2005-09-27",58.72
"2005-09-28",57.55
"2005-09-29",57.99
"2005-09-30",58.75
"2005-10-03",59.01
"2005-10-04",57.78
"2005-10-05",56.22
"2005-10-06",55.19
"2005-10-07",56.62
"2005-10-10",55.57
"2005-10-11",55.56
"2005-10-12",54.76
"2005-10-13",54.
"2005-10-14",54.74
"2005-10-17",55.03
"2005-10-18",53.96
"2005-10-19",55.43
"2005-10-20",54.03
"2005-10-21",48.92
"2005-10-24",50.31
"2005-10-25",50.29
"2005-10-26",50.55
"2005-10-27",49.9
"2005-10-28",51.07
"2005-10-31",52.59
"2005-11-01",52.72
"2005-11-02",53.69
"2005-11-03",53.48
"2005-11-04",53.55
"2005-11-07",54.25
"2005-11-08",54.25
"2005-11-09",54.1
"2005-11-10",54.69
"2005-11-11",54.87
"2005-11-14",55.43
"2005-11-15",55.9
"2005-11-16",56.73
"2005-11-17",57.47
"2005-11-18",57.28
"2005-11-21",57.71
"2005-11-22",58.76
"2005-11-23",58.01
"2005-11-25",57.95
"2005-11-28",57.45
"2005-11-29",57.1
"2005-11-30",57.78
"2005-12-01",59.
"2005-12-02",58.81
"2005-12-05",58.33
"2005-12-06",58.8
"2005-12-07",57.78
"2005-12-08",57.34
"2005-12-09",58.09
"2005-12-12",58.03
"2005-12-13",58.97
"2005-12-14",58.75
"2005-12-15",58.71
"2005-12-16",59.64
"2005-12-19",56.83
"2005-12-20",56.74
"2005-12-21",57.08
"2005-12-22",58.45
"2005-12-23",58.51
"2005-12-27",57.89
"2005-12-28",57.84
"2005-12-29",58.14
"2005-12-30",57.77
"2006-01-03",57.8
"2006-01-04",59.27
"2006-01-05",59.27
"2006-01-06",60.45
"2006-01-09",61.55
"2006-01-10",61.3
"2006-01-11",61.33
"2006-01-12",62.21
"2006-01-13",62.33
"2006-01-17",62.96
"2006-01-18",61.87
"2006-01-19",62.51
"2006-01-20",60.78
"2006-01-23",61.04
"2006-01-24",61.35
"2006-01-25",62.07
"2006-01-26",65.17
"2006-01-27",67.53
"2006-01-30",67.01
"2006-01-31",67.9
"2006-02-01",69.24
"2006-02-02",68.39
"2006-02-03",68.13
"2006-02-06",68.7
"2006-02-07",67.16
"2006-02-08",68.81
"2006-02-09",68.45
"2006-02-10",68.75
"2006-02-13",68.62
"2006-02-14",70.22
"2006-02-15",71.6
"2006-02-16",71.96
"2006-02-17",72.05
"2006-02-21",72.59
"2006-02-22",73.06
"2006-02-23",72.35
"2006-02-24",72.7
"2006-02-27",73.5
"2006-02-28",73.08
"2006-03-01",74.39
"2006-03-02",74.34
"2006-03-03",74.61
"2006-03-06",73.22
"2006-03-07",73.04
"2006-03-08",72.4
"2006-03-09",71.4
"2006-03-10",70.95
"2006-03-13",71.
"2006-03-14",71.94
"2006-03-15",74.29
"2006-03-16",74.9
"2006-03-17",76.23
"2006-03-20",75.85
"2006-03-21",74.31
"2006-03-22",76.21
"2006-03-23",76.26
"2006-03-24",75.5
"2006-03-27",75.38
"2006-03-28",74.87
"2006-03-29",73.67
"2006-03-30",72.4
"2006-03-31",71.81
"2006-04-03",73.5
"2006-04-04",75.3
"2006-04-05",75.8
"2006-04-06",75.65
"2006-04-07",74.92
"2006-04-10",75.45
"2006-04-11",76.66
"2006-04-12",77.84
"2006-04-13",76.94
"2006-04-17",76.45
"2006-04-18",78.91
"2006-04-19",78.97
"2006-04-20",77.97
"2006-04-21",77.87
"2006-04-24",77.38
"2006-04-25",74.93
"2006-04-26",75.95
"2006-04-27",75.06
"2006-04-28",75.74
"2006-05-01",75.63
"2006-05-02",77.48
"2006-05-03",78.1
"2006-05-04",78.81
"2006-05-05",79.98
"2006-05-08",79.9
"2006-05-09",81.14
"2006-05-10",80.97
"2006-05-11",79.62
"2006-05-12",77.81
"2006-05-15",77.47
"2006-05-16",77.34
"2006-05-17",75.91
"2006-05-18",74.62
"2006-05-19",72.78
"2006-05-22",72.87
"2006-05-23",73.72
"2006-05-24",73.59
"2006-05-25",73.96
"2006-05-26",74.42
"2006-05-30",72.16
"2006-05-31",72.95
"2006-06-01",73.29
"2006-06-02",72.81
"2006-06-05",69.33
"2006-06-06",68.48
"2006-06-07",66.74
"2006-06-08",66.89
"2006-06-09",67.52
"2006-06-12",66.32
"2006-06-13",66.33
"2006-06-14",67.48
"2006-06-15",70.85
"2006-06-16",70.55
"2006-06-19",69.95
"2006-06-20",70.99
"2006-06-21",72.47
"2006-06-22",72.28
"2006-06-23",72.14
"2006-06-26",72.48
"2006-06-27",71.65
"2006-06-28",72.71
"2006-06-29",74.4
"2006-06-30",74.48
"2006-07-03",74.77
"2006-07-05",73.13
"2006-07-06",73.65
"2006-07-07",72.58
"2006-07-10",73.27
"2006-07-11",73.4
"2006-07-12",71.31
"2006-07-13",69.7
"2006-07-14",69.19
"2006-07-17",69.19
"2006-07-18",69.47
"2006-07-19",71.12
"2006-07-20",69.08
"2006-07-21",68.35
"2006-07-24",70.52
"2006-07-25",70.66
"2006-07-26",70.13
"2006-07-27",70.72
"2006-07-28",71.21
"2006-07-31",70.87
"2006-08-01",69.71
"2006-08-02",70.75
"2006-08-03",72.73
"2006-08-04",73.1
"2006-08-07",73.18
"2006-08-08",71.6
"2006-08-09",68.52
"2006-08-10",68.32
"2006-08-11",67.03
"2006-08-14",65.96
"2006-08-15",67.41
"2006-08-16",69.11
"2006-08-17",69.36
"2006-08-18",68.31
"2006-08-21",68.25
"2006-08-22",68.5
"2006-08-23",67.21
"2006-08-24",65.5
"2006-08-25",65.99
"2006-08-28",66.07
"2006-08-29",65.45
"2006-08-30",65.06
"2006-08-31",66.35
"2006-09-01",67.27
"2006-09-05",69.68
"2006-09-06",69.13
"2006-09-07",67.76
"2006-09-08",67.32
"2006-09-11",65.51
"2006-09-12",65.15
"2006-09-13",66.33
"2006-09-14",65.51
"2006-09-15",65.43
"2006-09-18",66.99
"2006-09-19",66.56
"2006-09-20",65.88
"2006-09-21",64.54
"2006-09-22",62.77
"2006-09-25",64.33
"2006-09-26",65.9
"2006-09-27",65.68
"2006-09-28",66.59
"2006-09-29",65.8
"2006-10-02",65.36
"2006-10-03",65.11
"2006-10-04",65.54
"2006-10-05",68.24
"2006-10-06",68.05
"2006-10-09",68.9
"2006-10-10",69.06
"2006-10-11",68.32
"2006-10-12",69.25
"2006-10-13",69.08
"2006-10-16",69.93
"2006-10-17",69.9
"2006-10-18",69.08
"2006-10-19",69.02
"2006-10-20",59.
"2006-10-23",60.42
"2006-10-24",60.93
"2006-10-25",61.91
"2006-10-26",62.35
"2006-10-27",61.27
"2006-10-30",60.76
"2006-10-31",60.71
"2006-11-01",60.5
"2006-11-02",60.56
"2006-11-03",60.43
"2006-11-06",59.85
"2006-11-07",59.92
"2006-11-08",60.1
"2006-11-09",59.2
"2006-11-10",59.6
"2006-11-13",59.52
"2006-11-14",60.36
"2006-11-15",61.45
"2006-11-16",61.37
"2006-11-17",60.94
"2006-11-20",60.91
"2006-11-21",62.19
"2006-11-22",62.79
"2006-11-24",62.87
"2006-11-27",61.97
"2006-11-28",61.6
"2006-11-29",62.06
"2006-11-30",62.03
"2006-12-01",61.19
"2006-12-04",61.49
"2006-12-05",62.15
"2006-12-06",63.05
"2006-12-07",63.
"2006-12-08",63.4
"2006-12-11",63.07
"2006-12-12",62.28
"2006-12-13",61.49
"2006-12-14",62.12
"2006-12-15",61.82
"2006-12-18",61.92
"2006-12-19",61.52
"2006-12-20",61.37
"2006-12-21",60.81
"2006-12-22",60.59
"2006-12-26",60.9
"2006-12-27",61.47
"2006-12-28",61.31
"2006-12-29",61.33
"2007-01-02",61.33
"2007-01-03",61.16
"2007-01-04",61.
"2007-01-05",60.22
"2007-01-08",60.29
"2007-01-09",60.62
"2007-01-10",60.32
"2007-01-11",60.
"2007-01-12",59.74
"2007-01-16",59.24
"2007-01-17",59.91
"2007-01-18",59.9
"2007-01-19",59.37
"2007-01-22",58.17
"2007-01-23",59.56
"2007-01-24",59.73
"2007-01-25",59.63
"2007-01-26",61.09
"2007-01-29",61.7
"2007-01-30",62.88
"2007-01-31",64.07
"2007-02-01",64.99
"2007-02-02",65.25
"2007-02-05",64.49
"2007-02-06",64.42
"2007-02-07",65.64
"2007-02-08",65.63
"2007-02-09",64.8
"2007-02-12",64.6
"2007-02-13",64.73
"2007-02-14",66.16
"2007-02-15",67.62
"2007-02-16",67.67
"2007-02-20",67.93
"2007-02-21",68.21
"2007-02-22",67.78
"2007-02-23",67.26
"2007-02-26",67.26
"2007-02-27",64.83
"2007-02-28",64.43
"2007-03-01",63.9
"2007-03-02",63.04
"2007-03-05",63.17
"2007-03-06",63.62
"2007-03-07",64.23
"2007-03-08",64.3
"2007-03-09",64.4
"2007-03-12",64.57
"2007-03-13",63.34
"2007-03-14",63.64
"2007-03-15",63.46
"2007-03-16",63.16
"2007-03-19",64.17
"2007-03-20",64.86
"2007-03-21",66.21
"2007-03-22",66.54
"2007-03-23",66.88
"2007-03-26",66.84
"2007-03-27",66.88
"2007-03-28",66.24
"2007-03-29",66.19
"2007-03-30",67.03
"2007-04-02",66.75
"2007-04-03",67.24
"2007-04-04",67.48
"2007-04-05",67.63
"2007-04-09",67.34
"2007-04-10",66.95
"2007-04-11",66.35
"2007-04-12",66.64
"2007-04-13",66.79
"2007-04-16",66.9
"2007-04-17",67.66
"2007-04-18",69.37
"2007-04-19",68.62
"2007-04-20",71.82
"2007-04-23",71.85
"2007-04-24",72.81
"2007-04-25",73.23
"2007-04-26",73.
"2007-04-27",73.76
"2007-04-30",72.62
"2007-05-01",73.24
"2007-05-02",73.4
"2007-05-03",73.36
"2007-05-04",73.1
"2007-05-07",72.67
"2007-05-08",73.43
"2007-05-09",74.75
"2007-05-10",73.81
"2007-05-11",74.88
"2007-05-14",76.3
"2007-05-15",76.01
"2007-05-16",75.95
"2007-05-17",74.84
"2007-05-18",74.77
"2007-05-21",74.85
"2007-05-22",75.51
"2007-05-23",76.03
"2007-05-24",75.43
"2007-05-25",75.71
"2007-05-29",75.75
"2007-05-30",78.48
"2007-05-31",78.58
"2007-06-01",78.14
"2007-06-04",78.29
"2007-06-05",78.65
"2007-06-06",78.68
"2007-06-07",77.31
"2007-06-08",78.52
"2007-06-11",78.75
"2007-06-12",78.08
"2007-06-13",79.93
"2007-06-14",80.73
"2007-06-15",81.11
"2007-06-18",81.85
"2007-06-19",82.49
"2007-06-20",81.38
"2007-06-21",81.47
"2007-06-22",80.9
"2007-06-25",80.7
"2007-06-26",80.29
"2007-06-27",79.51
"2007-06-28",79.09
"2007-06-29",78.3
"2007-07-02",80.45
"2007-07-03",77.99
"2007-07-05",77.49
"2007-07-06",78.81
"2007-07-09",79.83
"2007-07-10",81.22
"2007-07-11",82.17
"2007-07-12",84.09
"2007-07-13",85.13
"2007-07-16",85.9
"2007-07-17",86.47
"2007-07-18",86.23
"2007-07-19",86.98
"2007-07-20",83.2
"2007-07-23",82.
"2007-07-24",81.66
"2007-07-25",80.5
"2007-07-26",78.29
"2007-07-27",76.02
"2007-07-30",77.04
"2007-07-31",78.8
"2007-08-01",80.13
"2007-08-02",80.67
"2007-08-03",78.96
"2007-08-06",81.
"2007-08-07",80.44
"2007-08-08",80.9
"2007-08-09",78.48
"2007-08-10",77.55
"2007-08-13",77.9
"2007-08-14",76.77
"2007-08-15",74.95
"2007-08-16",73.
"2007-08-17",72.64
"2007-08-20",74.05
"2007-08-21",74.28
"2007-08-22",75.3
"2007-08-23",75.17
"2007-08-24",76.32
"2007-08-27",76.
"2007-08-28",74.16
"2007-08-29",75.04
"2007-08-30",74.66
"2007-08-31",75.77
"2007-09-04",76.85
"2007-09-05",75.54
"2007-09-06",75.75
"2007-09-07",73.44
"2007-09-10",73.74
"2007-09-11",73.89
"2007-09-12",72.77
"2007-09-13",72.99
"2007-09-14",73.16
"2007-09-17",73.69
"2007-09-18",77.46
"2007-09-19",77.91
"2007-09-20",77.37
"2007-09-21",78.16
"2007-09-24",77.72
"2007-09-25",76.37
"2007-09-26",76.66
"2007-09-27",77.47
"2007-09-28",78.43
"2007-10-01",79.56
"2007-10-02",79.64
"2007-10-03",78.56
"2007-10-04",78.64
"2007-10-05",80.33
"2007-10-08",81.34
"2007-10-09",82.51
"2007-10-10",81.16
"2007-10-11",79.44
"2007-10-12",80.3
"2007-10-15",78.84
"2007-10-16",77.75
"2007-10-17",77.13
"2007-10-18",77.66
"2007-10-19",73.57
"2007-10-22",73.5
"2007-10-23",74.42
"2007-10-24",75.79
"2007-10-25",74.67
"2007-10-26",75.04
"2007-10-29",73.9
"2007-10-30",73.46
"2007-10-31",74.61
"2007-11-01",73.31
"2007-11-02",74.76
"2007-11-05",73.5
"2007-11-06",74.92
"2007-11-07",73.6
"2007-11-08",72.43
"2007-11-09",70.41
"2007-11-12",69.6
"2007-11-13",71.07
"2007-11-14",70.03
"2007-11-15",69.73
"2007-11-16",69.44
"2007-11-19",68.2
"2007-11-20",68.28
"2007-11-21",67.94
"2007-11-23",68.63
"2007-11-26",67.83
"2007-11-27",68.82
"2007-11-28",71.19
"2007-11-29",71.72
"2007-11-30",71.9
"2007-12-03",72.06
"2007-12-04",72.01
"2007-12-05",72.71
"2007-12-06",74.35
"2007-12-07",74.2
"2007-12-10",76.58
"2007-12-11",73.72
"2007-12-12",73.82
"2007-12-13",74.22
"2007-12-14",73.39
"2007-12-17",71.16
"2007-12-18",71.05
"2007-12-19",70.84
"2007-12-20",71.51
"2007-12-21",72.73
"2007-12-24",72.7
"2007-12-26",73.69
"2007-12-27",72.73
"2007-12-28",73.16
"2007-12-31",72.56
"2008-01-02",70.63
"2008-01-03",70.38
"2008-01-04",68.53
"2008-01-07",68.73
"2008-01-08",67.15
"2008-01-09",67.23
"2008-01-10",67.41
"2008-01-11",66.01
"2008-01-14",67.27
"2008-01-15",65.4
"2008-01-16",64.27
"2008-01-17",62.47
"2008-01-18",62.81
"2008-01-22",63.82
"2008-01-23",65.08
"2008-01-24",65.25
"2008-01-25",65.93
"2008-01-28",68.21
"2008-01-29",68.99
"2008-01-30",68.44
"2008-01-31",70.99
"2008-02-01",71.76
"2008-02-04",70.95
"2008-02-05",67.52
"2008-02-06",67.98
"2008-02-07",68.32
"2008-02-08",68.01
"2008-02-11",69.42
"2008-02-12",70.
"2008-02-13",71.65
"2008-02-14",70.44
"2008-02-15",69.95
"2008-02-19",70.4
"2008-02-20",71.25
"2008-02-21",70.79
"2008-02-22",71.18
"2008-02-25",72.25
"2008-02-26",73.3
"2008-02-27",74.22
"2008-02-28",74.39
"2008-02-29",72.33
"2008-03-03",73.2
"2008-03-04",71.74
"2008-03-05",71.85
"2008-03-06",70.75
"2008-03-07",69.84
"2008-03-10",68.72
"2008-03-11",72.61
"2008-03-12",75.25
"2008-03-13",75.67
"2008-03-14",74.79
"2008-03-17",74.46
"2008-03-18",76.87
"2008-03-19",73.73
"2008-03-20",73.82
"2008-03-24",76.03
"2008-03-25",76.64
"2008-03-26",77.36
"2008-03-27",77.03
"2008-03-28",77.09
"2008-03-31",78.29
"2008-04-01",79.98
"2008-04-02",78.51
"2008-04-03",77.07
"2008-04-04",77.83
"2008-04-07",77.25
"2008-04-08",77.59
"2008-04-09",76.16
"2008-04-10",75.71
"2008-04-11",74.8
"2008-04-14",75.54
"2008-04-15",75.95
"2008-04-16",79.02
"2008-04-17",78.59
"2008-04-18",85.28
"2008-04-21",83.33
"2008-04-22",82.01
"2008-04-23",81.69
"2008-04-24",81.82
"2008-04-25",82.25
"2008-04-28",83.03
"2008-04-29",81.51
"2008-04-30",81.88
"2008-05-01",82.35
"2008-05-02",82.8
"2008-05-05",82.75
"2008-05-06",83.23
"2008-05-07",81.63
"2008-05-08",82.42
"2008-05-09",81.76
"2008-05-12",83.82
"2008-05-13",84.07
"2008-05-14",82.75
"2008-05-15",83.5
"2008-05-16",83.7
"2008-05-19",84.28
"2008-05-20",83.84
"2008-05-21",83.4
"2008-05-22",82.22
"2008-05-23",81.55
"2008-05-27",81.95
"2008-05-28",83.19
"2008-05-29",82.78
"2008-05-30",82.64
"2008-06-02",82.33
"2008-06-03",82.42
"2008-06-04",82.46
"2008-06-05",82.73
"2008-06-06",79.99
"2008-06-09",80.81
"2008-06-10",80.1
"2008-06-11",78.93
"2008-06-12",80.5
"2008-06-13",81.5
"2008-06-16",80.91
"2008-06-17",80.69
"2008-06-18",79.7
"2008-06-19",79.48
"2008-06-20",79.08
"2008-06-23",80.
"2008-06-24",76.64
"2008-06-25",76.58
"2008-06-26",74.28
"2008-06-27",73.75
"2008-06-30",73.82
"2008-07-01",74.09
"2008-07-02",70.42
"2008-07-03",70.31
"2008-07-07",70.81
"2008-07-08",69.51
"2008-07-09",68.43
"2008-07-10",68.42
"2008-07-11",69.81
"2008-07-14",69.67
"2008-07-15",67.04
"2008-07-16",70.53
"2008-07-17",71.83
"2008-07-18",70.89
"2008-07-21",73.23
"2008-07-22",74.98
"2008-07-23",72.42
"2008-07-24",69.78
"2008-07-25",70.48
"2008-07-28",69.19
"2008-07-29",70.99
"2008-07-30",72.07
"2008-07-31",69.52
"2008-08-01",68.14
"2008-08-04",67.43
"2008-08-05",68.18
"2008-08-06",70.51
"2008-08-07",68.93
"2008-08-08",70.9
"2008-08-11",70.8
"2008-08-12",71.81
"2008-08-13",69.83
"2008-08-14",70.29
"2008-08-15",70.35
"2008-08-18",69.22
"2008-08-19",68.69
"2008-08-20",68.8
"2008-08-21",68.7
"2008-08-22",70.27
"2008-08-25",68.56
"2008-08-26",68.68
"2008-08-27",69.56
"2008-08-28",71.68
"2008-08-29",70.73
"2008-09-02",69.08
"2008-09-03",67.73
"2008-09-04",63.94
"2008-09-05",64.07
"2008-09-08",64.58
"2008-09-09",61.38
"2008-09-10",62.82
"2008-09-11",64.81
"2008-09-12",65.46
"2008-09-15",63.21
"2008-09-16",64.73
"2008-09-17",63.15
"2008-09-18",65.32
"2008-09-19",66.49
"2008-09-22",64.6
"2008-09-23",63.54
"2008-09-24",61.74
"2008-09-25",61.96
"2008-09-26",64.13
"2008-09-29",59.89
"2008-09-30",59.6
"2008-10-01",56.95
"2008-10-02",52.22
"2008-10-03",51.21
"2008-10-06",49.2
"2008-10-07",47.33
"2008-10-08",47.65
"2008-10-09",44.8
"2008-10-10",43.13
"2008-10-13",49.48
"2008-10-14",47.49
"2008-10-15",42.06
"2008-10-16",42.37
"2008-10-17",39.32
"2008-10-20",40.9
"2008-10-21",38.83
"2008-10-22",36.52
"2008-10-23",35.36
"2008-10-24",33.3
"2008-10-27",32.78
"2008-10-28",34.95
"2008-10-29",36.14
"2008-10-30",37.37
"2008-10-31",38.2
"2008-11-03",39.01
"2008-11-04",42.25
"2008-11-05",40.4
"2008-11-06",37.6
"2008-11-07",38.45
"2008-11-10",37.41
"2008-11-11",36.87
"2008-11-12",35.08
"2008-11-13",39.41
"2008-11-14",36.96
"2008-11-17",35.7
"2008-11-18",36.19
"2008-11-19",33.87
"2008-11-20",32.84
"2008-11-21",34.67
"2008-11-24",36.34
"2008-11-25",37.27
"2008-11-26",39.33
"2008-11-28",40.99
"2008-12-01",36.58
"2008-12-02",38.
"2008-12-03",39.65
"2008-12-04",37.52
"2008-12-05",38.26
"2008-12-08",42.42
"2008-12-09",42.38
"2008-12-10",43.67
"2008-12-11",42.2
"2008-12-12",42.08
"2008-12-15",42.21
"2008-12-16",43.8
"2008-12-17",44.65
"2008-12-18",42.16
"2008-12-19",42.69
"2008-12-22",41.78
"2008-12-23",41.13
"2008-12-24",41.91
"2008-12-26",42.72
"2008-12-29",42.34
"2008-12-30",43.66
"2008-12-31",44.67
"2009-01-02",46.91
"2009-01-05",46.08
"2009-01-06",45.8
"2009-01-07",43.67
"2009-01-08",44.02
"2009-01-09",43.2
"2009-01-12",41.19
"2009-01-13",41.4
"2009-01-14",39.35
"2009-01-15",39.39
"2009-01-16",39.55
"2009-01-20",38.32
"2009-01-21",39.55
"2009-01-22",37.23
"2009-01-23",35.66
"2009-01-26",32.67
"2009-01-27",32.32
"2009-01-28",33.
"2009-01-29",31.85
"2009-01-30",30.85
"2009-02-02",30.29
"2009-02-03",29.99
"2009-02-04",30.6
"2009-02-05",31.61
"2009-02-06",33.28
"2009-02-09",32.72
"2009-02-10",30.92
"2009-02-11",31.13
"2009-02-12",31.02
"2009-02-13",30.94
"2009-02-17",28.98
"2009-02-18",28.44
"2009-02-19",27.02
"2009-02-20",26.66
"2009-02-23",25.12
"2009-02-24",26.04
"2009-02-25",25.03
"2009-02-26",24.23
"2009-02-27",24.61
"2009-03-02",22.17
"2009-03-03",22.47
"2009-03-04",25.44
"2009-03-05",23.49
"2009-03-06",23.23
"2009-03-09",23.92
"2009-03-10",26.51
"2009-03-11",26.31
"2009-03-12",27.02
"2009-03-13",26.78
"2009-03-16",26.42
"2009-03-17",26.83
"2009-03-18",27.47
"2009-03-19",28.41
"2009-03-20",27.07
"2009-03-23",29.63
"2009-03-24",29.4
"2009-03-25",28.91
"2009-03-26",30.78
"2009-03-27",30.35
"2009-03-30",27.53
"2009-03-31",27.96
"2009-04-01",28.99
"2009-04-02",31.54
"2009-04-03",32.15
"2009-04-06",31.31
"2009-04-07",29.45
"2009-04-08",29.57
"2009-04-09",32.52
"2009-04-13",33.16
"2009-04-14",32.7
"2009-04-15",33.02
"2009-04-16",32.71
"2009-04-17",32.29
"2009-04-20",30.48
"2009-04-21",31.39
"2009-04-22",32.45
"2009-04-23",32.45
"2009-04-24",33.63
"2009-04-27",33.39
"2009-04-28",32.78
"2009-04-29",33.69
"2009-04-30",35.58
"2009-05-01",37.26
"2009-05-04",38.48
"2009-05-05",39.41
"2009-05-06",40.
"2009-05-07",37.92
"2009-05-08",39.64
"2009-05-11",38.43
"2009-05-12",38.06
"2009-05-13",36.08
"2009-05-14",36.07
"2009-05-15",35.74
"2009-05-18",37.78
"2009-05-19",37.67
"2009-05-20",37.3
"2009-05-21",35.54
"2009-05-22",34.31
"2009-05-26",35.
"2009-05-27",35.05
"2009-05-28",34.59
"2009-05-29",35.46
"2009-06-01",37.55
"2009-06-02",37.45
"2009-06-03",36.66
"2009-06-04",38.02
"2009-06-05",38.47
"2009-06-08",38.57
"2009-06-09",38.24
"2009-06-10",37.62
"2009-06-11",37.61
"2009-06-12",37.73
"2009-06-15",36.12
"2009-06-16",35.56
"2009-06-17",34.8
"2009-06-18",34.08
"2009-06-19",33.65
"2009-06-22",32.36
"2009-06-23",33.
"2009-06-24",33.4
"2009-06-25",34.49
"2009-06-26",34.56
"2009-06-29",34.74
"2009-06-30",33.04
"2009-07-01",33.19
"2009-07-02",31.74
"2009-07-06",31.7
"2009-07-07",30.29
"2009-07-08",30.58
"2009-07-09",30.65
"2009-07-10",30.53
"2009-07-13",31.8
"2009-07-14",31.93
"2009-07-15",33.84
"2009-07-16",34.15
"2009-07-17",33.99
"2009-07-20",36.65
"2009-07-21",39.46
"2009-07-22",38.66
"2009-07-23",41.26
"2009-07-24",42.
"2009-07-27",42.86
"2009-07-28",42.9
"2009-07-29",41.83
"2009-07-30",43.41
"2009-07-31",44.06
"2009-08-03",45.12
"2009-08-04",47.89
"2009-08-05",46.64
"2009-08-06",47.14
"2009-08-07",47.78
"2009-08-10",47.15
"2009-08-11",46.28
"2009-08-12",47.58
"2009-08-13",47.17
"2009-08-14",46.
"2009-08-17",43.95
"2009-08-18",45.11
"2009-08-19",45.17
"2009-08-20",45.5
"2009-08-21",47.3
"2009-08-24",47.56
"2009-08-25",47.83
"2009-08-26",47.25
"2009-08-27",47.08
"2009-08-28",46.71
"2009-08-31",45.31
"2009-09-01",43.84
"2009-09-02",43.51
"2009-09-03",45.04
"2009-09-04",46.11
"2009-09-08",46.97
"2009-09-09",48.41
"2009-09-10",48.69
"2009-09-11",48.53
"2009-09-14",48.77
"2009-09-15",51.7
"2009-09-16",52.62
"2009-09-17",53.89
"2009-09-18",53.42
"2009-09-21",52.46
"2009-09-22",54.34
"2009-09-23",53.14
"2009-09-24",51.85
"2009-09-25",51.2
"2009-09-28",52.18
"2009-09-29",51.6
"2009-09-30",51.33
"2009-10-01",49.45
"2009-10-02",48.83
"2009-10-05",50.75
"2009-10-06",51.7
"2009-10-07",51.9
"2009-10-08",53.09
"2009-10-09",53.64
"2009-10-12",53.05
"2009-10-13",52.74
"2009-10-14",54.51
"2009-10-15",54.77
"2009-10-16",54.57
"2009-10-19",57.85
"2009-10-20",59.61
"2009-10-21",58.4
"2009-10-22",58.74
"2009-10-23",57.6
"2009-10-26",57.07
"2009-10-27",56.69
"2009-10-28",54.43
"2009-10-29",57.25
"2009-10-30",55.06
"2009-11-02",55.49
"2009-11-03",56.46
"2009-11-04",56.22
"2009-11-05",57.99
"2009-11-06",57.6
"2009-11-09",60.
"2009-11-10",59.96
"2009-11-11",59.96
"2009-11-12",58.57
"2009-11-13",58.57
"2009-11-16",60.4
"2009-11-17",60.4
"2009-11-18",59.41
"2009-11-19",58.61
"2009-11-20",57.95
"2009-11-23",58.14
"2009-11-24",58.
"2009-11-25",59.04
"2009-11-27",59.04
"2009-11-30",58.39
"2009-12-01",59.68
"2009-12-02",58.94
"2009-12-03",58.2
"2009-12-04",58.3
"2009-12-07",58.3
"2009-12-08",56.38
"2009-12-09",56.18
"2009-12-10",56.94
"2009-12-11",57.51
"2009-12-14",57.51
"2009-12-15",58.2
"2009-12-16",58.23
"2009-12-17",57.53
"2009-12-18",57.19
"2009-12-21",57.6
"2009-12-22",57.89
"2009-12-23",58.32
"2009-12-24",58.33
"2009-12-28",58.51
"2009-12-29",58.18
"2009-12-30",58.05
"2009-12-31",56.99
"2010-01-04",58.55
"2010-01-05",59.25
"2010-01-06",59.43
"2010-01-07",59.67
"2010-01-08",60.34
"2010-01-11",64.13
"2010-01-12",62.24
"2010-01-13",62.33
"2010-01-14",61.98
"2010-01-15",60.12
"2010-01-19",60.93
"2010-01-20",59.76
"2010-01-21",56.85
"2010-01-22",54.25
"2010-01-25",55.14
"2010-01-26",55.85
"2010-01-27",53.44
"2010-01-28",51.86
"2010-01-29",52.24
"2010-02-01",52.94
"2010-02-02",53.55
"2010-02-03",53.39
"2010-02-04",51.4
"2010-02-05",51.4
"2010-02-08",50.78
"2010-02-09",53.53
"2010-02-10",53.15
"2010-02-11",56.15
"2010-02-12",56.2
"2010-02-16",57.12
"2010-02-17",57.5
"2010-02-18",57.81
"2010-02-19",58.25
"2010-02-22",58.03
"2010-02-23",56.66
"2010-02-24",56.96
"2010-02-25",56.79
"2010-02-26",57.05
"2010-03-01",57.85
"2010-03-02",58.15
"2010-03-03",58.57
"2010-03-04",58.45
"2010-03-05",59.23
"2010-03-08",58.91
"2010-03-09",59.18
"2010-03-10",58.78
"2010-03-11",58.78
"2010-03-12",60.36
"2010-03-15",59.47
"2010-03-16",59.45
"2010-03-17",60.22
"2010-03-18",59.77
"2010-03-19",59.37
"2010-03-22",59.95
"2010-03-23",62.41
"2010-03-24",62.06
"2010-03-25",62.14
"2010-03-26",62.44
"2010-03-29",63.48
"2010-03-30",63.16
"2010-03-31",62.85
"2010-04-01",63.99
"2010-04-05",64.99
"2010-04-06",65.29
"2010-04-07",64.47
"2010-04-08",64.48
"2010-04-09",65.27
"2010-04-12",66.73
"2010-04-13",66.19
"2010-04-14",67.28
"2010-04-15",68.22
"2010-04-16",66.88
"2010-04-19",66.99
"2010-04-20",67.5
"2010-04-21",67.75
"2010-04-22",67.51
"2010-04-23",68.78
"2010-04-26",71.65
"2010-04-27",68.53
"2010-04-28",68.97
"2010-04-29",70.75
"2010-04-30",68.09
"2010-05-03",69.94
"2010-05-04",66.7
"2010-05-05",65.96
"2010-05-06",63.5
"2010-05-07",62.1
"2010-05-10",66.69
"2010-05-11",66.07
"2010-05-12",68.15
"2010-05-13",66.91
"2010-05-14",64.88
"2010-05-17",63.78
"2010-05-18",63.19
"2010-05-19",61.44
"2010-05-20",58.67
"2010-05-21",60.09
"2010-05-24",59.22
"2010-05-25",59.21
"2010-05-26",59.73
"2010-05-27",62.06
"2010-05-28",60.76
"2010-06-01",59.27
"2010-06-02",60.86
"2010-06-03",61.11
"2010-06-04",57.76
"2010-06-07",55.83
"2010-06-08",56.61
"2010-06-09",56.81
"2010-06-10",59.95
"2010-06-11",60.23
"2010-06-14",61.
"2010-06-15",63.46
"2010-06-16",64.39
"2010-06-17",64.95
"2010-06-18",65.85
"2010-06-21",66.07
"2010-06-22",64.11
"2010-06-23",64.33
"2010-06-24",63.37
"2010-06-25",64.71
"2010-06-28",64.4
"2010-06-29",60.85
"2010-06-30",60.07
"2010-07-01",59.97
"2010-07-02",59.18
"2010-07-06",59.81
"2010-07-07",62.18
"2010-07-08",63.17
"2010-07-09",64.72
"2010-07-12",64.28
"2010-07-13",66.79
"2010-07-14",66.7
"2010-07-15",66.51
"2010-07-16",63.94
"2010-07-19",64.8
"2010-07-20",66.43
"2010-07-21",66.87
"2010-07-22",68.
"2010-07-23",69.31
"2010-07-26",69.99
"2010-07-27",69.18
"2010-07-28",69.72
"2010-07-29",69.4
"2010-07-30",69.75
"2010-08-02",71.05
"2010-08-03",70.37
"2010-08-04",71.12
"2010-08-05",71.96
"2010-08-06",71.56
"2010-08-09",72.07
"2010-08-10",71.42
"2010-08-11",68.71
"2010-08-12",67.5
"2010-08-13",68.01
"2010-08-16",68.49
"2010-08-17",69.74
"2010-08-18",69.75
"2010-08-19",69.29
"2010-08-20",68.86
"2010-08-23",66.84
"2010-08-24",65.04
"2010-08-25",64.7
"2010-08-26",63.95
"2010-08-27",65.9
"2010-08-30",64.47
"2010-08-31",65.16
"2010-09-01",68.16
"2010-09-02",68.54
"2010-09-03",70.08
"2010-09-07",69.7
"2010-09-08",70.74
"2010-09-09",70.64
"2010-09-10",71.26
"2010-09-13",72.24
"2010-09-14",71.83
"2010-09-15",72.13
"2010-09-16",72.
"2010-09-17",73.18
"2010-09-20",74.75
"2010-09-21",76.39
"2010-09-22",76.18
"2010-09-23",76.26
"2010-09-24",79.73
"2010-09-27",79.54
"2010-09-28",79.67
"2010-09-29",79.99
"2010-09-30",78.68
"2010-10-01",78.22
"2010-10-04",77.27
"2010-10-05",79.4
"2010-10-06",79.08
"2010-10-07",78.74
"2010-10-08",80.37
"2010-10-11",79.98
"2010-10-12",79.34
"2010-10-13",80.29
"2010-10-14",79.91
"2010-10-15",79.75
"2010-10-18",80.24
"2010-10-19",78.55
"2010-10-20",80.32
"2010-10-21",78.89
"2010-10-22",78.33
"2010-10-25",79.05
"2010-10-26",78.65
"2010-10-27",78.22
"2010-10-28",77.74
"2010-10-29",78.6
"2010-11-01",79.27
"2010-11-02",79.75
"2010-11-03",79.88
"2010-11-04",83.18
"2010-11-05",83.54
"2010-11-08",83.12
"2010-11-09",81.91
"2010-11-10",82.46
"2010-11-11",82.44
"2010-11-12",81.04
"2010-11-15",81.82
"2010-11-16",80.37
"2010-11-17",81.17
"2010-11-18",83.11
"2010-11-19",83.97
"2010-11-22",84.
"2010-11-23",82.63
"2010-11-24",84.69
"2010-11-26",84.13
"2010-11-29",83.67
"2010-11-30",84.6
"2010-12-01",87.45
"2010-12-02",88.62
"2010-12-03",89.38
"2010-12-06",89.2
"2010-12-07",90.35
"2010-12-08",89.62
"2010-12-09",89.67
"2010-12-10",89.94
"2010-12-13",91.63
"2010-12-14",92.09
"2010-12-15",93.12
"2010-12-16",93.2
"2010-12-17",92.59
"2010-12-20",93.3
"2010-12-21",94.63
"2010-12-22",94.57
"2010-12-23",94.45
"2010-12-27",94.07
"2010-12-28",93.69
"2010-12-29",93.78
"2010-12-30",93.87
"2010-12-31",93.66
"2011-01-03",94.15
"2011-01-04",93.71
"2011-01-05",94.52
"2011-01-06",93.54
"2011-01-07",93.73
"2011-01-10",93.39
"2011-01-11",93.95
"2011-01-12",93.49
"2011-01-13",94.14
"2011-01-14",94.01
"2011-01-18",96.23
"2011-01-19",95.54
"2011-01-20",93.61
"2011-01-21",92.75
"2011-01-24",94.57
"2011-01-25",94.39
"2011-01-26",95.75
"2011-01-27",96.63
"2011-01-28",95.68
"2011-01-31",97.01
"2011-02-01",98.01
"2011-02-02",99.09
"2011-02-03",98.93
"2011-02-04",99.59
"2011-02-07",100.47
"2011-02-08",100.61
"2011-02-09",99.79
"2011-02-10",100.6
"2011-02-11",103.54
"2011-02-14",103.26
"2011-02-15",103.
"2011-02-16",103.55
"2011-02-17",103.36
"2011-02-18",105.86
"2011-02-22",102.01
"2011-02-23",100.02
"2011-02-24",100.57
"2011-02-25",102.
"2011-02-28",102.93
"2011-03-01",99.86
"2011-03-02",100.97
"2011-03-03",104.25
"2011-03-04",103.04
"2011-03-07",102.13
"2011-03-08",104.13
"2011-03-09",102.36
"2011-03-10",98.39
"2011-03-11",100.02
"2011-03-14",102.1
"2011-03-15",100.75
"2011-03-16",100.4
"2011-03-17",103.12
"2011-03-18",105.06
"2011-03-21",107.59
"2011-03-22",106.79
"2011-03-23",106.76
"2011-03-24",108.37
"2011-03-25",109.09
"2011-03-28",109.4
"2011-03-29",110.54
"2011-03-30",111.53
"2011-03-31",111.35
"2011-04-01",113.12
"2011-04-04",113.38
"2011-04-05",112.31
"2011-04-06",111.
"2011-04-07",109.85
"2011-04-08",109.82
"2011-04-11",109.07
"2011-04-12",106.57
"2011-04-13",107.63
"2011-04-14",107.58
"2011-04-15",107.21
"2011-04-18",103.9
"2011-04-19",106.1
"2011-04-20",108.28
"2011-04-21",109.42
"2011-04-25",108.85
"2011-04-26",111.94
"2011-04-27",112.61
"2011-04-28",112.64
"2011-04-29",115.41
"2011-05-02",114.37
"2011-05-03",113.27
"2011-05-04",110.77
"2011-05-05",109.39
"2011-05-06",110.34
"2011-05-09",111.66
"2011-05-10",112.87
"2011-05-11",109.98
"2011-05-12",108.63
"2011-05-13",106.33
"2011-05-16",106.09
"2011-05-17",102.08
"2011-05-18",105.25
"2011-05-19",105.3
"2011-05-20",104.33
"2011-05-23",101.89
"2011-05-24",101.55
"2011-05-25",103.25
"2011-05-26",104.19
"2011-05-27",104.6
"2011-05-31",105.8
"2011-06-01",101.24
"2011-06-02",102.19
"2011-06-03",101.1
"2011-06-06",99.86
"2011-06-07",99.88
"2011-06-08",98.04
"2011-06-09",99.26
"2011-06-10",96.79
"2011-06-13",95.44
"2011-06-14",97.86
"2011-06-15",95.65
"2011-06-16",95.46
"2011-06-17",95.95
"2011-06-20",98.18
"2011-06-21",101.39
"2011-06-22",100.15
"2011-06-23",100.55
"2011-06-24",100.01
"2011-06-27",100.8
"2011-06-28",103.84
"2011-06-29",103.36
"2011-06-30",106.46
"2011-07-01",108.62
"2011-07-05",108.43
"2011-07-06",110.08
"2011-07-07",111.63
"2011-07-08",110.41
"2011-07-11",108.16
"2011-07-12",106.93
"2011-07-13",108.64
"2011-07-14",107.58
"2011-07-15",109.36
"2011-07-18",107.8
"2011-07-19",109.64
"2011-07-20",110.31
"2011-07-21",111.6
"2011-07-22",105.15
"2011-07-25",105.66
"2011-07-26",105.2
"2011-07-27",101.34
"2011-07-28",99.64
"2011-07-29",98.79
"2011-08-01",100.72
"2011-08-02",97.18
"2011-08-03",96.28
"2011-08-04",89.55
"2011-08-05",90.99
"2011-08-08",82.6
"2011-08-09",87.48
"2011-08-10",83.51
"2011-08-11",87.25
"2011-08-12",89.81
"2011-08-15",91.37
"2011-08-16",89.35
"2011-08-17",87.64
"2011-08-18",83.33
"2011-08-19",79.97
"2011-08-22",79.89
"2011-08-23",82.98
"2011-08-24",85.4
"2011-08-25",83.25
"2011-08-26",85.16
"2011-08-29",88.15
"2011-08-30",89.83
"2011-08-31",91.
"2011-09-01",88.55
"2011-09-02",85.38
"2011-09-06",85.7
"2011-09-07",88.69
"2011-09-08",87.04
"2011-09-09",83.96
"2011-09-12",83.87
"2011-09-13",85.02
"2011-09-14",85.45
"2011-09-15",86.6
"2011-09-16",85.9
"2011-09-19",84.6
"2011-09-20",83.66
"2011-09-21",79.36
"2011-09-22",73.9
"2011-09-23",73.86
"2011-09-26",76.85
"2011-09-27",77.67
"2011-09-28",75.08
"2011-09-29",75.39
"2011-09-30",73.84
"2011-10-03",70.55
"2011-10-04",72.54
"2011-10-05",74.26
"2011-10-06",77.09
"2011-10-07",75.52
"2011-10-10",79.13
"2011-10-11",80.66
"2011-10-12",81.7
"2011-10-13",81.44
"2011-10-14",84.09
"2011-10-17",81.52
"2011-10-18",84.72
"2011-10-19",83.56
"2011-10-20",84.26
"2011-10-21",87.39
"2011-10-24",91.77
"2011-10-25",89.89
"2011-10-26",91.57
"2011-10-27",96.27
"2011-10-28",96.85
"2011-10-31",94.46
"2011-11-01",91.63
"2011-11-02",93.94
"2011-11-03",96.
"2011-11-04",95.74
"2011-11-07",95.
"2011-11-08",95.89
"2011-11-09",91.64
"2011-11-10",92.2
"2011-11-11",96.13
"2011-11-14",96.53
"2011-11-15",97.07
"2011-11-16",95.75
"2011-11-17",93.81
"2011-11-18",93.93
"2011-11-21",91.12
"2011-11-22",89.99
"2011-11-23",87.76
"2011-11-25",86.72
"2011-11-28",91.48
"2011-11-29",90.54
"2011-11-30",97.88
"2011-12-01",96.82
"2011-12-02",96.29
"2011-12-05",96.85
"2011-12-06",95.96
"2011-12-07",94.89
"2011-12-08",92.92
"2011-12-09",95.97
"2011-12-12",93.24
"2011-12-13",90.98
"2011-12-14",87.
"2011-12-15",87.7
"2011-12-16",87.2
"2011-12-19",87.25
"2011-12-20",91.73
"2011-12-21",91.63
"2011-12-22",91.81
"2011-12-23",92.25
"2011-12-27",91.55
"2011-12-28",89.37
"2011-12-29",90.58
"2011-12-30",90.6
"2012-01-03",93.98
"2012-01-04",94.85
"2012-01-05",95.52
"2012-01-06",95.76
"2012-01-09",97.1
"2012-01-10",99.96
"2012-01-11",99.64
"2012-01-12",101.94
"2012-01-13",102.48
"2012-01-17",103.37
"2012-01-18",104.26
"2012-01-19",105.75
"2012-01-20",105.64
"2012-01-23",106.37
"2012-01-24",106.29
"2012-01-25",109.05
"2012-01-26",111.31
"2012-01-27",111.28
"2012-01-30",110.41
"2012-01-31",109.12
"2012-02-01",110.52
"2012-02-02",110.33
"2012-02-03",113.94
"2012-02-06",113.78
"2012-02-07",113.81
"2012-02-08",114.04
"2012-02-09",112.83
"2012-02-10",111.75
"2012-02-13",113.7
"2012-02-14",114.45
"2012-02-15",112.53
"2012-02-16",113.96
"2012-02-17",113.95
"2012-02-21",115.
"2012-02-22",115.81
"2012-02-23",116.2
"2012-02-24",116.
"2012-02-27",115.63
"2012-02-28",115.76
"2012-02-29",114.21
"2012-03-01",113.39
"2012-03-02",112.49
"2012-03-05",110.09
"2012-03-06",105.93
"2012-03-07",108.28
"2012-03-08",110.28
"2012-03-09",110.22
"2012-03-12",108.94
"2012-03-13",113.3
"2012-03-14",112.27
"2012-03-15",113.45
"2012-03-16",113.58
"2012-03-19",113.73
"2012-03-20",110.76
"2012-03-21",109.
"2012-03-22",106.43
"2012-03-23",107.83
"2012-03-26",108.75
"2012-03-27",108.06
"2012-03-28",104.26
"2012-03-29",106.02
"2012-03-30",106.52
"2012-04-02",107.25
"2012-04-03",106.21
"2012-04-04",106.26
"2012-04-05",105.87
"2012-04-09",103.57
"2012-04-10",100.43
"2012-04-11",101.75
"2012-04-12",106.44
"2012-04-13",105.89
"2012-04-16",106.74
"2012-04-17",108.41
"2012-04-18",109.21
"2012-04-19",107.36
"2012-04-20",107.73
"2012-04-23",106.9
"2012-04-24",108.4
"2012-04-25",103.44
"2012-04-26",104.39
"2012-04-27",104.56
"2012-04-30",102.77
"2012-05-01",102.11
"2012-05-02",102.63
"2012-05-03",100.67
"2012-05-04",98.44
"2012-05-07",97.19
"2012-05-08",96.49
"2012-05-09",95.99
"2012-05-10",95.44
"2012-05-11",95.5
"2012-05-14",93.6
"2012-05-15",92.68
"2012-05-16",91.86
"2012-05-17",87.8
"2012-05-18",88.68
"2012-05-21",91.98
"2012-05-22",91.49
"2012-05-23",92.47
"2012-05-24",91.42
"2012-05-25",89.94
"2012-05-29",92.52
"2012-05-30",90.18
"2012-05-31",87.62
"2012-06-01",85.52
"2012-06-04",83.26
"2012-06-05",83.65
"2012-06-06",86.66
"2012-06-07",87.14
"2012-06-08",87.6
"2012-06-11",85.19
"2012-06-12",87.05
"2012-06-13",85.29
"2012-06-14",85.89
"2012-06-15",86.93
"2012-06-18",86.74
"2012-06-19",88.84
"2012-06-20",87.17
"2012-06-21",84.98
"2012-06-22",84.96
"2012-06-25",82.89
"2012-06-26",82.73
"2012-06-27",82.25
"2012-06-28",82.63
"2012-06-29",84.91
"2012-07-02",83.68
"2012-07-03",86.46
"2012-07-05",86.79
"2012-07-06",84.61
"2012-07-09",83.14
"2012-07-10",80.27
"2012-07-11",79.74
"2012-07-12",79.64
"2012-07-13",82.07
"2012-07-16",81.15
"2012-07-17",81.91
"2012-07-18",82.52
"2012-07-19",82.63
"2012-07-20",80.95
"2012-07-23",81.58
"2012-07-24",81.43
"2012-07-25",82.6
"2012-07-26",83.3
"2012-07-27",86.16
"2012-07-30",85.69
"2012-07-31",84.21
"2012-08-01",82.65
"2012-08-02",83.12
"2012-08-03",85.02
"2012-08-06",86.35
"2012-08-07",87.22
"2012-08-08",87.22
"2012-08-09",88.4
"2012-08-10",88.94
"2012-08-13",88.61
"2012-08-14",87.87
"2012-08-15",87.61
"2012-08-16",88.59
"2012-08-17",90.01
"2012-08-20",90.44
"2012-08-21",90.29
"2012-08-22",88.72
"2012-08-23",87.63
"2012-08-24",87.47
"2012-08-27",86.63
"2012-08-28",86.01
"2012-08-29",86.09
"2012-08-30",84.47
"2012-08-31",85.33
"2012-09-04",82.66
"2012-09-05",82.75
"2012-09-06",84.79
"2012-09-07",88.1
"2012-09-10",87.1
"2012-09-11",88.6
"2012-09-12",89.12
"2012-09-13",90.68
"2012-09-14",93.17
"2012-09-17",91.99
"2012-09-18",93.07
"2012-09-19",93.94
"2012-09-20",92.54
"2012-09-21",91.72
"2012-09-24",90.87
"2012-09-25",87.01
"2012-09-26",86.95
"2012-09-27",86.92
"2012-09-28",86.04
"2012-10-01",85.47
"2012-10-02",85.47
"2012-10-03",85.28
"2012-10-04",85.96
"2012-10-05",85.43
"2012-10-08",85.44
"2012-10-09",84.75
"2012-10-10",83.16
"2012-10-11",82.85
"2012-10-12",82.82
"2012-10-15",82.81
"2012-10-16",84.96
"2012-10-17",86.63
"2012-10-18",86.62
"2012-10-19",83.86
"2012-10-22",85.08
"2012-10-23",83.58
"2012-10-24",82.73
"2012-10-25",83.53
"2012-10-26",84.25
"2012-10-31",84.81
"2012-11-01",87.65
"2012-11-02",85.79
"2012-11-05",86.77
"2012-11-06",88.08
"2012-11-07",85.02
"2012-11-08",83.66
"2012-11-09",84.95
"2012-11-12",85.18
"2012-11-13",83.26
"2012-11-14",81.1
"2012-11-15",81.3
"2012-11-16",81.93
"2012-11-19",83.62
"2012-11-20",83.33
"2012-11-21",83.05
"2012-11-23",84.16
"2012-11-26",84.65
"2012-11-27",84.01
"2012-11-28",84.94
"2012-11-29",86.25
"2012-11-30",85.24
"2012-12-03",84.49
"2012-12-04",84.16
"2012-12-05",86.05
"2012-12-06",85.95
"2012-12-07",86.99
"2012-12-10",87.23
"2012-12-11",87.33
"2012-12-12",87.95
"2012-12-13",88.36
"2012-12-14",89.
"2012-12-17",89.64
"2012-12-18",90.77
"2012-12-19",90.79
"2012-12-20",89.5
"2012-12-21",87.9
"2012-12-24",87.48
"2012-12-26",87.67
"2012-12-27",87.66
"2012-12-28",86.81
"2012-12-31",89.6085
"2013-01-02",93.5
"2013-01-03",94.4
"2013-01-04",94.92
"2013-01-07",95.21
"2013-01-08",94.
"2013-01-09",94.44
"2013-01-10",95.08
"2013-01-11",95.19
"2013-01-14",94.63
"2013-01-15",95.67
"2013-01-16",95.19
"2013-01-17",95.7
"2013-01-18",97.62
"2013-01-22",97.72
"2013-01-23",96.85
"2013-01-24",96.6
"2013-01-25",95.58
"2013-01-28",97.45
"2013-01-29",98.6
"2013-01-30",98.65
"2013-01-31",98.39
"2013-02-01",99.49
"2013-02-04",98.26
"2013-02-05",98.44
"2013-02-06",97.7
"2013-02-07",96.11
"2013-02-08",96.85
"2013-02-11",96.6
"2013-02-12",97.22
"2013-02-13",96.38
"2013-02-14",96.07
"2013-02-15",95.61
"2013-02-19",95.6
"2013-02-20",93.22
"2013-02-21",91.53
"2013-02-22",91.54
"2013-02-25",89.16
"2013-02-26",89.95
"2013-02-27",92.25
"2013-02-28",92.37
"2013-03-01",91.36
"2013-03-04",89.75
"2013-03-05",90.21
"2013-03-06",89.64
"2013-03-07",89.65
"2013-03-08",90.51
"2013-03-11",91.18
"2013-03-12",89.74
"2013-03-13",89.28
"2013-03-14",88.7
"2013-03-15",88.83
"2013-03-18",89.36
"2013-03-19",88.27
"2013-03-20",86.94
"2013-03-21",86.83
"2013-03-22",87.48
"2013-03-25",86.64
"2013-03-26",87.
"2013-03-27",86.9
"2013-03-28",86.97
"2013-04-01",85.64
"2013-04-02",84.88
"2013-04-03",84.12
"2013-04-04",84.63
"2013-04-05",84.6
"2013-04-08",84.19
"2013-04-09",85.9
"2013-04-10",86.57
"2013-04-11",85.7
"2013-04-12",85.05
"2013-04-15",82.27
"2013-04-16",82.61
"2013-04-17",81.47
"2013-04-18",80.46
"2013-04-19",80.43
"2013-04-22",82.71
"2013-04-23",84.1
"2013-04-24",83.78
"2013-04-25",84.51
"2013-04-26",84.68
"2013-04-29",84.8
"2013-04-30",84.67
"2013-05-01",83.08
"2013-05-02",84.26
"2013-05-03",86.98
"2013-05-06",87.59
"2013-05-07",89.79
"2013-05-08",90.31
"2013-05-09",89.95
"2013-05-10",88.62
"2013-05-13",88.07
"2013-05-14",87.55
"2013-05-15",87.
"2013-05-16",86.78
"2013-05-17",87.67
"2013-05-20",88.33
"2013-05-21",88.1
"2013-05-22",87.7
"2013-05-23",86.95
"2013-05-24",86.21
"2013-05-28",86.19
"2013-05-29",86.49
"2013-05-30",86.41
"2013-05-31",85.8
"2013-06-03",86.13
"2013-06-04",85.92
"2013-06-05",84.42
"2013-06-06",84.
"2013-06-07",84.65
"2013-06-10",83.8
"2013-06-11",83.52
"2013-06-12",83.21
"2013-06-13",85.14
"2013-06-14",83.87
"2013-06-17",83.92
"2013-06-18",84.55
"2013-06-19",84.25
"2013-06-20",83.2
"2013-06-21",83.12
"2013-06-24",81.52
"2013-06-25",82.33
"2013-06-26",82.1
"2013-06-27",82.96
"2013-06-28",82.49
"2013-07-01",82.72
"2013-07-02",82.48
"2013-07-03",81.85
"2013-07-05",82.14
"2013-07-08",83.2
"2013-07-09",85.33
"2013-07-10",84.96
"2013-07-11",86.7
"2013-07-12",87.17
"2013-07-15",87.4
"2013-07-16",88.17
"2013-07-17",86.67
"2013-07-18",85.72
"2013-07-19",85.65
"2013-07-22",86.
"2013-07-23",85.52
"2013-07-24",83.44
"2013-07-25",82.14
"2013-07-26",82.06
"2013-07-29",83.02
"2013-07-30",83.19
"2013-07-31",82.91
"2013-08-01",84.44
"2013-08-02",84.3
"2013-08-05",83.56
"2013-08-06",82.53
"2013-08-07",82.43
"2013-08-08",83.96
"2013-08-09",84.51
"2013-08-12",86.32
"2013-08-13",86.57
"2013-08-14",85.82
"2013-08-15",85.86
"2013-08-16",85.16
"2013-08-19",84.2
"2013-08-20",83.86
"2013-08-21",82.94
"2013-08-22",84.17
"2013-08-23",83.89
"2013-08-26",83.56
"2013-08-27",82.7
"2013-08-28",82.45
"2013-08-29",82.53
"2013-08-30",82.54
"2013-09-03",82.51
"2013-09-04",83.54
"2013-09-05",82.95
"2013-09-06",83.39
"2013-09-09",85.59
"2013-09-10",86.61
"2013-09-11",87.13
"2013-09-12",86.84
"2013-09-13",87.01
"2013-09-16",87.18
"2013-09-17",87.07
"2013-09-18",87.84
"2013-09-19",87.75
"2013-09-20",84.75
"2013-09-23",85.03
"2013-09-24",85.11
"2013-09-25",84.5
"2013-09-26",84.2
"2013-09-27",83.8
"2013-09-30",83.4
"2013-10-01",83.76
"2013-10-02",84.07
"2013-10-03",83.97
"2013-10-04",84.2
"2013-10-07",83.53
"2013-10-08",82.85
"2013-10-09",83.52
"2013-10-10",84.73
"2013-10-11",85.61
"2013-10-14",86.24
"2013-10-15",85.75
"2013-10-16",86.27
"2013-10-17",85.85
"2013-10-18",87.34
"2013-10-21",87.7
"2013-10-22",89.17
"2013-10-23",83.76
"2013-10-24",84.53
"2013-10-25",84.77
"2013-10-28",84.28
"2013-10-29",84.07
"2013-10-30",83.49
"2013-10-31",83.36
"2013-11-01",83.59
"2013-11-04",83.89
"2013-11-05",84.05
"2013-11-06",84.22
"2013-11-07",83.65
"2013-11-08",84.24
"2013-11-11",84.15
"2013-11-12",83.85
"2013-11-13",84.2
"2013-11-14",83.76
"2013-11-15",83.74
"2013-11-18",84.04
"2013-11-19",83.67
"2013-11-20",82.68
"2013-11-21",82.12
"2013-11-22",82.88
"2013-11-25",84.4
"2013-11-26",84.36
"2013-11-27",84.67
"2013-11-29",84.6
"2013-12-02",84.25
"2013-12-03",83.87
"2013-12-04",83.97
"2013-12-05",84.41
"2013-12-06",85.5
"2013-12-09",86.09
"2013-12-10",86.42
"2013-12-11",85.28
"2013-12-12",85.57
"2013-12-13",86.05
"2013-12-16",87.38
"2013-12-17",86.92
"2013-12-18",88.17
"2013-12-19",87.54
"2013-12-20",88.93
"2013-12-23",89.96
"2013-12-24",90.91
"2013-12-26",91.15
"2013-12-27",90.87
"2013-12-30",90.87
"2013-12-31",90.81
"2014-01-02",89.87
"2014-01-03",89.82
"2014-01-06",88.64
"2014-01-07",88.93
"2014-01-08",89.14
"2014-01-09",89.71
"2014-01-10",90.51
"2014-01-13",89.89
"2014-01-14",90.56
"2014-01-15",92.41
"2014-01-16",92.01
"2014-01-17",91.44
"2014-01-21",90.6
"2014-01-22",89.64
"2014-01-23",88.48
"2014-01-24",86.17
"2014-01-27",91.29
"2014-01-28",92.47
"2014-01-29",90.62
"2014-01-30",93.2
"2014-01-31",93.91
"2014-02-03",92.42
"2014-02-04",92.5
"2014-02-05",91.96
"2014-02-06",93.83
"2014-02-07",94.87
"2014-02-10",94.5
"2014-02-11",94.96
"2014-02-12",96.17
"2014-02-13",96.11
"2014-02-14",96.55
"2014-02-18",96.56
"2014-02-19",96.21
"2014-02-20",96.92
"2014-02-21",97.5
"2014-02-24",97.32
"2014-02-25",96.41
"2014-02-26",97.2
"2014-02-27",96.7
"2014-02-28",96.97
"2014-03-03",96.31
"2014-03-04",97.02
"2014-03-05",96.37
"2014-03-06",97.6
"2014-03-07",97.05
"2014-03-10",96.75
"2014-03-11",96.84
"2014-03-12",96.82
"2014-03-13",95.61
"2014-03-14",95.39
"2014-03-17",95.67
"2014-03-18",96.41
"2014-03-19",96.04
"2014-03-20",96.21
"2014-03-21",97.39
"2014-03-24",96.85
"2014-03-25",98.59
"2014-03-26",97.8
"2014-03-27",98.45
"2014-03-28",99.39
"2014-03-31",99.37
"2014-04-01",99.81
"2014-04-02",102.63
"2014-04-03",102.55
"2014-04-04",102.17
"2014-04-07",101.11
"2014-04-08",102.39
"2014-04-09",102.99
"2014-04-10",102.26
"2014-04-11",101.45
"2014-04-14",102.78
"2014-04-15",102.5
"2014-04-16",102.93
"2014-04-17",102.83
"2014-04-21",102.64
"2014-04-22",103.69
"2014-04-23",103.38
"2014-04-24",105.28
"2014-04-25",104.69
"2014-04-28",104.26
"2014-04-29",105.3
"2014-04-30",105.4
"2014-05-01",105.07
"2014-05-02",105.01
"2014-05-05",104.52
"2014-05-06",103.87
"2014-05-07",104.62
"2014-05-08",104.94
"2014-05-09",105.06
"2014-05-12",106.2
"2014-05-13",107.15
"2014-05-14",106.53
"2014-05-15",104.99
"2014-05-16",106.03
"2014-05-19",105.39
"2014-05-20",101.56
"2014-05-21",102.88
"2014-05-22",103.08
"2014-05-23",104.03
"2014-05-27",103.68
"2014-05-28",102.91
"2014-05-29",103.6
"2014-05-30",102.23
"2014-06-02",103.76
"2014-06-03",104.49
"2014-06-04",104.31
"2014-06-05",106.96
"2014-06-06",108.18
"2014-06-09",108.75
"2014-06-10",109.31
"2014-06-11",108.69
"2014-06-12",106.65
"2014-06-13",106.77
"2014-06-16",106.81
"2014-06-17",106.67
"2014-06-18",107.48
"2014-06-19",107.25
"2014-06-20",109.38
"2014-06-23",108.78
"2014-06-24",107.81
"2014-06-25",108.44
"2014-06-26",108.52
"2014-06-27",108.78
"2014-06-30",108.67
"2014-07-01",109.17
"2014-07-02",109.56
"2014-07-03",111.08
"2014-07-07",110.16
"2014-07-08",109.46
"2014-07-09",110.14
"2014-07-10",109.36
"2014-07-11",109.96
"2014-07-14",110.09
"2014-07-15",109.85
"2014-07-16",111.4
"2014-07-17",109.07
"2014-07-18",110.17
"2014-07-21",110.23
"2014-07-22",110.06
"2014-07-23",108.38
"2014-07-24",105.04
"2014-07-25",104.85
"2014-07-28",104.15
"2014-07-29",104.69
"2014-07-30",103.38
"2014-07-31",100.75
"2014-08-01",100.52
"2014-08-04",101.81
"2014-08-05",101.5
"2014-08-06",101.49
"2014-08-07",101.94
"2014-08-08",103.28
"2014-08-11",104.5
"2014-08-12",104.33
"2014-08-13",105.16
"2014-08-14",105.66
"2014-08-15",105.74
"2014-08-18",106.98
"2014-08-19",107.3
"2014-08-20",107.7
"2014-08-21",107.97
"2014-08-22",107.31
"2014-08-25",107.97
"2014-08-26",108.06
"2014-08-27",108.55
"2014-08-28",108.65
"2014-08-29",109.07
"2014-09-02",108.92
"2014-09-03",108.46
"2014-09-04",108.82
"2014-09-05",108.54
"2014-09-08",107.91
"2014-09-09",107.4
"2014-09-10",105.93
"2014-09-11",105.59
"2014-09-12",105.02
"2014-09-15",104.86
"2014-09-16",104.86
"2014-09-17",103.99
"2014-09-18",104.34
"2014-09-19",102.51
"2014-09-22",100.9
"2014-09-23",99.99
"2014-09-24",101.2
"2014-09-25",99.51
"2014-09-26",100.38
"2014-09-29",99.83
"2014-09-30",99.03
"2014-10-01",97.61
"2014-10-02",97.41
"2014-10-03",97.39
"2014-10-06",98.
"2014-10-07",94.7
"2014-10-08",96.65
"2014-10-09",93.5
"2014-10-10",93.13
"2014-10-13",91.68
"2014-10-14",92.8
"2014-10-15",92.59
"2014-10-16",93.24
"2014-10-17",95.05
"2014-10-20",94.03
"2014-10-21",95.89
"2014-10-22",94.57
"2014-10-23",99.27
"2014-10-24",99.44
"2014-10-27",98.54
"2014-10-28",101.16
"2014-10-29",100.19
"2014-10-30",100.16
"2014-10-31",101.41
"2014-11-03",100.22
"2014-11-04",98.61
"2014-11-05",99.41
"2014-11-06",100.91
"2014-11-07",101.76
"2014-11-10",102.21
"2014-11-11",102.53
"2014-11-12",102.99
"2014-11-13",101.11
"2014-11-14",101.34
"2014-11-17",101.7
"2014-11-18",102.04
"2014-11-19",101.3
"2014-11-20",102.09
"2014-11-21",106.45
"2014-11-24",105.96
"2014-11-25",106.24
"2014-11-26",105.79
"2014-11-28",100.6
"2014-12-01",99.
"2014-12-02",99.51
"2014-12-03",100.18
"2014-12-04",99.67
"2014-12-05",98.78
"2014-12-08",95.25
"2014-12-09",95.45
"2014-12-10",93.02
"2014-12-11",92.69
"2014-12-12",90.5
"2014-12-15",89.75
"2014-12-16",89.34
"2014-12-17",89.75
"2014-12-18",91.69
"2014-12-19",91.71
"2014-12-22",92.32
"2014-12-23",93.5
"2014-12-24",93.72
"2014-12-26",94.23
"2014-12-29",93.71
"2014-12-30",92.59
"2014-12-31",91.53
"2015-01-02",91.88
"2015-01-05",87.03
"2015-01-06",86.47
"2015-01-07",87.81
"2015-01-08",88.71
"2015-01-09",87.65
"2015-01-12",86.89
"2015-01-13",86.37
"2015-01-14",86.07
"2015-01-15",84.32
"2015-01-16",83.86
"2015-01-20",83.97
"2015-01-21",85.37
"2015-01-22",86.82
"2015-01-23",85.61
"2015-01-26",86.03
"2015-01-27",79.85
"2015-01-28",80.01
"2015-01-29",80.
"2015-01-30",79.97
"2015-02-02",80.84
"2015-02-03",83.92
"2015-02-04",81.95
"2015-02-05",83.57
"2015-02-06",83.21
"2015-02-09",84.67
"2015-02-10",83.9
"2015-02-11",83.41
"2015-02-12",83.53
"2015-02-13",85.13
"2015-02-17",85.38
"2015-02-18",84.8
"2015-02-19",83.3
"2015-02-20",84.44
"2015-02-23",83.49
"2015-02-24",84.5
"2015-02-25",85.15
"2015-02-26",83.8
"2015-02-27",82.9
"2015-03-02",83.
"2015-03-03",82.84
"2015-03-04",81.73
"2015-03-05",81.51
"2015-03-06",80.06
"2015-03-09",80.81
"2015-03-10",79.91
"2015-03-11",79.7
"2015-03-12",80.19
"2015-03-13",79.23
"2015-03-16",79.97
"2015-03-17",78.45
"2015-03-18",81.33
"2015-03-19",80.09
"2015-03-20",81.19
"2015-03-23",81.09
"2015-03-24",80.48
"2015-03-25",79.86
"2015-03-26",79.88
"2015-03-27",79.67
"2015-03-30",81.37
"2015-03-31",80.03
"2015-04-01",79.64
"2015-04-02",80.24
"2015-04-06",81.49
"2015-04-07",80.54
"2015-04-08",80.44
"2015-04-09",80.68
"2015-04-10",82.6
"2015-04-13",82.14
"2015-04-14",83.
"2015-04-15",85.16
"2015-04-16",84.34
"2015-04-17",83.28
"2015-04-20",84.6
"2015-04-21",83.92
"2015-04-22",84.87
"2015-04-23",84.79
"2015-04-24",84.6
"2015-04-27",85.33
"2015-04-28",86.2
"2015-04-29",87.5
"2015-04-30",86.88
"2015-05-01",87.37
"2015-05-04",87.3
"2015-05-05",87.
"2015-05-06",86.99
"2015-05-07",86.43
"2015-05-08",87.31
"2015-05-11",88.77
"2015-05-12",88.16
"2015-05-13",88.44
"2015-05-14",88.74
"2015-05-15",88.43
"2015-05-18",88.29
"2015-05-19",87.24
"2015-05-20",87.93
"2015-05-21",89.33
"2015-05-22",88.63
"2015-05-26",87.84
"2015-05-27",87.92
"2015-05-28",86.01
"2015-05-29",85.32
"2015-06-01",85.53
"2015-06-02",86.17
"2015-06-03",86.23
"2015-06-04",85.47
"2015-06-05",86.05
"2015-06-08",86.15
"2015-06-09",86.73
"2015-06-10",88.48
"2015-06-11",88.17
"2015-06-12",87.85
"2015-06-15",87.13
"2015-06-16",86.59
"2015-06-17",87.25
"2015-06-18",87.44
"2015-06-19",87.52
"2015-06-22",88.27
"2015-06-23",88.45
"2015-06-24",88.17
"2015-06-25",86.72
"2015-06-26",86.82
"2015-06-29",85.3
"2015-06-30",84.82
"2015-07-01",83.95
"2015-07-02",84.38
"2015-07-06",83.15
"2015-07-07",83.99
"2015-07-08",82.27
"2015-07-09",81.69
"2015-07-10",82.15
"2015-07-13",83.64
"2015-07-14",84.46
"2015-07-15",84.16
"2015-07-16",83.76
"2015-07-17",83.16
"2015-07-20",82.25
"2015-07-21",82.22
"2015-07-22",79.76
"2015-07-23",76.88
"2015-07-24",76.1
"2015-07-27",75.32
"2015-07-28",77.78
"2015-07-29",77.33
"2015-07-30",78.35
"2015-07-31",78.63
"2015-08-03",77.26
"2015-08-04",76.6
"2015-08-05",76.88
"2015-08-06",77.46
"2015-08-07",77.29
"2015-08-10",80.16
"2015-08-11",78.04
"2015-08-12",78.92
"2015-08-13",77.76
"2015-08-14",78.49
"2015-08-17",78.54
"2015-08-18",78.82
"2015-08-19",77.41
"2015-08-20",76.41
"2015-08-21",75.
"2015-08-24",72.82
"2015-08-25",72.06
"2015-08-26",73.87
"2015-08-27",75.66
"2015-08-28",75.95
"2015-08-31",76.44
"2015-09-01",74.9
"2015-09-02",76.1
"2015-09-03",74.45
"2015-09-04",73.1
"2015-09-08",74.3
"2015-09-09",72.96
"2015-09-10",72.42
"2015-09-11",72.63
"2015-09-14",72.77
"2015-09-15",74.58
"2015-09-16",75.64
"2015-09-17",74.06
"2015-09-18",71.86
"2015-09-21",72.16
"2015-09-22",71.68
"2015-09-23",70.2
"2015-09-24",65.8
"2015-09-25",64.98
"2015-09-28",63.79
"2015-09-29",64.31
"2015-09-30",65.36
"2015-10-01",64.39
"2015-10-02",65.7
"2015-10-05",69.18
"2015-10-06",70.82
"2015-10-07",70.38
"2015-10-08",71.84
"2015-10-09",71.3
"2015-10-12",70.5
"2015-10-13",70.17
"2015-10-14",70.71
"2015-10-15",70.83
"2015-10-16",69.68
"2015-10-19",69.27
"2015-10-20",70.27
"2015-10-21",69.67
"2015-10-22",70.88
"2015-10-23",71.75
"2015-10-26",71.52
"2015-10-27",70.39
"2015-10-28",71.97
"2015-10-29",71.97
"2015-10-30",72.99
"2015-11-02",74.34
"2015-11-03",74.75
"2015-11-04",74.55
"2015-11-05",74.22
"2015-11-06",73.84
"2015-11-09",71.89
"2015-11-10",72.43
"2015-11-11",71.91
"2015-11-12",68.66
"2015-11-13",69.63
"2015-11-16",70.39
"2015-11-17",69.39
"2015-11-18",70.32
"2015-11-19",70.02
"2015-11-20",71.14
"2015-11-23",71.02
"2015-11-24",71.4
"2015-11-25",71.49
"2015-11-27",71.22
"2015-11-30",72.65
"2015-12-01",71.56
"2015-12-02",71.03
"2015-12-03",69.64
"2015-12-04",69.98
"2015-12-07",68.36
"2015-12-08",66.54
"2015-12-09",65.91
"2015-12-10",66.38
"2015-12-11",65.43
"2015-12-14",66.12
"2015-12-15",66.75
"2015-12-16",67.72
"2015-12-17",64.9
"2015-12-18",65.11
"2015-12-21",65.24
"2015-12-22",68.41
"2015-12-23",69.89
"2015-12-24",69.38
"2015-12-28",68.58
"2015-12-29",69.19
"2015-12-30",68.69
"2015-12-31",67.96
"2016-01-04",67.99
"2016-01-05",67.28
"2016-01-06",66.22
"2016-01-07",63.94
"2016-01-08",63.29
"2016-01-11",61.47
"2016-01-12",61.6
"2016-01-13",60.89
"2016-01-14",62.27
"2016-01-15",59.87
"2016-01-19",59.03
"2016-01-20",58.81
"2016-01-21",59.69
"2016-01-22",60.98
"2016-01-25",57.91
"2016-01-26",59.16
"2016-01-27",58.32
"2016-01-28",61.08
"2016-01-29",62.24
"2016-02-01",62.7
"2016-02-02",60.67
"2016-02-03",63.27
"2016-02-04",65.96
"2016-02-05",66.12
"2016-02-08",64.58
"2016-02-09",63.93
"2016-02-10",62.14
"2016-02-11",61.41
"2016-02-12",63.15
"2016-02-16",65.21
"2016-02-17",67.26
"2016-02-18",66.12
"2016-02-19",65.42
"2016-02-22",67.31
"2016-02-23",65.78
"2016-02-24",65.88
"2016-02-25",66.47
"2016-02-26",66.87
"2016-02-29",67.7
"2016-03-01",69.09
"2016-03-02",69.38
"2016-03-03",71.75
"2016-03-04",72.84
"2016-03-07",74.77
"2016-03-08",71.73
"2016-03-09",71.87
"2016-03-10",71.36
"2016-03-11",72.8
"2016-03-14",72.73
"2016-03-15",72.44
"2016-03-16",74.34
"2016-03-17",75.9
"2016-03-18",75.47
"2016-03-21",75.89
"2016-03-22",75.55
"2016-03-23",73.68
"2016-03-24",75.29
"2016-03-28",75.32
"2016-03-29",76.01
"2016-03-30",76.51
"2016-03-31",76.54
"2016-04-01",76.79
"2016-04-04",75.72
"2016-04-05",75.24
"2016-04-06",75.22
"2016-04-07",74.17
"2016-04-08",74.35
"2016-04-11",74.63
"2016-04-12",76.1
"2016-04-13",79.13
"2016-04-14",79.05
"2016-04-15",79.17
"2016-04-18",79.25
"2016-04-19",80.39
"2016-04-20",79.74
"2016-04-21",78.66
"2016-04-22",78.32
"2016-04-25",76.79
"2016-04-26",77.65
"2016-04-27",78.68
"2016-04-28",77.75
"2016-04-29",77.72
"2016-05-02",77.84
"2016-05-03",76.36
"2016-05-04",74.24
"2016-05-05",72.79
"2016-05-06",73.36
"2016-05-09",70.78
"2016-05-10",72.51
"2016-05-11",72.43
"2016-05-12",71.7
"2016-05-13",70.07
"2016-05-16",70.7
"2016-05-17",71.05
"2016-05-18",70.59
"2016-05-19",69.43
"2016-05-20",69.87
"2016-05-23",70.4
"2016-05-24",71.09
"2016-05-25",72.57
"2016-05-26",72.08
"2016-05-27",71.96
"2016-05-31",72.51
"2016-06-01",72.27
"2016-06-02",73.62
"2016-06-03",75.04
"2016-06-06",76.42
"2016-06-07",76.81
"2016-06-08",78.11
"2016-06-09",77.16
"2016-06-10",76.03
"2016-06-13",75.23
"2016-06-14",74.86
"2016-06-15",75.07
"2016-06-16",74.99
"2016-06-17",75.93
"2016-06-20",76.43
"2016-06-21",76.49
"2016-06-22",76.43
"2016-06-23",78.22
"2016-06-24",73.03
"2016-06-27",71.38
"2016-06-28",72.52
"2016-06-29",74.23
"2016-06-30",75.81
"2016-07-01",76.45
"2016-07-05",74.38
"2016-07-06",74.83
"2016-07-07",75.05
"2016-07-08",77.37
"2016-07-11",77.8
"2016-07-12",79.8
"2016-07-13",79.69
"2016-07-14",80.06
"2016-07-15",80.7
"2016-07-18",79.82
"2016-07-19",79.74
"2016-07-20",79.69
"2016-07-21",80.01
"2016-07-22",79.38
"2016-07-25",78.69
"2016-07-26",82.75
"2016-07-27",84.1
"2016-07-28",82.92
"2016-07-29",82.76
"2016-08-01",81.95
"2016-08-02",81.24
"2016-08-03",82.03
"2016-08-04",81.77
"2016-08-05",82.56
"2016-08-08",83.44
"2016-08-09",82.83
"2016-08-10",82.65
"2016-08-11",83.24
"2016-08-12",83.
"2016-08-15",84.15
"2016-08-16",84.29
"2016-08-17",84.41
"2016-08-18",83.38
"2016-08-19",83.84
"2016-08-22",83.59
"2016-08-23",84.01
"2016-08-24",83.15
"2016-08-25",82.84
"2016-08-26",82.66
"2016-08-29",83.1
"2016-08-30",82.48
"2016-08-31",81.95
"2016-09-01",81.45
"2016-09-02",81.69
"2016-09-06",82.08
"2016-09-07",83.72
"2016-09-08",83.54
"2016-09-09",80.79
"2016-09-12",81.92
"2016-09-13",80.23
"2016-09-14",81.02
"2016-09-15",82.03
"2016-09-16",82.05
"2016-09-19",81.88
"2016-09-20",81.7
"2016-09-21",83.47
"2016-09-22",83.5
"2016-09-23",82.44
"2016-09-26",82.37
"2016-09-27",82.88
"2016-09-28",86.59
"2016-09-29",87.47
"2016-09-30",88.77
"2016-10-03",88.28
"2016-10-04",87.51
"2016-10-05",89.42
"2016-10-06",89.29
"2016-10-07",88.47
"2016-10-10",88.22
"2016-10-11",87.47
"2016-10-12",87.58
"2016-10-13",86.97
"2016-10-14",87.67
"2016-10-17",87.29
"2016-10-18",87.22
"2016-10-19",88.
"2016-10-20",86.63
"2016-10-21",86.33
"2016-10-24",85.99
"2016-10-25",84.48
"2016-10-26",84.13
"2016-10-27",83.01
"2016-10-28",83.88
"2016-10-31",83.46
"2016-11-01",82.24
"2016-11-02",81.11
"2016-11-03",81.27
"2016-11-04",82.31
"2016-11-07",83.75
"2016-11-08",84.68
"2016-11-09",91.2
"2016-11-10",93.45
"2016-11-11",93.01
"2016-11-14",94.17
"2016-11-15",94.44
"2016-11-16",93.35
"2016-11-17",92.78
"2016-11-18",92.34
"2016-11-21",92.9
"2016-11-22",93.62
"2016-11-23",96.18
"2016-11-25",95.81
"2016-11-28",94.9
"2016-11-29",94.04
"2016-11-30",95.56
"2016-12-01",96.24
"2016-12-02",95.14
"2016-12-05",94.45
"2016-12-06",95.22
"2016-12-07",97.33
"2016-12-08",96.27
"2016-12-09",95.53
"2016-12-12",95.08
"2016-12-13",96.02
"2016-12-14",93.74
"2016-12-15",94.53
"2016-12-16",92.58
"2016-12-19",92.71
"2016-12-20",94.34
"2016-12-21",93.82
"2016-12-22",94.12
"2016-12-23",94.32
"2016-12-27",94.55
"2016-12-28",93.15
"2016-12-29",93.29
"2016-12-30",92.74
"2017-01-03",93.99
"2017-01-04",93.57
"2017-01-05",93.
"2017-01-06",93.04
"2017-01-09",92.37
"2017-01-10",93.83
"2017-01-11",94.65
"2017-01-12",93.99
"2017-01-13",94.48
"2017-01-17",93.57
"2017-01-18",93.33
"2017-01-19",93.38
"2017-01-20",94.58
"2017-01-23",94.46
"2017-01-24",96.24
"2017-01-25",98.15
"2017-01-26",97.22
"2017-01-27",98.99
"2017-01-30",96.79
"2017-01-31",95.66
"2017-02-01",95.11
"2017-02-02",93.77
"2017-02-03",93.28
"2017-02-06",92.87
"2017-02-07",93.31
"2017-02-08",92.91
"2017-02-09",93.96
"2017-02-10",96.31
"2017-02-13",98.5
"2017-02-14",98.09
"2017-02-15",99.02
"2017-02-16",98.26
"2017-02-17",98.85
"2017-02-21",98.1
"2017-02-22",98.2
"2017-02-23",95.55
"2017-02-24",95.48
"2017-02-27",97.44
"2017-02-28",96.66
"2017-03-01",98.58
"2017-03-02",94.36
"2017-03-03",95.12
"2017-03-06",95.66
"2017-03-07",95.93
"2017-03-08",93.23
"2017-03-09",91.39
"2017-03-10",92.31
"2017-03-13",92.64
"2017-03-14",91.86
"2017-03-15",93.36
"2017-03-16",92.85
"2017-03-17",92.91
"2017-03-20",95.4
"2017-03-21",92.43
"2017-03-22",92.43
"2017-03-23",92.23
"2017-03-24",92.15
"2017-03-27",91.51
"2017-03-28",92.95
"2017-03-29",92.86
"2017-03-30",93.22
"2017-03-31",92.76
"2017-04-03",92.27
"2017-04-04",94.13
"2017-04-05",94.24
"2017-04-06",95.82
"2017-04-07",95.52
"2017-04-10",97.14
"2017-04-11",97.1
"2017-04-12",94.86
"2017-04-13",93.1
"2017-04-17",94.14
"2017-04-18",94.39
"2017-04-19",93.47
"2017-04-20",94.66
"2017-04-21",94.32
"2017-04-24",96.81
"2017-04-25",104.42
"2017-04-26",104.66
"2017-04-27",102.68
"2017-04-28",102.26
"2017-05-01",102.
"2017-05-02",101.51
"2017-05-03",101.54
"2017-05-04",99.39
"2017-05-05",99.64
"2017-05-08",99.37
"2017-05-09",99.29
"2017-05-10",100.36
"2017-05-11",100.99
"2017-05-12",100.71
"2017-05-15",102.42
"2017-05-16",102.34
"2017-05-17",100.14
"2017-05-18",100.22
"2017-05-19",102.43
"2017-05-22",102.29
"2017-05-23",103.63
"2017-05-24",103.95
"2017-05-25",105.02
"2017-05-26",105.66
"2017-05-30",105.47
"2017-05-31",105.43
"2017-06-01",105.65
"2017-06-02",105.95
"2017-06-05",105.2
"2017-06-06",104.55
"2017-06-07",103.51
"2017-06-08",105.01
"2017-06-09",105.92
"2017-06-12",106.07
"2017-06-13",105.75
"2017-06-14",104.71
"2017-06-15",106.4
"2017-06-16",107.6
"2017-06-19",107.49
"2017-06-20",107.04
"2017-06-21",103.47
"2017-06-22",103.84
"2017-06-23",104.11
"2017-06-26",104.25
"2017-06-27",103.93
"2017-06-28",106.45
"2017-06-29",105.64
"2017-06-30",107.46
"2017-07-03",106.97
"2017-07-05",107.49
"2017-07-06",106.51
"2017-07-07",106.92
"2017-07-10",107.84
"2017-07-11",108.24
"2017-07-12",108.96
"2017-07-13",108.47
"2017-07-14",108.77
"2017-07-17",108.84
"2017-07-18",107.07
"2017-07-19",107.85
"2017-07-20",107.32
"2017-07-21",106.59
"2017-07-24",108.18
"2017-07-25",114.54
"2017-07-26",113.52
"2017-07-27",114.37
"2017-07-28",114.1
"2017-07-31",113.95
"2017-08-01",113.1
"2017-08-02",113.09
"2017-08-03",113.56
"2017-08-04",114.35
"2017-08-07",114.71
"2017-08-08",114.41
"2017-08-09",114.34
"2017-08-10",113.15
"2017-08-11",112.85
"2017-08-14",113.71
"2017-08-15",113.65
"2017-08-16",114.12
"2017-08-17",113.14
"2017-08-18",113.92
"2017-08-21",113.6
"2017-08-22",115.82
"2017-08-23",114.75
"2017-08-24",114.78
"2017-08-25",115.35
"2017-08-28",115.07
"2017-08-29",116.01
"2017-08-30",117.55
"2017-08-31",117.49
"2017-09-01",118.28
"2017-09-05",118.3
"2017-09-06",116.98
"2017-09-07",117.77
"2017-09-08",117.82
"2017-09-11",118.87
"2017-09-12",120.94
"2017-09-13",119.63
"2017-09-14",120.48
"2017-09-15",121.37
"2017-09-18",123.83
"2017-09-19",124.74
"2017-09-20",124.85
"2017-09-21",124.79
"2017-09-22",124.43
"2017-09-25",124.32
"2017-09-26",124.51
"2017-09-27",124.52
"2017-09-28",125.23
"2017-09-29",124.71
"2017-10-02",124.72
"2017-10-03",125.51
"2017-10-04",126.74
"2017-10-05",126.4
"2017-10-06",126.93
"2017-10-09",126.88
"2017-10-10",128.19
"2017-10-11",128.6
"2017-10-12",129.99
"2017-10-13",130.71
"2017-10-16",131.47
"2017-10-17",130.54
"2017-10-18",131.29
"2017-10-19",131.55
"2017-10-20",131.36
"2017-10-23",131.68
"2017-10-24",138.24
"2017-10-25",136.84
"2017-10-26",136.94
"2017-10-27",137.81
"2017-10-30",136.49
"2017-10-31",135.8
"2017-11-01",136.29
"2017-11-02",136.47
"2017-11-03",136.63
"2017-11-06",137.71
"2017-11-07",138.81
"2017-11-08",137.29
"2017-11-09",135.34
"2017-11-10",136.48
"2017-11-13",136.53
"2017-11-14",137.54
"2017-11-15",134.1
"2017-11-16",136.36
"2017-11-17",136.13
"2017-11-20",136.91
"2017-11-21",137.6
"2017-11-22",138.01
"2017-11-24",137.39
"2017-11-27",137.19
"2017-11-28",138.99
"2017-11-29",138.06
"2017-11-30",141.15
"2017-12-01",141.52
"2017-12-04",141.5
"2017-12-05",140.14
"2017-12-06",140.34
"2017-12-07",142.89
"2017-12-08",143.86
"2017-12-11",143.77
"2017-12-12",143.42
"2017-12-13",148.57
"2017-12-14",146.28
"2017-12-15",146.69
"2017-12-18",149.77
"2017-12-19",150.91
"2017-12-20",152.52
"2017-12-21",154.64
"2017-12-22",155.75
"2017-12-26",156.44
"2017-12-27",157.52
"2017-12-28",158.42
"2017-12-29",157.58
"2018-01-02",157.04
"2018-01-03",157.28
"2018-01-04",159.44
"2018-01-05",161.96
"2018-01-08",166.03
"2018-01-09",166.43
"2018-01-10",165.87
"2018-01-11",169.2
"2018-01-12",170.3
"2018-01-16",169.31
"2018-01-17",168.5
"2018-01-18",168.83
"2018-01-19",170.41
"2018-01-22",170.89
"2018-01-23",169.43
"2018-01-24",168.34
"2018-01-25",169.37
"2018-01-26",167.06
"2018-01-29",162.58
"2018-01-30",163.76
"2018-01-31",162.78
"2018-02-01",162.24
"2018-02-02",157.49
"2018-02-05",151.08
"2018-02-06",156.41
"2018-02-07",154.34
"2018-02-08",145.99
"2018-02-09",149.21
"2018-02-12",152.29
"2018-02-13",153.97
"2018-02-14",158.06
"2018-02-15",159.98
"2018-02-16",156.29
"2018-02-20",155.56
"2018-02-21",155.23
"2018-02-22",158.86
"2018-02-23",162.41
"2018-02-26",163.69
"2018-02-27",161.26
"2018-02-28",154.63
"2018-03-01",150.23
"2018-03-02",146.38
"2018-03-05",151.12
"2018-03-06",153.75
"2018-03-07",151.51
"2018-03-08",153.59
"2018-03-09",158.25
"2018-03-12",154.5
"2018-03-13",153.69
"2018-03-14",152.54
"2018-03-15",154.57
"2018-03-16",156.46
"2018-03-19",152.15
"2018-03-20",154.06
"2018-03-21",155.8
"2018-03-22",146.9
"2018-03-23",144.29
"2018-03-26",149.19
"2018-03-27",146.99
"2018-03-28",145.16
"2018-03-29",147.38
"2018-04-02",143.89
"2018-04-03",145.06
"2018-04-04",145.18
"2018-04-05",148.13
"2018-04-06",142.99
"2018-04-09",143.08
"2018-04-10",148.09
"2018-04-11",146.79
"2018-04-12",150.14
"2018-04-13",150.23
"2018-04-16",152.14
"2018-04-17",153.31
"2018-04-18",155.95
"2018-04-19",155.7
"2018-04-20",153.25
"2018-04-23",153.99
"2018-04-24",144.44
"2018-04-25",145.19
"2018-04-26",146.31
"2018-04-27",144.72
"2018-04-30",144.36
"2018-05-01",144.42
"2018-05-02",143.86
"2018-05-03",143.78
"2018-05-04",146.37
"2018-05-07",149.82
"2018-05-08",149.93
"2018-05-09",152.61
"2018-05-10",153.97
"2018-05-11",154.86
"2018-05-14",155.28
"2018-05-15",152.59
"2018-05-16",153.8
"2018-05-17",153.69
"2018-05-18",155.71
"2018-05-21",158.92
"2018-05-22",156.2
"2018-05-23",157.74
"2018-05-24",157.7
"2018-05-25",155.85
"2018-05-29",153.62
"2018-05-30",155.46
"2018-05-31",151.91
"2018-06-01",153.52
"2018-06-04",152.5
"2018-06-05",153.01
"2018-06-06",156.51
"2018-06-07",156.29
"2018-06-08",155.32
"2018-06-11",156.3
"2018-06-12",157.49
"2018-06-13",154.71
"2018-06-14",153.14
"2018-06-15",150.02
"2018-06-18",148.68
"2018-06-19",143.3
"2018-06-20",143.13
"2018-06-21",139.53
"2018-06-22",139.94
"2018-06-25",136.58
"2018-06-26",135.54
"2018-06-27",134.61
"2018-06-28",136.03
"2018-06-29",135.67
"2018-07-02",136.29
"2018-07-03",133.83
"2018-07-05",135.81
"2018-07-06",135.41
"2018-07-09",140.97
"2018-07-10",141.25
"2018-07-11",136.76
"2018-07-12",139.42
"2018-07-13",140.75
"2018-07-16",138.08
"2018-07-17",138.95
"2018-07-18",141.12
"2018-07-19",139.42
"2018-07-20",136.82
"2018-07-23",136.28
"2018-07-24",137.97
"2018-07-25",140.48
"2018-07-26",142.58
"2018-07-27",142.56
"2018-07-30",139.75
"2018-07-31",143.8
"2018-08-01",138.54
"2018-08-02",138.01
"2018-08-03",138.51
"2018-08-06",139.48
"2018-08-07",142.38
"2018-08-08",139.71
"2018-08-09",138.52
"2018-08-10",135.92
"2018-08-13",135.02
"2018-08-14",134.92
"2018-08-15",132.02
"2018-08-16",136.26
"2018-08-17",139.34
"2018-08-20",138.67
"2018-08-21",139.99
"2018-08-22",139.63
"2018-08-23",136.79
"2018-08-24",138.21
"2018-08-27",142.04
"2018-08-28",142.
"2018-08-29",141.86
"2018-08-30",139.06
"2018-08-31",138.85
"2018-09-04",138.24
"2018-09-05",140.59
"2018-09-06",141.57
"2018-09-07",141.32
"2018-09-10",142.05
"2018-09-11",142.03
"2018-09-12",144.28
"2018-09-13",145.54
"2018-09-14",144.9
"2018-09-17",146.22
"2018-09-18",149.07
"2018-09-19",152.76
"2018-09-20",156.
"2018-09-21",156.38
"2018-09-24",154.
"2018-09-25",154.09
"2018-09-26",153.17
"2018-09-27",152.47
"2018-09-28",152.49
"2018-10-01",152.28
"2018-10-02",154.82
"2018-10-03",158.22
"2018-10-04",156.75
"2018-10-05",153.31
"2018-10-08",153.35
"2018-10-09",149.46
"2018-10-10",143.72
"2018-10-11",140.97
"2018-10-12",142.07
"2018-10-15",141.8
"2018-10-16",143.71
"2018-10-17",141.34
"2018-10-18",135.8
"2018-10-19",131.32
"2018-10-22",128.71
"2018-10-23",118.98
"2018-10-24",112.34
"2018-10-25",115.63
"2018-10-26",115.05
"2018-10-29",113.98
"2018-10-30",117.46
"2018-10-31",121.32
"2018-11-01",124.7
"2018-11-02",125.79
"2018-11-05",126.41
"2018-11-06",129.33
"2018-11-07",135.1
"2018-11-08",131.39
"2018-11-09",126.91
"2018-11-12",125.
"2018-11-13",125.96
