"2003-01-31",41.45
"2003-02-03",41.43
"2003-02-04",41.05
"2003-02-05",41.33
"2003-02-06",41.24
"2003-02-07",40.91
"2003-02-10",40.96
"2003-02-11",40.44
"2003-02-12",40.08
"2003-02-13",40.18
"2003-02-14",40.39
"2003-02-18",39.81
"2003-02-19",38.97
"2003-02-20",38.5
"2003-02-21",38.83
"2003-02-24",38.26
"2003-02-25",38.39
"2003-02-26",38.04
"2003-02-27",38.54
"2003-02-28",38.76
"2003-03-03",38.91
"2003-03-04",38.14
"2003-03-05",38.34
"2003-03-06",37.89
"2003-03-07",38.51
"2003-03-10",38.07
"2003-03-11",37.58
"2003-03-12",37.49
"2003-03-13",39.41
"2003-03-14",39.5
"2003-03-17",41.45
"2003-03-18",42.17
"2003-03-19",42.16
"2003-03-20",42.2
"2003-03-21",42.97
"2003-03-24",41.47
"2003-03-25",41.97
"2003-03-26",41.96
"2003-03-27",41.63
"2003-03-28",41.64
"2003-03-31",41.43
"2003-04-01",42.07
"2003-04-02",43.22
"2003-04-03",42.35
"2003-04-04",42.67
"2003-04-07",42.61
"2003-04-08",41.73
"2003-04-09",40.99
"2003-04-10",41.24
"2003-04-11",40.86
"2003-04-14",41.7
"2003-04-15",42.48
"2003-04-16",41.62
"2003-04-17",42.33
"2003-04-21",42.13
"2003-04-22",42.96
"2003-04-23",43.2
"2003-04-24",42.81
"2003-04-25",41.26
"2003-04-28",42.21
"2003-04-29",42.6
"2003-04-30",43.07
"2003-05-01",42.75
"2003-05-02",43.1
"2003-05-05",43.1
"2003-05-06",43.19
"2003-05-07",42.67
"2003-05-08",42.32
"2003-05-09",42.95
"2003-05-12",43.77
"2003-05-13",43.95
"2003-05-14",43.71
"2003-05-15",44.04
"2003-05-16",43.82
"2003-05-19",42.6
"2003-05-20",42.53
"2003-05-21",42.47
"2003-05-22",42.67
"2003-05-23",42.3
"2003-05-27",43.05
"2003-05-28",42.9
"2003-05-29",42.16
"2003-05-30",43.59
"2003-06-02",43.77
"2003-06-03",43.3
"2003-06-04",43.89
"2003-06-05",43.6
"2003-06-06",43.52
"2003-06-09",42.31
"2003-06-10",42.38
"2003-06-11",42.05
"2003-06-12",42.4
"2003-06-13",42.56
"2003-06-16",43.3
"2003-06-17",44.06
"2003-06-18",42.56
"2003-06-19",42.18
"2003-06-20",42.52
"2003-06-23",41.56
"2003-06-24",41.78
"2003-06-25",41.23
"2003-06-26",41.6
"2003-06-27",41.07
"2003-06-30",41.6
"2003-07-01",41.62
"2003-07-02",42.01
"2003-07-03",41.76
"2003-07-07",42.47
"2003-07-08",42.58
"2003-07-09",42.05
"2003-07-10",41.81
"2003-07-11",41.64
"2003-07-14",41.7
"2003-07-15",41.46
"2003-07-16",41.37
"2003-07-17",42.27
"2003-07-18",43.99
"2003-07-21",44.82
"2003-07-22",45.1
"2003-07-23",45.01
"2003-07-24",45.4
"2003-07-25",46.73
"2003-07-28",45.94
"2003-07-29",46.38
"2003-07-30",46.19
"2003-07-31",46.48
"2003-08-01",46.31
"2003-08-04",45.95
"2003-08-05",44.92
"2003-08-06",45.08
"2003-08-07",45.2
"2003-08-08",45.75
"2003-08-11",46.09
"2003-08-12",46.24
"2003-08-13",46.1
"2003-08-14",46.87
"2003-08-15",46.74
"2003-08-18",47.13
"2003-08-19",47.16
"2003-08-20",47.17
"2003-08-21",47.69
"2003-08-22",47.19
"2003-08-25",47.11
"2003-08-26",46.87
"2003-08-27",46.88
"2003-08-28",47.18
"2003-08-29",47.32
"2003-09-02",48.15
"2003-09-03",48.64
"2003-09-04",48.61
"2003-09-05",47.78
"2003-09-08",48.48
"2003-09-09",47.95
"2003-09-10",47.14
"2003-09-11",47.62
"2003-09-12",48.53
"2003-09-15",47.92
"2003-09-16",48.25
"2003-09-17",48.1
"2003-09-18",48.46
"2003-09-19",47.86
"2003-09-22",47.01
"2003-09-23",46.44
"2003-09-24",45.65
"2003-09-25",45.1
"2003-09-26",45.12
"2003-09-29",45.62
"2003-09-30",45.1
"2003-10-01",46.
"2003-10-02",46.33
"2003-10-03",47.06
"2003-10-06",47.23
"2003-10-07",47.63
"2003-10-08",47.65
"2003-10-09",47.88
"2003-10-10",47.48
"2003-10-13",47.75
"2003-10-14",47.9
"2003-10-15",47.69
"2003-10-16",47.58
"2003-10-17",47.49
"2003-10-20",46.9
"2003-10-21",46.36
"2003-10-22",45.87
"2003-10-23",46.56
"2003-10-24",46.55
"2003-10-27",46.11
"2003-10-28",44.5
"2003-10-29",45.41
"2003-10-30",45.41
"2003-10-31",45.41
"2003-11-03",45.4
"2003-11-04",44.85
"2003-11-05",44.87
"2003-11-06",45.58
"2003-11-07",46.8
"2003-11-10",46.25
"2003-11-11",45.9
"2003-11-12",46.03
"2003-11-13",45.6
"2003-11-14",46.
"2003-11-17",45.51
"2003-11-18",45.15
"2003-11-19",45.41
"2003-11-20",45.27
"2003-11-21",45.47
"2003-11-24",45.63
"2003-11-25",46.95
"2003-11-26",47.93
"2003-11-28",47.94
"2003-12-01",48.93
"2003-12-02",48.86
"2003-12-03",49.1
"2003-12-04",50.47
"2003-12-05",50.1
"2003-12-08",50.53
"2003-12-09",50.84
"2003-12-10",50.87
"2003-12-11",51.41
"2003-12-12",51.86
"2003-12-15",51.86
"2003-12-16",52.06
"2003-12-17",51.75
"2003-12-18",52.46
"2003-12-19",52.38
"2003-12-22",52.38
"2003-12-23",52.09
"2003-12-24",51.85
"2003-12-26",52.31
"2003-12-29",53.07
"2003-12-30",52.63
"2003-12-31",52.83
"2004-01-02",52.67
"2004-01-05",53.3
"2004-01-06",53.15
"2004-01-07",52.77
"2004-01-08",53.43
"2004-01-09",51.98
"2004-01-12",52.52
"2004-01-13",53.96
"2004-01-14",54.71
"2004-01-15",54.87
"2004-01-16",55.
"2004-01-20",54.38
"2004-01-21",52.29
"2004-01-22",49.85
"2004-01-23",48.19
"2004-01-26",49.9
"2004-01-27",49.58
"2004-01-28",49.58
"2004-01-29",49.74
"2004-01-30",49.91
"2004-02-02",49.76
"2004-02-03",49.06
"2004-02-04",48.62
"2004-02-05",49.12
"2004-02-06",49.76
"2004-02-09",50.
"2004-02-10",50.53
"2004-02-11",51.57
"2004-02-12",51.01
"2004-02-13",50.31
"2004-02-17",50.72
"2004-02-18",49.89
"2004-02-19",50.
"2004-02-20",49.63
"2004-02-23",49.35
"2004-02-24",49.45
"2004-02-25",49.4
"2004-02-26",49.
"2004-02-27",48.24
"2004-03-01",49.29
"2004-03-02",49.28
"2004-03-03",49.26
"2004-03-04",49.16
"2004-03-05",49.85
"2004-03-08",49.5
"2004-03-09",48.79
"2004-03-10",47.65
"2004-03-11",47.23
"2004-03-12",47.96
"2004-03-15",47.02
"2004-03-16",47.3
"2004-03-17",47.94
"2004-03-18",47.65
"2004-03-19",47.69
"2004-03-22",47.23
"2004-03-23",47.16
"2004-03-24",48.04
"2004-03-25",49.77
"2004-03-26",49.35
"2004-03-29",49.9
"2004-03-30",50.
"2004-03-31",50.12
"2004-04-01",50.05
"2004-04-02",51.55
"2004-04-05",52.
"2004-04-06",52.03
"2004-04-07",51.42
"2004-04-08",51.34
"2004-04-12",51.95
"2004-04-13",51.55
"2004-04-14",51.81
"2004-04-15",52.61
"2004-04-16",52.69
"2004-04-19",52.45
"2004-04-20",51.87
"2004-04-21",52.09
"2004-04-22",52.79
"2004-04-23",52.87
"2004-04-26",52.19
"2004-04-27",52.45
"2004-04-28",50.95
"2004-04-29",49.85
"2004-04-30",49.81
"2004-05-03",49.67
"2004-05-04",49.49
"2004-05-05",49.5
"2004-05-06",49.38
"2004-05-07",48.75
"2004-05-10",48.6
"2004-05-11",49.12
"2004-05-12",49.01
"2004-05-13",49.
"2004-05-14",48.85
"2004-05-17",48.02
"2004-05-18",48.33
"2004-05-19",48.15
"2004-05-20",48.05
"2004-05-21",48.61
"2004-05-24",49.
"2004-05-25",49.75
"2004-05-26",49.86
"2004-05-27",50.48
"2004-05-28",49.97
"2004-06-01",49.9
"2004-06-02",49.45
"2004-06-03",48.42
"2004-06-04",48.58
"2004-06-07",49.49
"2004-06-08",49.82
"2004-06-09",49.6
"2004-06-10",49.71
"2004-06-14",49.3
"2004-06-15",49.47
"2004-06-16",49.45
"2004-06-17",49.64
"2004-06-18",50.2
"2004-06-21",50.17
"2004-06-22",50.7
"2004-06-23",51.47
"2004-06-24",51.13
"2004-06-25",52.
"2004-06-28",51.77
"2004-06-29",52.08
"2004-06-30",52.45
"2004-07-01",51.47
"2004-07-02",51.02
"2004-07-06",51.
"2004-07-07",51.05
"2004-07-08",50.95
"2004-07-09",51.24
"2004-07-12",51.21
"2004-07-13",51.49
"2004-07-14",51.61
"2004-07-15",51.18
"2004-07-16",51.08
"2004-07-19",51.03
"2004-07-20",51.62
"2004-07-21",50.68
"2004-07-22",50.07
"2004-07-23",49.67
"2004-07-26",49.02
"2004-07-27",48.78
"2004-07-28",49.8
"2004-07-29",51.95
"2004-07-30",51.75
"2004-08-02",52.02
"2004-08-03",51.8
"2004-08-04",52.4
"2004-08-05",51.43
"2004-08-06",50.07
"2004-08-09",50.53
"2004-08-10",51.1
"2004-08-11",50.75
"2004-08-12",50.36
"2004-08-13",49.55
"2004-08-16",51.55
"2004-08-17",50.95
"2004-08-18",51.99
"2004-08-19",51.91
"2004-08-20",52.56
"2004-08-23",52.62
"2004-08-24",52.52
"2004-08-25",52.52
"2004-08-26",52.8
"2004-08-27",52.31
"2004-08-30",52.05
"2004-08-31",52.38
"2004-09-01",53.77
"2004-09-02",54.75
"2004-09-03",54.91
"2004-09-07",55.
"2004-09-08",53.86
"2004-09-09",53.7
"2004-09-10",53.37
"2004-09-13",52.54
"2004-09-14",52.78
"2004-09-15",52.53
"2004-09-16",53.65
"2004-09-17",53.73
"2004-09-20",54.02
"2004-09-21",54.03
"2004-09-22",53.4
"2004-09-23",52.1
"2004-09-24",52.61
"2004-09-27",52.97
"2004-09-28",54.38
"2004-09-29",54.68
"2004-09-30",54.38
"2004-10-01",54.54
"2004-10-04",54.56
"2004-10-05",54.7
"2004-10-06",55.27
"2004-10-07",54.42
"2004-10-08",54.11
"2004-10-11",54.31
"2004-10-12",53.4
"2004-10-13",52.87
"2004-10-14",52.96
"2004-10-15",53.81
"2004-10-18",53.68
"2004-10-19",52.53
"2004-10-20",52.52
"2004-10-21",52.82
"2004-10-22",52.93
"2004-10-25",52.8
"2004-10-26",53.81
"2004-10-27",53.8
"2004-10-28",53.11
"2004-10-29",53.18
"2004-11-01",52.8
"2004-11-02",52.31
"2004-11-03",53.1
"2004-11-04",53.45
"2004-11-05",53.48
"2004-11-08",53.11
"2004-11-09",54.33
"2004-11-10",55.
"2004-11-11",55.22
"2004-11-12",55.44
"2004-11-15",55.32
"2004-11-16",55.22
"2004-11-17",55.98
"2004-11-18",56.48
"2004-11-19",55.91
"2004-11-22",55.76
"2004-11-23",56.08
"2004-11-24",56.96
"2004-11-26",56.79
"2004-11-29",56.86
"2004-11-30",57.25
"2004-12-01",58.01
"2004-12-02",57.77
"2004-12-03",58.16
"2004-12-06",58.05
"2004-12-07",56.74
"2004-12-08",57.03
"2004-12-09",57.97
"2004-12-10",57.41
"2004-12-13",57.84
"2004-12-14",57.78
"2004-12-15",57.82
"2004-12-16",57.01
"2004-12-17",57.2
"2004-12-20",58.08
"2004-12-21",58.6
"2004-12-22",58.87
"2004-12-23",58.69
"2004-12-27",58.16
"2004-12-28",58.74
"2004-12-29",58.65
"2004-12-30",58.25
"2004-12-31",57.97
"2005-01-03",58.05
"2005-01-04",56.94
"2005-01-05",56.99
"2005-01-06",57.34
"2005-01-07",57.65
"2005-01-10",57.69
"2005-01-11",56.65
"2005-01-12",57.38
"2005-01-13",56.84
"2005-01-14",57.69
"2005-01-18",58.03
"2005-01-19",57.19
"2005-01-20",57.37
"2005-01-21",56.77
"2005-01-24",55.99
"2005-01-25",56.9
"2005-01-26",57.94
"2005-01-27",57.7
"2005-01-28",58.17
"2005-01-31",58.91
"2005-02-01",59.36
"2005-02-02",59.44
"2005-02-03",58.86
"2005-02-04",59.
"2005-02-07",59.9
"2005-02-08",59.91
"2005-02-09",59.42
"2005-02-10",59.92
"2005-02-11",60.7
"2005-02-14",60.5
"2005-02-15",60.48
"2005-02-16",60.55
"2005-02-17",60.05
"2005-02-18",60.89
"2005-02-22",60.01
"2005-02-23",61.23
"2005-02-24",62.2
"2005-02-25",63.2
"2005-02-28",62.62
"2005-03-01",63.37
"2005-03-02",63.05
"2005-03-03",64.09
"2005-03-04",65.14
"2005-03-07",64.58
"2005-03-08",64.89
"2005-03-09",64.87
"2005-03-10",64.1
"2005-03-11",63.69
"2005-03-14",64.22
"2005-03-15",63.49
"2005-03-16",62.95
"2005-03-17",63.43
"2005-03-18",63.28
"2005-03-21",63.42
"2005-03-22",63.22
"2005-03-23",63.4
"2005-03-24",63.75
"2005-03-28",63.42
"2005-03-29",62.35
"2005-03-30",62.71
"2005-03-31",63.29
"2005-04-01",63.23
"2005-04-04",63.2
"2005-04-05",63.57
"2005-04-06",63.32
"2005-04-07",63.46
"2005-04-08",62.64
"2005-04-11",62.7
"2005-04-12",62.42
"2005-04-13",61.04
"2005-04-14",59.
"2005-04-15",56.6
"2005-04-18",57.25
"2005-04-19",58.26
"2005-04-20",57.11
"2005-04-21",58.44
"2005-04-22",57.82
"2005-04-25",58.25
"2005-04-26",56.75
"2005-04-27",56.07
"2005-04-28",57.51
"2005-04-29",58.73
"2005-05-02",59.49
"2005-05-03",59.3
"2005-05-04",60.27
"2005-05-05",59.75
"2005-05-06",60.06
"2005-05-09",59.75
"2005-05-10",59.27
"2005-05-11",59.55
"2005-05-12",58.13
"2005-05-13",57.83
"2005-05-16",59.03
"2005-05-17",59.89
"2005-05-18",60.85
"2005-05-19",60.74
"2005-05-20",60.1
"2005-05-23",61.01
"2005-05-24",60.76
"2005-05-25",60.04
"2005-05-26",60.25
"2005-05-27",60.37
"2005-05-31",60.23
"2005-06-01",61.62
"2005-06-02",61.81
"2005-06-03",61.44
"2005-06-06",61.43
"2005-06-07",61.9
"2005-06-08",61.53
"2005-06-09",61.25
"2005-06-10",61.2
"2005-06-13",61.34
"2005-06-14",61.35
"2005-06-15",61.18
"2005-06-16",61.8
"2005-06-17",62.09
"2005-06-20",62.04
"2005-06-21",61.99
"2005-06-22",61.93
"2005-06-23",59.77
"2005-06-24",59.52
"2005-06-27",60.
"2005-06-28",60.52
"2005-06-29",60.29
"2005-06-30",60.3
"2005-07-01",59.24
"2005-07-05",59.5
"2005-07-06",58.98
"2005-07-07",58.02
"2005-07-08",58.83
"2005-07-11",60.1
"2005-07-12",59.86
"2005-07-13",60.16
"2005-07-14",60.09
"2005-07-15",59.8
"2005-07-18",59.43
"2005-07-19",59.6
"2005-07-20",59.8
"2005-07-21",59.16
"2005-07-22",59.48
"2005-07-25",58.92
"2005-07-26",57.89
"2005-07-27",59.3
"2005-07-28",60.35
"2005-07-29",59.76
"2005-08-01",59.63
"2005-08-02",60.25
"2005-08-03",61.23
"2005-08-04",60.58
"2005-08-05",60.3
"2005-08-08",60.35
"2005-08-09",60.98
"2005-08-10",60.61
"2005-08-11",61.2
"2005-08-12",60.76
"2005-08-15",60.83
"2005-08-16",59.88
"2005-08-17",59.8
"2005-08-18",59.53
"2005-08-19",59.61
"2005-08-22",59.51
"2005-08-23",58.25
"2005-08-24",57.87
"2005-08-25",57.46
"2005-08-26",56.95
"2005-08-29",56.92
"2005-08-30",56.11
"2005-08-31",55.4
"2005-09-01",54.79
"2005-09-02",55.55
"2005-09-06",56.06
"2005-09-07",55.43
"2005-09-08",54.92
"2005-09-09",55.48
"2005-09-12",55.98
"2005-09-13",55.8
"2005-09-14",56.3
"2005-09-15",56.
"2005-09-16",56.35
"2005-09-19",56.
"2005-09-20",55.85
"2005-09-21",55.
"2005-09-22",55.08
"2005-09-23",55.83
"2005-09-26",55.
"2005-09-27",55.14
"2005-09-28",54.67
"2005-09-29",54.49
"2005-09-30",55.14
"2005-10-03",55.72
"2005-10-04",56.18
"2005-10-05",54.59
"2005-10-06",54.22
"2005-10-07",54.89
"2005-10-10",54.25
"2005-10-11",54.1
"2005-10-12",54.19
"2005-10-13",54.64
"2005-10-14",54.15
"2005-10-17",53.99
"2005-10-18",53.33
"2005-10-19",53.84
"2005-10-20",54.
"2005-10-21",54.27
"2005-10-24",55.75
"2005-10-25",55.4
"2005-10-26",56.77
"2005-10-27",56.19
"2005-10-28",57.38
"2005-10-31",57.24
"2005-11-01",57.47
"2005-11-02",58.01
"2005-11-03",57.66
"2005-11-04",57.2
"2005-11-07",56.78
"2005-11-08",56.37
"2005-11-09",56.35
"2005-11-10",57.41
"2005-11-11",57.64
"2005-11-14",57.56
"2005-11-15",57.85
"2005-11-16",58.1
"2005-11-17",58.96
"2005-11-18",60.
"2005-11-21",60.24
"2005-11-22",60.43
"2005-11-23",59.93
"2005-11-25",60.11
"2005-11-28",59.74
"2005-11-29",60.06
"2005-11-30",59.17
"2005-12-01",61.12
"2005-12-02",61.39
"2005-12-05",60.91
"2005-12-06",60.68
"2005-12-07",60.23
"2005-12-08",60.88
"2005-12-09",60.67
"2005-12-12",60.96
"2005-12-13",61.33
"2005-12-14",61.24
"2005-12-15",59.86
"2005-12-16",59.32
"2005-12-19",59.3
"2005-12-20",59.13
"2005-12-21",60.06
"2005-12-22",60.38
"2005-12-23",60.32
"2005-12-27",60.05
"2005-12-28",60.21
"2005-12-29",59.58
"2005-12-30",59.19
"2006-01-03",59.61
"2006-01-04",58.93
"2006-01-05",58.42
"2006-01-06",59.78
"2006-01-09",59.02
"2006-01-10",58.34
"2006-01-11",59.48
"2006-01-12",59.02
"2006-01-13",58.78
"2006-01-17",59.76
"2006-01-18",59.35
"2006-01-19",60.69
"2006-01-20",59.55
"2006-01-23",59.77
"2006-01-24",61.06
"2006-01-25",61.5
"2006-01-26",60.98
"2006-01-27",62.12
"2006-01-30",62.04
"2006-01-31",61.69
"2006-02-01",61.8
"2006-02-02",60.89
"2006-02-03",60.82
"2006-02-06",62.89
"2006-02-07",61.94
"2006-02-08",62.25
"2006-02-09",62.1
"2006-02-10",62.35
"2006-02-13",62.17
"2006-02-14",63.13
"2006-02-15",63.23
"2006-02-16",63.75
"2006-02-17",63.97
"2006-02-21",63.38
"2006-02-22",64.04
"2006-02-23",64.41
"2006-02-24",64.5
"2006-02-27",64.54
"2006-02-28",64.16
"2006-03-01",64.32
"2006-03-02",64.41
"2006-03-03",63.87
"2006-03-06",63.81
"2006-03-07",64.54
"2006-03-08",62.8
"2006-03-09",62.67
"2006-03-10",64.02
"2006-03-13",63.91
"2006-03-14",64.91
"2006-03-15",65.42
"2006-03-16",65.8
"2006-03-17",65.74
"2006-03-20",65.58
"2006-03-21",66.85
"2006-03-22",67.62
"2006-03-23",66.84
"2006-03-24",66.57
"2006-03-27",66.26
"2006-03-28",65.8
"2006-03-29",66.81
"2006-03-30",66.18
"2006-03-31",67.19
"2006-04-03",66.49
"2006-04-04",66.51
"2006-04-05",67.73
"2006-04-06",67.44
"2006-04-07",67.06
"2006-04-10",66.39
"2006-04-11",65.77
"2006-04-12",65.91
"2006-04-13",65.82
"2006-04-17",66.15
"2006-04-18",69.21
"2006-04-19",68.8
"2006-04-20",68.51
"2006-04-21",69.23
"2006-04-24",69.13
"2006-04-25",69.16
"2006-04-26",68.14
"2006-04-27",68.59
"2006-04-28",68.52
"2006-05-01",67.51
"2006-05-02",67.78
"2006-05-03",68.36
"2006-05-04",67.89
"2006-05-05",68.57
"2006-05-08",68.39
"2006-05-09",68.36
"2006-05-10",67.48
"2006-05-11",67.11
"2006-05-12",65.91
"2006-05-15",66.43
"2006-05-16",65.52
"2006-05-17",64.5
"2006-05-18",64.28
"2006-05-19",64.34
"2006-05-22",63.59
"2006-05-23",64.13
"2006-05-24",63.89
"2006-05-25",64.48
"2006-05-26",65.36
"2006-05-30",63.66
"2006-05-31",64.85
"2006-06-01",66.32
"2006-06-02",66.4
"2006-06-05",65.
"2006-06-06",63.9
"2006-06-07",62.6
"2006-06-08",61.93
"2006-06-09",61.78
"2006-06-12",61.24
"2006-06-13",59.31
"2006-06-14",60.84
"2006-06-15",62.53
"2006-06-16",62.51
"2006-06-19",61.58
"2006-06-20",62.47
"2006-06-21",63.29
"2006-06-22",63.
"2006-06-23",63.39
"2006-06-26",63.42
"2006-06-27",62.19
"2006-06-28",61.94
"2006-06-29",63.22
"2006-06-30",63.92
"2006-07-03",64.63
"2006-07-05",63.83
"2006-07-06",64.05
"2006-07-07",62.95
"2006-07-10",63.29
"2006-07-11",64.91
"2006-07-12",63.92
"2006-07-13",62.42
"2006-07-14",61.95
"2006-07-17",61.51
"2006-07-18",61.9
"2006-07-19",63.47
"2006-07-20",61.72
"2006-07-21",61.41
"2006-07-24",61.63
"2006-07-25",61.81
"2006-07-26",63.18
"2006-07-27",62.5
"2006-07-28",63.73
"2006-07-31",63.93
"2006-08-01",63.39
"2006-08-02",64.64
"2006-08-03",64.81
"2006-08-04",64.92
"2006-08-07",64.7
"2006-08-08",64.4
"2006-08-09",64.13
"2006-08-10",63.94
"2006-08-11",63.82
"2006-08-14",63.95
"2006-08-15",65.69
"2006-08-16",66.63
"2006-08-17",66.34
"2006-08-18",66.17
"2006-08-21",65.82
"2006-08-22",66.
"2006-08-23",66.
"2006-08-24",65.48
"2006-08-25",65.14
"2006-08-28",65.68
"2006-08-29",66.44
"2006-08-30",66.23
"2006-08-31",66.29
"2006-09-01",67.42
"2006-09-05",67.42
"2006-09-06",66.9
"2006-09-07",65.6
"2006-09-08",66.42
"2006-09-11",65.06
"2006-09-12",66.04
"2006-09-13",65.7
"2006-09-14",66.05
"2006-09-15",66.78
"2006-09-18",67.06
"2006-09-19",66.17
"2006-09-20",67.27
"2006-09-21",64.88
"2006-09-22",65.37
"2006-09-25",66.74
"2006-09-26",68.28
"2006-09-27",67.61
"2006-09-28",67.28
"2006-09-29",66.37
"2006-10-02",67.23
"2006-10-03",66.69
"2006-10-04",67.68
"2006-10-05",67.1
"2006-10-06",67.02
"2006-10-09",67.28
"2006-10-10",67.74
"2006-10-11",67.7
"2006-10-12",68.35
"2006-10-13",68.56
"2006-10-16",69.3
"2006-10-17",68.9
"2006-10-18",68.76
"2006-10-19",68.45
"2006-10-20",68.79
"2006-10-23",69.08
"2006-10-24",69.07
"2006-10-25",68.64
"2006-10-26",68.75
"2006-10-27",68.67
"2006-10-30",69.81
"2006-10-31",69.67
"2006-11-01",69.83
"2006-11-02",69.73
"2006-11-03",69.38
"2006-11-06",70.38
"2006-11-07",70.25
"2006-11-08",70.71
"2006-11-09",69.13
"2006-11-10",69.27
"2006-11-13",69.61
"2006-11-14",69.72
"2006-11-15",69.47
"2006-11-16",70.27
"2006-11-17",69.98
"2006-11-20",69.82
"2006-11-21",69.58
"2006-11-22",71.52
"2006-11-24",71.35
"2006-11-27",69.34
"2006-11-28",69.32
"2006-11-29",69.79
"2006-11-30",69.14
"2006-12-01",69.3
"2006-12-04",70.4
"2006-12-05",70.95
"2006-12-06",70.68
"2006-12-07",70.66
"2006-12-08",71.38
"2006-12-11",71.2
"2006-12-12",71.15
"2006-12-13",71.79
"2006-12-14",72.13
"2006-12-15",72.45
"2006-12-18",72.13
"2006-12-19",72.18
"2006-12-20",72.15
"2006-12-21",71.28
"2006-12-22",70.43
"2006-12-26",71.01
"2006-12-27",71.93
"2006-12-28",71.31
"2006-12-29",70.28
"2007-01-02",70.28
"2007-01-03",71.91
"2007-01-04",70.33
"2007-01-05",69.35
"2007-01-08",69.26
"2007-01-09",69.11
"2007-01-10",69.67
"2007-01-11",70.91
"2007-01-12",71.35
"2007-01-16",71.06
"2007-01-17",71.09
"2007-01-18",70.67
"2007-01-19",71.26
"2007-01-22",70.85
"2007-01-23",71.27
"2007-01-24",73.95
"2007-01-25",73.41
"2007-01-26",73.3
"2007-01-29",73.8
"2007-01-30",73.42
"2007-01-31",74.66
"2007-02-01",74.71
"2007-02-02",74.97
"2007-02-05",74.98
"2007-02-06",74.95
"2007-02-07",75.1
"2007-02-08",75.06
"2007-02-09",75.01
"2007-02-12",75.3
"2007-02-13",76.28
"2007-02-14",76.76
"2007-02-15",76.52
"2007-02-16",76.67
"2007-02-20",77.53
"2007-02-21",77.18
"2007-02-22",76.14
"2007-02-23",77.67
"2007-02-26",78.37
"2007-02-27",74.6
"2007-02-28",74.81
"2007-03-01",73.86
"2007-03-02",72.91
"2007-03-05",72.85
"2007-03-06",73.92
"2007-03-07",73.59
"2007-03-08",74.44
"2007-03-09",74.79
"2007-03-12",74.8
"2007-03-13",73.06
"2007-03-14",72.83
"2007-03-15",73.27
"2007-03-16",73.1
"2007-03-19",74.25
"2007-03-20",74.63
"2007-03-21",75.5
"2007-03-22",75.44
"2007-03-23",75.57
"2007-03-26",76.11
"2007-03-27",75.1
"2007-03-28",73.99
"2007-03-29",73.75
"2007-03-30",73.96
"2007-04-02",73.94
"2007-04-03",74.04
"2007-04-04",73.76
"2007-04-05",74.46
"2007-04-09",75.25
"2007-04-10",74.96
"2007-04-11",73.71
"2007-04-12",73.88
"2007-04-13",73.69
"2007-04-16",74.49
"2007-04-17",74.77
"2007-04-18",74.64
"2007-04-19",74.64
"2007-04-20",75.04
"2007-04-23",75.17
"2007-04-24",74.83
"2007-04-25",78.19
"2007-04-26",77.94
"2007-04-27",78.06
"2007-04-30",76.5
"2007-05-01",76.05
"2007-05-02",76.75
"2007-05-03",76.92
"2007-05-04",77.06
"2007-05-07",77.79
"2007-05-08",77.97
"2007-05-09",78.76
"2007-05-10",77.92
"2007-05-11",77.42
"2007-05-14",76.73
"2007-05-15",77.06
"2007-05-16",78.41
"2007-05-17",78.68
"2007-05-18",78.56
"2007-05-21",77.96
"2007-05-22",78.27
"2007-05-23",77.87
"2007-05-24",77.33
"2007-05-25",78.34
"2007-05-29",78.38
"2007-05-30",78.56
"2007-05-31",77.99
"2007-06-01",78.69
"2007-06-04",78.42
"2007-06-05",78.17
"2007-06-06",77.94
"2007-06-07",77.3
"2007-06-08",79.41
"2007-06-11",79.16
"2007-06-12",78.88
"2007-06-13",80.82
"2007-06-14",81.46
"2007-06-15",81.7
"2007-06-18",81.6
"2007-06-19",81.72
"2007-06-20",81.34
"2007-06-21",82.61
"2007-06-22",82.25
"2007-06-25",81.32
"2007-06-26",81.69
"2007-06-27",81.51
"2007-06-28",79.98
"2007-06-29",80.37
"2007-07-02",80.84
"2007-07-03",80.92
"2007-07-05",81.06
"2007-07-06",81.05
"2007-07-09",81.78
"2007-07-10",80.38
"2007-07-11",82.34
"2007-07-12",85.91
"2007-07-13",86.85
"2007-07-16",87.49
"2007-07-17",87.89
"2007-07-18",87.81
"2007-07-19",88.93
"2007-07-20",88.5
"2007-07-23",88.35
"2007-07-24",87.35
"2007-07-25",90.1
"2007-07-26",89.4
"2007-07-27",86.07
"2007-07-30",87.91
"2007-07-31",86.37
"2007-08-01",87.55
"2007-08-02",87.39
"2007-08-03",85.37
"2007-08-06",86.49
"2007-08-07",89.
"2007-08-08",90.68
"2007-08-09",88.73
"2007-08-10",88.56
"2007-08-13",88.72
"2007-08-14",86.72
"2007-08-15",83.02
"2007-08-16",81.87
"2007-08-17",85.
"2007-08-20",86.2
"2007-08-21",86.01
"2007-08-22",88.78
"2007-08-23",87.27
"2007-08-24",89.04
"2007-08-27",88.69
"2007-08-28",86.43
"2007-08-29",88.38
"2007-08-30",88.43
"2007-08-31",90.01
"2007-09-04",90.71
"2007-09-05",90.82
"2007-09-06",91.84
"2007-09-07",88.83
"2007-09-10",88.27
"2007-09-11",88.12
"2007-09-12",88.14
"2007-09-13",88.41
"2007-09-14",88.27
"2007-09-17",88.27
"2007-09-18",92.55
"2007-09-19",93.33
"2007-09-20",92.88
"2007-09-21",93.76
"2007-09-24",92.48
"2007-09-25",95.39
"2007-09-26",97.15
"2007-09-27",97.82
"2007-09-28",97.76
"2007-10-01",98.85
"2007-10-02",96.44
"2007-10-03",94.76
"2007-10-04",95.76
"2007-10-05",96.8
"2007-10-08",97.37
"2007-10-09",97.97
"2007-10-10",97.5
"2007-10-11",97.27
"2007-10-12",97.25
"2007-10-15",97.49
"2007-10-16",95.81
"2007-10-17",96.82
"2007-10-18",98.33
"2007-10-19",95.82
"2007-10-22",94.77
"2007-10-23",97.16
"2007-10-24",95.64
"2007-10-25",98.23
"2007-10-26",98.23
"2007-10-29",98.38
"2007-10-30",97.25
"2007-10-31",97.85
"2007-11-01",95.68
"2007-11-02",96.78
"2007-11-05",96.65
"2007-11-06",100.19
"2007-11-07",98.2
"2007-11-08",100.55
"2007-11-09",97.26
"2007-11-12",95.37
"2007-11-13",97.13
"2007-11-14",97.23
"2007-11-15",95.57
"2007-11-16",94.83
"2007-11-19",92.18
"2007-11-20",94.01
"2007-11-21",92.42
"2007-11-23",93.43
"2007-11-26",92.63
"2007-11-27",93.49
"2007-11-28",96.78
"2007-11-29",97.53
"2007-11-30",99.04
"2007-12-03",98.72
"2007-12-04",98.73
"2007-12-05",100.25
"2007-12-06",102.19
"2007-12-07",101.77
"2007-12-10",103.08
"2007-12-11",102.51
"2007-12-12",101.73
"2007-12-13",102.91
"2007-12-14",101.39
"2007-12-17",98.98
"2007-12-18",101.9
"2007-12-19",99.23
"2007-12-20",98.1
"2007-12-21",100.82
"2007-12-24",100.88
"2007-12-26",102.3
"2007-12-27",100.85
"2007-12-28",101.34
"2007-12-31",98.63
"2008-01-02",96.58
"2008-01-03",97.46
"2008-01-04",96.42
"2008-01-07",96.68
"2008-01-08",94.33
"2008-01-09",94.65
"2008-01-10",92.05
"2008-01-11",90.38
"2008-01-14",93.87
"2008-01-15",90.89
"2008-01-16",88.9
"2008-01-17",84.64
"2008-01-18",85.15
"2008-01-22",84.13
"2008-01-23",86.76
"2008-01-24",88.78
"2008-01-25",89.41
"2008-01-28",91.25
"2008-01-29",91.42
"2008-01-30",89.56
"2008-01-31",89.67
"2008-02-01",92.34
"2008-02-04",91.27
"2008-02-05",89.8
"2008-02-06",89.41
"2008-02-07",89.23
"2008-02-08",89.18
"2008-02-11",90.77
"2008-02-12",91.79
"2008-02-13",92.22
"2008-02-14",91.58
"2008-02-15",91.75
"2008-02-19",92.84
"2008-02-20",94.81
"2008-02-21",92.42
"2008-02-22",93.44
"2008-02-25",96.06
"2008-02-26",95.62
"2008-02-27",95.78
"2008-02-28",93.94
"2008-02-29",91.33
"2008-03-03",92.58
"2008-03-04",90.53
"2008-03-05",92.32
"2008-03-06",91.21
"2008-03-07",87.68
"2008-03-10",84.59
"2008-03-11",89.26
"2008-03-12",89.39
"2008-03-13",90.5
"2008-03-14",89.14
"2008-03-17",89.53
"2008-03-18",93.61
"2008-03-19",89.87
"2008-03-20",90.14
"2008-03-24",93.99
"2008-03-25",94.28
"2008-03-26",93.66
"2008-03-27",92.65
"2008-03-28",90.98
"2008-03-31",92.
"2008-04-01",95.69
"2008-04-02",96.42
"2008-04-03",96.72
"2008-04-04",97.4
"2008-04-07",97.58
"2008-04-08",97.15
"2008-04-09",96.71
"2008-04-10",96.59
"2008-04-11",94.59
"2008-04-14",95.03
"2008-04-15",95.88
"2008-04-16",99.56
"2008-04-17",99.3
"2008-04-18",101.73
"2008-04-21",101.77
"2008-04-22",100.93
"2008-04-23",97.08
"2008-04-24",98.66
"2008-04-25",101.34
"2008-04-28",99.79
"2008-04-29",97.4
"2008-04-30",98.43
"2008-05-01",97.99
"2008-05-02",98.26
"2008-05-05",98.61
"2008-05-06",99.39
"2008-05-07",97.1
"2008-05-08",98.44
"2008-05-09",97.93
"2008-05-12",99.54
"2008-05-13",101.06
"2008-05-14",102.01
"2008-05-15",102.19
"2008-05-16",102.32
"2008-05-19",101.66
"2008-05-20",102.71
"2008-05-21",100.09
"2008-05-22",99.91
"2008-05-23",98.48
"2008-05-27",98.32
"2008-05-28",101.07
"2008-05-29",101.17
"2008-05-30",101.92
"2008-06-02",100.4
"2008-06-03",101.31
"2008-06-04",101.48
"2008-06-05",106.03
"2008-06-06",103.06
"2008-06-09",103.41
"2008-06-10",101.91
"2008-06-11",100.19
"2008-06-12",100.35
"2008-06-13",102.73
"2008-06-16",102.8
"2008-06-17",104.05
"2008-06-18",103.14
"2008-06-19",103.59
"2008-06-20",102.66
"2008-06-23",104.15
"2008-06-24",101.
"2008-06-25",101.87
"2008-06-26",98.5
"2008-06-27",98.62
"2008-06-30",98.86
"2008-07-01",99.49
"2008-07-02",95.44
"2008-07-03",97.12
"2008-07-07",95.52
"2008-07-08",96.42
"2008-07-09",95.
"2008-07-10",97.14
"2008-07-11",96.61
"2008-07-14",96.35
"2008-07-15",95.94
"2008-07-16",96.52
"2008-07-17",98.4
"2008-07-18",97.22
"2008-07-21",98.
"2008-07-22",98.68
"2008-07-23",97.7
"2008-07-24",94.83
"2008-07-25",95.39
"2008-07-28",94.89
"2008-07-29",96.28
"2008-07-30",97.03
"2008-07-31",95.21
"2008-08-01",92.96
"2008-08-04",90.72
"2008-08-05",91.95
"2008-08-06",91.23
"2008-08-07",88.97
"2008-08-08",89.92
"2008-08-11",87.22
"2008-08-12",88.26
"2008-08-13",91.31
"2008-08-14",90.3
"2008-08-15",90.55
"2008-08-18",90.7
"2008-08-19",90.9
"2008-08-20",91.83
"2008-08-21",91.85
"2008-08-22",92.89
"2008-08-25",90.85
"2008-08-26",91.62
"2008-08-27",92.19
"2008-08-28",93.66
"2008-08-29",91.85
"2008-09-02",91.09
"2008-09-03",88.98
"2008-09-04",86.72
"2008-09-05",87.21
"2008-09-08",87.33
"2008-09-09",84.55
"2008-09-10",85.16
"2008-09-11",85.96
"2008-09-12",87.
"2008-09-15",84.98
"2008-09-16",86.
"2008-09-17",79.1
"2008-09-18",76.37
"2008-09-19",83.45
"2008-09-22",80.28
"2008-09-23",73.22
"2008-09-24",73.59
"2008-09-25",70.98
"2008-09-26",71.43
"2008-09-29",66.41
"2008-09-30",68.49
"2008-10-01",66.9
"2008-10-02",64.01
"2008-10-03",63.37
"2008-10-06",61.93
"2008-10-07",60.
"2008-10-08",60.22
"2008-10-09",55.06
"2008-10-10",55.
"2008-10-13",63.06
"2008-10-14",64.
"2008-10-15",56.12
"2008-10-16",60.28
"2008-10-17",58.41
"2008-10-20",62.12
"2008-10-21",56.88
"2008-10-22",54.98
"2008-10-23",52.86
"2008-10-24",50.53
"2008-10-27",47.3
"2008-10-28",51.09
"2008-10-29",53.45
"2008-10-30",55.78
"2008-10-31",58.13
"2008-11-03",57.47
"2008-11-04",61.05
"2008-11-05",57.92
"2008-11-06",54.46
"2008-11-07",57.6
"2008-11-10",57.82
"2008-11-11",54.37
"2008-11-12",51.21
"2008-11-13",55.24
"2008-11-14",52.78
"2008-11-17",51.64
"2008-11-18",51.48
"2008-11-19",47.01
"2008-11-20",41.65
"2008-11-21",44.44
"2008-11-24",46.79
"2008-11-25",46.93
"2008-11-26",46.5
"2008-11-28",47.76
"2008-12-01",43.31
"2008-12-02",45.44
"2008-12-03",46.48
"2008-12-04",45.84
"2008-12-05",47.61
"2008-12-08",52.01
"2008-12-09",52.89
"2008-12-10",53.49
"2008-12-11",49.09
"2008-12-12",48.59
"2008-12-15",48.54
"2008-12-16",50.42
"2008-12-17",49.37
"2008-12-18",47.47
"2008-12-19",46.63
"2008-12-22",46.11
"2008-12-23",45.5
"2008-12-24",45.86
"2008-12-26",46.61
"2008-12-29",47.93
"2008-12-30",49.18
"2008-12-31",50.27
"2009-01-02",53.06
"2009-01-05",55.35
"2009-01-06",59.32
"2009-01-07",56.96
"2009-01-08",58.13
"2009-01-09",56.62
"2009-01-12",55.8
"2009-01-13",56.22
"2009-01-14",54.37
"2009-01-15",56.07
"2009-01-16",57.02
"2009-01-20",52.64
"2009-01-21",54.1
"2009-01-22",51.92
"2009-01-23",52.87
"2009-01-26",54.15
"2009-01-27",54.75
"2009-01-28",56.04
"2009-01-29",53.29
"2009-01-30",50.3
"2009-02-02",50.18
"2009-02-03",51.92
"2009-02-04",52.55
"2009-02-05",54.13
"2009-02-06",55.4
"2009-02-09",55.85
"2009-02-10",52.8
"2009-02-11",52.25
"2009-02-12",54.53
"2009-02-13",54.03
"2009-02-17",52.01
"2009-02-18",52.84
"2009-02-19",53.05
"2009-02-20",51.24
"2009-02-23",47.93
"2009-02-24",49.09
"2009-02-25",47.27
"2009-02-26",46.71
"2009-02-27",46.25
"2009-03-02",44.04
"2009-03-03",43.8
"2009-03-04",46.59
"2009-03-05",45.2
"2009-03-06",46.41
"2009-03-09",45.54
"2009-03-10",48.39
"2009-03-11",49.81
"2009-03-12",51.39
"2009-03-13",52.73
"2009-03-16",53.3
"2009-03-17",54.62
"2009-03-18",56.08
"2009-03-19",56.8
"2009-03-20",55.2
"2009-03-23",55.9
"2009-03-24",56.44
"2009-03-25",57.63
"2009-03-26",59.88
"2009-03-27",58.77
"2009-03-30",55.41
"2009-03-31",56.25
"2009-04-01",57.58
"2009-04-02",59.22
"2009-04-03",60.53
"2009-04-06",58.61
"2009-04-07",56.71
"2009-04-08",58.09
"2009-04-09",60.08
"2009-04-13",59.55
"2009-04-14",58.59
"2009-04-15",59.79
"2009-04-16",60.48
"2009-04-17",60.65
"2009-04-20",57.79
"2009-04-21",58.05
"2009-04-22",61.19
"2009-04-23",60.98
"2009-04-24",62.6
"2009-04-27",62.42
"2009-04-28",62.87
"2009-04-29",64.7
"2009-04-30",65.9
"2009-05-01",65.75
"2009-05-04",67.2
"2009-05-05",66.24
"2009-05-06",65.57
"2009-05-07",62.77
"2009-05-08",62.47
"2009-05-11",62.59
"2009-05-12",62.73
"2009-05-13",60.07
"2009-05-14",61.57
"2009-05-15",61.59
"2009-05-18",64.3
"2009-05-19",63.91
"2009-05-20",63.47
"2009-05-21",61.34
"2009-05-22",62.38
"2009-05-26",63.9
"2009-05-27",62.19
"2009-05-28",62.69
"2009-05-29",64.78
"2009-06-01",68.14
"2009-06-02",68.29
"2009-06-03",66.55
"2009-06-04",68.32
"2009-06-05",68.23
"2009-06-08",67.41
"2009-06-09",68.31
"2009-06-10",67.73
"2009-06-11",68.62
"2009-06-12",67.99
"2009-06-15",65.76
"2009-06-16",64.7
"2009-06-17",64.37
"2009-06-18",65.53
"2009-06-19",64.94
"2009-06-22",61.96
"2009-06-23",63.24
"2009-06-24",63.4
"2009-06-25",64.88
"2009-06-26",65.19
"2009-06-29",65.57
"2009-06-30",64.59
"2009-07-01",64.64
"2009-07-02",62.37
"2009-07-06",62.87
"2009-07-07",60.71
"2009-07-08",62.16
"2009-07-09",63.1
"2009-07-10",63.31
"2009-07-13",64.86
"2009-07-14",65.05
"2009-07-15",67.33
"2009-07-16",68.5
"2009-07-17",67.76
"2009-07-20",68.57
"2009-07-21",69.7
"2009-07-22",69.88
"2009-07-23",72.38
"2009-07-24",73.35
"2009-07-27",74.08
"2009-07-28",73.49
"2009-07-29",72.45
"2009-07-30",74.46
"2009-07-31",74.6
"2009-08-03",75.39
"2009-08-04",74.63
"2009-08-05",74.32
"2009-08-06",74.14
"2009-08-07",74.63
"2009-08-10",74.05
"2009-08-11",74.
"2009-08-12",75.39
"2009-08-13",75.94
"2009-08-14",74.31
"2009-08-17",73.03
"2009-08-18",73.85
"2009-08-19",74.5
"2009-08-20",74.45
"2009-08-21",76.64
"2009-08-24",76.13
"2009-08-25",75.57
"2009-08-26",75.61
"2009-08-27",75.64
"2009-08-28",75.76
"2009-08-31",75.03
"2009-09-01",74.
"2009-09-02",73.52
"2009-09-03",74.34
"2009-09-04",75.14
"2009-09-08",75.48
"2009-09-09",75.56
"2009-09-10",74.22
"2009-09-11",73.84
"2009-09-14",75.06
"2009-09-15",77.08
"2009-09-16",79.2
"2009-09-17",79.53
"2009-09-18",80.2
"2009-09-21",79.49
"2009-09-22",79.31
"2009-09-23",77.56
"2009-09-24",77.31
"2009-09-25",76.7
"2009-09-28",78.56
"2009-09-29",78.11
"2009-09-30",77.58
"2009-10-01",75.4
"2009-10-02",75.53
"2009-10-05",76.13
"2009-10-06",77.69
"2009-10-07",78.15
"2009-10-08",79.2
"2009-10-09",80.24
"2009-10-12",81.24
"2009-10-13",82.32
"2009-10-14",83.58
"2009-10-15",83.95
"2009-10-16",82.98
"2009-10-19",83.79
"2009-10-20",83.24
"2009-10-21",81.97
"2009-10-22",83.22
"2009-10-23",81.14
"2009-10-26",80.22
"2009-10-27",80.72
"2009-10-28",77.61
"2009-10-29",80.08
"2009-10-30",77.13
"2009-11-02",78.3
"2009-11-03",78.59
"2009-11-04",77.65
"2009-11-05",79.51
"2009-11-06",80.15
"2009-11-09",82.03
"2009-11-10",82.22
"2009-11-11",82.22
"2009-11-12",82.53
"2009-11-13",82.53
"2009-11-16",84.71
"2009-11-17",84.71
"2009-11-18",83.81
"2009-11-19",82.24
"2009-11-20",82.34
"2009-11-23",82.98
"2009-11-24",82.59
"2009-11-25",83.34
"2009-11-27",83.34
"2009-11-30",82.93
"2009-12-01",83.6
"2009-12-02",84.23
"2009-12-03",82.49
"2009-12-04",82.09
"2009-12-07",82.09
"2009-12-08",80.53
"2009-12-09",82.25
"2009-12-10",82.11
"2009-12-11",81.75
"2009-12-14",81.75
"2009-12-15",81.93
"2009-12-16",82.64
"2009-12-17",81.17
"2009-12-18",81.31
"2009-12-21",80.26
"2009-12-22",81.02
"2009-12-23",81.29
"2009-12-24",81.82
"2009-12-28",82.1
"2009-12-29",82.68
"2009-12-30",82.24
"2009-12-31",81.06
"2010-01-04",83.16
"2010-01-05",82.47
"2010-01-06",81.79
"2010-01-07",81.32
"2010-01-08",81.84
"2010-01-11",83.34
"2010-01-12",82.28
"2010-01-13",83.1
"2010-01-14",82.07
"2010-01-15",82.77
"2010-01-19",82.58
"2010-01-20",81.48
"2010-01-21",79.86
"2010-01-22",78.07
"2010-01-25",80.26
"2010-01-26",79.58
"2010-01-27",78.86
"2010-01-28",77.04
"2010-01-29",75.96
"2010-02-01",76.81
"2010-02-02",76.62
"2010-02-03",76.19
"2010-02-04",73.69
"2010-02-05",73.69
"2010-02-08",68.35
"2010-02-09",67.95
"2010-02-10",68.22
"2010-02-11",68.4
"2010-02-12",68.53
"2010-02-16",70.41
"2010-02-17",70.18
"2010-02-18",69.95
"2010-02-19",69.64
"2010-02-22",69.92
"2010-02-23",70.07
"2010-02-24",69.87
"2010-02-25",68.98
"2010-02-26",68.58
"2010-03-01",69.16
"2010-03-02",70.67
"2010-03-03",71.32
"2010-03-04",71.89
"2010-03-05",73.5
"2010-03-08",74.2
"2010-03-09",74.23
"2010-03-10",74.4
"2010-03-11",74.4
"2010-03-12",74.56
"2010-03-15",74.12
"2010-03-16",74.88
"2010-03-17",74.55
"2010-03-18",74.76
"2010-03-19",74.44
"2010-03-22",75.01
"2010-03-23",75.54
"2010-03-24",74.81
"2010-03-25",73.7
"2010-03-26",74.32
"2010-03-29",74.3
"2010-03-30",74.09
"2010-03-31",73.95
"2010-04-01",73.87
"2010-04-05",74.17
"2010-04-06",74.63
"2010-04-07",74.06
"2010-04-08",74.1
"2010-04-09",75.36
"2010-04-12",75.34
"2010-04-13",74.95
"2010-04-14",76.01
"2010-04-15",76.75
"2010-04-16",76.03
"2010-04-19",75.85
"2010-04-20",76.46
"2010-04-21",76.67
"2010-04-22",77.32
"2010-04-23",79.22
"2010-04-26",79.
"2010-04-27",77.42
"2010-04-28",78.06
"2010-04-29",78.03
"2010-04-30",76.78
"2010-05-03",77.01
"2010-05-04",74.77
"2010-05-05",74.14
"2010-05-06",72.28
"2010-05-07",70.98
"2010-05-10",72.59
"2010-05-11",71.67
"2010-05-12",72.57
"2010-05-13",71.47
"2010-05-14",69.57
"2010-05-17",70.58
"2010-05-18",70.05
"2010-05-19",69.39
"2010-05-20",66.01
"2010-05-21",66.94
"2010-05-24",65.97
"2010-05-25",67.35
"2010-05-26",68.58
"2010-05-27",70.68
"2010-05-28",69.06
"2010-06-01",67.42
"2010-06-02",69.12
"2010-06-03",68.97
"2010-06-04",66.55
"2010-06-07",65.6
"2010-06-08",66.81
"2010-06-09",67.5
"2010-06-10",68.91
"2010-06-11",69.43
"2010-06-14",69.02
"2010-06-15",70.24
"2010-06-16",70.54
"2010-06-17",70.65
"2010-06-18",71.54
"2010-06-21",71.15
"2010-06-22",70.22
"2010-06-23",69.
"2010-06-24",67.32
"2010-06-25",68.58
"2010-06-28",67.79
"2010-06-29",65.52
"2010-06-30",64.81
"2010-07-01",65.
"2010-07-02",64.97
"2010-07-06",65.74
"2010-07-07",67.74
"2010-07-08",68.78
"2010-07-09",69.74
"2010-07-12",69.17
"2010-07-13",70.93
"2010-07-14",70.26
"2010-07-15",70.32
"2010-07-16",69.32
"2010-07-19",69.32
"2010-07-20",70.77
"2010-07-21",70.05
"2010-07-22",71.6
"2010-07-23",72.09
"2010-07-26",72.8
"2010-07-27",72.37
"2010-07-28",72.51
"2010-07-29",72.69
"2010-07-30",72.58
"2010-08-02",74.99
"2010-08-03",75.68
"2010-08-04",76.7
"2010-08-05",77.06
"2010-08-06",76.22
"2010-08-09",77.
"2010-08-10",76.93
"2010-08-11",75.4
"2010-08-12",74.7
"2010-08-13",75.68
"2010-08-16",75.9
"2010-08-17",76.72
"2010-08-18",77.03
"2010-08-19",75.59
"2010-08-20",75.01
"2010-08-23",74.69
"2010-08-24",73.84
"2010-08-25",73.55
"2010-08-26",73.56
"2010-08-27",74.42
"2010-08-30",73.7
"2010-08-31",74.03
"2010-09-01",74.75
"2010-09-02",77.19
"2010-09-03",78.04
"2010-09-07",77.38
"2010-09-08",77.79
"2010-09-09",77.95
"2010-09-10",77.95
"2010-09-13",78.78
"2010-09-14",80.21
"2010-09-15",81.38
"2010-09-16",81.75
"2010-09-17",82.2
"2010-09-20",83.05
"2010-09-21",83.
"2010-09-22",83.18
"2010-09-23",82.94
"2010-09-24",84.2
"2010-09-27",83.86
"2010-09-28",83.97
"2010-09-29",82.85
"2010-09-30",82.82
"2010-10-01",83.02
"2010-10-04",82.07
"2010-10-05",84.2
"2010-10-06",84.02
"2010-10-07",82.41
"2010-10-08",82.7
"2010-10-11",82.53
"2010-10-12",82.58
"2010-10-13",82.91
"2010-10-14",82.1
"2010-10-15",81.66
"2010-10-18",82.95
"2010-10-19",81.3
"2010-10-20",83.1
"2010-10-21",84.93
"2010-10-22",84.74
"2010-10-25",85.74
"2010-10-26",85.7
"2010-10-27",84.17
"2010-10-28",85.15
"2010-10-29",84.97
"2010-11-01",84.95
"2010-11-02",86.36
"2010-11-03",85.46
"2010-11-04",86.86
"2010-11-05",86.65
"2010-11-08",87.21
"2010-11-09",85.58
"2010-11-10",85.27
"2010-11-11",85.49
"2010-11-12",84.
"2010-11-15",84.52
"2010-11-16",83.21
"2010-11-17",83.74
"2010-11-18",85.65
"2010-11-19",86.01
"2010-11-22",85.5
"2010-11-23",84.57
"2010-11-24",86.55
"2010-11-26",85.62
"2010-11-29",85.82
"2010-11-30",86.22
"2010-12-01",86.39
"2010-12-02",88.63
"2010-12-03",87.61
"2010-12-06",87.69
"2010-12-07",87.52
"2010-12-08",87.06
"2010-12-09",88.75
"2010-12-10",88.84
"2010-12-13",88.68
"2010-12-14",87.59
"2010-12-15",88.02
"2010-12-16",88.58
"2010-12-17",89.33
"2010-12-20",89.93
"2010-12-21",90.53
"2010-12-22",90.57
"2010-12-23",90.8
"2010-12-27",90.89
"2010-12-28",91.22
"2010-12-29",91.25
"2010-12-30",90.95
"2010-12-31",90.95
"2011-01-03",90.53
"2011-01-04",89.19
"2011-01-05",88.8
"2011-01-06",88.34
"2011-01-07",88.5
"2011-01-10",88.51
"2011-01-11",88.32
"2011-01-12",88.65
"2011-01-13",88.86
"2011-01-14",88.73
"2011-01-18",89.1
"2011-01-19",88.51
"2011-01-20",87.26
"2011-01-21",86.51
"2011-01-24",86.5
"2011-01-25",86.68
"2011-01-26",86.92
"2011-01-27",86.34
"2011-01-28",85.77
"2011-01-31",87.25
"2011-02-01",89.62
"2011-02-02",89.04
"2011-02-03",88.59
"2011-02-04",88.61
"2011-02-07",89.25
"2011-02-08",89.55
"2011-02-09",88.49
"2011-02-10",88.61
"2011-02-11",89.06
"2011-02-14",90.03
"2011-02-15",90.22
"2011-02-16",94.61
"2011-02-17",93.94
"2011-02-18",94.96
"2011-02-22",91.83
"2011-02-23",90.89
"2011-02-24",90.86
"2011-02-25",91.42
"2011-02-28",92.
"2011-03-01",89.9
"2011-03-02",90.42
"2011-03-03",91.9
"2011-03-04",91.22
"2011-03-07",89.56
"2011-03-08",89.88
"2011-03-09",89.59
"2011-03-10",87.9
"2011-03-11",87.02
"2011-03-14",86.88
"2011-03-15",85.73
"2011-03-16",84.12
"2011-03-17",86.25
"2011-03-18",88.
"2011-03-21",88.38
"2011-03-22",87.87
"2011-03-23",88.55
"2011-03-24",89.84
"2011-03-25",89.94
"2011-03-28",89.89
"2011-03-29",90.28
"2011-03-30",90.19
"2011-03-31",90.18
"2011-04-01",90.48
"2011-04-04",90.74
"2011-04-05",92.22
"2011-04-06",92.49
"2011-04-07",91.4
"2011-04-08",92.01
"2011-04-11",91.19
"2011-04-12",89.78
"2011-04-13",90.08
"2011-04-14",90.57
"2011-04-15",91.82
"2011-04-18",90.51
"2011-04-19",92.06
"2011-04-20",93.72
"2011-04-21",93.92
"2011-04-25",94.03
"2011-04-26",95.11
"2011-04-27",94.82
"2011-04-28",95.68
"2011-04-29",95.52
"2011-05-02",94.77
"2011-05-03",94.36
"2011-05-04",93.09
"2011-05-05",92.15
"2011-05-06",92.5
"2011-05-09",93.63
"2011-05-10",94.74
"2011-05-11",92.98
"2011-05-12",92.27
"2011-05-13",90.66
"2011-05-16",90.87
"2011-05-17",89.51
"2011-05-18",91.41
"2011-05-19",92.01
"2011-05-20",91.27
"2011-05-23",90.63
"2011-05-24",91.05
"2011-05-25",92.42
"2011-05-26",92.75
"2011-05-27",93.96
"2011-05-31",95.09
"2011-06-01",92.1
"2011-06-02",91.87
"2011-06-03",89.63
"2011-06-06",89.61
"2011-06-07",90.6
"2011-06-08",90.8
"2011-06-09",92.65
"2011-06-10",91.17
"2011-06-13",92.33
"2011-06-14",93.26
"2011-06-15",90.9
"2011-06-16",90.43
"2011-06-17",90.04
"2011-06-20",91.18
"2011-06-21",92.5
"2011-06-22",92.97
"2011-06-23",92.98
"2011-06-24",92.99
"2011-06-27",93.01
"2011-06-28",94.84
"2011-06-29",94.09
"2011-06-30",95.58
"2011-07-01",96.45
"2011-07-05",96.29
"2011-07-06",96.8
"2011-07-07",97.79
"2011-07-08",97.02
"2011-07-11",95.3
"2011-07-12",94.74
"2011-07-13",94.92
"2011-07-14",93.94
"2011-07-15",94.29
"2011-07-18",92.92
"2011-07-19",94.2
"2011-07-20",94.13
"2011-07-21",95.41
"2011-07-22",91.9
"2011-07-25",91.8
"2011-07-26",90.97
"2011-07-27",89.88
"2011-07-28",89.06
"2011-07-29",88.73
"2011-08-01",88.53
"2011-08-02",85.23
"2011-08-03",86.38
"2011-08-04",82.08
"2011-08-05",82.25
"2011-08-08",77.25
"2011-08-09",80.25
"2011-08-10",77.82
"2011-08-11",81.36
"2011-08-12",81.99
"2011-08-15",82.27
"2011-08-16",81.67
"2011-08-17",81.55
"2011-08-18",76.84
"2011-08-19",75.24
"2011-08-22",74.8
"2011-08-23",76.51
"2011-08-24",77.56
"2011-08-25",77.49
"2011-08-26",78.64
"2011-08-29",81.25
"2011-08-30",82.1
"2011-08-31",81.87
"2011-09-01",81.48
"2011-09-02",80.04
"2011-09-06",80.29
"2011-09-07",82.53
"2011-09-08",81.08
"2011-09-09",78.39
"2011-09-12",77.56
"2011-09-13",78.79
"2011-09-14",80.12
"2011-09-15",81.91
"2011-09-16",82.36
"2011-09-19",81.58
"2011-09-20",82.18
"2011-09-21",78.13
"2011-09-22",76.25
"2011-09-23",76.72
"2011-09-26",78.85
"2011-09-27",80.85
"2011-09-28",79.
"2011-09-29",79.29
"2011-09-30",76.37
"2011-10-03",73.87
"2011-10-04",76.51
"2011-10-05",79.13
"2011-10-06",80.24
"2011-10-07",80.03
"2011-10-10",83.
"2011-10-11",81.73
"2011-10-12",82.82
"2011-10-13",82.9
"2011-10-14",84.06
"2011-10-17",82.64
"2011-10-18",85.32
"2011-10-19",83.24
"2011-10-20",83.08
"2011-10-21",82.74
"2011-10-24",83.15
"2011-10-25",82.45
"2011-10-26",84.54
"2011-10-27",87.5
"2011-10-28",89.41
"2011-10-31",86.14
"2011-11-01",83.23
"2011-11-02",84.95
"2011-11-03",86.33
"2011-11-04",85.77
"2011-11-07",86.47
"2011-11-08",87.53
"2011-11-09",83.4
"2011-11-10",84.47
"2011-11-11",86.46
"2011-11-14",85.54
"2011-11-15",85.61
"2011-11-16",83.45
"2011-11-17",81.21
"2011-11-18",81.08
"2011-11-21",79.34
"2011-11-22",78.8
"2011-11-23",76.94
"2011-11-25",76.74
"2011-11-28",79.12
"2011-11-29",78.93
"2011-11-30",83.75
"2011-12-01",82.64
"2011-12-02",81.96
"2011-12-05",83.37
"2011-12-06",82.82
"2011-12-07",83.54
"2011-12-08",82.2
"2011-12-09",83.22
"2011-12-12",81.19
"2011-12-13",80.87
"2011-12-14",80.48
"2011-12-15",82.18
"2011-12-16",82.54
"2011-12-19",81.4
"2011-12-20",84.81
"2011-12-21",84.28
"2011-12-22",84.8
"2011-12-23",86.05
"2011-12-27",86.42
"2011-12-28",84.98
"2011-12-29",84.99
"2011-12-30",85.19
"2012-01-03",86.35
"2012-01-04",87.09
"2012-01-05",86.5
"2012-01-06",86.32
"2012-01-09",86.32
"2012-01-10",87.31
"2012-01-11",87.94
"2012-01-12",90.13
"2012-01-13",89.91
"2012-01-17",90.44
"2012-01-18",91.56
"2012-01-19",91.84
"2012-01-20",90.65
"2012-01-23",89.92
"2012-01-24",87.58
"2012-01-25",87.74
"2012-01-26",88.16
"2012-01-27",88.19
"2012-01-30",88.33
"2012-01-31",88.03
"2012-02-01",89.36
"2012-02-02",88.55
"2012-02-03",90.4
"2012-02-06",89.93
"2012-02-07",90.04
"2012-02-08",90.74
"2012-02-09",91.05
"2012-02-10",90.4
"2012-02-13",90.52
"2012-02-14",90.78
"2012-02-15",90.73
"2012-02-16",91.89
"2012-02-17",92.06
"2012-02-21",91.75
"2012-02-22",90.85
"2012-02-23",91.91
"2012-02-24",91.94
"2012-02-27",92.01
"2012-02-28",91.24
"2012-02-29",90.24
"2012-03-01",91.87
"2012-03-02",91.88
"2012-03-05",90.9
"2012-03-06",88.55
"2012-03-07",88.89
"2012-03-08",90.01
"2012-03-09",89.44
"2012-03-12",89.33
"2012-03-13",90.74
"2012-03-14",91.14
"2012-03-15",91.62
"2012-03-16",91.71
"2012-03-19",92.01
"2012-03-20",91.17
"2012-03-21",90.92
"2012-03-22",89.6
"2012-03-23",90.2
"2012-03-26",91.33
"2012-03-27",91.71
"2012-03-28",91.13
"2012-03-29",91.65
"2012-03-30",91.8
"2012-04-02",92.68
"2012-04-03",91.76
"2012-04-04",90.58
"2012-04-05",90.81
"2012-04-09",88.95
"2012-04-10",86.97
"2012-04-11",87.34
"2012-04-12",89.49
"2012-04-13",88.26
"2012-04-16",89.15
"2012-04-17",90.12
"2012-04-18",88.43
"2012-04-19",89.26
"2012-04-20",89.75
"2012-04-23",88.73
"2012-04-24",84.72
"2012-04-25",85.47
"2012-04-26",86.29
"2012-04-27",85.56
"2012-04-30",85.49
"2012-05-01",86.12
"2012-05-02",86.18
"2012-05-03",86.31
"2012-05-04",85.52
"2012-05-07",85.76
"2012-05-08",85.24
"2012-05-09",83.48
"2012-05-10",83.04
"2012-05-11",83.17
"2012-05-14",82.88
"2012-05-15",81.92
"2012-05-16",81.03
"2012-05-17",79.34
"2012-05-18",77.81
"2012-05-21",80.06
"2012-05-22",79.9
"2012-05-23",79.54
"2012-05-24",80.45
"2012-05-25",79.94
"2012-05-29",81.11
"2012-05-30",79.08
"2012-05-31",79.04
"2012-06-01",76.88
"2012-06-04",77.48
"2012-06-05",77.66
"2012-06-06",78.75
"2012-06-07",80.02
"2012-06-08",79.62
"2012-06-11",79.13
"2012-06-12",79.34
"2012-06-13",78.26
"2012-06-14",78.45
"2012-06-15",79.48
"2012-06-18",79.6
"2012-06-19",81.58
"2012-06-20",80.03
"2012-06-21",77.86
"2012-06-22",77.98
"2012-06-25",76.88
"2012-06-26",77.19
"2012-06-27",77.2
"2012-06-28",78.05
"2012-06-29",80.73
"2012-07-02",79.62
"2012-07-03",80.23
"2012-07-05",80.06
"2012-07-06",79.82
"2012-07-09",79.63
"2012-07-10",78.63
"2012-07-11",78.61
"2012-07-12",77.72
"2012-07-13",79.84
"2012-07-16",79.45
"2012-07-17",80.28
"2012-07-18",81.54
"2012-07-19",81.5
"2012-07-20",80.43
"2012-07-23",79.58
"2012-07-24",78.88
"2012-07-25",78.91
"2012-07-26",79.88
"2012-07-27",81.26
"2012-07-30",81.34
"2012-07-31",80.43
"2012-08-01",81.24
"2012-08-02",80.4
"2012-08-03",82.24
"2012-08-06",82.72
"2012-08-07",83.23
"2012-08-08",83.93
"2012-08-09",84.04
"2012-08-10",83.73
"2012-08-13",83.63
"2012-08-14",83.5
"2012-08-15",83.57
"2012-08-16",84.67
"2012-08-17",84.42
"2012-08-20",84.57
"2012-08-21",84.44
"2012-08-22",85.
"2012-08-23",83.51
"2012-08-24",83.33
"2012-08-27",82.54
"2012-08-28",82.26
"2012-08-29",82.03
"2012-08-30",81.76
"2012-08-31",82.58
"2012-09-04",81.49
"2012-09-05",82.11
"2012-09-06",83.52
"2012-09-07",83.61
"2012-09-10",83.23
"2012-09-11",83.99
"2012-09-12",83.39
"2012-09-13",84.29
"2012-09-14",85.49
"2012-09-17",85.62
"2012-09-18",85.33
"2012-09-19",85.24
"2012-09-20",85.05
"2012-09-21",84.51
"2012-09-24",83.94
"2012-09-25",83.35
"2012-09-26",83.18
"2012-09-27",82.65
"2012-09-28",82.7
"2012-10-01",82.85
"2012-10-02",82.67
"2012-10-03",82.73
"2012-10-04",83.39
"2012-10-05",83.9
"2012-10-08",83.88
"2012-10-09",82.96
"2012-10-10",82.02
"2012-10-11",81.97
"2012-10-12",82.
"2012-10-15",82.29
"2012-10-16",84.61
"2012-10-17",84.95
"2012-10-18",85.35
"2012-10-19",79.99
"2012-10-22",78.96
"2012-10-23",77.28
"2012-10-24",77.09
"2012-10-25",77.73
"2012-10-26",77.92
"2012-10-31",77.53
"2012-11-01",78.19
"2012-11-02",78.15
"2012-11-05",78.75
"2012-11-06",79.75
"2012-11-07",79.46
"2012-11-08",79.15
"2012-11-09",79.73
"2012-11-12",79.95
"2012-11-13",80.54
"2012-11-14",80.23
"2012-11-15",79.85
"2012-11-16",80.
"2012-11-19",80.87
"2012-11-20",81.61
"2012-11-21",81.94
"2012-11-23",83.04
"2012-11-26",83.34
"2012-11-27",82.87
"2012-11-28",82.45
"2012-11-29",82.35
"2012-11-30",82.94
"2012-12-03",81.57
"2012-12-04",81.7
"2012-12-05",81.99
"2012-12-06",82.15
"2012-12-07",83.06
"2012-12-10",83.11
"2012-12-11",83.24
"2012-12-12",82.56
"2012-12-13",82.95
"2012-12-14",82.55
"2012-12-17",83.36
"2012-12-18",84.47
"2012-12-19",83.77
"2012-12-20",85.05
"2012-12-21",84.28
"2012-12-24",85.26
"2012-12-26",85.75
"2012-12-27",84.8
"2012-12-28",82.93
"2012-12-31",84.02
"2013-01-02",85.86
"2013-01-03",85.56
"2013-01-04",86.71
"2013-01-07",86.63
"2013-01-08",86.79
"2013-01-09",87.96
"2013-01-10",87.88
"2013-01-11",88.37
"2013-01-14",87.99
"2013-01-15",87.7
"2013-01-16",87.29
"2013-01-17",88.42
"2013-01-18",88.69
"2013-01-22",89.4
"2013-01-23",88.44
"2013-01-24",88.23
"2013-01-25",88.36
"2013-01-28",88.01
"2013-01-29",88.88
"2013-01-30",87.99
"2013-01-31",87.43
"2013-02-01",88.73
"2013-02-04",87.14
"2013-02-05",87.49
"2013-02-06",87.5
"2013-02-07",87.36
"2013-02-08",88.35
"2013-02-11",88.42
"2013-02-12",88.83
"2013-02-13",88.78
"2013-02-14",88.69
"2013-02-15",88.23
"2013-02-19",88.7
"2013-02-20",87.61
"2013-02-21",85.67
"2013-02-22",86.09
"2013-02-25",84.23
"2013-02-26",84.34
"2013-02-27",85.56
"2013-02-28",86.34
"2013-03-01",86.34
"2013-03-04",86.34
"2013-03-05",86.9
"2013-03-06",86.71
"2013-03-07",87.85
"2013-03-08",89.1
"2013-03-11",88.83
"2013-03-12",88.91
"2013-03-13",89.
"2013-03-14",89.9
"2013-03-15",90.17
"2013-03-18",88.92
"2013-03-19",88.21
"2013-03-20",88.84
"2013-03-21",87.1
"2013-03-22",87.52
"2013-03-25",87.47
"2013-03-26",87.92
"2013-03-27",86.28
"2013-03-28",87.12
"2013-04-01",85.51
"2013-04-02",85.01
"2013-04-03",84.28
"2013-04-04",85.37
"2013-04-05",85.13
"2013-04-08",85.65
"2013-04-09",86.
"2013-04-10",86.34
"2013-04-11",87.24
"2013-04-12",86.93
"2013-04-15",84.86
"2013-04-16",86.5
"2013-04-17",85.78
"2013-04-18",84.85
"2013-04-19",85.71
"2013-04-22",86.29
"2013-04-23",85.18
"2013-04-24",85.8
"2013-04-25",86.01
"2013-04-26",85.59
"2013-04-29",86.54
"2013-04-30",86.96
"2013-05-01",85.69
"2013-05-02",89.04
"2013-05-03",89.8
"2013-05-06",89.38
"2013-05-07",90.03
"2013-05-08",91.15
"2013-05-09",91.01
"2013-05-10",91.21
"2013-05-13",90.84
"2013-05-14",91.59
"2013-05-15",92.38
"2013-05-16",92.77
"2013-05-17",94.33
"2013-05-20",94.81
"2013-05-21",94.86
"2013-05-22",95.12
"2013-05-23",94.17
"2013-05-24",93.93
"2013-05-28",94.71
"2013-05-29",94.63
"2013-05-30",94.89
"2013-05-31",94.41
"2013-06-03",94.77
"2013-06-04",95.39
"2013-06-05",94.1
"2013-06-06",94.55
"2013-06-07",95.09
"2013-06-10",94.99
"2013-06-11",94.9
"2013-06-12",94.79
"2013-06-13",95.34
"2013-06-14",96.35
"2013-06-17",96.57
"2013-06-18",96.58
"2013-06-19",96.16
"2013-06-20",94.28
"2013-06-21",94.59
"2013-06-24",93.55
"2013-06-25",94.61
"2013-06-26",96.13
"2013-06-27",92.78
"2013-06-28",91.57
"2013-07-01",93.51
"2013-07-02",90.75
"2013-07-03",91.39
"2013-07-05",91.88
"2013-07-08",92.35
"2013-07-09",95.96
"2013-07-10",96.53
"2013-07-11",97.01
"2013-07-12",96.65
"2013-07-15",96.61
"2013-07-16",95.5
"2013-07-17",96.37
"2013-07-18",96.88
"2013-07-19",96.99
"2013-07-22",97.88
"2013-07-23",100.65
"2013-07-24",100.56
"2013-07-25",107.11
"2013-07-26",104.12
"2013-07-29",104.64
"2013-07-30",105.61
"2013-07-31",108.64
"2013-08-01",107.25
"2013-08-02",106.95
"2013-08-05",107.83
"2013-08-06",106.87
"2013-08-07",106.76
"2013-08-08",106.62
"2013-08-09",106.7
"2013-08-12",103.2
"2013-08-13",103.95
"2013-08-14",102.78
"2013-08-15",101.44
"2013-08-16",100.89
"2013-08-19",101.52
"2013-08-20",102.23
"2013-08-21",101.7
"2013-08-22",102.98
"2013-08-23",104.
"2013-08-26",103.32
"2013-08-27",101.86
"2013-08-28",101.47
"2013-08-29",102.44
"2013-08-30",102.14
"2013-09-03",102.91
"2013-09-04",103.87
"2013-09-05",103.84
"2013-09-06",102.99
"2013-09-09",105.74
"2013-09-10",106.2
"2013-09-11",106.28
"2013-09-12",105.73
"2013-09-13",106.15
"2013-09-16",107.99
"2013-09-17",106.54
"2013-09-18",109.37
"2013-09-19",110.02
"2013-09-20",108.57
"2013-09-23",107.42
"2013-09-24",107.21
"2013-09-25",107.32
"2013-09-26",109.78
"2013-09-27",107.
"2013-09-30",106.57
"2013-10-01",107.11
"2013-10-02",107.16
"2013-10-03",105.43
"2013-10-04",106.31
"2013-10-07",104.62
"2013-10-08",102.58
"2013-10-09",103.99
"2013-10-10",107.8
"2013-10-11",108.72
"2013-10-14",109.17
"2013-10-15",108.1
"2013-10-16",109.09
"2013-10-17",109.87
"2013-10-18",110.19
"2013-10-21",110.66
"2013-10-22",111.73
"2013-10-23",110.65
"2013-10-24",111.38
"2013-10-25",111.73
"2013-10-28",109.54
"2013-10-29",107.47
"2013-10-30",107.2
"2013-10-31",109.01
"2013-11-01",108.
"2013-11-04",108.77
"2013-11-05",109.12
"2013-11-06",109.92
"2013-11-07",108.26
"2013-11-08",109.45
"2013-11-11",109.09
"2013-11-12",107.97
"2013-11-13",108.04
"2013-11-14",108.67
"2013-11-15",110.59
"2013-11-18",109.94
"2013-11-19",110.09
"2013-11-20",109.6
"2013-11-21",109.71
"2013-11-22",111.17
"2013-11-25",109.72
"2013-11-26",108.85
"2013-11-27",109.12
"2013-11-29",108.83
"2013-12-02",107.69
"2013-12-03",107.16
"2013-12-04",107.45
"2013-12-05",106.51
"2013-12-06",109.51
"2013-12-09",109.18
"2013-12-10",109.1
"2013-12-11",106.83
"2013-12-12",107.48
"2013-12-13",107.72
"2013-12-16",107.3
"2013-12-17",107.4
"2013-12-18",107.28
"2013-12-19",110.92
"2013-12-20",111.3
"2013-12-23",112.52
"2013-12-24",112.79
"2013-12-26",113.66
"2013-12-27",113.43
"2013-12-30",112.59
"2013-12-31",111.78
"2014-01-02",111.44
"2014-01-03",111.22
"2014-01-06",111.49
"2014-01-07",110.11
"2014-01-08",110.09
"2014-01-09",109.66
"2014-01-10",109.63
"2014-01-13",108.58
"2014-01-14",110.17
"2014-01-15",111.25
"2014-01-16",111.69
"2014-01-17",112.01
"2014-01-21",112.05
"2014-01-22",112.3
"2014-01-23",111.01
"2014-01-24",106.71
"2014-01-27",106.24
"2014-01-28",107.79
"2014-01-29",106.
"2014-01-30",105.92
"2014-01-31",105.14
"2014-02-03",103.75
"2014-02-04",103.98
"2014-02-05",104.26
"2014-02-06",107.24
"2014-02-07",109.23
"2014-02-10",109.81
"2014-02-11",111.94
"2014-02-12",111.87
"2014-02-13",116.93
"2014-02-14",117.38
"2014-02-18",118.04
"2014-02-19",117.08
"2014-02-20",117.71
"2014-02-21",118.27
"2014-02-24",118.73
"2014-02-25",119.67
"2014-02-26",117.47
"2014-02-27",119.34
"2014-02-28",121.32
"2014-03-03",120.52
"2014-03-04",122.51
"2014-03-05",121.58
"2014-03-06",122.45
"2014-03-07",121.67
"2014-03-10",121.1
"2014-03-11",120.54
"2014-03-12",119.75
"2014-03-13",119.31
"2014-03-14",119.77
"2014-03-17",120.85
"2014-03-18",121.83
"2014-03-19",121.04
"2014-03-20",122.21
"2014-03-21",122.15
"2014-03-24",120.19
"2014-03-25",120.95
"2014-03-26",119.42
"2014-03-27",118.44
"2014-03-28",117.3
"2014-03-31",119.04
"2014-04-01",120.
"2014-04-02",121.76
"2014-04-03",121.15
"2014-04-04",119.1
"2014-04-07",116.78
"2014-04-08",117.12
"2014-04-09",118.45
"2014-04-10",115.85
"2014-04-11",115.14
"2014-04-14",115.19
"2014-04-15",116.31
"2014-04-16",118.68
"2014-04-17",117.94
"2014-04-21",117.55
"2014-04-22",119.17
"2014-04-23",118.47
"2014-04-24",118.45
"2014-04-25",117.12
"2014-04-28",117.02
"2014-04-29",117.13
"2014-04-30",117.52
"2014-05-01",117.42
"2014-05-02",118.22
"2014-05-05",119.35
"2014-05-06",118.79
"2014-05-07",119.92
"2014-05-08",119.04
"2014-05-09",118.72
"2014-05-12",119.88
"2014-05-13",119.3
"2014-05-14",119.7
"2014-05-15",116.98
"2014-05-16",118.5
"2014-05-19",118.23
"2014-05-20",116.75
"2014-05-21",118.51
"2014-05-22",118.19
"2014-05-23",118.74
"2014-05-27",118.79
"2014-05-28",118.31
"2014-05-29",120.22
"2014-05-30",119.97
"2014-06-02",121.83
"2014-06-03",121.54
"2014-06-04",120.45
"2014-06-05",122.86
"2014-06-06",123.55
"2014-06-09",122.95
"2014-06-10",123.32
"2014-06-11",121.99
"2014-06-12",119.54
"2014-06-13",121.13
"2014-06-16",120.52
"2014-06-17",121.6
"2014-06-18",130.72
"2014-06-19",129.7
"2014-06-20",130.75
"2014-06-23",130.13
"2014-06-24",129.22
"2014-06-25",129.54
"2014-06-26",128.83
"2014-06-27",128.61
"2014-06-30",128.62
"2014-07-01",129.26
"2014-07-02",128.63
"2014-07-03",129.42
"2014-07-07",128.91
"2014-07-08",128.58
"2014-07-09",129.28
"2014-07-10",128.69
"2014-07-11",129.42
"2014-07-14",129.61
"2014-07-15",129.6
"2014-07-16",129.8
"2014-07-17",128.74
"2014-07-18",129.98
"2014-07-21",130.06
"2014-07-22",130.33
"2014-07-23",136.09
"2014-07-24",135.16
"2014-07-25",135.87
"2014-07-28",136.32
"2014-07-29",135.86
"2014-07-30",135.34
"2014-07-31",131.95
"2014-08-01",133.12
"2014-08-04",135.32
"2014-08-05",132.66
"2014-08-06",132.32
"2014-08-07",131.16
"2014-08-08",132.67
"2014-08-11",132.03
"2014-08-12",131.99
"2014-08-13",132.44
"2014-08-14",132.55
"2014-08-15",132.78
"2014-08-18",134.14
"2014-08-19",134.38
"2014-08-20",133.81
"2014-08-21",133.13
"2014-08-22",132.75
"2014-08-25",133.18
"2014-08-26",133.4
"2014-08-27",133.
"2014-08-28",133.34
"2014-08-29",133.21
"2014-09-02",132.29
"2014-09-03",132.88
"2014-09-04",132.43
"2014-09-05",132.54
"2014-09-08",131.99
"2014-09-09",130.11
"2014-09-10",131.61
"2014-09-11",128.43
"2014-09-12",128.22
"2014-09-15",128.95
"2014-09-16",131.48
"2014-09-17",130.92
"2014-09-18",133.04
"2014-09-19",134.5
"2014-09-22",134.2
"2014-09-23",133.41
"2014-09-24",135.68
"2014-09-25",133.02
"2014-09-26",134.77
"2014-09-29",133.13
"2014-09-30",130.18
"2014-10-01",126.48
"2014-10-02",127.42
"2014-10-03",128.56
"2014-10-06",128.67
"2014-10-07",125.85
"2014-10-08",126.7
"2014-10-09",123.31
"2014-10-10",122.96
"2014-10-13",119.03
"2014-10-14",121.01
"2014-10-15",126.27
"2014-10-16",127.71
"2014-10-17",129.01
"2014-10-20",129.97
"2014-10-21",130.75
"2014-10-22",129.6
"2014-10-23",129.52
"2014-10-24",131.5
"2014-10-27",128.55
"2014-10-28",129.72
"2014-10-29",128.85
"2014-10-30",133.58
"2014-10-31",134.66
"2014-11-03",135.39
"2014-11-04",133.67
"2014-11-05",133.97
"2014-11-06",135.01
"2014-11-07",134.94
"2014-11-10",134.9
"2014-11-11",134.92
"2014-11-12",134.79
"2014-11-13",135.53
"2014-11-14",134.71
"2014-11-17",135.81
"2014-11-18",138.9
"2014-11-19",142.14
"2014-11-20",142.68
"2014-11-21",145.15
"2014-11-24",144.75
"2014-11-25",145.35
"2014-11-26",145.21
"2014-11-28",143.83
"2014-12-01",144.09
"2014-12-02",143.81
"2014-12-03",145.38
"2014-12-04",145.8
"2014-12-05",146.73
"2014-12-08",145.59
"2014-12-09",144.77
"2014-12-10",142.01
"2014-12-11",143.27
"2014-12-12",138.06
"2014-12-15",137.32
"2014-12-16",136.82
"2014-12-17",140.96
"2014-12-18",144.45
"2014-12-19",147.04
"2014-12-22",147.83
"2014-12-23",148.58
"2014-12-24",148.58
"2014-12-26",149.12
"2014-12-29",148.34
"2014-12-30",146.44
"2014-12-31",144.23
"2015-01-02",145.43
"2015-01-05",140.78
"2015-01-06",140.73
"2015-01-07",142.25
"2015-01-08",145.54
"2015-01-09",143.36
"2015-01-12",142.37
"2015-01-13",141.62
"2015-01-14",139.93
"2015-01-15",139.46
"2015-01-16",139.71
"2015-01-20",141.38
"2015-01-21",143.1
"2015-01-22",144.32
"2015-01-23",143.46
"2015-01-26",143.08
"2015-01-27",141.85
"2015-01-28",138.83
"2015-01-29",146.99
"2015-01-30",145.61
"2015-02-02",147.68
"2015-02-03",148.41
"2015-02-04",148.42
"2015-02-05",151.52
"2015-02-06",150.32
"2015-02-09",149.77
"2015-02-10",150.29
"2015-02-11",150.01
"2015-02-12",152.22
"2015-02-13",152.81
"2015-02-17",153.46
"2015-02-18",153.87
"2015-02-19",156.08
"2015-02-20",157.66
"2015-02-23",156.1
"2015-02-24",156.98
"2015-02-25",157.05
"2015-02-26",156.63
"2015-02-27",156.14
"2015-03-02",158.13
"2015-03-03",156.06
"2015-03-04",154.74
"2015-03-05",154.86
"2015-03-06",152.61
"2015-03-09",153.89
"2015-03-10",152.1
"2015-03-11",151.3
"2015-03-12",153.29
"2015-03-13",152.
"2015-03-16",152.63
"2015-03-17",152.64
"2015-03-18",154.68
"2015-03-19",152.24
"2015-03-20",152.71
"2015-03-23",151.89
"2015-03-24",152.18
"2015-03-25",150.66
"2015-03-26",151.16
"2015-03-27",152.75
"2015-03-30",153.8
"2015-03-31",151.28
"2015-04-01",150.09
"2015-04-02",151.04
"2015-04-06",152.09
"2015-04-07",151.18
"2015-04-08",150.97
"2015-04-09",152.05
"2015-04-10",151.92
"2015-04-13",150.58
"2015-04-14",151.84
"2015-04-15",152.35
"2015-04-16",151.59
"2015-04-17",149.85
"2015-04-20",151.37
"2015-04-21",151.93
"2015-04-22",151.47
"2015-04-23",150.6
"2015-04-24",150.06
"2015-04-27",151.06
"2015-04-28",152.96
"2015-04-29",151.87
"2015-04-30",143.43
"2015-05-01",146.6
"2015-05-04",147.58
"2015-05-05",145.41
"2015-05-06",145.55
"2015-05-07",146.19
"2015-05-08",147.97
"2015-05-11",146.01
"2015-05-12",144.48
"2015-05-13",144.95
"2015-05-14",147.62
"2015-05-15",148.48
"2015-05-18",147.93
"2015-05-19",147.51
"2015-05-20",147.12
"2015-05-21",147.99
"2015-05-22",146.77
"2015-05-26",146.04
"2015-05-27",147.54
"2015-05-28",148.2
"2015-05-29",146.76
"2015-06-01",147.45
"2015-06-02",148.15
"2015-06-03",148.34
"2015-06-04",145.93
"2015-06-05",145.58
"2015-06-08",144.54
"2015-06-09",144.43
"2015-06-10",145.94
"2015-06-11",146.2
"2015-06-12",144.95
"2015-06-15",144.13
"2015-06-16",145.71
"2015-06-17",146.17
"2015-06-18",146.94
"2015-06-19",145.17
"2015-06-22",145.85
"2015-06-23",144.87
"2015-06-24",143.72
"2015-06-25",142.83
"2015-06-26",142.08
"2015-06-29",137.13
"2015-06-30",136.83
"2015-07-01",138.52
"2015-07-02",137.38
"2015-07-06",136.11
"2015-07-07",136.92
"2015-07-08",132.99
"2015-07-09",132.26
"2015-07-10",135.93
"2015-07-13",136.49
"2015-07-14",137.19
"2015-07-15",137.5
"2015-07-16",137.07
"2015-07-17",136.21
"2015-07-20",135.24
"2015-07-21",133.44
"2015-07-22",132.8
"2015-07-23",132.71
"2015-07-24",130.06
"2015-07-27",128.82
"2015-07-28",132.82
"2015-07-29",134.14
"2015-07-30",142.34
"2015-07-31",142.51
"2015-08-03",145.88
"2015-08-04",146.09
"2015-08-05",147.45
"2015-08-06",147.02
"2015-08-07",146.19
"2015-08-10",148.35
"2015-08-11",146.7
"2015-08-12",145.38
"2015-08-13",145.74
"2015-08-14",146.74
"2015-08-17",146.76
"2015-08-18",146.03
"2015-08-19",144.65
"2015-08-20",140.38
"2015-08-21",137.49
"2015-08-24",132.32
"2015-08-25",134.81
"2015-08-26",137.79
"2015-08-27",140.65
"2015-08-28",140.67
"2015-08-31",139.53
"2015-09-01",135.92
"2015-09-02",138.95
"2015-09-03",139.6
"2015-09-04",135.9
"2015-09-08",139.25
"2015-09-09",137.22
"2015-09-10",136.51
"2015-09-11",136.42
"2015-09-14",135.48
"2015-09-15",135.62
"2015-09-16",138.68
"2015-09-17",139.03
"2015-09-18",134.6
"2015-09-21",134.87
"2015-09-22",132.62
"2015-09-23",130.48
"2015-09-24",129.46
"2015-09-25",127.63
"2015-09-28",125.25
"2015-09-29",125.82
"2015-09-30",127.58
"2015-10-01",129.27
"2015-10-02",130.52
"2015-10-05",132.92
"2015-10-06",132.79
"2015-10-07",134.17
"2015-10-08",137.91
"2015-10-09",139.95
"2015-10-12",138.81
"2015-10-13",138.29
"2015-10-14",138.53
"2015-10-15",139.76
"2015-10-16",138.86
"2015-10-19",138.03
"2015-10-20",137.35
"2015-10-21",135.54
"2015-10-22",137.83
"2015-10-23",139.99
"2015-10-26",139.77
"2015-10-27",139.23
"2015-10-28",142.13
"2015-10-29",137.36
"2015-10-30",138.98
"2015-11-02",138.56
"2015-11-03",138.71
"2015-11-04",138.19
"2015-11-05",137.3
"2015-11-06",138.62
"2015-11-09",136.33
"2015-11-10",136.72
"2015-11-11",136.8
"2015-11-12",135.3
"2015-11-13",137.38
"2015-11-16",140.35
"2015-11-17",139.47
"2015-11-18",139.43
"2015-11-19",139.96
"2015-11-20",139.29
"2015-11-23",140.18
"2015-11-24",139.47
"2015-11-25",138.35
"2015-11-27",137.9
"2015-11-30",136.89
"2015-12-01",138.
"2015-12-02",138.5
"2015-12-03",135.77
"2015-12-04",138.44
"2015-12-07",136.81
"2015-12-08",132.97
"2015-12-09",133.85
"2015-12-10",132.51
"2015-12-11",130.48
"2015-12-14",128.96
"2015-12-15",131.5
"2015-12-16",132.21
"2015-12-17",130.36
"2015-12-18",127.85
"2015-12-21",129.95
"2015-12-22",131.55
"2015-12-23",133.18
"2015-12-24",133.19
"2015-12-28",132.6
"2015-12-29",133.2
"2015-12-30",132.26
"2015-12-31",130.11
"2016-01-04",129.19
"2016-01-05",126.88
"2016-01-06",123.79
"2016-01-07",119.64
"2016-01-08",119.02
"2016-01-11",119.49
"2016-01-12",121.21
"2016-01-13",118.55
"2016-01-14",118.38
"2016-01-15",117.82
"2016-01-19",119.59
"2016-01-20",117.56
"2016-01-21",117.17
"2016-01-22",118.97
"2016-01-25",116.31
"2016-01-26",118.41
"2016-01-27",118.07
"2016-01-28",119.01
"2016-01-29",126.71
"2016-02-01",131.26
"2016-02-02",130.81
"2016-02-03",133.38
"2016-02-04",136.16
"2016-02-05",135.6
"2016-02-08",130.75
"2016-02-09",132.46
"2016-02-10",130.45
"2016-02-11",127.21
"2016-02-12",130.35
"2016-02-16",131.35
"2016-02-17",132.51
"2016-02-18",131.17
"2016-02-19",131.53
"2016-02-22",132.92
"2016-02-23",131.21
"2016-02-24",131.55
"2016-02-25",132.99
"2016-02-26",133.64
"2016-02-29",132.47
"2016-03-01",134.39
"2016-03-02",134.22
"2016-03-03",134.88
"2016-03-04",134.79
"2016-03-07",135.
"2016-03-08",134.22
"2016-03-09",134.68
"2016-03-10",134.6
"2016-03-11",136.47
"2016-03-14",136.25
"2016-03-15",134.05
"2016-03-16",136.06
"2016-03-17",140.96
"2016-03-18",141.59
"2016-03-21",140.69
"2016-03-22",143.07
"2016-03-23",143.93
"2016-03-24",141.76
"2016-03-28",143.13
"2016-03-29",145.03
"2016-03-30",145.25
"2016-03-31",144.05
"2016-04-01",145.31
"2016-04-04",142.7
"2016-04-05",142.7
"2016-04-06",143.69
"2016-04-07",141.85
"2016-04-08",142.52
"2016-04-11",143.36
"2016-04-12",144.23
"2016-04-13",144.4
"2016-04-14",145.08
"2016-04-15",145.03
"2016-04-18",146.47
"2016-04-19",149.2
"2016-04-20",148.83
"2016-04-21",148.32
"2016-04-22",148.12
"2016-04-25",147.96
"2016-04-26",147.49
"2016-04-27",148.31
"2016-04-28",148.54
"2016-04-29",145.89
"2016-05-02",145.87
"2016-05-03",143.14
"2016-05-04",142.85
"2016-05-05",143.25
"2016-05-06",144.57
"2016-05-09",142.61
"2016-05-10",144.32
"2016-05-11",142.42
"2016-05-12",143.34
"2016-05-13",141.83
"2016-05-16",143.55
"2016-05-17",142.88
"2016-05-18",141.7
"2016-05-19",141.7
"2016-05-20",141.44
"2016-05-23",141.67
"2016-05-24",143.3
"2016-05-25",143.68
"2016-05-26",143.07
"2016-05-27",143.06
"2016-05-31",142.64
"2016-06-01",144.
"2016-06-02",143.5
"2016-06-03",143.25
"2016-06-06",145.56
"2016-06-07",145.25
"2016-06-08",146.89
"2016-06-09",146.6
"2016-06-10",146.39
"2016-06-13",144.03
"2016-06-14",143.9
"2016-06-15",143.65
"2016-06-16",144.36
"2016-06-17",143.31
"2016-06-20",144.04
"2016-06-21",143.15
"2016-06-22",143.5
"2016-06-23",146.02
"2016-06-24",140.12
"2016-06-27",134.82
"2016-06-28",136.72
"2016-06-29",139.26
"2016-06-30",142.04
"2016-07-01",140.94
"2016-07-05",138.49
"2016-07-06",139.36
"2016-07-07",139.67
"2016-07-08",144.35
"2016-07-11",144.86
"2016-07-12",147.7
"2016-07-13",147.92
"2016-07-14",148.9
"2016-07-15",149.35
"2016-07-18",149.19
"2016-07-19",149.38
"2016-07-20",149.35
"2016-07-21",148.3
"2016-07-22",148.63
"2016-07-25",148.52
"2016-07-26",149.85
"2016-07-27",149.01
"2016-07-28",148.99
"2016-07-29",149.42
"2016-08-01",149.15
"2016-08-02",148.23
"2016-08-03",148.21
"2016-08-04",149.
"2016-08-05",149.21
"2016-08-08",148.76
"2016-08-09",149.1
"2016-08-10",149.03
"2016-08-11",149.05
"2016-08-12",149.84
"2016-08-15",151.52
"2016-08-16",152.77
"2016-08-17",153.72
"2016-08-18",154.97
"2016-08-19",155.68
"2016-08-22",155.48
"2016-08-23",155.43
"2016-08-24",155.21
"2016-08-25",155.73
"2016-08-26",154.25
"2016-08-29",155.89
"2016-08-30",156.65
"2016-08-31",155.62
"2016-09-01",156.3
"2016-09-02",157.09
"2016-09-06",157.4
"2016-09-07",157.4
"2016-09-08",155.89
"2016-09-09",151.53
"2016-09-12",150.58
"2016-09-13",147.71
"2016-09-14",146.82
"2016-09-15",146.58
"2016-09-16",145.8
"2016-09-19",146.8
"2016-09-20",147.07
"2016-09-21",148.74
"2016-09-22",148.15
"2016-09-23",147.46
"2016-09-26",148.35
"2016-09-27",148.84
"2016-09-28",149.78
"2016-09-29",150.51
"2016-09-30",150.34
"2016-10-03",140.57
"2016-10-04",137.32
"2016-10-05",136.98
"2016-10-06",137.03
"2016-10-07",135.08
"2016-10-10",135.4
"2016-10-11",132.65
"2016-10-12",132.81
"2016-10-13",132.26
"2016-10-14",132.65
"2016-10-17",132.28
"2016-10-18",133.82
"2016-10-19",133.91
"2016-10-20",134.39
"2016-10-21",134.44
"2016-10-24",134.81
"2016-10-25",133.51
"2016-10-26",132.98
"2016-10-27",133.4
"2016-10-28",133.81
"2016-10-31",133.42
"2016-11-01",132.26
"2016-11-02",133.55
"2016-11-03",133.09
"2016-11-04",133.37
"2016-11-07",137.08
"2016-11-08",136.93
"2016-11-09",137.22
"2016-11-10",139.98
"2016-11-11",138.54
"2016-11-14",137.98
"2016-11-15",138.14
"2016-11-16",138.74
"2016-11-17",138.
"2016-11-18",137.96
"2016-11-21",139.74
"2016-11-22",139.71
"2016-11-23",140.75
"2016-11-25",141.54
"2016-11-28",141.78
"2016-11-29",143.47
"2016-11-30",144.46
"2016-12-01",144.07
"2016-12-02",144.55
"2016-12-05",147.33
"2016-12-06",146.57
"2016-12-07",148.54
"2016-12-08",149.06
"2016-12-09",149.55
"2016-12-12",149.64
"2016-12-13",149.12
"2016-12-14",148.18
"2016-12-15",149.09
"2016-12-16",147.43
"2016-12-19",147.72
"2016-12-20",147.5
"2016-12-21",147.35
"2016-12-22",146.09
"2016-12-23",146.48
"2016-12-27",147.38
"2016-12-28",145.12
"2016-12-29",144.37
"2016-12-30",143.82
"2017-01-03",143.4
"2017-01-04",144.65
"2017-01-05",143.22
"2017-01-06",144.36
"2017-01-09",146.31
"2017-01-10",145.26
"2017-01-11",146.01
"2017-01-12",145.84
"2017-01-13",145.35
"2017-01-17",145.34
"2017-01-18",146.33
"2017-01-19",145.47
"2017-01-20",146.62
"2017-01-23",146.07
"2017-01-24",147.13
"2017-01-25",148.53
"2017-01-26",148.81
"2017-01-27",142.01
"2017-01-30",140.99
"2017-01-31",139.76
"2017-02-01",138.68
"2017-02-02",139.28
"2017-02-03",140.16
"2017-02-06",139.05
"2017-02-07",138.8
"2017-02-08",138.59
"2017-02-09",138.54
"2017-02-10",140.13
"2017-02-13",140.5
"2017-02-14",142.13
"2017-02-15",142.38
"2017-02-16",141.87
"2017-02-17",141.5
"2017-02-21",141.47
"2017-02-22",140.34
"2017-02-23",140.36
"2017-02-24",140.86
"2017-02-27",139.38
"2017-02-28",140.47
"2017-03-01",143.69
"2017-03-02",140.57
"2017-03-03",139.52
"2017-03-06",139.31
"2017-03-07",139.64
"2017-03-08",139.56
"2017-03-09",138.58
"2017-03-10",138.77
"2017-03-13",137.82
"2017-03-14",136.18
"2017-03-15",137.99
"2017-03-16",137.97
"2017-03-17",139.53
"2017-03-20",138.69
"2017-03-21",136.45
"2017-03-22",136.41
"2017-03-23",137.05
"2017-03-24",134.94
"2017-03-27",135.92
"2017-03-28",137.25
"2017-03-29",136.78
"2017-03-30",135.6
"2017-03-31",135.29
"2017-04-03",134.95
"2017-04-04",135.35
"2017-04-05",135.24
"2017-04-06",135.19
"2017-04-07",135.01
"2017-04-10",135.76
"2017-04-11",136.42
"2017-04-12",135.51
"2017-04-13",134.3
"2017-04-17",135.86
"2017-04-18",135.27
"2017-04-19",134.96
"2017-04-20",136.9
"2017-04-21",137.3
"2017-04-24",139.76
"2017-04-25",141.73
"2017-04-26",141.58
"2017-04-27",141.1
"2017-04-28",140.5
"2017-05-01",142.03
"2017-05-02",143.52
"2017-05-03",143.82
"2017-05-04",144.76
"2017-05-05",147.22
"2017-05-08",146.19
"2017-05-09",145.3
"2017-05-10",145.25
"2017-05-11",143.86
"2017-05-12",144.07
"2017-05-15",145.08
"2017-05-16",144.35
"2017-05-17",142.57
"2017-05-18",142.71
"2017-05-19",143.1
"2017-05-22",143.31
"2017-05-23",142.83
"2017-05-24",144.14
"2017-05-25",144.12
"2017-05-26",143.91
"2017-05-30",143.97
"2017-05-31",144.06
"2017-06-01",145.08
"2017-06-02",146.79
"2017-06-05",144.96
"2017-06-06",144.12
"2017-06-07",143.36
"2017-06-08",143.5
"2017-06-09",145.85
"2017-06-12",144.43
"2017-06-13",146.27
"2017-06-14",145.56
"2017-06-15",145.21
"2017-06-16",145.51
"2017-06-19",146.15
"2017-06-20",144.74
"2017-06-21",143.48
"2017-06-22",144.25
"2017-06-23",144.94
"2017-06-26",144.91
"2017-06-27",143.83
"2017-06-28",144.84
"2017-06-29",141.77
"2017-06-30",143.06
"2017-07-03",144.29
"2017-07-05",142.61
"2017-07-06",142.13
"2017-07-07",144.01
"2017-07-10",143.5
"2017-07-11",142.77
"2017-07-12",143.73
"2017-07-13",144.37
"2017-07-14",145.57
"2017-07-17",145.55
"2017-07-18",145.24
"2017-07-19",146.21
"2017-07-20",146.01
"2017-07-21",145.64
"2017-07-24",144.94
"2017-07-25",145.04
"2017-07-26",143.9
"2017-07-27",143.65
"2017-07-28",143.49
"2017-07-31",142.15
"2017-08-01",148.92
"2017-08-02",148.11
"2017-08-03",146.92
"2017-08-04",147.22
"2017-08-07",147.3
"2017-08-08",145.85
"2017-08-09",146.25
"2017-08-10",145.02
"2017-08-11",144.6
"2017-08-14",146.64
"2017-08-15",146.81
"2017-08-16",148.08
"2017-08-17",145.54
"2017-08-18",145.76
"2017-08-21",145.15
"2017-08-22",145.95
"2017-08-23",145.16
"2017-08-24",145.23
"2017-08-25",146.01
"2017-08-28",145.78
"2017-08-29",145.37
"2017-08-30",145.51
"2017-08-31",145.37
"2017-09-01",145.65
"2017-09-05",144.47
"2017-09-06",144.5
"2017-09-07",144.37
"2017-09-08",144.97
"2017-09-11",149.18
"2017-09-12",149.28
"2017-09-13",149.2
"2017-09-14",150.07
"2017-09-15",150.13
"2017-09-18",150.95
"2017-09-19",150.5
"2017-09-20",150.98
"2017-09-21",151.05
"2017-09-22",150.26
"2017-09-25",151.53
"2017-09-26",150.98
"2017-09-27",151.32
"2017-09-28",151.34
"2017-09-29",151.22
"2017-10-02",152.2
"2017-10-03",153.19
"2017-10-04",152.9
"2017-10-05",153.31
"2017-10-06",153.3
"2017-10-09",152.74
"2017-10-10",153.19
"2017-10-11",152.93
"2017-10-12",153.34
"2017-10-13",153.46
"2017-10-16",153.22
"2017-10-17",153.47
"2017-10-18",153.2
"2017-10-19",152.86
"2017-10-20",154.22
"2017-10-23",153.6
"2017-10-24",153.85
"2017-10-25",154.59
"2017-10-26",161.39
"2017-10-27",160.88
"2017-10-30",159.95
"2017-10-31",159.43
"2017-11-01",159.92
"2017-11-02",159.41
"2017-11-03",159.25
"2017-11-06",158.8
"2017-11-07",159.77
"2017-11-08",160.94
"2017-11-09",160.55
"2017-11-10",160.3
"2017-11-13",162.76
"2017-11-14",162.15
"2017-11-15",160.86
"2017-11-16",161.18
"2017-11-17",161.58
"2017-11-20",161.57
"2017-11-21",162.29
"2017-11-22",161.62
"2017-11-24",161.56
"2017-11-27",160.94
"2017-11-28",163.24
"2017-11-29",162.62
"2017-11-30",163.04
"2017-12-01",161.64
"2017-12-04",162.4
"2017-12-05",161.98
"2017-12-06",160.42
"2017-12-07",160.98
"2017-12-08",160.92
"2017-12-11",163.12
"2017-12-12",162.89
"2017-12-13",162.49
"2017-12-14",160.53
"2017-12-15",160.42
"2017-12-18",162.14
"2017-12-19",162.52
"2017-12-20",162.83
"2017-12-21",163.16
"2017-12-22",163.42
"2017-12-26",163.
"2017-12-27",163.67
"2017-12-28",164.62
"2017-12-29",164.08
"2018-01-02",165.51
"2018-01-03",166.41
"2018-01-04",167.05
"2018-01-05",168.45
"2018-01-08",168.63
"2018-01-09",169.06
"2018-01-10",168.35
"2018-01-11",169.97
"2018-01-12",170.15
"2018-01-16",166.75
"2018-01-17",168.56
"2018-01-18",166.9
"2018-01-19",167.8
"2018-01-22",168.6
"2018-01-23",169.6
"2018-01-24",170.81
"2018-01-25",174.
"2018-01-26",169.85
"2018-01-29",166.67
"2018-01-30",168.3
"2018-01-31",168.37
"2018-02-01",166.79
"2018-02-02",162.84
"2018-02-05",156.33
"2018-02-06",160.22
"2018-02-07",158.21
"2018-02-08",152.8
"2018-02-09",158.09
"2018-02-12",159.68
"2018-02-13",159.44
"2018-02-14",161.27
"2018-02-15",163.6
"2018-02-16",163.63
"2018-02-20",162.91
"2018-02-21",160.76
"2018-02-22",162.57
"2018-02-23",164.27
"2018-02-26",165.44
"2018-02-27",163.61
"2018-02-28",160.79
"2018-03-01",160.83
"2018-03-02",159.77
"2018-03-05",163.28
"2018-03-06",164.2
"2018-03-07",164.53
"2018-03-08",167.08
"2018-03-09",171.1
"2018-03-12",170.88
"2018-03-13",170.93
"2018-03-14",168.98
"2018-03-15",169.08
"2018-03-16",169.56
"2018-03-19",166.68
"2018-03-20",165.66
"2018-03-21",166.24
"2018-03-22",161.19
"2018-03-23",158.04
"2018-03-26",160.94
"2018-03-27",158.63
"2018-03-28",158.18
"2018-03-29",159.03
"2018-04-02",156.55
"2018-04-03",159.28
"2018-04-04",162.13
"2018-04-05",164.11
"2018-04-06",159.96
"2018-04-09",160.23
"2018-04-10",163.19
"2018-04-11",161.61
"2018-04-12",163.04
"2018-04-13",162.97
"2018-04-16",165.43
"2018-04-17",168.14
"2018-04-18",168.37
"2018-04-19",166.8
"2018-04-20",166.27
"2018-04-23",166.11
"2018-04-24",164.
"2018-04-25",165.57
"2018-04-26",166.29
"2018-04-27",165.02
"2018-04-30",162.29
"2018-05-01",162.49
"2018-05-02",161.69
"2018-05-03",160.43
"2018-05-04",162.76
"2018-05-07",163.45
"2018-05-08",163.51
"2018-05-09",164.89
"2018-05-10",165.59
"2018-05-11",166.29
"2018-05-14",166.76
"2018-05-15",166.08
"2018-05-16",166.54
"2018-05-17",166.77
"2018-05-18",168.24
"2018-05-21",169.44
"2018-05-22",167.71
"2018-05-23",166.99
"2018-05-24",166.09
"2018-05-25",165.
"2018-05-29",161.8
"2018-05-30",163.03
"2018-05-31",161.41
"2018-06-01",163.54
"2018-06-04",163.53
"2018-06-05",164.87
"2018-06-06",167.73
"2018-06-07",167.72
"2018-06-08",168.51
"2018-06-11",168.44
"2018-06-12",168.
"2018-06-13",166.09
"2018-06-14",165.72
"2018-06-15",164.18
"2018-06-18",163.34
"2018-06-19",159.55
"2018-06-20",157.58
"2018-06-21",156.47
"2018-06-22",158.08
"2018-06-25",155.76
"2018-06-26",155.86
"2018-06-27",155.16
"2018-06-28",156.03
"2018-06-29",155.73
"2018-07-02",155.49
"2018-07-03",155.
"2018-07-05",155.79
"2018-07-06",156.64
"2018-07-09",157.89
"2018-07-10",159.66
"2018-07-11",157.41
"2018-07-12",157.92
"2018-07-13",157.33
"2018-07-16",155.55
"2018-07-17",156.2
"2018-07-18",155.94
"2018-07-19",154.4
"2018-07-20",154.35
"2018-07-23",153.87
"2018-07-24",155.29
"2018-07-25",157.3
"2018-07-26",161.55
"2018-07-27",161.24
"2018-07-30",161.23
"2018-07-31",164.17
"2018-08-01",162.04
"2018-08-02",159.99
"2018-08-03",159.96
"2018-08-06",160.96
"2018-08-07",160.92
"2018-08-08",160.65
"2018-08-09",160.48
"2018-08-10",157.87
"2018-08-13",162.44
"2018-08-14",164.33
"2018-08-15",164.21
"2018-08-16",164.72
"2018-08-17",166.61
"2018-08-20",166.99
"2018-08-21",166.1
"2018-08-22",164.36
"2018-08-23",164.42
"2018-08-24",165.97
"2018-08-27",167.29
"2018-08-28",167.01
"2018-08-29",168.29
"2018-08-30",166.73
"2018-08-31",166.29
"2018-09-04",164.34
"2018-09-05",165.39
"2018-09-06",166.06
"2018-09-07",164.85
"2018-09-10",166.06
"2018-09-11",166.64
"2018-09-12",166.24
"2018-09-13",167.63
"2018-09-14",168.61
"2018-09-17",168.75
"2018-09-18",168.69
"2018-09-19",169.17
"2018-09-20",170.42
"2018-09-21",170.61
"2018-09-24",169.85
"2018-09-25",168.84
"2018-09-26",167.8
"2018-09-27",168.52
"2018-09-28",167.05
"2018-10-01",169.43
"2018-10-02",170.22
"2018-10-03",169.73
"2018-10-04",169.7
"2018-10-05",168.88
"2018-10-08",169.28
"2018-10-09",164.32
"2018-10-10",160.6
"2018-10-11",157.09
"2018-10-12",158.27
"2018-10-15",156.7
"2018-10-16",159.69
"2018-10-17",159.48
"2018-10-18",156.69
"2018-10-19",155.4
"2018-10-22",153.3
"2018-10-23",152.04
"2018-10-24",148.91
"2018-10-25",151.48
"2018-10-26",149.43
"2018-10-29",150.96
"2018-10-30",153.78
"2018-10-31",154.35
"2018-11-01",155.37
"2018-11-02",155.84
"2018-11-05",157.37
"2018-11-06",158.09
"2018-11-07",160.98
"2018-11-08",161.25
"2018-11-09",159.9
"2018-11-12",157.49
"2018-11-13",158.05
